token	sub
10000	10000
1980	1980
1990	1990
1992	1992
2009	2009
230	230
27	27
65	65
a	
a-t-il	a-t-il
abord	abord
abouti	abouti
acoustique	acoustique
acousto-optique	acousto-optique
adjoints	adjoints
aerospatial	aerospatial
ai	ai
ailleurs	ailleurs
aime	aime
ainsi	
ajoute	ajoute
alors	alors
amusant	amusant
amusez-vous	amusez-vous
années	années
ans	ans
applications	applications
arnaud	arnaud
attribuée	attribuée
au	
au-delà	au-delà
aujourd	
aurait	aurait
aurait-il	aurait-il
aussi	
autant	autant
autour	autour
autre	autre
autres	autres
aux	
auxquels	auxquels
avait	avait
avec	
aventure	aventure
avons	avons
avril	avril
aéronautique	aéronautique
bel	bel
belle	belle
bien	bien
biologie	biologie
biomédical	biomédical
boutade	boutade
brûler	brûler
c	
carminatti	carminatti
carrière	carrière
ce	
cela	cela
celle-ci	celle-ci
celui	celui
centaine	centaine
certain	certain
ces	
cette	
ceux	ceux
champ	champ
chance	chance
charpak	charpak
chercheur	chercheur
chercheurs	chercheurs
cherchez	cherchez
chimie	chimie
chronologie	chronologie
clé	clé
cnrs	cnrs
cnrsespci	cnrsespci
coeur	coeur
collaborateurs	collaborateurs
comme	
commencèrent	commencèrent
composant	composant
compris	compris
compte	compte
concept	concept
concepts	concepts
conclut-ilphysique	conclut-ilphysique
concrétisé	concrétisé
connaisseurs	connaisseurs
contrôle	contrôle
corps	corps
croire	croire
créant	créant
création	création
crée	crée
créer	créer
créé	créé
d	
dans	
dassault	dassault
de	
dernier	
derrière	derrière
des	
deux	
directeur	directeur
directeurs	directeurs
distinction	distinction
dit	dit
domaines	domaines
domotique	domotique
donc	
donne	donne
dont	
du	
duflo	duflo
dès	dès
déboucher	déboucher
décernait	décernait
découvert	découvert
découvrir	découvrir
départ	départ
département	département
détruire	détruire
développent	développent
développé	développé
ecole	ecole
ecoles	ecoles
effet	
effets	effets
efficace	efficace
emblée	emblée
en	
enclin	enclin
encore	encore
endroit	endroit
enregistrer	enregistrer
enseignement	enseignement
enthousiasme	enthousiasme
enthousiasme-t-il	enthousiasme-t-il
entreprises	entreprises
envoyer	envoyer
espci	espci
est	
esther	esther
et	
etc	etc
excellents	excellents
exemple	exemple
fabriquer	fabriquer
faire	faire
fallait	fallait
fameux	fameux
faut-il	faut-il
façon	façon
feu	feu
filtre	filtre
fin	fin
financer	financer
fini	fini
fink	fink
focalisation	focalisation
focaliser	focaliser
focus	
fois	fois
fondamentale	fondamentale
fondamentaux	fondamentaux
français	français
françois	françois
front	front
geneviève	geneviève
gennes	gennes
georges	georges
grandes	grandes
grands	grands
grâce	grâce
honorer	honorer
hui	
humain	humain
humour	humour
ici	ici
idée	idée
idées	idées
il	
ils	ils
imagerie	imagerie
images	images
imageurs	imageurs
impérativement	impérativement
incident	incident
indique-t-il	indique-t-il
industrie	industrie
industrielles	industrielles
industriels	industriels
informations	informations
ingénieurs	ingénieurs
innovants	innovants
innovation	innovation
innovations	innovations
innove	innove
innovent	innovent
innover	innover
innovez	innovez
institut	institut
instruments	instruments
intact	intact
intéresse	intéresse
inverse	inverse
inversée	inversée
irm	irm
isolé	isolé
j	j
jacques	jacques
jamais	jamais
janvier	janvier
je	je
jusqu	
l	
la	
laboratoire	laboratoire
laboratoires	
laisser	laisser
langevin	langevin
le	
les	
lewiner	lewiner
limiter	limiter
lui	lui
m	m
ma	ma
mais	
marquantes	marquantes
mathias	mathias
menées	menées
mettant	mettant
micro-ondes	micro-ondes
milieu	milieu
militaro-industrielle	militaro-industrielle
ministre	ministre
miroirs	miroirs
mixte	mixte
moment	moment
montagne	montagne
multi-ondes	multi-ondes
multimédia	multimédia
mur	mur
médaille	médaille
médecine	médecine
métier	métier
n	n
ne	ne
nobel	nobel
nombre	nombre
notre	notre
nous	nous
nouvelle	nouvelle
nouvelles	nouvelles
objets	objets
observé	observé
obtenir	obtenir
occasion	occasion
oeuvre	oeuvre
on	on
onde	onde
ondes	ondes
ont	
optique	optique
originale	originale
originales	originales
originaux	originaux
origine	origine
ou	
papiers	papiers
par	
parcouru	parcouru
paris	paris
paris-diderot	paris-diderot
paristechupmcuniversité	paristechupmcuniversité
particularité	particularité
particulièrement	particulièrement
partir	partir
parvenir	parvenir
parvenus	parvenus
pas	pas
passant	passant
passée	passée
permettait	permettait
permettent	permettent
personne	personne
personnes	personnes
peu	peu
photo-acoustique	photo-acoustique
physical	physical
physicien	physicien
physique	physique
pierre-gilles	pierre-gilles
pierrot	pierrot
pièce	pièce
plein	plein
pluridisciplinarité	pluridisciplinarité
plus	
plusieurs	plusieurs
pointe	pointe
possible	possible
potentielles	potentielles
pour	
pourrait	pourrait
poursuit	poursuit
poussées	poussées
pratiquent	pratiquent
première	première
prix	prix
produits	produits
progressivement	progressivement
propice	propice
propose	propose
proposée	proposée
précis	précis
précise	précise
précise-t-il	précise-t-il
préserver	préserver
prêts	prêts
pu	pu
publications	publications
publics	publics
publier	publier
puis	puis
pécresse	pécresse
qu	
qualifie	qualifie
qualifient	qualifient
quatre	quatre
que	
qui	
rapprochement	rapprochement
recherche	
recherches	recherches
remarquable	remarquable
rencontre	rencontre
rencontrer	rencontrer
rencontré	rencontré
rendus	rendus
renversement	renversement
reste	reste
retournement	retournement
retrouve	retrouve
review	review
revivre	revivre
roboticien	roboticien
règne	règne
rémi	rémi
réputées	réputées
réputés	réputés
résume	résume
réussite	réussite
réémettre	réémettre
s	
sa	sa
sainte	sainte
scientifique	scientifique
se	
seconde	seconde
secteur	secteur
sein	
ses	ses
si	
sismiques	sismiques
snecma	snecma
solide	solide
son	
sont	
sont-ils	sont-ils
souhaite	souhaite
souligne-t-il	souligne-t-il
source	source
start-ups	start-ups
supérieur	supérieur
sur	
sympathique	sympathique
tactiles	tactiles
tant	tant
techniques	techniques
technologies	technologies
temporel	temporel
temps	temps
terrain	terrain
totalisent	totalisent
toujours	toujours
tourin	tourin
transformer	transformer
travaillant	travaillant
travailler	travailler
travaux	travaux
trois	trois
trouver	trouver
trouverez	trouverez
très	
tumeur	tumeur
turboméca	turboméca
télécommunications	télécommunications
ultrasons	ultrasons
un	
une	
unique	unique
unité	unité
universités	universités
va	va
valérie	valérie
variés	variés
venez	venez
vert	vert
vie	vie
ville	ville
vite	vite
voir	voir
voulez	voulez
vous	vous
vraiment	vraiment
vu	vu
y	y
à	
âge	âge
âgé	âgé
échantillonner	échantillonner
école	école
écoles	écoles
économiste	économiste
édition	édition
élastographie	élastographie
électronique	électronique
époque	époque
équipe	équipe
établissements	établissements
était	était
étant	
étendent	étendent
été	
êtes	êtes
--	--
1	1
12	12
15000	15000
2010	2010
2050	2050
250	250
9	9
accès	accès
actualité	
adaptation	adaptation
agira	agira
agroécologie	agroécologie
alimentation	alimentation
aliments	aliments
allenvi	allenvi
alliance	alliance
aménagement	aménagement
appliquées	appliquées
atténuation	atténuation
auquel	auquel
biodiversité	biodiversité
brgm	brgm
caractérise	caractérise
cea	cea
cemagref	cemagref
changements	changements
cirad	cirad
climat	climat
climatiques	climatiques
complexe	complexe
concernant	concernant
concevoir	concevoir
conclut-il	conclut-il
conférence	conférence
constituent	constituent
coordonner	coordonner
croissante	croissante
créée	créée
cycle	cycle
devra	devra
devront	devront
disciplines	disciplines
domaine	domaine
durable	durable
décennies	décennies
déclare	déclare
défi	défi
défis	défis
déployer	déployer
eau	eau
ecotechnologies	ecotechnologies
enfin	enfin
enjeux	enjeux
environnement	environnement
environnementale	environnementale
environnementales	environnementales
environnementaux	environnementaux
evaluation	evaluation
evolution	evolution
experts	experts
face	face
fondateurs	fondateurs
france	france
février	février
garanti	garanti
genet	genet
groupes	groupes
général	général
géographie	géographie
histoire	histoire
horizon	horizon
humanité	humanité
identifier	identifier
ifremer	ifremer
ifsttar	ifsttar
impacts	impacts
impératif	impératif
individus	individus
initiative	initiative
initié	initié
inra	inra
interdisciplinarité	interdisciplinarité
introduction	introduction
ird	ird
maintenant	maintenant
marines	marines
mathématiques	mathématiques
matière	matière
membres	membres
mer	mer
mieux	mieux
milliards	milliards
mobilisées	mobilisées
mobilités	mobilités
mondial	mondial
muséum	muséum
météo	météo
national	national
nationale	nationale
naturellerecherche	naturellerecherche
naturelles	naturelles
naturels	naturels
non	non
nos	nos
notamment	notamment
nourrir	nourrir
nouvel	nouvel
nécessairement	nécessairement
nécessité	nécessité
opérateurs	opérateurs
organisé	organisé
où	
permettront	permettront
physico-chimie	physico-chimie
plan	plan
plantes	plantes
planète	planète
populations	populations
premier	premier
principaux	principaux
programmer	programmer
président	président
présidents	présidents
publie	publie
publié	publié
puisqu	puisqu
qualité	qualité
quantité	quantité
rappelle	rappelle
rapport	rapport
recouvre	recouvre
regrouper	regrouper
relever	relever
respecter	respecter
ressources	ressources
revient	revient
risques	risques
roger	roger
réunissant	réunissant
sciences	sciences
scientifiques	scientifiques
seulement	seulement
sociales	sociales
sol	sol
solutions	solutions
système	système
taille	taille
techniciens	techniciens
territoires	territoires
thématiques	thématiques
toutes	toutes
transition	transition
travail	travail
valider	valider
venir	venir
vers	vers
verte	verte
villes	villes
véritables	véritables
écologie	écologie
écologique	écologique
économiques	économiques
écotoxiques	écotoxiques
élan	élan
érosion	érosion
étendu	étendu
être	
aboutir	aboutir
accorde	accorde
adept	adept
afin	afin
agissent	agissent
aller	aller
allons	allons
américaine	américaine
appliquant	appliquant
assembler	assembler
auprès	auprès
avantages	avantages
avoir	avoir
barquettes	barquettes
beaucoup	beaucoup
besoin	besoin
boîte	boîte
brevet	brevet
celle	celle
cesse	cesse
cessé	cessé
chaînes	chaînes
cherche	cherche
chercher	chercher
chocolats	chocolats
cohérents	cohérents
collaborer	collaborer
collègues	collègues
composants	composants
compétitifs	compétitifs
concentre	concentre
conception	conception
conducteur	conducteur
conjonction	conjonction
connaissances	connaissances
contraire	contraire
contrairement	contrairement
conçu	conçu
créatifs	créatifs
crédibles	crédibles
depuis	depuis
différents	différents
dire	dire
dispose	dispose
disposer	disposer
dissertent	dissertent
début	début
décerné	décerné
déclare-t-il	déclare-t-il
démarche	démarche
démonstrations	démonstrations
déplacer	déplacer
développement	développement
ensemble	ensemble
entreprise	entreprise
espagnole	espagnole
etats-unis	etats-unis
europe	europe
exceptionnel	exceptionnel
explique-t-il	explique-t-il
extrêmement	extrêmement
fait	fait
faut	faut
fil	fil
filiale	filiale
fondation	fondation
gens	gens
grande	grande
important	important
indispensable	indispensable
industriel	industriel
informatique	informatique
intéressés	intéressés
japon	japon
laissé	laissé
lauréats	lauréats
leader	leader
lesquels	lesquels
leur	leur
liberté	liberté
lirmm	lirmm
loin	loin
lors	lors
magnifique	magnifique
marché	marché
me	me
mettre	mettre
microélectronique	microélectronique
mise	mise
mon	mon
monde	monde
mondialement	mondialement
montpellier	montpellier
montpellierune	montpellierune
même	même
nécessaire	nécessaire
objectif	
or	or
organe	organe
parallèle	parallèle
parle	parle
parmi	parmi
participé	participé
particulier	particulier
permet	permet
poissons	poissons
potentiel	potentiel
potentiellement	potentiellement
pouvoir	pouvoir
pratique	pratique
privée	privée
problème	problème
proche	proche
produit	produit
professionnelle	professionnelle
projets	projets
prototypes	prototypes
puissent	puissent
quotidien	quotidien
racheté	racheté
rapide	rapide
recette	recette
recruté	recruté
relais	relais
remarquablement	remarquablement
renferme	renferme
robot	robot
robotics	robotics
robotique	robotique
robotisés	robotisés
récompense	récompense
réputé	réputé
résume-t-il	résume-t-il
sait	sait
selon	selon
sens	sens
sert	sert
seul	seul
solitaire	solitaire
souligne	souligne
soutient	soutient
souvent	souvent
systèmes	systèmes
talents	talents
technique	technique
tecnalia	tecnalia
telle	telle
thèse	thèse
théorique	théorique
tous	tous
tout	tout
travaille	travaille
vingt	vingt
vit	vit
vivre	vivre
voire	voire
véritable	véritable
wany	wany
économique	économique
émerger	émerger
établissement	établissement
éventuellement	éventuellement
évidemment	évidemment
évoque	évoque
2006	2006
absorber	absorber
agence	agence
agit	agit
algues	algues
ammoniac	ammoniac
anr	anr
antipolis-méditerranée	antipolis-méditerranée
apparaît	apparaît
avant	avant
avenir	avenir
bactéries	bactéries
bassin	bassin
biocarburant	biocarburant
biocarburantproduire	biocarburantproduire
biocore	biocore
biogaz	biogaz
biométhane	biométhane
bon	bon
brevets	brevets
cadre	cadre
carbonique	carbonique
co2	co2
collaboration	collaboration
comportement	comportement
composé	composé
concernent	concernent
conditions	conditions
couplage	couplage
cours	
coût	coût
croissance	croissance
culture	culture
derniers	derniers
digestion	digestion
déchets	déchets
déjà	déjà
déposés	déposés
ecosym	ecosym
elles-mêmes	elles-mêmes
engrais	engrais
ensuite	ensuite
entament	entament
estimer	estimer
explorer	explorer
exposition	exposition
expérimentations	expérimentations
extérieur	extérieur
fixé	fixé
franchir	franchir
fumées	fumées
gaz	gaz
heure	heure
implantés	implantés
in	in
ingérer	ingérer
inria	inria
lumière	lumière
meilleures	meilleures
micro-algues	micro-algues
modèles	modèles
modélisation	modélisation
moindre	moindre
méthanisation	méthanisation
méthaniseur	méthaniseur
naskéo	naskéo
nettoyer	nettoyer
numériques	numériques
obtenus	obtenus
optimisation	optimisation
ovoïde	ovoïde
partenaires	partenaires
participent	participent
passe	passe
permettre	permettre
peuvent	peuvent
phase	phase
phosphatés	phosphatés
photosynthèse	photosynthèse
pilote	pilote
piste	piste
place	place
pourrait-on	pourrait-on
procédé	procédé
production	production
produire	produire
projet	projet
prometteuse	prometteuse
proportion	proportion
présentent	présentent
puisque	puisque
rejets	rejets
rendement	rendement
rendez-vous	rendez-vous
restera	restera
réaliser	réaliser
réelles	réelles
résidus	résidus
résultats	résultats
réutiliser	réutiliser
second	second
silico	silico
simulateurs	simulateurs
soleil	soleil
solution	solution
sophia	sophia
sorte	sorte
spécialisée	spécialisée
sujet	sujet
symbiose	symbiose
usines	usines
utilisation	utilisation
utiliser	utiliser
valorisation	valorisation
valorisé	valorisé
visiblement	visiblement
végétaux	végétaux
également	
élevée	élevée
énergétique	énergétique
étape	étape
académique	académique
acteurs	acteurs
ajoutons	ajoutons
batteries	batteries
bons	bons
capacités	capacités
capteurs	capteurs
chercheuse	chercheuse
choisir	choisir
clermont-ferrand	clermont-ferrand
combiner	combiner
communiquer	communiquer
compatible	compatible
complexes	complexes
consommation	consommation
constructeur	constructeur
coordonne	coordonne
câblé	câblé
dcns	dcns
dcnsdes	dcnsdes
degré	degré
difficulté	difficulté
dispersés	dispersés
disposant	disposant
disposent	disposent
dizaines	dizaines
doivent	doivent
délais	délais
dépassement	dépassement
développés	développés
edf	edf
envoi	envoi
envoyées	envoyées
exigences	exigences
existantes	existantes
existe	existe
existence	existence
explique	explique
fixes	fixes
fonctionnant	fonctionnant
fonctionnement	fonctionnement
garantir	garantir
garantissant	garantissant
grandeur	grandeur
hipercom	hipercom
impartis	impartis
indiquer	indiquer
interfaces	interfaces
intermédiaires	intermédiaires
internet	internet
intervenant	intervenant
limitées	limitées
machines	machines
message	message
militaire	militaire
minet	minet
minimiser	minimiser
mis	mis
mobile	mobile
mobiles	mobiles
mètres	mètres
mémoire	mémoire
mêmes	mêmes
naval	naval
nécessite	nécessite
ocari	ocari
paris-sud	paris-sud
pascale	pascale
passer	passer
plupart	plupart
point	point
pollution	pollution
portée	portée
portés	portés
possibles	possibles
prenant	prenant
prochain	prochain
programmes	programmes
protocole	protocole
quelques	quelques
radio	radio
rassemble	rassemble
réalisés	réalisés
réception	réception
réseau	réseau
réseaux	réseaux
sans	sans
savoir	savoir
secteurs	secteurs
septembre	septembre
seuil	seuil
simples	simples
sites	sites
telit	telit
tests	tests
toulouse	toulouse
transmission	transmission
types	types
téléphonie	téléphonie
usure	usure
vastes	vastes
veille	veille
vise	vise
vraie	vraie
éléments	éléments
équipe-projet	équipe-projet
équipés	équipés
états	états
évitant	évitant
106	106
2	2
3	3
300000	300000
4	4
52	52
69000	69000
93	93
affectent	affectent
aide	aide
alimenter	alimenter
alpine	alpine
améliorer	améliorer
analyses	analyses
appelle	appelle
arbres	arbres
auront	auront
auxquelles	auxquelles
avère-t-il	avère-t-il
azote	azote
base	base
bases	bases
basés	basés
battent	battent
bois	bois
caractéristiques	caractéristiques
carbone	carbone
cause	cause
celles-ci	celles-ci
centre	centre
classent	classent
classés	classés
climatique	climatique
cnrsuniversité	cnrsuniversité
cnrsuniversités	cnrsuniversités
compilant	compilant
compiler	compiler
connaître	connaître
constitue	constitue
construire	construire
contenu	contenu
contraintes	contraintes
cycles	cycles
devrait	devrait
difficile	difficile
différences	différences
données	données
déterminent	déterminent
déterminer	déterminer
ecologie	ecologie
entre	
espèce	espèce
espèces	espèces
eux	eux
evolutive	evolutive
feuillage	feuillage
feuille	feuille
fiables	fiables
fonction	fonction
fonctionnelle	fonctionnelle
fonctionnels	fonctionnels
fourieruniversité	fourieruniversité
globaux	globaux
graine	graine
grand	grand
grandissent	grandissent
grenoble	grenoble
hauteur	hauteur
importance	importance
importante	importante
influence	influence
intérieur	intérieur
issus	issus
joseph	joseph
laquelle	laquelle
leurs	leurs
longévité	longévité
manière	manière
millions	millions
montrer	montrer
montré	montré
nombreux	nombreux
nécessaires	nécessaires
nîmessupagrociradepheirdinra	nîmessupagrociradepheirdinra
persistant	persistant
physiologiques	physiologiques
plante	plante
porosité	porosité
premières	premières
rassembler	rassembler
remettant	remettant
rendent	rendent
reproductives	reproductives
représenter	représenter
resté	resté
réalisées	réalisées
réchauffement	réchauffement
réduit	réduit
réellecaractéristiques	réellecaractéristiques
savoie	savoie
service	service
significatives	significatives
soit	soit
soumis	soumis
structurales	structurales
terre	terre
traits	traits
try	try
utile	utile
utilisés	utilisés
variabilité	variabilité
vont	vont
végétation	végétation
écosystèmes	écosystèmes
100	100
1l	1l
abattus	abattus
actilait	actilait
actilaitpremiers	actilaitpremiers
actives	actives
affinés	affinés
agent	agent
agroalimentaire	agroalimentaire
analyse	analyse
analysée	analysée
animale	animale
apparaissent	apparaissent
appellent	appellent
attentif	attentif
augmente	augmente
azotée	azotée
basées	basées
biotechnologies	biotechnologies
bovine	bovine
brosser	brosser
caillage	caillage
caillette	caillette
capacité	capacité
cent	cent
cet	
chacun	chacun
chimique	chimique
chymosine	chymosine
coag	coag
coagulant	coagulant
coagulante	coagulante
coagulantes	coagulantes
coagulants	coagulants
coagulation	coagulation
coaguler	coaguler
complémentaires	complémentaires
composition	composition
confirment	confirment
conservateurs	conservateurs
consiste	consiste
consisté	consisté
contenir	contenir
contexte	contexte
contient	contient
continue	continue
contribuer	contribuer
coordinateur	coordinateur
cuve	cuve
côté	côté
destinées	destinées
devraient	devraient
différentes	différentes
disponibles	disponibles
dite	dite
dits	dits
dix	dix
dizaine	dizaine
dosage	dosage
dose	dose
doses	doses
délégué	délégué
dépendent	dépendent
déroulent	déroulent
détecter	détecter
développer	développer
elles	elles
enil	enil
enquête	enquête
enzymatique	enzymatique
enzymatiques	enzymatiques
enzyme	enzyme
enzymes	enzymes
eric	eric
est-à-dire	est-à-dire
estime	estime
estomac	estomac
extraction	extraction
extraite	extraite
fabricant	fabricant
fabricants	fabricants
fabrication	fabrication
fabriqués	fabriqués
faibles	faibles
filière	filière
final	final
finale	finale
fonctionnalité	fonctionnalité
fournisseurs	fournisseurs
fraction	fraction
franche-comté	franche-comté
fromage	fromage
fromager	fromager
fromagerie	fromagerie
fromages	fromages
fromagère	fromagère
fromagères	fromagères
garantie	garantie
homéopathiques	homéopathiques
identiques	identiques
immunochimique	immunochimique
impact	impact
importants	importants
impute	impute
indique	indique
infime	infime
inra-urtal	inra-urtal
insoupçonnés	insoupçonnés
isba	isba
jeunes	jeunes
labellisé	labellisé
lait	lait
laitiers	laitiers
laitière	laitière
laitières	laitières
lancé	lancé
litres	litres
majoritaire	majoritaire
mamirolle	mamirolle
microbienne	microbienne
millilitres	millilitres
minérale	minérale
mode	mode
modes	modes
modifier	modifier
modulent	modulent
mois	mois
nacl	nacl
notz	notz
objet	objet
oeil	oeil
panorama	panorama
parfois	parfois
partagent	partagent
pepsine	pepsine
peut	peut
phosphate	phosphate
pme	pme
poligny	poligny
poursuivent	poursuivent
pouvant	pouvant
premiers	premiers
principal	principal
prochains	prochains
produisant	produisant
profession	profession
propre	propre
propriétés	propriétés
protéique	protéique
protéolytiques	protéolytiques
précisons	précisons
préparation	préparation
préparations	préparations
présentes	présentes
présure	présure
présures	présures
publication	publication
pôle	pôle
pôles	pôles
qualifiables	qualifiables
quantifier	quantifier
quatrième	quatrième
quelle	quelle
rappelons	
recommandations	recommandations
recuites	recuites
regroupe	regroupe
renferment	renferment
représentatifs	représentatifs
ruminants	ruminants
réalisé	réalisé
réflexion	réflexion
régional	régional
semblerait	semblerait
sensorielles	sensorielles
sevrage	sevrage
significatifs	significatifs
significative	significative
sous	sous
spécialistes	spécialistes
spécifique	spécifique
support	support
supports	supports
technologie	technologie
technologique	technologique
telles	telles
terme	terme
termes	termes
traditionnelles	traditionnelles
traditionnels	traditionnels
type	type
umt	umt
utilisé	utilisé
utilisée	utilisée
utilisées	utilisées
varie	varie
varier	varier
veau	veau
visant	visant
visibles	visibles
vitagora	vitagora
végétale	végétale
échantillons	échantillons
élaboration	élaboration
énorme	énorme
40	40
901	901
actifs	actifs
activité	activité
activés	activés
albert	albert
animal	animal
animaux	animaux
appliquent	appliquent
apporter	apporter
apprenait	apprenait
apprentissage	apprentissage
appréhender	appréhender
berlin	berlin
brecht	brecht
cartographie	cartographie
cartographier	cartographier
celles	celles
celllules	celllules
cellules	cellules
celui-ci	celui-ci
certains	certains
cerveau	cerveau
chaque	chaque
chez	chez
classiques	classiques
comment	comment
comparer	comparer
conduit	conduit
confronté	confronté
davantage	davantage
deviennent	deviennent
différent	différent
direct	direct
dites	dites
donné	donné
découvertes	découvertes
effectués	effectués
enregistrements	enregistrements
environnant	environnant
envoyés	envoyés
epsetein	epsetein
epsztein	epsztein
espace	espace
excitateurs	excitateurs
expliquer	expliquer
explorait	explorait
explore	explore
exploré	exploré
expérience	expérience
facilitent	facilitent
fondamentales	fondamentales
font	font
fort	fort
hippocampe	hippocampe
howard	howard
hugues	hugues
humboldt	humboldt
identique	identique
implique	implique
impliqués	impliqués
individu	individu
inserm	inserm
instant	instant
intracellulaire	intracellulaire
intrinsèques	intrinsèques
intrinsèquesdes	intrinsèquesdes
jérôme	jérôme
lee	lee
lequel	lequel
lieu	lieu
lieux	lieux
localiser	localiser
localisés	localisés
lorsque	lorsque
majorité	majorité
menés	menés
messages	messages
michael	michael
modification	modification
médical	médical
méditerranée	méditerranée
mémorise	mémorise
mémoriser	mémoriser
neurobiologie	neurobiologie
neurones	neurones
nom	nom
obligatoirement	obligatoirement
observées	observées
orienter	orienter
parallèlement	parallèlement
particuliers	particuliers
pendant	pendant
pense	pense
permanence	permanence
permettant	permettant
permis	permis
plastique	plastique
pourquoi	pourquoi
précisément	précisément
prédisposées	prédisposées
présent	présent
question	question
rat	rat
repérer	repérer
reçoit	reçoit
reçoivent	reçoivent
reçus	reçus
réorganise	réorganise
réponse	réponse
réponses	réponses
réussi	réussi
sensible	sensible
seraient	seraient
silencieuses	silencieuses
silencieux	silencieux
sollicitations	sollicitations
stimulus	stimulus
suite	suite
supposaient	supposaient
surprenant	surprenant
survivre	survivre
tentent	tentent
trouve	trouve
université	université
virginie	virginie
vivo	vivo
étude	étude
évidence	évidence
évolue	évolue
10	10
17	17
36	36
8	8
acide	acide
acides	acides
agissait	agissait
allant	allant
aminé	aminé
aminés	aminés
analogue	analogue
analogues	analogues
angströms	angströms
anneau	anneau
approche	approche
architectures	architectures
assurant	assurant
auto-assemblées	auto-assemblées
auto-assemblés	auto-assemblés
biomimétiques	biomimétiques
brique	brique
briques	briques
capitale	capitale
caractérisation	caractérisation
cea-ibitec-s	cea-ibitec-s
ciblée	ciblée
classiquement	classiquement
composées	composées
conditionnées	conditionnées
contact	contact
contacts	contacts
contrôler	contrôler
contrôlé	contrôlé
contrôlée	contrôlée
corrélé	corrélé
courbure	courbure
cyclique	cyclique
diamètre	diamètre
diamètres	diamètres
diffusion	diffusion
dimères	dimères
démontrer	démontrer
effectivement	effectivement
entraîne	entraîne
expérimentale	expérimentale
formant	formant
forme	forme
gamme	gamme
générés	générés
géométrique	géométrique
hormone	hormone
impliqué	impliqué
incorporé	incorporé
influer	influer
introduit	introduit
intéressante	intéressante
ipsen	ipsen
lanréotide	lanréotide
large	large
liés	liés
matériaux	matériaux
maîtriser	maîtriser
mesure	mesure
microscopie	microscopie
module	module
modèle	modèle
molécule	molécule
molécules	molécules
moules	moules
médicament	médicament
nano-objets	nano-objets
nanomatériaux	nanomatériaux
nanotechnologies	nanotechnologies
nanotechnologiesdes	nanotechnologiesdes
nanotube	nanotube
nanotubes	nanotubes
naturelle	naturelle
nm	nm
obtenu	obtenu
octapeptide	octapeptide
ouvre	ouvre
panel	panel
parfaitement	parfaitement
peptide	peptide
peptides	peptides
petite	petite
physiques	physiques
possède	possède
pourraient	pourraient
principalement	principalement
procéder	procéder
propriété	propriété
prédire	prédire
rationaliser	rationaliser
rayon	rayon
rayons	rayons
restait	restait
réalisée	réalisée
régissent	régissent
saclay	saclay
silice	silice
soldées	soldées
somatostatine	somatostatine
sous-unités	sous-unités
spontanément	spontanément
structure	structure
structures	structures
substituant	substituant
successivement	successivement
supposant	supposant
synchrotron	synchrotron
synthèse	synthèse
synthétiser	synthétiser
tentatives	tentatives
unitaire	unitaire
utilisant	utilisant
variation	variation
voie	voie
vérification	vérification
x	x
échecs	échecs
-	-
20	20
35	35
45	45
90	90
accumulation	accumulation
active	active
américain	américain
an	an
aquitaine	aquitaine
arbre	arbre
augmenter	augmenter
bic	bic
biogenèse	biogenèse
bordeaux	bordeaux
camerounais	camerounais
certaines	certaines
chaudes	chaudes
clés	clés
cocotier	cocotier
colza	colza
comparé	comparé
conseil	conseil
conséquent	conséquent
cultivées	cultivées
cultivés	cultivés
dattier	dattier
doper	doper
exclusivement	exclusivement
fruit	fruit
graines	graines
gènes	gènes
génomique	génomique
hectare	hectare
huile	huile
identification	identification
malgré	malgré
maturité	maturité
membranaire	membranaire
mondiale	mondiale
moyenne	moyenne
métabolome	métabolome
oléagineuse	oléagineuse
oléagineuses	oléagineuses
ouvrir	ouvrir
palme	palme
palmier	palmier
palmiers	palmiers
participation	participation
pays	pays
pistes	pistes
plateformes	plateformes
potentialités	potentialités
presque	presque
productive	productive
prometteuses	prometteuses
représente	représente
responsables	responsables
récentes	récentes
régions	régions
régulation	régulation
soutien	soutien
ségalen	ségalen
teneur	teneur
tonnes	tonnes
tournesolidentification	tournesolidentification
transcriptionnelle	transcriptionnelle
transcriptomes	transcriptomes
transcrits	transcrits
tunisiens	tunisiens
variétés	variétés
économiquement	économiquement
étudié	étudié
12ème	12ème
2011	2011
30	30
abordées	abordées
agricole	agricole
annuelle	annuelle
assocation	assocation
chimiométrie	chimiométrie
chimiométriques	chimiométriques
didactique	didactique
discrimination	discrimination
divers	divers
estimation	estimation
evénement	evénement
française	française
hélio-spir	hélio-spir
infrarouge	infrarouge
inter-instruments	inter-instruments
interventions	interventions
intitulée	intitulée
issues	issues
journée	journée
méthodes	méthodes
organise	organise
pharmaceutique	pharmaceutique
pratiques	pratiques
prédiction12ème	prédiction12ème
prétraitements	prétraitements
seront	seront
spectroscopie	spectroscopie
spectroscopiques	spectroscopiques
suivies	suivies
transfert	transfert
validité	validité
2007	2007
2012	2012
350	350
400	400
47	47
5	5
80	80
actions	actions
activités	activités
adhérentes	adhérentes
adhérents	adhérents
adhérer	adhérer
aero	aero
affiché	affiché
agréée	agréée
aider	aider
air	air
alpes	alpes
ambitieux	ambitieux
america	america
armement	armement
armée	armée
assure	assure
autonomie	autonomie
azur	azur
aérien	aérien
bourgogne	bourgogne
bretagne	bretagne
brésil	brésil
bénéficions	bénéficions
capables	capables
capter	capter
cci	cci
cependant	cependant
certaine	certaine
chacune	chacune
chambre	chambre
chassent	chassent
chasser	chasser
client	client
clients	clients
cluster	cluster
collectives	collectives
commence	commence
commerce	commerce
commerciales	commerciales
commercialisation	commercialisation
commun	commun
compter	compter
concurrents	concurrents
confrontés	confrontés
conscience	conscience
conseils	conseils
constate	constate
conventions	conventions
coopérations	coopérations
courant	courant
couvrent	couvrent
croissant	croissant
croître	croître
côte	côte
defense	defense
desquelles	desquelles
dga	dga
direction	direction
directions	directions
disposition	disposition
doit	doit
donnant	donnant
donneurs	donneurs
dual	dual
décisions	décisions
défense	défense
délégations	délégations
démontrerdes	démontrerdes
dépendons	dépendons
désormais	désormais
détection	détection
eden	eden
embarqués	embarqués
embaucher	embaucher
entités	entités
esprit	esprit
essentiel	essentiel
est-il	est-il
export	export
exportatrices	exportatrices
exporter	exporter
facilement	facilement
faisant	faisant
faits	faits
fixés	fixés
formalise	formalise
françaises	françaises
fédérant	fédérant
fédération	fédération
garder	garder
globale	globale
groupement	groupement
générale	générale
généralement	généralement
générales	générales
généraux	généraux
haute	haute
hautement	hautement
identifié	identifié
identifiées	identifiées
ile-de-france	ile-de-france
inde	inde
individuelle	individuelle
indépendantes	indépendantes
initier	initier
innovantes	innovantes
institutions	institutions
international	international
internationale	internationale
intégration	intégration
intégrer	intégrer
intéressent	intéressent
intéressées	intéressées
intérêt	intérêt
intérêts	intérêts
inédite	inédite
isolément	isolément
jeune	jeune
jour	jour
laad	laad
latin	latin
logiciels	logiciels
lyon	lyon
lyonnais	lyonnais
marchés	marchés
mesures	mesures
meute	meute
moins	moins
mot	mot
multiplication	multiplication
naître	naître
niches	niches
niveau	niveau
objectifs	objectifs
officielles	officielles
opérationnelles	opérationnelles
ordre	ordre
ores	ores
paca	paca
pacte	pacte
participons	participons
partie	partie
paternité	paternité
persuadés	persuadés
pertinente	pertinente
peser	peser
positionnées	positionnées
prenante	prenante
prendre	prendre
problématique	problématique
profil	profil
progrès	progrès
proposer	proposer
protection	protection
protéger	protéger
provence	provence
prétendre	prétendre
pérennité	pérennité
quand	quand
quant	quant
rapidement	rapidement
regond	regond
regroupement	regroupement
rejoindre	rejoindre
respectant	respectant
ressembler	ressembler
retour	retour
règles	règles
récemment	récemment
réel	réel
réelle	réelle
réfléchissent-ils	réfléchissent-ils
région	région
régionale	régionale
régionales	régionales
régionaux	régionaux
salariés	salariés
salon	salon
salons	salons
savoir-faire	savoir-faire
sensibles	sensibles
signature	signature
situation	situation
soient	soient
sommes	sommes
souhaitant	souhaitant
souhaitent	souhaitent
souhaitons	souhaitons
souhaité	souhaité
soyons	soyons
strictes	strictes
su	su
substitue	substitue
sunaero	sunaero
technologiques	technologiques
terrestre	terrestre
thierry	thierry
tpe	tpe
transport	transport
travaillaient	travaillaient
trimestre	trimestre
trésorier	trésorier
valorisant	valorisant
via	via
vice-président	vice-président
visites	visites
volonté	volonté
échanger	échanger
égide	égide
état	état
étions	étions
étranger	étranger
étrangers	étrangers
éventuelle	éventuelle
évoluer	évoluer
évolution	évolution
140	140
200	200
2d	2d
300	300
3d	3d
accroître	accroître
activement	activement
adapter	adapter
adaptées	adaptées
alternative	alternative
appareils	appareils
appel	appel
aspects	aspects
assez	assez
autrement	autrement
besoins	besoins
bloc	bloc
bénéficier	bénéficier
cadences	cadences
caméras	caméras
carte	carte
cas	cas
catégories	catégories
cea-leti	cea-leti
cealeti	cealeti
chaîne	chaîne
cinq	cinq
circuits	circuits
collaborent	collaborent
comparable	comparable
complète	complète
complètes	complètes
comportant	comportant
confortables	confortables
connectique	connectique
connectés	connectés
connexion	connexion
connexions	connexions
consacrent	consacrent
constants	constants
conçus	conçus
couches	couches
courtes	courtes
coûteux	coûteux
coûts	coûts
demandeur	demandeur
dimensions	dimensions
diminuant	diminuant
diminuer	diminuer
directement	directement
dispositif	dispositif
diverses	diverses
découpées	découpées
démonstrateurs	démonstrateurs
démonstration	démonstration
dépôt	dépôt
développe	développe
développements	développements
développée	développée
développées	développées
effectuant	effectuant
empiler	empiler
environ	environ
etou	etou
européen	européen
explique-t-on	explique-t-on
fabriqué	fabriqué
fabriquées	fabriquées
filières	filières
finesse	finesse
globales	globales
gravures	gravures
grenoblois	grenoblois
grenobloises	grenobloises
groupe	groupe
génériques	génériques
image	image
imageur	imageur
incluant	incluant
industrialisation	industrialisation
industrialisé	industrialisé
industrielle	industrielle
interconnexions	interconnexions
intégré	intégré
issue	issue
lesquelles	lesquelles
leti	leti
ligne	ligne
lignes	lignes
loi	loi
maintenir	maintenir
manipuler	manipuler
maîtrisé	maîtrisé
minces	minces
mm	mm
mobilise	mobilise
moore	moore
motif	motif
mémoires	mémoires
nature	nature
niveaux	niveaux
obtenue	obtenue
optimisant	optimisant
optronique	optronique
outils	outils
performances	performances
peuplent	peuplent
photons	photons
pixels	pixels
plane	plane
plaques	plaques
portable	portable
portables	portables
portablesune	portablesune
portent	portent
possibilité	possibilité
pourront	pourront
pourtant	pourtant
process	process
processeurs	processeurs
procédés	procédés
programmables	programmables
prometteurs	prometteurs
prototype	prototype
prouver	prouver
prédit	prédit
puce	puce
puces	puces
puissants	puissants
périphériques	périphériques
quel	quel
ramenée	ramenée
reflow	reflow
rigidité	rigidité
réduire	réduire
réduisant	réduisant
scénarios	scénarios
significativement	significativement
silicium	silicium
silicon	silicon
spécifiques	spécifiques
stand-alone	stand-alone
stmicroelectronics	stmicroelectronics
succès	succès
superposant	superposant
surface	surface
série	série
sûr	sûr
test	test
through	through
traitement	traitement
transférés	transférés
transistor	transistor
travaillent	travaillent
travers	travers
traversants	traversants
tsv	tsv
téléphone	téléphone
téléphones	téléphones
uns	uns
validation	validation
variée	variée
viable	viable
vias	vias
vidéo	vidéo
vitesse	vitesse
vue	vue
wafers	wafers
échelle	échelle
électrique	électrique
électriques	électriques
électroniques	électroniques
élémentaires	élémentaires
équipements	équipements
équipes	équipes
établissant	établissant
étaient	étaient
étapes	étapes
étroitement	étroitement
11	11
13	13
6	6
70	70
aborder	aborder
acceptabilité	acceptabilité
accompagnés	accompagnés
ajouter	ajouter
alimentaire	alimentaire
alimentaires	alimentaires
allaitement	allaitement
allaité	allaité
analyser	analyser
anglais	anglais
angleterre	angleterre
apprécié	apprécié
appréciée	appréciée
après	après
artichaut	artichaut
arôme	arôme
associé	associé
associés	associés
attendus	attendus
attention	attention
attitudes	attitudes
attractifs	attractifs
avis	avis
axé	axé
bientôt	bientôt
bilan	bilan
ceci	ceci
charge	charge
choisis	choisis
chose	chose
cible	cible
cohortes	cohortes
collectées	collectées
commission	commission
compenser	compenser
composante	composante
comprendre	comprendre
comprenez	comprenez
compétitivité	compétitivité
conduites	conduites
consomment	consomment
consommé	consommé
consommée	consommée
consommés	consommés
constatant	constatant
coopération	coopération
coordinatrice	coordinatrice
couvrir	couvrir
crèches	crèches
csga	csga
danemark	danemark
danois	danois
diffèrent	diffèrent
différente	différente
dijon	dijon
diminution	diminution
directrice	directrice
distribuer	distribuer
diversification	diversification
diète	diète
domicile	domicile
donner	donner
dresser	dresser
dressé	dressé
durée	durée
durées	durées
enfance	enfance
enfant	enfant
enfants	enfants
envers	envers
espère	espère
essayant	essayant
essentiellement	essentiellement
estiment	estiment
estompent	estompent
européenne	européenne
européennes	européennes
européens	européens
existante	existante
expérimental	expérimental
expérimentation	expérimentation
facteurs	facteurs
faim	faim
falloir	falloir
fallu	fallu
forcément	forcément
formation	formation
fruits	fruits
goût	goût
gros	gros
grèce	grèce
habeat	habeat
identifiés	identifiés
impliquées	impliquées
influencer	influencer
issanchou	issanchou
lancées	lancées
littérature	littérature
lié	lié
longtemps	longtemps
là	là
légume	légume
légumes	légumes
mains	mains
manger	manger
manips	manips
manque	manque
manques	manques
maternel	maternel
menu	menu
menée	menée
montagnes	montagnes
muscade	muscade
mère	mère
mères	mères
mécanismes	mécanismes
naissance	naissance
novembre	novembre
néanmoins	néanmoins
observe	observe
observer	observer
occupent	occupent
occurrence	occurrence
outil	outil
ouverte	ouverte
parentales	parentales
parents	parents
permettrait	permettrait
petits	petits
pologne	pologne
positif	positif
positive	positive
potentiels	potentiels
prise	prise
prometteurshabeat	prometteurshabeat
provenant	provenant
précise-t-elle	précise-t-elle
préférences	préférences
préparons-nous	préparons-nous
pédiatres	pédiatres
périodes	périodes
quelque	quelque
questionnaire	questionnaire
questionnaires	questionnaires
recettes	recettes
rejeté	rejeté
remis	remis
rendre	rendre
repas	repas
restes	restes
régulent	régulent
réunion	réunion
réunis	réunis
salsifis	salsifis
satiété	satiété
sel	sel
semble	semble
sera	sera
servi	servi
signaux	signaux
simple	simple
sucre	sucre
surtout	surtout
sylvie	sylvie
tel	tel
tels	tels
tiendra	tiendra
tiers	tiers
totalement	totalement
transférée	transférée
trop	trop
utilisateurs	utilisateurs
varsovie	varsovie
volet	volet
âges	âges
âgés	âgés
éducation	éducation
éduquées	éduquées
épidémiologie	épidémiologie
épidémiologique	épidémiologique
études	études
évaluer	évaluer
évaluée	évaluée
26	26
accompagne	accompagne
activation	activation
adaptatif	adaptatif
anomalie	anomalie
anomalies	anomalies
août	août
apportent	apportent
argument	argument
arn	arn
assemblage	assemblage
atteints	atteints
attribuées	attribuées
caractérisées	caractérisées
cascade	cascade
causes	causes
cellulaire	cellulaire
central	central
code	code
cognitives	cognitives
colleaux	colleaux
concernés	concernés
connu	connu
connues	connues
considérés	considérés
correctement	correctement
cérébrale	cérébrale
datée	datée
descartes-hôpital	descartes-hôpital
devenue	devenue
di	di
découverte	découverte
défaut	défaut
défectueux	défectueux
déficience	déficience
déficiences	déficiences
déficits	déficits
définie	définie
démontré	démontré
egly	egly
expression	expression
facteur	facteur
faveur	faveur
fonctions	fonctions
formes	formes
fos	fos
gène	gène
génétique	génétique
génétiques	génétiques
identifiée	identifiée
imagine	imagine
incapable	incapable
inconnues	inconnues
inférieur	inférieur
inserm-cnrs-université	inserm-cnrs-université
inserm-université	inserm-université
intellectuel	intellectuel
intellectuelle	intellectuelle
intellectuelles	intellectuelles
intellectuellesdécouverte	intellectuellesdécouverte
interagir	interagir
isolée	isolée
jean-marc	jean-marc
jun	jun
laurence	laurence
limitations	limitations
liée	liée
majeur	majeur
majeure	majeure
malades-fondation	malades-fondation
maladie	maladie
maladies	maladies
mauvais	mauvais
med	med
med23	med23
modifiant	modifiant
modifiée	modifiée
moitié	moitié
moléculaire	moléculaire
multiprotéique	multiprotéique
mutation	mutation
mutations	mutations
mutée	mutée
médiateur	médiateur
mémorisation	mémorisation
métaboliques	métaboliques
necker-enfants	necker-enfants
nerveux	nerveux
neurosensorielles	neurosensorielles
participant	participant
patients	patients
plasticité	plasticité
polymérase	polymérase
population	population
porteurs	porteurs
processus	processus
progressive	progressive
protéine	protéine
protéines	protéines
près	près
précoces	précoces
publiés	publiés
puisse	puisse
restent	restent
revue	revue
rôle	rôle
science	science
strasbourg	strasbourg
suggère	suggère
syndromiques	syndromiques
tcf4	tcf4
transcription	transcription
transitoire	transitoire
trouble	trouble
viennent	viennent
épigénétique	épigénétique
25	25
achèvent	achèvent
actuellement	actuellement
agroalimenairefrisbee	agroalimenairefrisbee
along	along
and	and
associant	associant
atmosphère	atmosphère
attentes	attentes
benefit	benefit
budget	budget
bénéficie	bénéficie
chain	chain
cold	cold
conserver	conserver
consommateurs	consommateurs
consumer	consumer
demain	demain
elle	elle
emballage	emballage
energy	energy
environmental	environmental
euros	euros
finance	finance
food	food
for	for
frisbee	frisbee
froid	froid
global	global
indusriels	indusriels
intelligents	intelligents
magnétique	magnétique
meilleur	meilleur
nouveaux	nouveaux
optimisent	optimisent
optimization	optimization
préconise	préconise
refrigeration	refrigeration
refroidir	refroidir
revêtement	revêtement
réfrigérateur	réfrigérateur
réfrigérateurs	réfrigérateurs
savety	savety
température	température
the	the
traditionnel	traditionnel
union	union
vis-à-vis	vis-à-vis
écarts	écarts
écologiques	écologiques
électricité	électricité
énergie	énergie
équipement	équipement
12-hydroxy	12-hydroxy
29	29
60	60
abondante	abondante
ajouté	ajouté
amplement	amplement
angewandte	angewandte
architecture	architecture
assemblages	assemblages
avantageuses	avantageuses
baisse	baisse
bulles	bulles
chemie	chemie
chimiques	chimiques
conservant	conservant
cosmétiques	cosmétiques
disparaissant	disparaissant
disperse	disperse
disperser	disperser
détergentes	détergentes
détergents	détergents
effondre	effondre
facilitant	facilitant
faible	faible
faudrait	faudrait
films	films
fins	fins
forment	forment
fusionnent	fusionnent
gras	gras
heures	heures
initial	initial
initialement	initialement
insoluble	insoluble
intéressantes	intéressantes
longtempsune	longtempsune
micelles	micelles
microns	microns
mille	mille
moussantes	moussantes
mousse	mousse
mousses	mousses
mélangé	mélangé
nanomètres	nanomètres
neutrons	neutrons
nouveau	nouveau
nécessitent	nécessitent
particulière	particulière
perspectives	perspectives
phénomène	phénomène
placer	placer
placés	placés
raison	raison
reforment	reforment
retrouver	retrouver
ricin	ricin
rigide	rigide
réinjecter	réinjecter
réversible	réversible
serait	serait
shampoings	shampoings
sphériques	sphériques
stabilise	stabilise
stabilisent	stabilisent
stabiliser	stabiliser
stable	stable
stéarique	stéarique
synthétiques	synthétiques
températures	températures
tensioactifs	tensioactifs
tensioactive	tensioactive
tensioactives	tensioactives
tenue	tenue
texture	texture
tubes	tubes
vertus	vertus
volume	volume
évacuation	évacuation
catalyse	catalyse
colloque	colloque
didactiques	didactiques
durabilité	durabilité
economique	economique
impose	impose
information	information
inscrit	inscrit
intitulé	intitulé
intrinsèque	intrinsèque
nice	nice
novachim	novachim
organisent	organisent
partenariat	partenariat
pass	pass
prides	prides
procédéscolloque	procédéscolloque
présentations	présentations
respectives	respectives
solidaire	solidaire
trimatec	trimatec
témoignages	témoignages
universitaires	universitaires
valrose	valrose
vision	vision
étendre	étendre
évoquer	évoquer
3000	3000
4000	4000
43	43
500	500
7	7
abordée	abordée
accent	accent
achat	achat
actuelle	actuelle
actuelles	actuelles
afrique	afrique
agenda	agenda
agricoles	agricoles
agriculture	agriculture
agronomique	agronomique
appuyant	appuyant
auteurs	auteurs
avons-nous	avons-nous
bailleurs	bailleurs
bourin	bourin
bout	bout
capital	capital
cataclysme	cataclysme
catastrophe	catastrophe
certes	certes
changement	changement
changer	changer
citoyen	citoyen
civilisations	civilisations
co-écrit	co-écrit
combien	combien
comportements	comportements
compréhension	compréhension
comptera	comptera
concluent-ils	concluent-ils
condition	condition
confirme	confirme
connaissent	connaissent
considérablement	considérablement
consommer	consommer
consommer9	consommer9
constat	constat
courrons	courrons
couverture	couverture
cultures	cultures
céréales	céréales
demande	demande
dernières	dernières
devant	devant
devront-ils	devront-ils
diagnostic	diagnostic
disparités	disparités
disposeront	disposeront
double	double
doute	doute
durant	durant
décidé	décidé
déclarent-ils	déclarent-ils
dégâts	dégâts
editeur	editeur
effondrées	effondrées
envie	envie
envisagent	envisagent
essayé	essayé
exigeantes	exigeantes
extraordinaire	extraordinaire
faudra	faudra
faute	faute
fonds	fonds
frappés	frappés
gaspillage	gaspillage
globe	globe
guillou	guillou
gérard	gérard
habite	habite
habitudes	habitudes
homme	homme
hommes	hommes
humains	humains
iil	iil
importantes	importantes
impératives	impératives
incapacité	incapacité
interrogent	interrogent
inverser	inverser
investir	investir
irréversibles	irréversibles
kcalories	kcalories
lecteur	lecteur
livre	livre
locale	locale
lorgnette	lorgnette
mal	mal
marion	marion
matheron	matheron
montre	montre
mérite	mérite
ni	ni
nord	nord
normes	normes
nourriture	nourriture
nécessitera	nécessitera
observent	observent
officiellement	officiellement
optimiste	optimiste
organismes	organismes
oui	oui
ouvrage	ouvrage
parce	parce
parcours	parcours
partager	partager
pauvreté	pauvreté
paysage	paysage
paysanne	paysanne
peine	peine
pessimiste	pessimiste
petit	petit
politique	politique
pose	pose
posée	posée
poursuite	poursuite
prochaines	prochaines
professionnel	professionnel
profonds	profonds
profondément	profondément
projeter	projeter
prolonger	prolonger
précisent-ils	précisent-ils
présidente	présidente
public	public
quinzaine	quinzaine
redéveloppez	redéveloppez
remettre	remettre
revienne	revienne
rupture	rupture
rurales	rurales
réagir	réagir
réalistes	réalistes
régimes	régimes
répondant	répondant
résistante	résistante
rétrospectives	rétrospectives
réussir	réussir
satisfaire	satisfaire
scène	scène
scénario	scénario
seule	seule
sinon	sinon
sont-elles	sont-elles
sortir	sortir
sortirez	sortirez
spéculateur	spéculateur
sud	sud
sujets	sujets
suppose	suppose
surexploitation	surexploitation
surfaces	surfaces
sécheresse	sécheresse
sécurité	sécurité
sélectionner	sélectionner
sûre	sûre
tendance	tendance
tendances	tendances
terres	terres
titre	titre
traitée	traitée
trente	trente
urgent	urgent
veulent	veulent
viande	viande
vivrières	vivrières
échanges	échanges
échelonnent	échelonnent
écrire	écrire
émeutes	émeutes
éviter	éviter
évolutions	évolutions
évoquant	évoquant
êtres	êtres
1er	1er
accompagner	accompagner
accomplir	accomplir
accords	accords
achever	achever
acquis	acquis
actuel	actuel
actuels	actuels
adjoint	adjoint
adossé	adossé
adossée	adossée
agroparistech	agroparistech
ambiguïté	ambiguïté
année	année
appuyer	appuyer
association	association
attractif	attractif
aucune	aucune
augmenté	augmenté
avions	avions
axes	axes
be	be
biais	biais
catalyseurs	catalyseurs
centres	centres
chaires	chaires
challenge	challenge
collaborant	collaborant
collectif	collectif
compétences	compétences
compétitivitéagroparistech	compétitivitéagroparistech
constituait	constituait
convention	convention
crois	crois
cursus	cursus
date	date
devons	devons
diffuser	diffuser
docteurs	docteurs
doctorat	doctorat
dresse	dresse
dressez-vous	dressez-vous
démarré	démarré
effectifs	effectifs
engagée	engagée
engref	engref
ensia	ensia
entraîner	entraîner
envoyons	envoyons
est-ce	est-ce
exemples	exemples
existants	existants
fermeture	fermeture
formations	formations
former	former
formons	formons
fusion	fusion
gilles	gilles
haut	haut
identité	identité
ina	ina
ingénieur	ingénieur
inscriptions	inscriptions
installation	installation
installer	installer
installé	installé
interaction	interaction
issu	issu
lancée	lancée
manières	manières
massy	massy
master	master
masters	masters
met	met
mission	mission
nommé	nommé
occupiez	occupiez
organisme	organisme
ouvert	ouvert
p-g	p-g
parlez	parlez
partenariats	partenariats
permanente	permanente
plateau	plateau
pouvons	pouvons
preuve	preuve
prochainement	prochainement
proposé	proposé
présente	présente
pédagogique	pédagogique
quels	quels
reconnue	reconnue
rejoignent	rejoignent
rend	rend
renforcer	renforcer
reprises	reprises
représentait	représentait
restant	restant
rester	rester
réforme	réforme
satisfaction	satisfaction
satisfaits	satisfaits
signer	signer
significatif	significatif
signé	signé
site	site
socio-économique	socio-économique
stratégique	stratégique
trystram	trystram
universitaire	universitaire
veut	veut
veux	veux
vivant	vivant
vos	vos
équilibre	équilibre
étudiants	étudiants
accord	accord
ajoute-t-ilpremier	ajoute-t-ilpremier
amérique	amérique
basée	basée
brouillard	brouillard
bruit	bruit
choisi	choisi
combinaison	combinaison
contrat	contrat
david	david
destinés	destinés
dorn	dorn
electric	electric
essentielle	essentielle
fabrique	fabrique
fiabilité	fiabilité
flux	flux
fonctionner	fonctionner
formidable	formidable
fournir	fournir
fournisseur	fournisseur
fumée	fumée
imageries	imageries
microbolomètres	microbolomètres
militaires	militaires
obscurité	obscurité
pelco	pelco
pluie	pluie
puissante	puissante
sarix	sarix
schneider	schneider
sensibilité	sensibilité
sofradir	sofradir
solaire	solaire
thermique	thermique
thermiques	thermiques
thermographie	thermographie
totale	totale
toute	toute
ulis	ulis
veurey-voroize	veurey-voroize
vidéosurveillance	vidéosurveillance
vient	vient
visualiser	visualiser
a320	a320
airbus	airbus
alimente	alimente
allemand	allemand
appareil	appareil
autonome	autonome
combustible	combustible
constitué	constitué
construit	construit
dlr	dlr
dlrune	dlrune
démonstrateur	démonstrateur
détaillées	détaillées
entraînant	entraînant
essais	essais
fonctionnalités	fonctionnalités
futures	futures
générateur	générateur
hambourg	hambourg
intégrée	intégrée
moteur	moteur
opérations	opérations
pile	pile
piles	piles
propriétaire	propriétaire
recueillies	recueillies
roues	roues
roulage	roulage
rouler	rouler
testée	testée
train	train
utilise	utilise
affecte	affecte
agroalimentaires	agroalimentaires
allaert	allaert
allez	allez
allégations	allégations
alzheimer	alzheimer
amélioration	amélioration
arrêter	arrêter
autrefois	autrefois
axées	axées
axés	axés
bali	bali
bien-être	bien-être
biologiques	biologiques
biotech	biotech
bénéfices	bénéfices
campus	campus
cen	cen
chaire	chaire
chemin	chemin
cholestérol	cholestérol
chu	chu
cliniques	cliniques
cognition	cognition
collectivités	collectivités
complément	complément
compléments	compléments
compléter	compléter
complété	complété
confiance	confiance
construction	construction
contrats	contrats
contre	contre
corrélations	corrélations
courantes	courantes
créateur	créateur
danone	danone
dijonnais	dijonnais
dirigé	dirigé
douleurs	douleurs
définissant	définissant
esc	esc
estime-t-il	estime-t-il
familiale	familiale
financements	financements
financé	financé
fond	fond
fondant	fondant
françois-andré	françois-andré
fui	fui
guérir	guérir
imperturbableun	imperturbableun
implication	implication
induit	induit
interministériel	interministériel
limite	limite
locales	locales
lombalgies	lombalgies
lutter	lutter
lâche-t-il	lâche-t-il
marqueurs	marqueurs
merck	merck
mourait	mourait
médication	médication
neurodégénératives	neurodégénératives
nutriment	nutriment
nutritionnelle	nutritionnelle
objective	objective
observe-t-on	observe-t-on
oms	oms
opérationnel	opérationnel
organisation	organisation
ostéo-articulaires	ostéo-articulaires
oséo	oséo
parle-t-elle	parle-t-elle
pathologie	pathologie
pathologies	pathologies
perdre	perdre
permettra	permettra
pierre	pierre
plate-forme	plate-forme
pleinement	pleinement
porte	porte
posé	posé
poursuivons	poursuivons
professeur	professeur
prouvés	prouvés
pré-clinique	pré-clinique
pré-cliniques	pré-cliniques
préliminaire	préliminaire
psychologique	psychologique
relevons	relevons
remontons	remontons
rendue	rendue
roquette	roquette
réalisation	réalisation
réalisions	réalisions
régime	régime
sains	sains
santé	santé
savons	savons
seb	seb
senoble	senoble
serons	serons
social	social
statines	statines
stratégie	stratégie
stress	stress
suivante	suivante
symboliquement	symboliquement
tard	tard
tester	tester
titulaire	titulaire
toile	toile
vieillissement	vieillissement
volontaires	volontaires
ébauché	ébauché
évaluations	évaluations
15	15
18	18
accélérée	accélérée
biocitech	biocitech
biophytis	biophytis
biophytisobésité	biophytisobésité
biosipe	biosipe
cardiométabolisme	cardiométabolisme
curie	curie
dédié	dédié
financement	financement
fondateur	fondateur
force	force
handicapante	handicapante
hébergée	hébergée
insatisfaits	insatisfaits
installées	installées
interdisciplinaires	interdisciplinaires
marie	marie
masse	masse
medicen	medicen
metabrain	metabrain
million	million
mobilité	mobilité
montant	montant
musculaire	musculaire
myologie	myologie
nutrition	nutrition
obèses	obèses
obésité	obésité
parc	parc
parisien	parisien
perte	perte
piloté	piloté
prestations	prestations
prévenir	prévenir
prévention	prévention
ravis	ravis
renommée	renommée
research	research
réalise	réalise
sarcob	sarcob
sarcopénique	sarcopénique
stanislas	stanislas
start-up	start-up
substances	substances
subvention	subvention
touche	touche
traiter	traiter
veillet	veillet
âgée	âgée
âgées	âgées
24000	24000
agir	agir
arabidopsis	arabidopsis
biotechnologiques	biotechnologiques
capture	capture
caractériser	caractériser
codant	codant
collection	collection
constituants	constituants
coup	coup
couramment	couramment
dernière	dernière
déterminant	déterminant
effectue	effectue
entière	entière
fine	fine
fixant	fixant
fourier	fourier
galactolipides	galactolipides
galvestine-1	galvestine-1
germination	germination
herbicidescontrôler	herbicidescontrôler
inhibe	inhibe
jeu	jeu
liaison	liaison
lipides	lipides
membranes	membranes
mgd1	mgd1
métabolisme	métabolisme
méthode	méthode
nombreuses	nombreuses
optimisées	optimisées
organique	organique
organiques	organiques
petites	petites
photosynthétiques	photosynthétiques
physiologie	physiologie
pollen	pollen
qualités	qualités
quantités	quantités
responsable	responsable
réactions	réactions
sonde	sonde
stade	stade
suffit	suffit
synthétisée	synthétisée
thaliana	thaliana
variables	variables
végétal	végétal
étudier	étudier
100000	100000
292	292
897université	897université
adultes	adultes
appelée	appelée
astrocytes	astrocytes
aucun	aucun
avaient	avaient
bordelais	bordelais
bénins	bénins
choc	choc
circulation	circulation
complication	complication
complications	complications
confirmer	confirmer
connus	connus
constater	constater
constitue-t-il	constitue-t-il
coordonnée	coordonnée
courante	courante
coûte	coûte
coûteuseun	coûteuseun
crânien	crânien
crâniens	crâniens
cérébral	cérébral
cérébrales	cérébrales
docteur	docteur
doser	doser
emmanuel	emmanuel
environnent	environnent
examen	examen
examens	examens
gravité	gravité
handicap	handicap
hospitalier	hospitalier
hémorragies	hémorragies
hôpitaux	hôpitaux
indicateur	indicateur
lagarde	lagarde
lorsqu	lorsqu
léger	léger
légers	légers
lésion	lésion
nécessitant	nécessitant
négatif	négatif
onéreux	onéreux
passé	passé
performant	performant
pertinence	pertinence
pratiquer	pratiquer
produisent	produisent
prélevé	prélevé
présentaient	présentaient
présentant	présentant
publique	publique
quotidienne	quotidienne
rassurer	rassurer
ribereau-gayon	ribereau-gayon
risque	risque
routine	routine
régis	régis
s-100b	s-100b
sang	sang
sanguin	sanguin
sanguine	sanguine
scanner	scanner
segalen	segalen
semaines	semaines
services	services
seuls	seuls
signifie	signifie
soins	soins
sévère	sévère
toutefois	toutefois
traumatisme	traumatisme
traumatismes	traumatismes
traumatisés	traumatisés
urgences	urgences
utilier	utilier
victimes	victimes
évalué	évalué
845	845
acteur	acteur
adn	adn
adulte	adulte
alpha	alpha
amplification	amplification
amplifiées	amplifiées
attendues	attendues
avantage	avantage
bêta	bêta
clinical	clinical
cnrsumpcinserm	cnrsumpcinserm
composée	composée
comprenant	comprenant
destruction	destruction
diabète	diabète
diabètes	diabètes
diabétique	diabétique
différenciation	différenciation
disponible	disponible
dissociée	dissociée
définition	définition
efficacité	efficacité
endocellsproduction	endocellsproduction
endocrine	endocrine
entier	entier
exprimer	exprimer
foetal	foetal
fonctionnelles	fonctionnelles
formée	formée
fragment	fragment
glucagon	glucagon
glycémie	glycémie
greffées	greffées
générées	générées
hasard	hasard
hormones	hormones
httpredirectixbulletins-electroniquescomsilxw	httpredirectixbulletins-electroniquescomsilxw
humaine	humaine
humaines	humaines
immortalisant	immortalisant
immunodéficiente	immunodéficiente
insuline	insuline
investigation	investigation
journal	journal
langerhans	langerhans
libération	libération
lignées	lignées
matures	matures
moelle	moelle
moléculaires	moléculaires
mourir	mourir
multiplier	multiplier
obtenues	obtenues
of	of
organisées	organisées
outre	outre
pancréas	pancréas
pancréatique	pancréatique
pancréatiques	pancréatiques
perturbation	perturbation
philippe	philippe
proches	proches
productrice	productrice
productrices	productrices
promoteur	promoteur
raphael	raphael
ravassard	ravassard
reproduire	reproduire
représentent	représentent
respectivement	respectivement
restauré	restauré
retirée	retirée
scharfmann	scharfmann
scid	scid
secrets	secrets
signalisation	signalisation
souris	souris
spécificité	spécificité
stables	stables
sélectif	sélectif
taux	taux
thérapeutiques	thérapeutiques
tissus	tissus
touchent	touchent
transférer	transférer
transplanté	transplanté
trentaine	trentaine
url	url
vecteur	vecteur
viral	viral
épinière	épinière
îlots	îlots
2004	2004
abordés	abordés
adaptationcolloque	adaptationcolloque
adaptations	adaptations
associer	associer
communautés	communautés
dialoguent	dialoguent
décideurs	décideurs
forum	forum
informer	informer
journalistes-météo	journalistes-météo
octobre	octobre
plans	plans
privé	privé
professionnels	professionnels
sensibiliser	sensibiliser
stratégies	stratégies
synergie	synergie
thèmes	thèmes
tient	tient
échangent	échangent
élus	élus
4ème	4ème
bruxelles	bruxelles
duquel	duquel
débatsconférence	débatsconférence
débattu	débattu
elo	elo
european	european
feront	feront
futur	futur
landowner	landowner
mars	mars
option	option
organization	organization
perspective	perspective
saf-agriculteurs	saf-agriculteurs
syngenta	syngenta
1954	1954
1978	1978
1996	1996
22	22
abandonner	abandonner
académie	académie
adaptative	adaptative
adjuvants	adjuvants
adolescent	adolescent
agresseur	agresseur
agressions	agressions
alarme	alarme
allait	allait
allergies	allergies
ami	ami
annonce	annonce
annonçait	annonçait
anti-microbienne	anti-microbienne
antimicrobiens	antimicrobiens
aperçu	aperçu
apparaissait	apparaissait
appliquée	appliquée
apporté	apporté
appris	appris
argent	argent
arrive	arrive
attribution	attribution
austère	austère
auto-immunes	auto-immunes
avère	avère
axe	axe
bach	bach
baptisés	baptisés
bertrand	bertrand
biologiste	biologiste
bloquer	bloquer
bombe	bombe
bonne	bonne
bruno	bruno
campagne	campagne
car	car
cell	cell
chaleureux	chaleureux
champignons	champignons
choix	choix
combattre	combattre
comité	comité
compagnie	compagnie
conduire	conduire
connaissance	connaissance
connaît	connaît
consacrer	consacrer
consister	consister
convivial	convivial
coupée	coupée
courait	courait
criquet	criquet
critiques	critiques
cru	cru
discipline	discipline
dorso-ventral	dorso-ventral
drosophile	drosophile
débute	débute
décembre	décembre
décerne	décerne
décerner	décerner
décernée	décernée
décide	décide
déclaré	déclaré
déclenche	déclenche
déclencher	déclencher
découvrent	découvrent
défend	défend
défendent	défendent
défendre	défendre
défenses	défenses
délaissé	délaissé
dû	dû
empêcher	empêcher
endocrinologie	endocrinologie
entamer	entamer
entrevoir	entrevoir
eu	eu
excellence	excellence
excellente	excellente
existait	existait
extérieures	extérieures
facile	facile
fameuse	fameuse
familles	familles
fierté	fierté
figurent	figurent
frontières	frontières
gairdner	gairdner
gentleman	gentleman
heureux	heureux
hoffmann	hoffmann
hors	hors
immense	immense
immunitaire	immunitaire
immunitaires	immunitaires
immunité	immunité
immunologie	immunologie
immunologiste	immunologiste
inattendu	inattendu
infecter	infecter
infections	infections
inhibiteurs	inhibiteurs
injustifiées	injustifiées
inné	inné
innée	innée
insecte	insecte
insectes	insectes
insecticides	insecticides
intelligent	intelligent
intéresser	intéresser
jean-françois	jean-françois
joie	joie
joly	joly
jouait	jouait
joël	joël
jules	jules
keyo	keyo
laissent	laissent
lauréat	lauréat
lemaître	lemaître
logique	logique
lui-même	lui-même
luxembourgeoise	luxembourgeoise
lycée	lycée
mammifère	mammifère
mammifères	mammifères
migrateur	migrateur
mouche	mouche
mouches	mouches
muter	muter
médias	médias
médicales	médicales
neutraliser	neutraliser
opposé	opposé
organes	organes
paraître	paraître
part	part
partagée	partagée
permettraient	permettraient
perpétuel	perpétuel
personnage	personnage
peut-on	peut-on
pionnier	pionnier
piquer	piquer
plaisir	plaisir
prendra	prendra
prestigieuse	prestigieuse
prestigieux	prestigieux
provoquer	provoquer
préférant	préférant
présidence	présidence
père	père
quinze	quinze
rappelons-le	rappelons-le
rappelé	rappelé
receptors	receptors
reconnaît	reconnaît
reconnu	reconnu
recul	recul
regretter	regretter
reichhart	reichhart
relations	relations
remise	remise
rencontrés	rencontrés
reçu	reçu
récepteur	récepteur
récepteurs	récepteurs
répertorier	répertorier
rétrospectivement	rétrospectivement
révolutionner	révolutionner
secrétaire	secrétaire
shaw	shaw
simplement	simplement
souffler	souffler
souligné	souligné
souvient	souvient
stimulant	stimulant
strasbourgeois	strasbourgeois
succession	succession
suivaient	suivaient
suivant	suivant
tlrs	tlrs
toll	toll
toll-like	toll-like
tour	tour
transplantait	transplantait
vaccins	vaccins
voulions	voulions
élection	élection
élégance	élégance
élégant	élégant
étudiant	étudiant
événement	événement
1809	1809
1859	1859
adaptent	adaptent
agisse	agisse
ajoutant	ajoutant
ajoute-t-il	ajoute-t-il
alice	alice
arrive-t-elle	arrive-t-elle
arrête	arrête
auteur	auteur
capte	capte
carroll	carroll
ceux-ci	ceux-ci
change	change
citer	citer
cohérente	cohérente
collège	collège
commençant	commençant
constate-t-il	constate-t-il
conséquence	conséquence
couler	couler
couple	couple
courons	courons
course	course
crise	crise
crises	crises
célèbre	célèbre
darwin	darwin
darwinien	darwinien
darwinienne	darwinienne
darwiniennes	darwiniennes
deuxième	deuxième
difficultés	difficultés
disposons	disposons
décrit	décrit
dérangeant	dérangeant
editions	editions
effrénée	effrénée
encre	encre
entité	entité
essai-erreur	essai-erreur
exige	exige
existent	existent
expose	expose
eyrolles	eyrolles
fonctionne	fonctionne
forces	forces
forte	forte
fossilisation	fossilisation
gentille	gentille
google	google
hésite	hésite
incongru	incongru
interroge-t-il	interroge-t-il
jean-baptiste	jean-baptiste
lamarck	lamarck
lamarckienne	lamarckienne
lancent	lancent
lewis	lewis
lire	lire
marqué	marqué
merveilles	merveilles
mettent	mettent
miroir	miroir
mouiller	mouiller
méchante	méchante
naturaliste	naturaliste
note	note
origines	origines
ose	ose
paléoanthropologue	paléoanthropologue
pascal	pascal
philosophie	philosophie
picq	picq
picqun	picqun
pied	pied
porteur	porteur
prenne	prenne
propos	propos
publient	publient
publiée	publiée
rappeler	rappeler
reconnaît-il	reconnaît-il
regroupant	regroupant
reine	reine
revanche	revanche
rouge	rouge
réagissent	réagissent
répondre	répondre
serait-il	serait-il
singes	singes
sous-titre	sous-titre
spécialiste	spécialiste
structurés	structurés
sélection	sélection
sélectionne	sélectionne
tendre	tendre
théorie	théorie
variationsélection	variationsélection
vivons	vivons
vouliez	vouliez
zoologique	zoologique
échappez	échappez
épisode	épisode
étrange	étrange
évoluton	évoluton
0	0
1993	1993
1998	1998
2003	2003
21	21
865	865
acceptant	acceptant
accroissement	accroissement
altitude	altitude
américains	américains
apparaître	apparaître
appréhension	appréhension
astrium	astrium
atmosphérique	atmosphérique
au-dessus	au-dessus
ausculter	ausculter
balayage	balayage
bande	bande
baptisée	baptisée
basses	basses
bord	bord
bouleversement	bouleversement
brésiliens	brésiliens
ceinture	ceinture
chargé	chargé
cheminement	cheminement
ciel	ciel
circulations	circulations
claire	claire
cnes	cnes
communauté	communauté
complémentaire	complémentaire
condensée	condensée
conique	conique
conjoint	conjoint
conjointement	conjointement
continentale	continentale
contours	contours
cyclones	cyclones
cyclonique	cyclonique
didier	didier
dimension	dimension
donnent	donnent
dynamique	dynamique
déclarés	déclarés
décollage	décollage
dédiée	dédiée
départements	départements
eads	eads
emporte	emporte
essentielles	essentielles
eumetsat	eumetsat
extension	extension
financières	financières
fortes	fortes
fournies	fournies
fournira	fournira
franco-indien	franco-indien
franco-indienne	franco-indienne
fréquemment	fréquemment
genre	genre
glace	glace
gpm	gpm
gps	gps
gps-ros	gps-ros
hindi	hindi
historiques	historiques
humidité	humidité
hydrologique	hydrologique
hydrologiques	hydrologiques
hydrométéorologie	hydrométéorologie
héliosynchrone	héliosynchrone
impliquée	impliquée
inclinaison	inclinaison
incliné	incliné
indian	indian
indien	indien
indienne	indienne
indiens	indiens
infra-rouge	infra-rouge
instrument	instrument
interne	interne
intertropicales	intertropicales
isro	isro
japonaise	japonaise
jaxa	jaxa
km	km
lancement	lancement
lanceur	lanceur
liquide	liquide
lmd	lmd
long	long
longues	longues
madras	madras
measurement	measurement
megha-tropiques	megha-tropiques
mesurer	mesurer
mégha	mégha
mégha-tropique	mégha-tropique
mégha-tropiques	mégha-tropiques
météo-climat	météo-climat
météorologie	météorologie
météorologique	météorologique
météorologiques	météorologiques
nasa	nasa
nominale	nominale
nuage	nuage
nuages	nuages
nuageuse	nuageuse
nul	nul
numérique	numérique
observation	observation
officiel	officiel
offres	offres
opérationnelle	opérationnelle
opérationnels	opérationnels
orageux	orageux
orbite	orbite
originalité	originalité
ouf	ouf
outre-mer	outre-mer
partage	partage
passages	passages
phénomènes	phénomènes
placé	placé
placée	placée
pluies	pluies
polaire	polaire
pousser	pousser
profils	profils
programme	programme
prospective	prospective
précipitation	précipitation
précipitations	précipitations
préparationmegha-tropiques	préparationmegha-tropiques
prévision	prévision
prévisions	prévisions
pslv	pslv
période	période
questions	questions
radiatifs	radiatifs
radio-occultation	radio-occultation
radiomètre	radiomètre
rebaptisé	rebaptisé
recevoir	recevoir
recevront	recevront
recommandé	recommandé
renaut	renaut
responsabilité	responsabilité
revisiter	revisiter
robustes	robustes
roca	roca
réchauffant	réchauffant
rémy	rémy
réorganisé	réorganisé
répartissent	répartissent
saphir	saphir
satellite	satellite
scarab	scarab
segment	segment
signifiant	signifiant
sommet	sommet
sondeur	sondeur
sortent	sortent
soulagement	soulagement
souligne-t-on	souligne-t-on
space	space
spatial	spatial
spatiale	spatiale
sriharikota	sriharikota
surveillance	surveillance
sélectionnés	sélectionnés
territoire	territoire
transverse	transverse
traverser	traverser
troisième	troisième
tropicale	tropicale
tropicales	tropicales
tropicaux	tropicaux
tropiques	tropiques
validés	validés
vapeur	vapeur
venu	venu
verticaux	verticaux
visible	visible
vol	vol
véritablement	véritablement
élévation	élévation
équateur	équateur
équatorial	équatorial
évoqué	évoqué
accueillera	accueillera
adaptable	adaptable
adresse	adresse
ambition	ambition
ascq	ascq
associe	associe
atteintes	atteintes
avancement	avancement
avancées	avancées
ayant	ayant
berck	berck
calvé	calvé
catholique	catholique
centrale	centrale
cic-it	cic-it
cliniquement	cliniquement
commencer	commencer
conduite	conduite
conférences	conférences
ekhuft	ekhuft
electronique	electronique
ergothérapeutes	ergothérapeutes
essex	essex
fauteuil	fauteuil
fauteuils	fauteuils
financièrement	financièrement
franco-anglais	franco-anglais
garches	garches
garchesun	garchesun
handicapées	handicapées
hospitaliers	hospitaliers
hôpital	hôpital
insertion	insertion
interreg	interreg
isen	isen
iva	iva
kent	kent
lille	lille
manche	manche
marc	marc
mener	mener
mers	mers
médecins	médecins
médicale	médicale
médicaux	médicaux
norbert	norbert
offrir	offrir
organiseront	organiseront
personnels	personnels
poincaré	poincaré
porteuse	porteuse
r	r
roulant	roulant
roulants	roulants
rééducation	rééducation
sautelet	sautelet
segard	segard
soutenu	soutenu
successives	successives
sysiass	sysiass
testé	testé
testées	testées
thales	thales
versions	versions
villeneuve	villeneuve
équipé	équipé
évolutive	évolutive
2014	2014
assister	assister
auxerre	auxerre
bras	bras
btp	btp
capable	capable
chantiersla	chantiersla
charges	charges
cobot	cobot
collaboratif	collaboratif
commandé	commandé
commercialisé	commercialisé
concentré	concentré
confié	confié
destiné	destiné
disposera	disposera
dorsale	dorsale
détecte	détecte
effort	effort
efforts	efforts
etats	etats
exclusivité	exclusivité
exosquelette	exosquelette
handicapés	handicapés
hercule	hercule
inertielle	inertielle
intervention	intervention
intérieure	intérieure
jambes	jambes
kg	kg
kmh	kmh
lourdes	lourdes
lourds	lourds
manipulation	manipulation
manutention	manutention
membre	membre
millipol	millipol
mouvements	mouvements
mécatroniques	mécatroniques
ouvriers	ouvriers
personnel	personnel
port	port
porter	porter
pourra	pourra
présenté	présenté
rb3d	rb3d
sauveteur	sauveteur
soldat	soldat
stand	stand
supervise	supervise
supportant	supportant
transporter	transporter
unités	unités
utilisateur	utilisateur
élite	élite
2016de	2016de
715	715
anthropiques	anthropiques
apport	apport
augmentation	augmentation
basse	basse
ceintures	ceintures
chine	chine
circulaire	circulaire
colombie	colombie
communications	communications
consacrées	consacrées
consacrés	consacrés
demeter	demeter
densité	densité
detection	detection
due	due
débat	débat
dédiés	dédiés
détectées	détectées
earthquake	earthquake
electro-magnetic	electro-magnetic
emissions	emissions
entourent	entourent
exposés	exposés
from	from
fréquence	fréquence
génération	génération
géophysiciens	géophysiciens
induisent	induisent
intervenants	intervenants
ionosphère	ionosphère
ionosphérique	ionosphérique
ionosphériques	ionosphériques
juin	juin
microsatellites	microsatellites
missions	missions
myriades	myriades
nouvelle-zélande	nouvelle-zélande
observée	observée
orageuse	orageuse
participer	participer
perturbations	perturbations
pris	pris
quasi	quasi
radiations	radiations
radionavigation	radionavigation
regions	regions
relation	relation
russie	russie
sismologie	sismologie
siège	siège
statistique	statistique
séisme	séisme
séismes	séismes
taranis	taranis
tectonique	tectonique
tenu	tenu
tohoku	tohoku
transmitted	transmitted
tremblement	tremblement
tsunamis	tsunamis
variations	variations
venant	venant
volcaniques	volcaniques
électromagnétiques	électromagnétiques
émetteurs	émetteurs
émises	émises
émission	émission
émissions	émissions
éruptions	éruptions
abondance	abondance
accélérateur	accélérateur
allemagne	allemagne
atomique	atomique
basse-normandie	basse-normandie
caen	caen
ceacnrs	ceacnrs
collaborations	collaborations
déroulant	déroulant
exotiques	exotiques
ganil	ganil
gsi	gsi
internationaux	internationaux
linéaire	linéaire
msu	msu
naturel	naturel
noyau	noyau
noyaux	noyaux
nucléaire	nucléaire
nucléaires	nucléaires
physiciens	physiciens
placera	placera
priorité	priorité
rang	rang
riken	riken
situé	situé
spiral2	spiral2
supraconducteur	supraconducteur
étoileslancement	étoileslancement
50	50
accréditée	accréditée
apprendront	apprendront
approches	approches
atout	atout
barrage	barrage
belgique	belgique
bénéficieront	bénéficieront
cartographique	cartographique
catégorie	catégorie
constituera	constituera
creuse	creuse
dispensé	dispensé
délivrer	délivrer
déroulera	déroulera
ensta	ensta
entrée	entrée
erasmus	erasmus
gent	gent
hydrographie	hydrographie
hydrographiel	hydrographiel
hydrographique	hydrographique
intensif	intensif
lac	lac
lance	lance
master2	master2
meilleure	meilleure
multiculturelle	multiculturelle
océanographie	océanographie
participants	participants
participeront	participeront
professeurs	professeurs
précise-t-on	précise-t-on
remettront	remettront
syndicat	syndicat
topographie	topographie
vassivière	vassivière
24	24
3ème	3ème
accueillir	accueillir
antenne	antenne
artificielle	artificielle
automatisée	automatisée
civile	civile
cnr	cnr
collective	collective
colloques	colloques
communication	communication
computational	computational
conference	conference
consacré	consacré
control	control
créteil	créteil
côtés	côtés
dirige	dirige
discovery	discovery
engineering	engineering
espagne	espagne
fontainebleau	fontainebleau
forêts	forêts
gestion	gestion
glaux	glaux
ic3k	ic3k
ijcci	ijcci
incendies	incendies
ingénierie	ingénierie
insticc	insticc
institute	institute
institutionnels	institutionnels
intelligence	intelligence
intégrés	intégrés
italia	italia
italien	italien
italiens	italiens
itti	itti
iut	iut
joint	joint
knowledge	knowledge
kurosh	kurosh
lissi	lissi
logistique	logistique
madani	madani
madère	madère
management	management
marne	marne
mediazioni	mediazioni
mène	mène
négociation	négociation
paris-est	paris-est
partenariatsintelligence	partenariatsintelligence
pdcs	pdcs
pmepmi	pmepmi
polonais	polonais
portugal	portugal
privés	privés
précédentes	précédentes
roma	roma
sagem	sagem
simulation	simulation
sisine	sisine
slovaque	slovaque
soixantaine	soixantaine
srl	srl
systems	systems
sénart	sénart
sénartaise	sénartaise
sénartaises	sénartaises
telecom	telecom
upec	upec
val	val
valence	valence
venus	venus
xiwrite	xiwrite
éditions	éditions
événements	événements
île	île
2è	2è
2ème	2ème
académiques	académiques
actif	actif
ateliers	ateliers
b	b
bretons	bretons
cbb	cbb
cosmetic	cosmetic
cosmétique	cosmétique
cosmétologie	cosmétologie
directs	directs
expertise	expertise
honneur	honneur
innovation2ème	innovation2ème
instrumentation	instrumentation
invité	invité
orléans	orléans
packaging	packaging
parfumerie-cosmétique	parfumerie-cosmétique
promotion	promotion
rd	rd
références	références
to	to
valley	valley
150	150
abri	abri
adhésion	adhésion
agroalimentaireune	agroalimentaireune
agronome	agronome
apporte	apporte
apportons	apportons
asperge	asperge
attendu	attendu
aussitôt	aussitôt
bac	bac
beauvais	beauvais
benoit	benoit
breveté	breveté
caisse	caisse
cardons	cardons
cerise	cerise
cerises	cerises
chambres	chambres
clientèle	clientèle
commercial	commercial
commercialise	commercialise
commerciaux	commerciaux
concernait	concernait
conditionnement	conditionnement
conservation	conservation
couvercle	couvercle
dates	dates
diplômé	diplômé
distincts	distincts
dluo	dluo
doté	doté
démocratise	démocratise
démocratisons	démocratisons
détient	détient
est-elle	est-elle
exclut	exclut
fleurs	fleurs
flexibilité	flexibilité
frais	frais
froides	froides
garantissait	garantissait
hermétiques	hermétiques
immenses	immenses
intempéries	intempéries
inventeur	inventeur
inévitables	inévitables
isab	isab
janny	janny
joint-venture	joint-venture
jours	jours
kilo	kilo
licence	licence
limites	limites
loire	loire
mai	mai
marchandises	marchandises
membrane	membrane
modules	modules
moyen	moyen
mt	mt
myrtille	myrtille
naturellement	naturellement
nutritionnelles	nutritionnelles
offre	offre
olives	olives
optimale	optimale
organoleptiques	organoleptiques
original	original
palette	palette
parfaite	parfaite
parler	parler
perméabilité	perméabilité
phares	phares
pics	pics
pommes	pommes
positionnée	positionnée
possibilités	possibilités
poussière	poussière
producteurs	producteurs
prometteur	prometteur
proposons	proposons
préoccupations	préoccupations
présidée	présidée
rejoint	rejoint
roses	roses
récente	récente
révolutionnaire	révolutionnaire
saumure	saumure
saône	saône
société	société
souplesse	souplesse
stockage	stockage
stockées	stockées
suivis	suivis
sélective	sélective
traçabilité	traçabilité
tulipes	tulipes
valoriser	valoriser
ventes	ventes
volumes	volumes
yaourts	yaourts
énumère	énumère
étanche	étanche
étanchéité	étanchéité
accepté	accepté
accident	accident
accompagnée	accompagnée
acheter	acheter
acier	acier
activée	activée
affaires	affaires
ambassade	ambassade
andrews	andrews
appuyez	appuyez
attarde	attarde
atteint	atteint
aurais	aurais
automobiles	automobiles
automobilesresqme	automobilesresqme
avérer	avérer
baptisé	baptisé
barbara	barbara
brevetée	brevetée
brise	brise
briser	briser
californie	californie
certification	certification
chefs	chefs
chiffre	chiffre
colasse	colasse
commencé	commencé
commercialiser	commercialiser
conseillère	conseillère
contacté	contacté
continent	continent
couper	couper
devienne	devienne
dispositifs	dispositifs
distributing	distributing
distribution	distribution
droits	droits
découvre	découvre
déroulé	déroulé
employés	employés
entrepreneur	entrepreneur
erreur	erreur
exclusif	exclusif
exclusive	exclusive
extraire	extraire
foulée	foulée
gagne	gagne
hammer	hammer
hollandais	hollandais
hollande	hollande
implantée	implantée
incendie	incendie
japonais	japonais
joue	joue
laisse	laisse
lame	lame
lances	lances
laurent	laurent
life	life
maria	maria
marteau	marteau
mort	mort
nord-américain	nord-américain
norvège	norvège
né	né
négocier	négocier
optimiser	optimiser
parlé	parlé
persuadé	persuadé
phare	phare
poinçon	poinçon
police	police
pompiers	pompiers
porte-ceinture	porte-ceinture
porte-clés	porte-clés
pressé	pressé
pressés	pressés
pro-actifs	pro-actifs
présence	présence
rappelle-t-il	rappelle-t-il
rasoir	rasoir
représentants	représentants
resqme	resqme
restés	restés
route	route
routière	routière
récompensé	récompensé
rétractable	rétractable
santa	santa
sauver	sauver
souhait	souhait
souhaitaient	souhaitaient
stipule	stipule
séduit	séduit
utilisable	utilisable
vendu	vendu
vies	vies
vingtaine	vingtaine
vitre	vitre
voiture	voiture
yeux	yeux
éducative	éducative
étonnement	étonnement
115	115
acquisition	acquisition
approprier	approprier
appui	appui
coupler	coupler
demeure	demeure
development	development
effectuées	effectuées
emprunt	emprunt
environnementalenécessité	environnementalenécessité
equipements	equipements
equipex	equipex
essayons	essayons
etat	etat
faciliter	faciliter
fournit	fournit
geoinformation	geoinformation
geosud	geosud
gestionnaires	gestionnaires
gratuitement	gratuitement
géographique	géographique
haute-résolution	haute-résolution
homogène	homogène
ign	ign
ii	ii
incontestable	incontestable
jouer	jouer
languedoc-roussillon	languedoc-roussillon
largement	largement
mobilisé	mobilisé
mobilisée	mobilisée
multilicence	multilicence
mètre	mètre
politiques	politiques
porté	porté
publiques	publiques
régionaliser	régionaliser
résolution	résolution
satellitaire	satellitaire
satellitaires	satellitaires
sociétaux	sociétaux
sous-utilisé	sous-utilisé
spot	spot
structurants	structurants
sustainable	sustainable
tetis	tetis
umr	umr
évolué	évolué
1780	1780
28	28
5000	5000
accepter	accepter
affaire	affaire
alternance	alternance
anne	anne
annéearts	annéearts
apprécie	apprécie
armes	armes
arts	arts
aube	aube
boursiers	boursiers
brillamment	brillamment
caractéristique	caractéristique
chapitres	chapitres
chiffres	chiffres
confondues	confondues
contribuant	contribuant
coulisses	coulisses
cédric	cédric
dispensée	dispensée
doctorales	doctorales
décision	décision
dénommée	dénommée
désir	désir
détail	détail
dévoilent	dévoilent
entrer	entrer
exceptionnelle	exceptionnelle
famille	famille
fields	fields
fluides	fluides
fondée	fondée
fourmillant	fourmillant
fraternité	fraternité
frère	frère
gadzarts	gadzarts
galerie	galerie
habilité	habilité
henri	henri
humanisme	humanisme
illustré	illustré
illustrés	illustrés
instituts	instituts
invitent	invitent
joliment	joliment
joyeuse	joyeuse
lisant	lisant
main	main
mastères	mastères
mathématicien	mathématicien
mba	mba
midi	midi
mouvement	mouvement
mécanique	mécanique
métiers	métiers
oh	oh
olivier	olivier
ouverture	ouverture
page	page
paristech	paristech
portraits	portraits
posent	posent
pourcentage	pourcentage
pouvait-il	pouvait-il
problèmes	problèmes
progression	progression
proposent	proposent
préface	préface
préfacer	préfacer
préfacé	préfacé
quitter	quitter
retrouvé	retrouvé
révolution	révolution
signés	signés
siècles	siècles
spécialisés	spécialisés
spécialités	spécialités
suis	suis
tableau	tableau
talent	talent
tequi	tequi
textes	textes
traditions	traditions
valeurs	valeurs
vercherand	vercherand
villani	villani
xix	xix
xxème	xxème
écrit	écrit
élèves	élèves
énergétiques	énergétiques
2013	2013
800	800
abrite	abrite
adaptatifs	adaptatifs
allongement	allongement
ap-hp	ap-hp
assistance	assistance
associées	associées
aura	aura
bâtiment	bâtiment
cardiovasculaires	cardiovasculaires
centré	centré
charles	charles
clinique	clinique
comportementales	comportementales
criblage	criblage
dispositifun	dispositifun
démences	démences
entièrement	entièrement
ex	ex
financés	financés
foix	foix
gérontechnologies	gérontechnologies
hôtel	hôtel
immobilière	immobilière
inauguré	inauguré
installations	installations
investissement	investissement
ivry-sur-seine	ivry-sur-seine
jean	jean
m2	m2
mariani	mariani
ministère	ministère
motricité	motricité
neurobiologiste	neurobiologiste
orientation	orientation
plates-formes	plates-formes
praticien	praticien
précliniques	précliniques
publiques-hôpitaux	publiques-hôpitaux
pépinière	pépinière
réparation	réparation
sommeil	sommeil
souches	souches
technicité	technicité
troubles	troubles
upmccnrs	upmccnrs
val-de-marne	val-de-marne
viendra	viendra
vitro	vitro
éventuels	éventuels
annoncé	annoncé
china	china
chinois	chinois
chinoiseschimie	chinoiseschimie
contribution	contribution
dépendance	dépendance
east	east
ecnu	ecnu
eco-efficient	eco-efficient
ens	ens
fossiles	fossiles
hébergera	hébergera
installée	installée
internationales	internationales
localisée	localisée
normal	normal
processes	processes
products	products
pétrole	pétrole
rhodia	rhodia
serre	serre
shanghai	shanghai
susciter	susciter
umi	umi
university	university
éco-efficients	éco-efficients
épuisement	épuisement
16	16
2008	2008
86	86
8ème	8ème
abbaye	abbaye
accessible	accessible
agrene	agrene
agro-environnementale	agro-environnementale
agroenvironnement	agroenvironnement
agronov	agronov
aiserey	aiserey
amendements	amendements
amont	amont
annuels	annuels
anonyme	anonyme
antennes-relais	antennes-relais
argileux	argileux
argilo-calcaires	argilo-calcaires
argilo-limoneux	argilo-limoneux
artemis	artemis
articule	articule
articulent	articulent
attente	attente
automne	automne
battants	battants
biologique	biologique
blancs	blancs
bourguignons	bourguignons
bretenière	bretenière
broyage	broyage
bâtir	bâtir
cailloux	cailloux
chimiquetout	chimiquetout
clairement	clairement
complémentarités	complémentarités
conversion	conversion
coopérative	coopérative
coopératives	coopératives
corrigé	corrigé
culturales	culturales
desquels	desquels
doubs	doubs
duvernois	duvernois
défini	défini
définies	définies
démarrage	démarrage
dénommé	dénommé
désherbage	désherbage
esquisse	esquisse
esquisser	esquisser
evry	evry
exception	exception
faisait	faisait
fertilisation	fertilisation
fertilité	fertilité
figurait	figurait
formalisé	formalisé
fourniture	fourniture
franc-comtois	franc-comtois
garanties	garanties
geodata	geodata
guidage	guidage
gy	gy
harmonisés	harmonisés
haut-saône	haut-saône
hectares	hectares
ift	ift
implanter	implanter
initiée	initiée
inoplant	inoplant
interactions	interactions
interrégionales	interrégionales
intrants	intrants
limons	limons
majeures	majeures
matériels	matériels
michel	michel
minimum	minimum
minérauxfertilisation	minérauxfertilisation
mécaniquemixte-réduction	mécaniquemixte-réduction
neuf	neuf
nitry	nitry
notion	notion
obligation	obligation
occupe	occupe
organiquerotations	organiquerotations
orpheon	orpheon
paramétrer	paramétrer
parcelle	parcelle
pk	pk
pluriannuelle	pluriannuelle
posant	posant
prairieartemis	prairieartemis
precisio	precisio
productions	productions
proposant	proposant
protocoles	protocoles
précision	précision
présents	présents
présentés	présentés
préservation	préservation
préside	préside
présélectionnés	présélectionnés
prévu	prévu
périphérie	périphérie
recensé	recensé
rechercher	rechercher
regroupées	regroupées
regroupés	regroupés
rendant	rendant
repenser	repenser
rotations	rotations
réduction	réduction
réuni	réuni
saint	saint
sanitaires	sanitaires
seine	seine
semis	semis
signal	signal
simplifiée	simplifiée
solcipandésherbageamendements	solcipandésherbageamendements
sols	sols
superficiels	superficiels
synergies	synergies
technopôle	technopôle
terroirs	terroirs
transformation	transformation
typologies	typologies
variétaux	variétaux
virey	virey
vérifier	vérifier
yonne	yonne
élémentaire	élémentaire
émerge	émerge
émergence	émergence
équipée	équipée
action	action
arkema	arkema
atomes	atomes
atouts	atouts
automobile	automobile
bénéficié	bénéficié
cassable	cassable
chaleur	chaleur
chaud	chaud
composites	composites
composés	composés
concurrencer	concurrencer
difficilement	difficilement
durcisseurs	durcisseurs
envisager	envisager
façonnable	façonnable
ingrédients	ingrédients
inversement	inversement
inédit	inédit
leibler	leibler
liens	liens
loisirs	loisirs
ludwik	ludwik
légèreté	légèreté
matériau	matériau
minéraux	minéraux
molle	molle
métaux	métaux
partant	partant
relevé	relevé
remplacer	remplacer
réorganiser	réorganiser
résine	résine
résines	résines
résistance	résistance
supérieure	supérieure
tech	tech
verre	verre
vitreuse	vitreuse
vitreuseun	vitreuseun
éclairage	éclairage
époxy	époxy
2000	2000
adapté	adapté
améliorons	améliorons
angers	angers
anonymes	anonymes
apprentissages	apprentissages
assimilée	assimilée
auparavant	auparavant
caroline	caroline
catherine	catherine
concentration	concentration
constamment	constamment
doter	doter
enseignant	enseignant
essca	essca
esscal	esscal
horizons	horizons
immédiates	immédiates
leblanc	leblanc
maximum	maximum
mini-quiz	mini-quiz
minutes	minutes
moyens	moyens
ordinateurs	ordinateurs
pect	pect
profitent	profitent
pédagogie	pédagogie
pédagogiques	pédagogiques
registre	registre
relancer	relancer
revenir	revenir
rythme	rythme
réactivée	réactivée
régulièrement	régulièrement
révélatrices	révélatrices
salle	salle
scale	scale
statistiques	statistiques
transmises	transmises
up	up
achèvera	achèvera
cherchent	cherchent
concilier	concilier
conseiller	conseiller
contradictoires	contradictoires
forestiersquelle	forestiersquelle
forêt	forêt
fourmille	fourmille
lecture	lecture
mené	mené
pensé	pensé
protège	protège
puits	puits
réservoir	réservoir
résoudre	résoudre
sociaux	sociaux
vulnérable	vulnérable
équation	équation
10ème	10ème
142	142
1960	1960
1970	1970
211	211
absence	absence
adaptée	adaptée
administratives	administratives
anciens	anciens
animateur	animateur
animé	animé
appuyé	appuyé
armand	armand
asie	asie
balance	balance
banque	banque
blériot	blériot
bouygues	bouygues
branche	branche
branches	branches
bénéfice	bénéfice
centralienne	centralienne
centraliens	centraliens
changé	changé
chantier	chantier
classement	classement
classements	classements
colin	colin
commerciale	commerciale
concession	concession
concitoyens	concitoyens
concrètes	concrètes
constatent	constatent
constats	constats
constaté	constaté
contribuent	contribuent
correspond	correspond
crédit	crédit
culturel	culturel
delcroix	delcroix
deviendrait	deviendrait
devoir	devoir
divisée	divisée
douter	douter
dynamiser	dynamiser
décennie	décennie
déclinée	déclinée
décrivent	décrivent
déficient	déficient
déficit	déficit
déficitaire	déficitaire
définir	définir
définitif	définitif
eiffel	eiffel
elle-même	elle-même
emblématiques	emblématiques
emploi	emploi
enthousiaste	enthousiaste
entreprendre	entreprendre
faiblesse	faiblesse
ferrary	ferrary
feuilles	feuilles
francis	francis
frein	frein
freins	freins
gustave	gustave
guy	guy
huitième	huitième
hôtellerie	hôtellerie
impôt	impôt
inciter	inciter
innovationl	innovationl
lancer	lancer
latécoère	latécoère
leadership	leadership
louis	louis
lourdeurs	lourdeurs
luxe	luxe
légitime	légitime
made	made
manifestement	manifestement
meilleurs	meilleurs
mondiaux	mondiaux
mots	mots
multiplicité	multiplicité
méritons	méritons
occident	occident
ocde	ocde
oseo	oseo
pages	pages
passionnent	passionnent
pessimisme	pessimisme
peugeot	peugeot
pierre-georges	pierre-georges
pmipme	pmipme
positionner	positionner
principale	principale
priorités	priorités
profondeur	profondeur
propositions	propositions
préoccupante	préoccupante
préoccupants	préoccupants
présentées	présentées
pèsera	pèsera
quelques-uns	quelques-uns
recommandant	recommandant
regrette	regrette
relative	relative
relativement	relativement
retiendra	retiendra
réaliste	réaliste
régresse	régresse
résumant	résumant
siècle	siècle
sombrer	sombrer
soutenir	soutenir
structurellement	structurellement
subsistent	subsistent
suffisante	suffisante
tank	tank
tenté	tenté
think	think
timidité	timidité
titanesque	titanesque
tradition	tradition
traduit	traduit
xxième	xxième
économie	économie
éditeur	éditeur
élevé	élevé
éloigné	éloigné
animales	animales
animalespartenariat	animalespartenariat
biotechnologie	biotechnologie
favoriser	favoriser
hébergeant	hébergeant
iasp	iasp
infectiologie	infectiologie
nationales	nationales
newvectys	newvectys
pitié	pitié
prépare	prépare
prévoit	prévoit
salpêtrière	salpêtrière
séminaire	séminaire
séminaires	séminaires
tours	tours
translationnelle	translationnelle
upmc	upmc
vétérinaires	vétérinaires
3e	3e
accumuler	accumuler
aix-marseille	aix-marseille
biocarburants	biocarburants
biodiesel	biodiesel
bioénergétique	bioénergétique
bouches-du-rhône	bouches-du-rhône
cadarache	cadarache
ceacnrsuniversité	ceacnrsuniversité
cyanobactéries	cyanobactéries
enjeu	enjeu
etat-région	etat-région
feder	feder
hydrocarbures	hydrocarbures
hydrogène	hydrogène
hébergé	hébergé
héliobiotec	héliobiotec
inaugurée	inaugurée
lb3m	lb3m
microalgues	microalgues
plateforme	plateforme
poids	poids
pointehéliobiotec	pointehéliobiotec
rendements	rendements
réserve	réserve
sec	sec
surfaciques	surfaciques
terrestres	terrestres
tournesol	tournesol
égale	égale
élevés	élevés
23	23
accélérer	accélérer
agences	agences
andré	andré
basé	basé
boyle	boyle
comités	comités
council	council
councils	councils
couvriront	couvriront
dirigeants	dirigeants
dissoute	dissoute
economic	economic
esf	esf
esrc	esrc
eurohorcs	eurohorcs
foundation	foundation
heads	heads
paul	paul
promouvoir	promouvoir
présidé	présidé
rcuk	rcuk
socialesscience	socialesscience
syrota	syrota
uk	uk
vice-présidents	vice-présidents
vocation	vocation
établie	établie
14	14
55	55
866	866
adoption	adoption
agents	agents
agrochimie	agrochimie
amené	amené
anti-oxydants	anti-oxydants
antioxydants	antioxydants
apparenté	apparenté
barcelone	barcelone
biochimie	biochimie
bourguignon	bourguignon
buvaient	buvaient
buveurs	buveurs
bénéfiques	bénéfiques
cholestérolémie	cholestérolémie
cinquième	cinquième
compterait	compterait
croisé	croisé
devenir	devenir
dijonnaise	dijonnaise
diminué	diminué
douzaine	douzaine
dues	dues
dégénératives	dégénératives
dégénérescences	dégénérescences
déroulée	déroulée
encourageants	encourageants
endroits	endroits
engouement	engouement
ensoleillés	ensoleillés
envisageons	envisageons
femmes	femmes
fluidité	fluidité
fécondation	fécondation
gestation	gestation
globules	globules
grandir	grandir
grandissant	grandissant
health	health
hydrique	hydrique
hépatique	hépatique
incitent	incitent
indique-t-ill	indique-t-ill
infarctus	infarctus
infectieux	infectieux
jean-pierre	jean-pierre
labellisés	labellisés
lara	lara
latruffe	latruffe
lbmn	lbmn
leucodystrophies	leucodystrophies
maisons	maisons
microscopiques	microscopiques
modérée	modérée
molecular	molecular
montbard	montbard
myocarde	myocarde
médecin	médecin
méditerranéen	méditerranéen
métabolique	métabolique
noté	noté
observait	observait
observe-t-il	observe-t-il
oiseaux	oiseaux
olive	olive
paramètres	paramètres
pathogènes	pathogènes
peroxysomes	peroxysomes
poisson	poisson
polyphenols	polyphenols
polyphénol	polyphénol
polyphénols	polyphénols
positifs	positifs
post-opérés	post-opérés
prolifération	prolifération
prost	prost
rayonnement	rayonnement
recevait	recevait
resvératrol	resvératrol
retraite	retraite
rifler	rifler
rouges	rouges
réparties	réparties
sanguins	sanguins
secondaire	secondaire
semblent	semblent
sitges	sitges
soumises	soumises
spiral	spiral
suivi	suivi
tendent	tendent
toxicité	toxicité
toxicologie	toxicologie
témoin	témoin
urgentiste	urgentiste
urgentistes	urgentistes
vigne	vigne
vignobles	vignobles
vin	vin
968	968
aimara	aimara
augmentait	augmentait
blocage	blocage
causée	causée
ccl2	ccl2
chair	chair
chimiokine	chimiokine
chimiokines	chimiokines
concentrations	concentrations
contaminent	contaminent
contaminé	contaminé
contaminée	contaminée
contaminées	contaminées
contenant	contenant
continentaux	continentaux
cortex	cortex
croquettes	croquettes
dépourvues	dépourvues
dérivé	dérivé
environnements	environnements
exacerbée	exacerbée
expériences	expériences
gliales	gliales
guyane	guyane
hoplias	hoplias
induisait	induisait
induite	induite
induits	induits
infection	infection
inflammation	inflammation
intervenir	intervenir
intoxication	intoxication
japonaises	japonaises
lessivage	lessivage
leucocytes	leucocytes
libérer	libérer
maturation	maturation
mehg	mehg
mehgdes	mehgdes
mercure	mercure
microglies	microglies
migration	migration
mécanisme	mécanisme
méthylmercure	méthylmercure
nerveuses	nerveuses
neuromédiateur	neuromédiateur
neuronale	neuronale
neuronaux	neuronaux
neuroprotecteur	neuroprotecteur
neurotoxicité	neurotoxicité
neurotoxicté	neurotoxicté
neurotoxiques	neurotoxiques
normales	normales
océaniques	océaniques
orpaillage	orpaillage
oxydoréduction	oxydoréduction
paléoenvironnements	paléoenvironnements
physiologique	physiologique
polluants	polluants
protecteur	protecteur
protecteurs	protecteurs
pêché	pêché
rein	rein
reproducteurs	reproducteurs
riches	riches
survie	survie
toxicological	toxicological
waynas	waynas
356	356
aarhus	aarhus
ademe	ademe
barrières	barrières
brisé	brisé
centaines	centaines
champs	champs
comparant	comparant
considérées	considérées
devraient-elles	devraient-elles
dispersion	dispersion
distance	distance
distances	distances
excède	excède
favorable	favorable
financier	financier
flore-climat	flore-climat
forestier	forestier
forestières	forestières
fragmentation	fragmentation
habitat	habitat
habitation	habitation
hausse	hausse
herbacées	herbacées
inventaire	inventaire
lorraine	lorraine
menace	menace
migrer	migrer
montagnardes	montagnardes
observés	observés
parcourir	parcourir
plaine	plaine
plainele	plainele
plaines	plaines
principales	principales
préoccupation	préoccupation
raisons	raisons
rarement	rarement
routes	routes
réactives	réactives
réactivité	réactivité
révèlent	révèlent
sachant	sachant
similaire	similaire
sommets	sommets
souffrent	souffrent
tolérantes	tolérantes
vent	vent
vulnérables	vulnérables
végétales	végétales
zones	zones
acetate	acetate
acétate	acétate
anions	anions
antigel	antigel
antigelun	antigelun
baissant	baissant
bernard	bernard
bourse	bourse
cations	cations
claude	claude
cnrsinsa	cnrsinsa
cnrssaint-gobain	cnrssaint-gobain
congélation	congélation
cristalline	cristalline
cristaux	cristaux
céramiques	céramiques
deville	deville
directe	directe
effectuer	effectuer
erc	erc
exerçait	exerçait
existant	existant
fonctionnalisation	fonctionnalisation
indéniables	indéniables
ionique	ionique
junior	junior
limitant	limitant
lyonuniversité	lyonuniversité
macromolécules	macromolécules
morphologie	morphologie
nette	nette
neutre	neutre
offrent	offrent
ordinaire	ordinaire
particules	particules
poreux	poreux
radicalement	radicalement
ralentit	ralentit
retarde	retarde
surprise	surprise
suspension	suspension
sylvain	sylvain
zirconium	zirconium
équivalents	équivalents
1969	1969
3ecole	3ecole
abîmer	abîmer
acquérir	acquérir
algorithme	algorithme
balaie	balaie
chamard	chamard
classique	classique
clichés	clichés
collecter	collecter
complexesune	complexesune
concrètement	concrètement
cristal	cristal
cristallines	cristallines
cristallins	cristallins
cumulant	cumulant
destructive	destructive
diffraction	diffraction
diffractions	diffractions
diffractés	diffractés
dotée	dotée
défauts	défauts
détailles	détailles
détecteur	détecteur
déviés	déviés
esrf	esrf
facility	facility
faisceau	faisceau
fresnel	fresnel
hoppe	hoppe
imaginée	imaginée
imperfections	imperfections
infinies	infinies
intensité	intensité
largeur	largeur
limitée	limitée
marseille	marseille
micromètre	micromètre
microscopique	microscopique
nanométrique	nanométrique
produite	produite
ptychographie	ptychographie
radiation	radiation
régularité	régularité
surmonte	surmonte
vrai	vrai
walter	walter
échantillon	échantillon
étendues	étendues
étudie	étudie
221	221
53	53
accueilli	accueilli
civiles	civiles
couvrant	couvrant
diplôme	diplôme
droit	droit
etudes	etudes
faculté	faculté
idest	idest
incontournables	incontournables
juridiques	juridiques
monnet	monnet
nationaux	nationaux
onu	onu
orientations	orientations
participe	participe
poursuivre	poursuivre
redéfinies	redéfinies
rencontres	rencontres
réalités	réalités
spatiales	spatiales
travaildroit	travaildroit
abritera	abritera
aix-en-provence	aix-en-provence
amenant	amenant
application	application
aéronefs	aéronefs
booster	booster
capenergie	capenergie
enseignants-chercheurs	enseignants-chercheurs
eurobiomed	eurobiomed
eurocopter	eurocopter
hélicoptère	hélicoptère
hélicoptères	hélicoptères
ingénieursla	ingénieursla
inovsys	inovsys
juste	juste
labellisée	labellisée
maîtrise	maîtrise
munich	munich
mécaniques	mécaniques
mécatronique	mécatronique
optitec	optitec
pegase	pegase
porteront	porteront
réaliseront	réaliseront
stage	stage
suivront	suivront
surnommée	surnommée
10-15	10-15
1979	1979
83	83
accélérateurs	accélérateurs
accélération	accélération
anticipées	anticipées
apollon	apollon
articles	articles
attendent	attendent
banc	banc
bref	bref
c3	c3
ceadam	ceadam
center	center
cern	cern
chirped	chirped
co-signée	co-signée
constituerait	constituerait
cpa	cpa
croissants	croissants
dam	dam
daniel	daniel
dépasser	dépasser
dépasserait	dépasserait
détectée	détectée
exawatt	exawatt
exawatt-zetawatt	exawatt-zetawatt
exawatt-zettawatt	exawatt-zettawatt
expliquent	expliquent
expliqué	expliqué
extrême	extrême
femto-seconde	femto-seconde
fermilab	fermilab
futurs	futurs
géniale	géniale
générer	générer
hautes	hautes
hypothétique	hypothétique
ile	ile
impatiemment	impatiemment
impulsion	impulsion
intuition	intuition
inventer	inventer
invention	invention
izest	izest
kek	kek
laser	laser
lasers	lasers
lhc	lhc
manquent	manquent
mariage	mariage
massard	massard
massardizest	massardizest
mini	mini
mourou	mourou
méga-projets	méga-projets
neutrinos	neutrinos
noire	noire
numéro	numéro
observable	observable
observations	observations
organisait	organisait
palaiseau	palaiseau
parisienne	parisienne
petawatt	petawatt
petawatts	petawatts
polytechnique	polytechnique
poutine	poutine
proposés	proposés
prospectif	prospectif
puissance	puissance
pulse	pulse
qualifié	qualifié
revitaliser	revitaliser
ruptures	ruptures
russes	russes
réputation	réputation
servir	servir
sonder	sonder
souhaiterions	souhaiterions
sources	sources
sub-exawatt	sub-exawatt
suffiront	suffiront
suisse	suisse
tajima	tajima
technology	technology
toshiki	toshiki
tournis	tournis
trompe	trompe
univers	univers
verwaerde	verwaerde
vide	vide
vladimir	vladimir
workshop	workshop
xavier	xavier
zetta-exawatt	zetta-exawatt
énergies	énergies
équivalent	équivalent
étranges	étranges
avancée	avancée
but	but
citroën	citroën
couplées	couplées
créés	créés
efficaces	efficaces
expérimentaux	expérimentaux
fatigue	fatigue
imaginer	imaginer
inauguration	inauguration
levier	levier
mechanics	mechanics
micro	micro
milieux	milieux
mines	mines
mixtes	mixtes
multi-physiques	multi-physiques
multifonctionnels	multifonctionnels
nano-structurés	nano-structurés
openlab	openlab
openlabs	openlabs
physico-chimiques	physico-chimiques
pilotables	pilotables
psa	psa
simuler	simuler
solides	solides
variées	variées
105	105
1280	1280
254	254
280	280
38	38
525	525
900	900
accumulateurs	accumulateurs
alternant	alternant
atteinte	atteinte
autoroute	autoroute
ax	ax
batterie	batterie
c1280	c1280
conseillée	conseillée
disposait	disposait
dédiées	dédiées
effectué	effectué
energies	energies
fer	fer
fournis	fournis
h	h
ion	ion
kwh	kwh
liten	liten
lithium	lithium
maximale	maximale
packs	packs
passage	passage
pertes	pertes
précédemment	précédemment
rapides	rapides
record	record
relayés	relayés
standard	standard
volant	volant
véhicule	véhicule
véhicules	véhicules
équipent	équipent
établi	établi
évite	évite
attribué	attribué
bouyer	bouyer
chirurgie	chirurgie
cognet	cognet
cornée	cornée
cornées	cornées
différence	différence
druon	druon
démarches	démarches
fabry	fabry
femtosecondes	femtosecondes
fibre	fibre
françaisfrédéric	françaisfrédéric
frédéric	frédéric
fs	fs
fut	fut
graduate	graduate
greffe	greffe
jerphagnon	jerphagnon
laser16	laser16
lasik	lasik
longueur	longueur
malades	malades
micron	micron
nathalie	nathalie
orsay	orsay
photophysique	photophysique
picqué	picqué
pionniers	pionniers
précédents	précédents
repose	repose
réfractive	réfractive
school	school
voisine	voisine
afriqueera-min	afriqueera-min
approvisionnement	approvisionnement
assurer	assurer
bmbf	bmbf
cdti	cdti
cellule	cellule
consommateur	consommateur
coordination	coordination
coordonné	coordonné
cruciale	cruciale
dehors	dehors
développera	développera
era-min	era-min
era-net	era-net
etp-smr	etp-smr
fct	fct
finlande	finlande
formalisera	formalisera
fragmenté	fragmenté
gouvernements	gouvernements
hongrie	hongrie
instances	instances
intergouvernementales	intergouvernementales
jûlich	jûlich
m2i	m2i
mbfh	mbfh
minérales	minérales
monopolisés	monopolisés
ncbir	ncbir
noms	noms
pays-bas	pays-bas
photovoltaïque	photovoltaïque
primaires	primaires
programmation	programmation
publics-privés	publics-privés
rares	rares
recyclage	recyclage
représentativité	représentativité
référence	référence
secondaires	secondaires
sgu	sgu
stratégiques	stratégiques
structurer	structurer
structuré	structuré
substitution	substitution
suède	suède
sécurisation	sécurisation
sélénium	sélénium
tekes	tekes
titane	titane
traitant	traitant
transverses	transverses
vinnova	vinnova
vitales	vitales
échange	échange
éolien	éolien
établir	établir
accéder	accéder
agrène	agrène
alabouvette	alabouvette
alternatifs	alternatifs
alternatives	alternatives
amm	amm
amplifiant	amplifiant
appelions	appelions
arcanes	arcanes
arrivent	arrivent
attendre	attendre
attentil	attentil
autorisation	autorisation
bouche	bouche
christelle	christelle
cité	cité
commencent	commencent
commençons	commençons
comptabilité	comptabilité
concrétisent	concrétisent
confiants	confiants
confrontons	confrontons
consultants	consultants
contactée	contactée
cordier	cordier
correspondent	correspondent
devis	devis
disposez	disposez
diversifier	diversifier
dossier	dossier
déposer	déposer
emplois	emplois
euphorique	euphorique
exigeant	exigeant
faites	faites
fêté	fêté
germes	germes
guez	guez
génome	génome
généré	généré
gérante	gérante
gérer	gérer
habituées	habituées
homologation	homologation
importe	importe
interlocuteur	interlocuteur
intervenons	intervenons
intéressants	intéressants
lutte	lutte
manip	manip
marchéagrene	marchéagrene
microbiologique	microbiologique
microorganisme	microorganisme
microorganismes	microorganismes
modernes	modernes
niche	niche
noir	noir
née	née
ont-ils	ont-ils
oreilles	oreilles
panoplie	panoplie
pathogène	pathogène
pcr	pcr
phytosanitaire	phytosanitaire
pousse	pousse
quantitative	quantitative
quasiment	quasiment
rappelant	rappelant
reconnaître	reconnaître
rencontrent-elles	rencontrent-elles
retraité	retraité
réalisons	réalisons
récoltes	récoltes
réglementation	réglementation
salaires	salaires
satisfaite	satisfaite
scar	scar
scientifiquement	scientifiquement
screening	screening
solidement	solidement
sollicitée	sollicitée
souche	souche
souligne-t-ildès	souligne-t-ildès
suivre	suivre
systématique	systématique
séquence	séquence
séquences	séquences
trésorerie	trésorerie
uniques	uniques
venons	venons
3inp	3inp
410c	410c
aluminium	aluminium
appoint	appoint
auto-assemblent	auto-assemblent
billes	billes
brins	brins
chauffé	chauffé
coiffées	coiffées
collantes	collantes
collés	collés
combustion	combustion
compact	compact
composite	composite
conventionnel	conventionnel
corriger	corriger
cuivre	cuivre
enflamme	enflamme
grammes	grammes
greffer	greffer
hélice	hélice
initiation	initiation
interuniversitaire	interuniversitaire
kilos	kilos
marier	marier
microsystèmes	microsystèmes
microsystèmesmicrosystèmes	microsystèmesmicrosystèmes
nano-satellites	nano-satellites
nanoparticules	nanoparticules
nanoscopiques	nanoscopiques
nitroglycérine	nitroglycérine
originelle	originelle
oxyde	oxyde
peupler	peupler
poudre	poudre
produiraient	produiraient
propulsion	propulsion
recourir	recourir
semblable	semblable
suffisamment	suffisamment
séparément	séparément
toulousains	toulousains
toulousecnrs	toulousecnrs
trajectoire	trajectoire
transformant	transformant
abandonnées	abandonnées
allergiques	allergiques
allergisante	allergisante
allergologues	allergologues
allergènes	allergènes
allergénicité	allergénicité
ambroisie	ambroisie
ambrosia	ambrosia
armoise	armoise
artemisiifolia	artemisiifolia
atmosphériques	atmosphériques
atopic	atopic
atopica	atopica
biologistes	biologistes
changing	changing
climate	climate
climatologues	climatologues
cnrsceauvsq	cnrsceauvsq
cnrsupmcensecole	cnrsupmcensecole
communément	communément
conclusions	conclusions
conséquences	conséquences
dermatologues	dermatologues
dioxyde	dioxyde
diseases	diseases
evaluer	evaluer
grave	grave
immunologistes	immunologistes
ineris	ineris
interdisciplinaire	interdisciplinaire
invasive	invasive
land	land
liées	liées
modéliser	modéliser
occasionnant	occasionnant
occupera	occupera
ozone	ozone
point-clé	point-clé
pollens	pollens
prolifère	prolifère
propagation	propagation
proposera	proposera
préventives	préventives
quality	quality
rhône	rhône
rétrospective	rétrospective
serviront	serviront
soulignons	soulignons
tourismeevaluer	tourismeevaluer
usage	usage
use	use
vallée	vallée
évaluation	évaluation
03	03
8000	8000
affectant	affectant
ams	ams
annéel	annéel
anormaux	anormaux
atrophie	atrophie
atteignant	atteignant
biomarqueurs	biomarqueurs
cbd	cbd
corrélée	corrélée
cortico-nasale	cortico-nasale
dopamine	dopamine
dyskinésie	dyskinésie
dyskinésies	dyskinésies
déclarent	déclarent
dégénérescence	dégénérescence
essai	essai
eyebrain	eyebrain
financée	financée
fréquente	fréquente
idiopathique	idiopathique
induites	induites
levodopa	levodopa
modifie	modifie
multisystématisée	multisystématisée
médicaments	médicaments
neurodégénérative	neurodégénérative
neurologue	neurologue
occidentaux	occidentaux
oculaires	oculaires
paralysie	paralysie
parkinson	parkinson
parkinsoniens	parkinsoniens
patient	patient
physiopathologie	physiopathologie
précoce	précoce
préférentiellement	préférentiellement
prévalence	prévalence
psp	psp
ralentir	ralentir
rattaché	rattaché
saccades	saccades
souffrantes	souffrantes
supranucléaire	supranucléaire
syndromes	syndromes
tandis	tandis
tardives	tardives
tison	tison
tracker	tracker
traduisent	traduisent
traités	traités
transforme	transforme
étendant	étendant
1959	1959
2015	2015
31	31
ait	ait
allé	allé
analytical	analytical
apix	apix
approfondie	approfondie
arriver	arriver
aspect	aspect
atlantique	atlantique
berceau	berceau
bio	bio
braun	braun
bronchite	bronchite
bébé	bébé
california	california
californiens	californiens
caltech	caltech
cancer	cancer
chameau	chameau
champion	champion
cher	cher
chromatographie	chromatographie
classe	classe
classé	classé
concrétisée	concrétisée
conçue	conçue
créent	créent
devrait-on	devrait-on
dira	dira
dispenser	dispenser
distribué	distribué
donnée	donnée
déclarer	déclarer
electro	electro
emmener	emmener
empresse-t-il	empresse-t-il
entretien	entretien
evoquant	evoquant
fermes	fermes
feynman	feynman
fiction	fiction
franco-américaine	franco-américaine
fées	fées
félicite	félicite
gazeuse	gazeuse
haleine	haleine
i-phone	i-phone
incluent	incluent
infirmière	infirmière
intention	intention
investisseurs	investisseurs
jean-lou	jean-lou
kavli	kavli
maintenance	maintenance
malier	malier
mechanical	mechanical
miniaturisée	miniaturisée
miniaturisés	miniaturisés
multiple	multiple
nano	nano
nanométriques	nanométriques
nanoscience	nanoscience
nanosciences	nanosciences
nanosystems	nanosystems
nanosystèmes	nanosystèmes
nanoélectronique	nanoélectronique
nems	nems
pasadena	pasadena
pasadéna	pasadéna
penchées	penchées
pluspremière	pluspremière
plutôt	plutôt
pointues	pointues
poumon	poumon
producteur	producteur
produites	produites
profitant	profitant
provenir	provenir
prévisible	prévisible
prêt	prêt
pétrochimie	pétrochimie
rare	rare
regard	regard
respectifs	respectifs
richard	richard
roukes	roukes
réalisations	réalisations
scolaire	scolaire
soutenus	soutenus
séjours	séjours
sûrement	sûrement
technolgy	technolgy
tousse	tousse
travaillé	travaillé
tuyau	tuyau
utilisables	utilisables
very-large-scale-integration	very-large-scale-integration
visées	visées
vlsi	vlsi
volumineux	volumineux
écran	écran
élevages	élevages
élève	élève
étoile	étoile
étonnant	étonnant
125	125
acceptable	acceptable
additifs	additifs
adéquate	adéquate
ajustements	ajustements
aliment	aliment
aliss	aliss
arrière	arrière
atelier	atelier
aînée	aînée
bricas	bricas
celuii	celuii
co-produits	co-produits
conclut	conclut
confrontée	confrontée
conséquents	conséquents
contester	contester
continuité	continuité
contrainte	contrainte
culturellement	culturellement
dissociation	dissociation
dualine	dualine
décomposer	décomposer
dégager	dégager
déplacement	déplacement
déterminants	déterminants
empilement	empilement
entraîné	entraîné
esnouf	esnouf
essoufflement	essoufflement
explorées	explorées
fao	fao
formellement	formellement
formuler	formuler
fortement	fortement
fossile	fossile
fractionnement	fractionnement
gains	gains
homogénéisation	homogénéisation
humainespour	humainespour
identifie	identifie
instabilité	instabilité
interface	interface
interroge	interroge
leviers	leviers
logiques	logiques
lot	lot
louis-georges	louis-georges
loyale	loyale
matières	matières
minimal	minimal
mises	mises
nicolas	nicolas
notoriété	notoriété
nutritionnellement	nutritionnellement
optimise	optimise
organoleptique	organoleptique
points	points
poser	poser
processing	processing
productivité	productivité
quae	quae
reformuler	reformuler
retardée	retardée
robustesse	robustesse
russel	russel
réflexions	réflexions
soler	soler
sommes-nous	sommes-nous
sort	sort
standardisation	standardisation
substituts	substituts
supputons	supputons
sépare	sépare
technologues	technologues
thème	thème
touchant	touchant
tourne	tourne
va-t-il	va-t-il
voies	voies
émergent	émergent
émergé	émergé
365	365
567	567
98	98
actuellementvaimos	actuellementvaimos
affilée	affilée
bateau	bateau
battant	battant
breizh	breizh
brest	brest
consignes	consignes
continu	continu
couche	couche
devenu	devenu
douarnenez	douarnenez
décimètre	décimètre
dépourvu	dépourvu
détenu	détenu
eaux	eaux
envisagée	envisagée
finalité	finalité
instrumenté	instrumenté
longue	longue
lpo	lpo
marin	marin
marins	marins
mi-janvier	mi-janvier
milles	milles
ménage	ménage
navigation	navigation
occidentale	occidentale
océan	océan
océanographiques	océanographiques
océans	océans
oxygène	oxygène
printemps	printemps
programmées	programmées
précédent	précédent
réglage	réglage
résident	résident
salinité	salinité
satisfait	satisfait
sentir	sentir
sorties	sorties
spirit	spirit
stopper	stopper
suiveur	suiveur
superficielle	superficielle
surveiller	surveiller
trajet	trajet
turbidité	turbidité
tutelle	tutelle
utiles	utiles
vaimos	vaimos
vertical	vertical
voile	voile
voilier	voilier
vélique	vélique
échantillonnage	échantillonnage
éolienne	éolienne
établit	établit
700	700
affranchir	affranchir
autorisant	autorisant
capénergies	capénergies
collectivité	collectivité
configuration	configuration
corse	corse
décentralisée	décentralisée
déstabilisermyrte	déstabilisermyrte
electrique	electrique
envoyé	envoyé
gis	gis
hélion	hélion
injectée	injectée
installés	installés
intermittentes	intermittentes
intégrant	intégrant
massivement	massivement
myrte	myrte
panneaux	panneaux
peri	peri
pilotage	pilotage
pointes	pointes
renouvelable	renouvelable
renouvelables	renouvelables
solaires	solaires
soutenue	soutenue
stabilisation	stabilisation
stocker	stocker
stocké	stocké
supplément	supplément
séparer	séparer
territoriale	territoriale
électrolyseur	électrolyseur
administrée	administrée
affinage	affinage
afnor	afnor
ain	ain
allions	allions
alpes-de-haute-provence	alpes-de-haute-provence
analytique	analytique
analytiques	analytiques
anicap	anicap
anime	anime
appellations	appellations
aptitude	aptitude
ariatt	ariatt
artisanales	artisanales
artisanaux	artisanaux
bénéficient	bénéficient
cantal	cantal
caprine	caprine
caprins	caprins
carmejane	carmejane
cecalait	cecalait
charente-maritime	charente-maritime
cnaol	cnaol
cniel	cniel
cohérence	cohérence
colzauprot	colzauprot
comtois	comtois
connaissions	connaissions
consacrée	consacrée
couvre	couvre
ctfc	ctfc
documentationun	documentationun
dénomination	dénomination
enils	enils
fermiers	fermiers
fermières	fermières
finis	finis
francs-comtois	francs-comtois
fromsante	fromsante
haute-savoie	haute-savoie
histol	histol
ile-et-vilaine	ile-et-vilaine
implanté	implanté
initiales	initiales
interlaboratoires	interlaboratoires
interprofession	interprofession
interprofessionnel	interprofessionnel
interprofessionnelle	interprofessionnelle
iso	iso
itff	itff
itplc	itplc
jura	jura
laitier	laitier
laits	laits
laitère	laitère
larf	larf
marketing	marketing
microbiologie	microbiologie
normalisation	normalisation
personnalisée	personnalisée
pme-pmi	pme-pmi
prestation	prestation
privilégié	privilégié
professionnelles	professionnelles
r23ae	r23ae
réalisent	réalisent
sanitaire	sanitaire
sensorielle	sensorielle
traduire	traduire
trossat	trossat
étalonnage	étalonnage
academy	academy
acoustiques	acoustiques
apprécier	apprécier
atteindre	atteindre
cassent	cassent
cassé	cassé
cea-iramis	cea-iramis
cnrsecole	cnrsecole
dépend	dépend
effondrement	effondrement
empreintes	empreintes
engendrées	engendrées
finalement	finalement
fissure	fissure
fissures	fissures
fondaient	fondaient
fracture	fracture
fragiles	fragiles
indications	indications
indépendamment	indépendamment
isolées	isolées
joué	joué
laissées	laissées
ltds	ltds
lyonecole	lyonecole
microfissures	microfissures
montrent	montrent
ms	ms
multiples	multiples
méthodologie	méthodologie
plexiglas	plexiglas
pnas	pnas
proceedings	proceedings
propagnent	propagnent
prévoir	prévoir
rayleigh	rayleigh
remettent	remettent
rien	rien
rupturefissures	rupturefissures
saint-etienne	saint-etienne
svi	svi
théoriques	théoriques
tribologie	tribologie
unes	unes
uniquement	uniquement
united	united
appliquer	appliquer
articleune	articleune
caractérisé	caractérisé
dirigée	dirigée
dynamiquement	dynamiquement
endocrines	endocrines
endocrinien	endocrinien
endocriniens	endocriniens
entraînera	entraînera
gastro-intestinal	gastro-intestinal
habituellement	habituellement
hypophysaires	hypophysaires
indiquait	indiquait
intense	intense
lactation	lactation
mollard	mollard
mémorisé	mémorisé
patrice	patrice
pensons	pensons
portées	portées
pouvaient	pouvaient
prolactine	prolactine
provoquera	provoquera
réduite	réduite
réside	réside
sécrétera	sécrétera
tissulaire	tissulaire
tractus	tractus
tétée	tétée
2005	2005
75	75
accueillant	accueillant
astronautique	astronautique
baccalauréat	baccalauréat
beihang	beihang
bru	bru
centrales	centrales
centralien	centralien
chinoises	chinoises
classes	classes
csc	csc
cérémonie	cérémonie
diplômes	diplômes
doctoral	doctoral
education	education
effectuent	effectuent
francophones	francophones
gouvernement	gouvernement
inspiré	inspiré
ministres	ministres
nicole	nicole
officialiser	officialiser
officielle	officielle
palais	palais
peuple	peuple
polyvalents	polyvalents
préparatoires	préparatoires
pékin	pékin
pékin-beihang	pékin-beihang
pékn	pékn
recherchel	recherchel
reconnaissance	reconnaissance
recrutés	recrutés
remet	remet
renforcement	renforcement
scholarship	scholarship
transports	transports
trilingues	trilingues
étroit	étroit
allocution	allocution
annuel	annuel
ateliersdébats	ateliersdébats
concerne	concerne
dominique	dominique
ensg	ensg
grand-témoin	grand-témoin
géographiques	géographiques
géomatique	géomatique
implantation	implantation
lettre	lettre
magasin	magasin
marne-la-vallée	marne-la-vallée
master-class	master-class
mensuel	mensuel
organisée	organisée
pénètre	pénètre
schéma	schéma
sig	sig
tables-rondes	tables-rondes
trame	trame
woltonrencontres	woltonrencontres
1a	1a
2-1a	2-1a
2-1b	2-1b
46	46
absolus	absolus
accostage	accostage
acharné	acharné
altika	altika
altimétrie	altimétrie
argos	argos
ariane	ariane
article	article
attache	attache
attend	attend
atterrissage	atterrissage
atv	atv
atv2	atv2
atv3	atv3
automatique	automatique
avancer	avancer
barter	barter
bureau	bureau
chemcam	chemcam
cherchons	cherchons
cinquantenaire	cinquantenaire
cnescnes	cnescnes
comporte	comporte
concurrent	concurrent
couronne	couronne
cubesat	cubesat
dessous	dessous
doris	doris
débit	débit
débris	débris
décider	décider
déroulement	déroulement
dérouler	dérouler
désorbitation	désorbitation
element	element
elementest	elementest
elisa	elisa
embarque	embarque
emporter	emporter
entraînent	entraînent
esa	esa
escatha	escatha
est-l	est-l
exceptionnels	exceptionnels
exomars	exomars
exploitation	exploitation
fiers	fiers
fonctionné	fonctionné
forts	forts
félicité	félicité
galileo	galileo
habituelle	habituelle
hélios	hélios
iasi	iasi
iasi-ng	iasi-ng
indiqué	indiqué
initiale	initiale
iss	iss
lancements	lancements
lanceurs	lanceurs
livré	livré
lourd	lourd
magnétomètres	magnétomètres
mardi	mardi
matin	matin
metop	metop
micro-satellites	micro-satellites
ministériel	ministériel
moments	moments
msl	msl
myriade	myriade
nanosatellite	nanosatellite
océanographique	océanographique
p80	p80
parfait	parfait
parfaits	parfaits
phases	phases
pire	pire
pléïades	pléïades
presse	presse
prises	prises
précisant	précisant
pures	pures
qualification	qualification
qualifier	qualifier
ramener	ramener
ravitaillement	ravitaillement
renseignement	renseignement
rentrée	rentrée
reporter	reporter
revenu	revenu
ride	ride
robusta	robusta
rover	rover
récupérer	récupérer
résumé	résumé
samedi	samedi
saral	saral
satellites	satellites
soyouz	soyouz
spatiaux	spatiaux
station	station
structurantes	structurantes
swarm	swarm
tonne	tonne
totalise	totalise
vaisseau	vaisseau
vega	vega
verra	verra
vols	vols
yannick	yannick
électromagnétique	électromagnétique
énormément	énormément
étage	étage
évoqués	évoqués
1950	1950
1991	1991
1laboratoires	1laboratoires
2011-2015	2011-2015
2023	2023
6ème	6ème
accelerator	accelerator
accrue	accrue
ads	ads
atteler	atteler
auto-entretenue	auto-entretenue
bataille	bataille
belge	belge
calcul	calcul
casser	casser
cnrsensicaen	cnrsensicaen
codes	codes
composent	composent
concepteurs	concepteurs
configurations	configurations
corpusculaire	corpusculaire
cosmologie	cosmologie
couplés	couplés
crucial	crucial
curien	curien
driven	driven
envisageable	envisageable
envisagées	envisagées
euratom	euratom
eurotrans	eurotrans
externe	externe
facilité	facilité
fission	fission
fourni	fourni
fournie	fournie
freya	freya
genepi-3c	genepi-3c
genérateur	genérateur
grenobleinppremière	grenobleinppremière
guinevere	guinevere
géologique	géologique
hubert	hubert
intense-3	intense-3
invite	invite
iphc	iphc
ipno	ipno
lpcc	lpcc
lpsc	lpsc
maquette	maquette
mol	mol
moyen-long	moyen-long
myrrha	myrrha
neutroniques	neutroniques
nécessitent-ils	nécessitent-ils
pc	pc
plomb	plomb
procédures	procédures
profond	profond
prolongée	prolongée
pulsé	pulsé
radioactifs	radioactifs
radiotoxicité	radiotoxicité
radiotoxiques	radiotoxiques
reproduit	reproduit
réacteur	réacteur
réacteurs	réacteurs
réaction	réaction
réguler	réguler
rénovée	rénovée
réussissant	réussissant
sck-cen	sck-cen
sous-critique	sous-critique
sous-critiques	sous-critiques
subatomique	subatomique
system	system
sûreté	sûreté
tolérant	tolérant
transmutation	transmutation
transmuter	transmuter
ébauche	ébauche
1367	1367
1500	1500
301	301
61	61
aboutissement	aboutissement
almasat-1	almasat-1
ariane-5	ariane-5
arianespace	arianespace
asi	asi
assurent	assurent
avum	avum
ballons	ballons
bipolaires	bipolaires
bipolar	bipolar
bobiné	bobiné
bologne	bologne
chargée	chargée
cm	cm
coiffe	coiffe
consommant	consommant
contribué	contribué
coopérants	coopérants
cube	cube
dimensionné	dimensionné
emportait	emportait
etudiants	etudiants
expresso	expresso
filament	filament
generation	generation
injection	injection
italie	italie
italienne	italienne
kourou	kourou
lares	lares
largué	largué
launchers	launchers
marque	marque
maximal	maximal
mesurant	mesurant
microsatellite	microsatellite
monocorps	monocorps
monolithique	monolithique
montpellier-2	montpellier-2
new	new
ngl	ngl
nominal	nominal
orbitaux	orbitaux
orbites	orbites
p80fw	p80fw
pesant	pesant
picosatellite	picosatellite
picosatellites	picosatellites
polaires	polaires
polyvalence	polyvalence
poussée	poussée
propergol	propergol
propulsant	propulsant
propulseur	propulseur
propulsive	propulsive
propulsé	propulsé
qualifiées	qualifiées
radiationsvol	radiationsvol
relativité	relativité
secondes	secondes
sept	sept
systèmess	systèmess
sélectionné	sélectionné
séparation	séparation
voyage	voyage
vérins	vérins
watt	watt
zefiro-z23	zefiro-z23
zefiro-z9a	zefiro-z9a
électromécaniques	électromécaniques
époxyde	époxyde
étages	étages
applied	applied
bangalore	bangalore
bombay	bombay
dehli	dehli
dynamiques	dynamiques
dérivées	dérivées
fundamental	fundamental
ifcam	ifcam
iii-paul	iii-paul
indo-french	indo-french
kanpurmathématiques	kanpurmathématiques
mathematics	mathematics
mathématiciens	mathématiciens
mathématique	mathématique
normale	normale
partielles	partielles
relevant	relevant
sabatier	sabatier
signée	signée
sophia-antipolis	sophia-antipolis
tata	tata
équations	équations
2020	2020
750	750
accéléromètres	accéléromètres
cibles	cibles
consortium	consortium
densification	densification
equipement	equipement
gravimètres	gravimètres
géodésique	géodésique
géophysique	géophysique
géophysiques	géophysiques
immédiate	immédiate
infrastructure	infrastructure
interopérabilité	interopérabilité
intègre	intègre
investissements	investissements
métropolitaine	métropolitaine
observing	observing
permanents	permanents
plate	plate
ponctuelle	ponctuelle
pressenti	pressenti
profonde	profonde
resif	resif
répartis	répartis
sismicité	sismicité
sismologique	sismologique
sismomètres	sismomètres
sous-sol	sous-sol
souventresif	souventresif
telluriques	telluriques
tropical	tropical
tutelles	tutelles
typique	typique
urbanisé	urbanisé
wwwepos-euorg	wwwepos-euorg
650	650
allèles	allèles
analysées	analysées
arrosage	arrosage
automatiquement	automatiquement
biomasse	biomasse
calculer	calculer
caractères	caractères
convoyeurs	convoyeurs
couplée	couplée
déplacent	déplacent
efficience	efficience
estimée	estimée
foliaire	foliaire
futurstolérance	futurstolérance
génotypes	génotypes
génétiquement	génétiquement
gérés	gérés
intervalles	intervalles
mesurés	mesurés
minute	minute
modalités	modalités
pesée	pesée
pesées	pesées
phénoarch	phénoarch
placées	placées
pot	pot
pots	pots
réguliers	réguliers
simultanément	simultanément
supagro	supagro
tolérance	tolérance
tolérer	tolérer
transpiration	transpiration
élevées	élevées
étudiée	étudiée
appartiennent	appartiennent
artificiel	artificiel
assimilé	assimilé
azoture	azoture
bactérie	bactérie
bactérienne	bactérienne
cnrsaix-marseille	cnrsaix-marseille
coli	coli
constituée	constituée
demander	demander
devait	devait
dénombrement	dénombrement
dénombrer	dénombrer
escherichia	escherichia
faux	faux
fiable	fiable
fluorescente	fluorescente
gam	gam
glycochimie	glycochimie
gram	gram
hélas	hélas
intègrent	intègrent
kdo	kdo
legionella	legionella
lentes	lentes
leurrées	leurrées
macromoléculaire	macromoléculaire
modifié	modifié
négatifs	négatifs
pneumophila	pneumophila
polysaccharide	polysaccharide
préalablement	préalablement
salmonella	salmonella
servent	servent
seules	seules
typhimurium	typhimurium
vivantes	vivantes
vivantesdétecter	vivantesdétecter
éventail	éventail
606	606
antidépresseurs	antidépresseurs
antimigraineux	antimigraineux
articulation	articulation
christine	christine
circulante	circulante
circule	circule
contribue	contribue
cytokines	cytokines
descartes	descartes
diderot	diderot
drogues	drogues
décidément	décidément
dégradation	dégradation
expliquerait	expliquerait
expriment	expriment
femme	femme
gastro-intestinale	gastro-intestinale
humeur	humeur
hématopoïèse	hématopoïèse
immune	immune
insermparis	insermparis
lariboisière	lariboisière
majoritairement	majoritairement
ménopausée	ménopausée
necker	necker
neurotransmetteur	neurotransmetteur
négative	négative
os	os
osseuse	osseuse
osseuses	osseuses
osseux	osseux
ostéoclastes	ostéoclastes
ostéoporose	ostéoporose
perspectivesl	perspectivesl
plaquettes	plaquettes
pourrait-elle	pourrait-elle
précieux	précieux
relarguée	relarguée
retrouvant	retrouvant
régule	régule
résorber	résorber
stockée	stockée
sérotonine	sérotonine
tension	tension
thermorégulation	thermorégulation
tissu	tissu
transporteur	transporteur
vasculaires	vasculaires
vaste	vaste
vernejoul	vernejoul
1ère	1ère
australie	australie
bureaux	bureaux
cabinets	cabinets
consultant	consultant
durable1ère	durable1ère
ensaplv	ensaplv
enseignements	enseignements
estp	estp
exigeante	exigeante
expatrié	expatrié
impossibilité	impossibilité
ingénieurs-architectes	ingénieurs-architectes
redoubler	redoubler
spécialité	spécialité
suivent	suivent
séjour	séjour
villette	villette
bibliographie	bibliographie
clôturera	clôturera
comprend	comprend
conductivité	conductivité
exploiter	exploiter
explose	explose
isolant	isolant
isolants	isolants
lamour	lamour
lpem	lpem
magnétiques	magnétiques
nancy	nancy
néel	néel
observatoire	observatoire
omnt	omnt
possédant	possédant
présenter	présenter
remarquables	remarquables
ronde	ronde
spin	spin
spin-orbite	spin-orbite
spintronique	spintronique
table	table
thermomagnétiquesisolants	thermomagnétiquesisolants
thermoélectricité	thermoélectricité
thermoélectriques	thermoélectriques
topologiques	topologiques
1995	1995
2001	2001
2010-2035	2010-2035
2040	2040
2060	2060
2100	2100
5ème	5ème
apportées	apportées
arctique	arctique
banquise	banquise
cinquante	cinquante
cmip-5	cmip-5
combiné	combiné
confirmation	confirmation
couplant	couplant
disparaît	disparaît
démographiques	démographiques
envisagé	envisagé
exercice	exercice
exercices	exercices
explorent	explorent
explorée	explorée
fonte	fonte
future	future
giec	giec
hypothèse	hypothèse
hypothèses	hypothèses
intensification	intensification
intergouvernemental	intergouvernemental
inventaires	inventaires
jouzel	jouzel
lien	lien
marquée	marquée
modélisateurs	modélisateurs
météo-fance	météo-fance
noter	noter
notons	notons
négatives	négatives
pathways	pathways
planétaire	planétaire
pmrc	pmrc
prennent	prennent
projections	projections
proviennent	proviennent
publiera	publiera
rcp	rcp
representative	representative
retenu	retenu
saint-quentin-en-yvelines	saint-quentin-en-yvelines
seconds	seconds
simulations	simulations
socio-économiques	socio-économiques
sous-tendent	sous-tendent
spéciale	spéciale
traite	traite
trajectoires	trajectoires
uvsq	uvsq
venirclimat	venirclimat
versailles	versailles
vulnérabilité	vulnérabilité
économistes	économistes
élaborer	élaborer
établissaient	établissaient
étaient-elles	étaient-elles
évaporation	évaporation
1466	1466
acquises	acquises
actia	actia
adria	adria
as	as
brasserie	brasserie
bvterifiq	bvterifiq
centiv	centiv
charcuterie	charcuterie
chazal	chazal
chemosens	chemosens
christian	christian
co-dirige	co-dirige
co-responsable	co-responsable
destructuration	destructuration
dodaro	dodaro
débuteront	débuteront
emballés	emballés
excessive	excessive
federalimentare	federalimentare
flaveur	flaveur
fléau	fléau
formulations	formulations
gmbh	gmbh
grande-bretagne	grande-bretagne
grasses	grasses
gâteaux	gâteaux
heritage	heritage
hésitent	hésitent
in-vivo	in-vivo
indiquées	indiquées
indispensables	indispensables
leiv	leiv
masticateur	masticateur
mat	mat
millba	millba
nizo	nizo
nofima	nofima
nutritionnel	nutritionnel
orval	orval
perception	perception
procéderont	procéderont
préservant	préservant
préservées	préservées
reformulés	reformulés
renfermant	renfermant
riment	riment
résultant	résultant
saine	saine
salles	salles
sauces	sauces
sensoriel	sensoriel
servizi	servizi
sophistiqués	sophistiqués
spa	spa
stimuli	stimuli
sucres	sucres
terifiq	terifiq
testés	testés
transposable	transposable
universiteit	universiteit
utilisera	utilisera
vidar	vidar
wageningen	wageningen
équilibrés	équilibrés
ajoutée	ajoutée
alterindustrialisation	alterindustrialisation
appellation	appellation
aspirations	aspirations
attirer	attirer
attractivité	attractivité
avenirs	avenirs
biens	biens
cartes	cartes
citadelles	citadelles
compétitives	compétitives
concentrent	concentrent
concurrentes	concurrentes
consommations	consommations
construite	construite
consulter	consulter
correspondant	correspondant
datar	datar
dessinent	dessinent
délégation	délégation
dématérialisation	dématérialisation
démographie	démographie
déséquilibres	déséquilibres
effervescence	effervescence
encouragent	encouragent
entrées	entrées
environnemental	environnemental
espaces	espaces
flexisécurité	flexisécurité
hypostyle	hypostyle
imposer	imposer
informationnel	informationnel
interministérielle	interministérielle
internetla	internetla
inédites	inédites
iéna	iéna
localement	localement
locaux	locaux
magazine	magazine
magistrales	magistrales
majeurs	majeurs
mondialisation	mondialisation
métropolisé	métropolisé
métropolitains	métropolitains
portes	portes
privilégiée	privilégiée
protectionnisme	protectionnisme
proximité	proximité
relocalisées	relocalisées
renouvellement	renouvellement
réduits	réduits
résidentiel	résidentiel
salarié	salarié
seins	seins
similarités	similarités
situations	situations
sociale	sociale
sociétales	sociétales
spécialisées	spécialisées
territoriaux	territoriaux
touristique	touristique
urbain	urbain
urbanisation	urbanisation
valeur	valeur
variété	variété
vertes	vertes
accueil	accueil
accueillis	accueillis
ancienne	ancienne
appliqué	appliqué
châtenay-malabry	châtenay-malabry
communes	communes
concernée	concernée
concernées	concernées
concourant	concourant
doctorants	doctorants
dopage	dopage
dopagelutte	dopagelutte
dépistage	dépistage
engage	engage
fondamental	fondamental
officialisant	officialisant
pharmacie	pharmacie
reconnues	reconnues
relatives	relatives
soutenues	soutenues
sport	sport
sportifs	sportifs
sportives	sportives
staps	staps
thèses	thèses
thérapeutique	thérapeutique
ufr1	ufr1
125000	125000
affluent	affluent
aster	aster
cartogaphier	cartogaphier
complexité	complexité
converties	converties
couverts	couverts
covariances	covariances
deficit	deficit
directes	directes
douze	douze
estivale	estivale
hydrodynamiques	hydrodynamiques
hérault	hérault
index	index
indices	indices
indiquée	indiquée
irrigation	irrigation
journalière	journalière
journalières	journalières
juillet	juillet
monoculture	monoculture
nappes	nappes
parcelles	parcelles
peyne	peyne
piézométriques	piézométriques
probante	probante
pédo-paysagère	pédo-paysagère
représentatives	représentatives
régulier	régulier
s-seb	s-seb
saison	saison
simplified	simplified
solscartographier	solscartographier
spatialisée	spatialisée
sèche	sèche
turbulentes	turbulentes
vignes	vignes
viticole	viticole
viticoles	viticoles
water	water
wdi	wdi
évapotranspiration	évapotranspiration
41	41
7ème	7ème
actualités	actualités
animals	animals
appuie	appuie
associent	associent
cantogether	cantogether
cessent	cessent
climats	climats
commune	commune
conclusion	conclusion
crops	crops
diversité	diversité
effluents	effluents
européensvers	européensvers
exploitations	exploitations
expérimentales	expérimentales
instauration	instauration
local	local
légumineuses	légumineuses
pcrd	pcrd
peut-elle	peut-elle
progresser	progresser
promouvant	promouvant
quelles	quelles
spécialisation	spécialisation
susceptible	susceptible
together	together
vertueux	vertueux
élevage	élevage
amsterdam	amsterdam
améliorées	améliorées
améliorés	améliorés
antoine	antoine
applicationsilluminer	applicationsilluminer
attachées	attachées
bleue	bleue
cancéreuses	cancéreuses
cartographient	cartographient
cfp	cfp
chromophore	chromophore
cnrsceauniversité	cnrsceauniversité
conformation	conformation
convertissant	convertissant
couleur	couleur
couleurs	couleurs
cyan	cyan
décelé	décelé
détails	détails
espèrent	espèrent
fluorescence	fluorescence
fluorescentes	fluorescentes
gadella	gadella
illuminer	illuminer
illuminée	illuminée
incidente	incidente
individuels	individuels
infimes	infimes
innovante	innovante
inspecter	inspecter
microscope	microscope
modifiées	modifiées
mturquoise2	mturquoise2
oxford	oxford
pallier	pallier
rendu	rendu
royant	royant
réagit	réagit
résultat	résultat
souffert	souffert
stockent	stockent
structurale	structurale
theodorus	theodorus
vivante	vivante
égalés	égalés
émettant	émettant
1000	1000
1961	1961
augsburg	augsburg
bille	bille
binaire	binaire
bit	bit
caméra	caméra
connaissant	connaissant
connue	connue
correspondait	correspondait
court-moyen	court-moyen
couse	couse
droite	droite
dépenser	dépenser
désordre	désordre
effacement	effacement
eux-mêmes	eux-mêmes
expérimentalement	expérimentalement
faite	faite
filmé	filmé
finir	finir
fluide	fluide
focalisé	focalisé
gauche	gauche
immobilisée	immobilisée
indifféremment	indifféremment
inscrire	inscrire
insensible	insensible
landauer	landauer
mesurée	mesurée
milliard	milliard
minimale	minimale
obliger	obliger
occuper	occuper
ordinateur	ordinateur
particule	particule
pince	pince
piège	piège
plongée	plongée
position	position
positions	positions
principe	principe
remarqué	remarqué
réchauffer	réchauffer
répété	répété
termeinscrire	termeinscrire
utilisent	utilisent
viscosité	viscosité
vitesses	vitesses
voit	voit
vérifiée	vérifiée
écoulement	écoulement
écriture	écriture
00	00
20000	20000
adhésif	adhésif
allier	allier
automatisé	automatisé
cbs	cbs
complet	complet
dior	dior
diversifiés	diversifiés
dynamisme	dynamisme
euralis	euralis
exoès	exoès
film	film
flexible	flexible
i-comète	i-comète
inscrites	inscrites
juniors	juniors
manifestations	manifestations
outdoor	outdoor
participantes	participantes
performance	performance
pièces	pièces
plancher	plancher
problématiques	problématiques
professionnalisme	professionnalisme
project	project
promotions	promotions
proposées	proposées
rack	rack
relève	relève
saluer	saluer
speed	speed
supméca	supméca
tailles	tailles
tri	tri
unrpa10	unrpa10
14ème	14ème
1940	1940
200m2	200m2
25000	25000
631	631
65ème	65ème
admirer	admirer
aerocampus	aerocampus
afpa	afpa
anniversaire	anniversaire
antilles	antilles
assurait	assurait
aviation	aviation
beaver	beaver
biennal	biennal
biscarossaises	biscarossaises
biscarosse	biscarosse
biscarosse-fort-de-france	biscarosse-fort-de-france
biscarosse14ème	biscarosse14ème
brousse	brousse
canada	canada
canadienne	canadienne
catalinas	catalinas
centenaire	centenaire
coque	coque
célébrer	célébrer
denhaut	denhaut
dense	dense
dhc	dhc
donnet-lévêque	donnet-lévêque
emblématique	emblématique
enac	enac
exposants	exposants
fêter	fêter
hommage	hommage
hydraviation	hydraviation
hydravion	hydravion
hydravions	hydravions
hydro-hélicoptères	hydro-hélicoptères
hydro-ulm	hydro-ulm
hydrodynamique	hydrodynamique
inventé	inventé
mythique	mythique
patrie	patrie
pavillon	pavillon
provenance	provenance
précédente	précédente
rassemblement	rassemblement
rendra	rendra
représentant	représentant
rihb	rihb
royaume	royaume
traduira	traduira
ulm	ulm
village	village
visiteurs	visiteurs
voler	voler
challenges	challenges
déroule	déroule
expertes	expertes
francophone	francophone
medtec	medtec
médicalemedtec	médicalemedtec
rhône-alpes	rhône-alpes
sociétés	sociétés
soulignons-le	soulignons-le
sous-traitance	sous-traitance
2002	2002
225	225
50000	50000
antarctique	antarctique
attendant	attendant
australe	australe
autriche	autriche
baltique	baltique
bouclé	bouclé
calottes	calottes
confirmant	confirmant
couvert	couvert
cruciales	cruciales
déclenché	déclenché
earth	earth
entamé	entamé
environment	environment
envisat	envisat
furent	furent
geoss	geoss
gigaoctets	gigaoctets
glaces	glaces
glaciaires	glaciaires
gmes	gmes
géant	géant
huit	huit
icebergs	icebergs
illégales	illégales
kilomètres	kilomètres
loyaux	loyaux
légine	légine
marées	marées
modifications	modifications
monitoring	monitoring
méthane	méthane
noires	noires
onzième	onzième
optiques	optiques
opérationnelledéjà	opérationnelledéjà
prestige	prestige
prochaine	prochaine
propagé	propagé
présentée	présentée
pêches	pêches
radar	radar
radars	radars
recueillir	recueillir
saisonnières	saisonnières
salzbourg	salzbourg
security	security
sentinel	sentinel
sentinel1	sentinel1
symposium	symposium
trou	trou
tsunami	tsunami
téraoctets	téraoctets
vendée	vendée
volcans	volcans
zone	zone
émergées	émergées
alain	alain
appliquions	appliquions
aquifères	aquifères
banal	banal
bouteille	bouteille
carrés	carrés
conservatoire	conservatoire
gagner	gagner
genosol	genosol
infrastructures	infrastructures
initie	initie
intéressant	intéressant
lionel	lionel
logistiques	logistiques
maron	maron
mes	mes
mondiall	mondiall
monte	monte
pactole	pactole
perçoit	perçoit
poche	poche
post-doctorales	post-doctorales
privilégiant	privilégiant
propres	propres
ranjard	ranjard
restructurée	restructurée
référentiel	référentiel
sérieux	sérieux
tgu	tgu
tôt	tôt
220	220
adaptés	adaptés
aedes	aedes
aegypti	aegypti
aires	aires
campagnes	campagnes
cartographies	cartographies
charmeil	charmeil
comte	comte
conceptuelle	conceptuelle
dengue	dengue
environnement-climat-santé	environnement-climat-santé
estimant	estimant
fasse	fasse
favorisent	favorisent
fièvre	fièvre
fièvres	fièvres
hémorragiques	hémorragiques
infectées	infectées
lafaye	lafaye
larvaires	larvaires
moustique	moustique
moustiques	moustiques
multidisciplinaire	multidisciplinaire
muriel	muriel
neuville	neuville
oublier	oublier
paludisme	paludisme
pasteur	pasteur
piqué	piqué
prend	prend
presse-bouton	presse-bouton
rift	rift
sanofi	sanofi
santélutte	santélutte
située	située
sophistiqué	sophistiqué
subissent	subissent
sénégal	sénégal
transmis	transmis
télé-épidémiologie	télé-épidémiologie
ultime	ultime
usine	usine
vacccin	vacccin
vaccin	vaccin
vaccination	vaccination
vecteurs	vecteurs
virus	virus
vivent	vivent
échelles	échelles
élargie	élargie
épisodes	épisodes
allemands	allemands
blanches	blanches
bénéficiera	bénéficiera
carbure	carbure
carnot	carnot
carnot-fraunhofer	carnot-fraunhofer
cemes-cnrs	cemes-cnrs
conventionnels	conventionnels
convertir	convertir
devices	devices
electron	electron
erlangen	erlangen
erlangen-nuremberg	erlangen-nuremberg
essence	essence
fraunhofer	fraunhofer
front-end	front-end
gallium	gallium
gaps	gaps
homologues	homologues
hybrides	hybrides
iisb	iisb
inter	inter
laas	laas
leb	leb
mobisic	mobisic
moteurs	moteurs
motorisations	motorisations
nitrure	nitrure
picf	picf
reposant	reposant
semi-conducteurs	semi-conducteurs
superficie	superficie
surmonter	surmonter
toulousewisea	toulousewisea
voitures	voitures
wisea	wisea
épitaxie	épitaxie
alcoolique	alcoolique
ambitionne	ambitionne
annoncer	annoncer
apparition	apparition
brevetés	brevetés
chroniques	chroniques
complètement	complètement
diagnostiquée	diagnostiquée
diversités	diversités
dusko	dusko
ehrlich	ehrlich
enterome	enterome
finalisation	finalisation
flore	flore
graves	graves
inflammatoires	inflammatoires
intestin	intestin
intestinal	intestinal
intestinale	intestinale
intestinales	intestinales
jouy-en-josas	jouy-en-josas
levée	levée
lunbeckfond	lunbeckfond
metahit	metahit
mici5	mici5
microbiote	microbiote
métagénomique	métagénomique
natixis	natixis
opportunité	opportunité
partners	partners
percées	percées
prouvé	prouvé
seventure	seventure
shna	shna
stratification	stratification
stéato-hépatite	stéato-hépatite
ventures	ventures
wwwmetahiteu	wwwmetahiteu
anticiper	anticiper
atténuant	atténuant
chêne	chêne
compromis	compromis
dominantes	dominantes
dryade	dryade
dépens	dépens
dépit	dépit
eauquel	eauquel
ecology	ecology
essences	essences
extrêmes	extrêmes
hêtre	hêtre
incertain	incertain
incertitudes	incertitudes
letters	letters
montrant	montrant
mortalité	mortalité
ouest	ouest
ouvrent	ouvrent
pin	pin
préparent	préparent
prévoient	prévoient
prévues	prévues
purement	purement
qdiv	qdiv
renforçant	renforçant
répétition	répétition
résilience	résilience
résistantes	résistantes
scénarii	scénarii
sessile	sessile
souligner	souligner
sud-ouest	sud-ouest
sylvestre	sylvestre
sylviculture	sylviculture
sécheresses	sécheresses
tempéré	tempéré
teneurs	teneurs
visent	visent
économe	économe
abstress	abstress
appels	appels
arimnet	arimnet
christophe	christophe
contrôlées	contrôlées
domaineune	domaineune
effectuerons	effectuerons
envergure	envergure
eppn	eppn
fédère	fédère
geapsi	geapsi
lancés	lancés
millier	millier
network	network
phenome	phenome
phenotyping	phenotyping
phénotypage	phénotypage
plant	plant
pphd	pphd
racinaire	racinaire
rhizotrons	rhizotrons
réaliserons	réaliserons
serres	serres
vague	vague
écophysiologiste	écophysiologiste
13ème	13ème
2020micro-geo	2020micro-geo
chaleursonde	chaleursonde
chaude	chaude
chauffage	chauffage
ciat	ciat
grenelle	grenelle
géothermale	géothermale
géothermie	géothermie
individuel	individuel
micro-geo	micro-geo
pompe	pompe
rafraîchissement	rafraîchissement
recours	recours
rhônes-alpes	rhônes-alpes
réglementations	réglementations
tenerrdis	tenerrdis
ttc	ttc
usages	usages
visé	visé
american	american
astrophysique	astrophysique
calcium	calcium
carbonates	carbonates
ceramic	ceramic
chauffées	chauffées
cnrsinstitut	cnrsinstitut
différentsvisualiser	différentsvisualiser
egyptiens	egyptiens
fondu	fondu
gourmands	gourmands
grains	grains
granulaires	granulaires
grenoble-université	grenoble-université
id15a	id15a
inférieures	inférieures
intimes	intimes
menant	menant
mélange	mélange
mélanges	mélanges
ombre	ombre
opèrent	opèrent
parietal	parietal
planétologie	planétologie
ponctuée	ponctuée
poudres	poudres
réactifs	réactifs
sable	sable
society	society
sodium	sodium
tomographie	tomographie
verres	verres
vitres	vitres
algérie	algérie
amortisseur	amortisseur
animées	animées
arcachon	arcachon
bloquant	bloquant
cachan	cachan
chocs	chocs
conférenciers	conférenciers
congrès	congrès
dommages	dommages
dynacomp	dynacomp
expérimentalesdynacomp	expérimentalesdynacomp
interviendra	interviendra
journées	journées
limitation	limitation
maroc	maroc
performants	performants
permettront-elles	permettront-elles
plénières	plénières
réuniront	réuniront
thématique	thématique
tunisie	tunisie
vibration	vibration
vibrations	vibrations
vibratoire	vibratoire
vérifications	vérifications
affirme	affirme
africains	africains
aient	aient
arrivée	arrivée
aval	aval
bas	bas
bene	bene
bouscule	bouscule
brillants	brillants
cd-rom	cd-rom
colossal	colossal
créative	créative
créativité	créativité
détiennent	détiennent
eurocentriste	eurocentriste
fortiori	fortiori
hauts	hauts
humbles	humbles
internethistoire	internethistoire
lecteurs	lecteurs
monumentale	monumentale
nota	nota
paysans	paysans
postface	postface
priori	priori
puissances	puissances
regarder	regarder
rené	rené
restée	restée
reçues	reçues
richesse	richesse
sahara	sahara
six	six
suis-je	suis-je
tourte	tourte
version	version
vécu	vécu
étrangères	étrangères
2014-2015	2014-2015
abstraites	abstraites
amenés	amenés
arrêtons	arrêtons
attachés	attachés
avez	avez
bts	bts
calibrés	calibrés
carraro	carraro
cdio	cdio
centrée	centrée
centrées	centrées
cesser	cesser
commandes	commandes
comptons	comptons
concurrence	concurrence
confrontées	confrontées
constructions	constructions
contenter	contenter
convaincu	convaincu
croyez-moi	croyez-moi
créativitéun	créativitéun
devons-nous	devons-nous
dirigeait	dirigeait
dirigiez	dirigiez
discussions	discussions
dut	dut
débuté	débuté
déshérence	déshérence
envahi	envahi
fassions	fassions
fondamentalement	fondamentalement
formateur	formateur
génie	génie
humble	humble
inquiètent	inquiètent
inscrite	inscrite
inspirer	inspirer
interroger	interroger
lycéens	lycéens
lycées	lycées
lègue	lègue
massachusetts	massachusetts
menons	menons
mit	mit
moi	moi
passés	passés
percevez-vous	percevez-vous
perpétuent	perpétuent
pouvait	pouvait
prestigieuses	prestigieuses
profit	profit
quelques-unes	quelques-unes
quoi	quoi
radical	radical
rassurant	rassurant
reconfigure	reconfigure
recrutement	recrutement
recruter	recruter
recrutons	recrutons
redonner	redonner
reformulant	reformulant
remonter	remonter
reste-t-il	reste-t-il
retentissants	retentissants
revendiquer	revendiquer
revisitions	revisitions
revisité	revisité
revoir	revoir
riche	riche
rude	rude
réels	réels
réfléchissons	réfléchissons
savent	savent
savoirs	savoirs
schémas	schémas
semble-t-il	semble-t-il
sentez-vous	sentez-vous
sortis	sortis
statut	statut
suivantes	suivantes
terminale	terminale
traditionnellement	traditionnellement
tué	tué
tête	tête
visions	visions
élément	élément
étrangère	étrangère
212	212
42	42
alerte	alerte
anticipation	anticipation
assuré	assuré
assurée	assurée
attentat	attentat
attentats	attentats
bus	bus
bâti	bâti
casque	casque
cea-dam	cea-dam
cea-list	cea-list
commandement	commandement
commandementgestion	commandementgestion
commis	commis
connectées	connectées
conteneur	conteneur
danger	danger
décideur	décideur
déplacements	déplacements
engagement	engagement
engagés	engagés
entrants	entrants
exceptionnelles	exceptionnelles
explosif	explosif
familiariser	familiariser
foules	foules
gendarmerie	gendarmerie
group	group
géo	géo
géo-localisés	géo-localisés
géoconcept	géoconcept
immersive	immersive
inconvénients	inconvénients
indique-t-on	indique-t-on
judiciaire	judiciaire
manuel	manuel
masa	masa
matérialiser	matérialiser
murs	murs
observation-main	observation-main
opérateur	opérateur
opération	opération
ordonnancement	ordonnancement
ordres	ordres
oriented	oriented
panache	panache
panaches	panaches
planifier	planifier
poste	poste
pouvoirs	pouvoirs
préfet	préfet
préparer	préparer
préparé	préparé
radiologiques	radiologiques
reliées	reliées
remontant	remontant
rennes	rennes
renseignement-sitac	renseignement-sitac
rues	rues
réalité	réalité
répondu	répondu
saisie	saisie
saisir	saisir
sapeurs	sapeurs
sapeurs-pompiers	sapeurs-pompiers
secours	secours
soa	soa
sortants	sortants
spatio-temporelle	spatio-temporelle
spectre	spectre
supplémentaire	supplémentaire
systematic	systematic
tableaux	tableaux
toucher	toucher
touchés	touchés
toxique	toxique
toxiques	toxiques
training	training
universel	universel
venaient	venaient
venait	venait
virtuelle	virtuelle
zonal	zonal
événementielle	événementielle
2018	2018
21ème	21ème
analysant	analysant
appleton	appleton
basse-résolution	basse-résolution
cnrsobservatoire	cnrsobservatoire
coordonnés	coordonnés
coronographes	coronographes
coronographiques	coronographiques
couplé	couplé
csa	csa
détecteurs	détecteurs
ecosse	ecosse
edimbourg	edimbourg
exploration	exploration
formées	formées
galaxies	galaxies
immédiat	immédiat
irfu	irfu
james	james
jet	jet
jwst	jwst
laboratory	laboratory
lactée	lactée
lesia	lesia
lointains	lointains
luminosité	luminosité
marle	marle
masques	masques
maître	maître
micromètres	micromètres
miri	miri
mirim	mirim
moyenexploration	moyenexploration
moyennant	moyennant
multi-spectral	multi-spectral
nôtre	nôtre
offrira	offrira
opto-mécanique	opto-mécanique
parties	parties
planétaires	planétaires
rutherford	rutherford
sous-ensemble	sous-ensemble
spectro-imageur	spectro-imageur
spectromètre	spectromètre
subir	subir
supplémentaires	supplémentaires
sévères	sévères
telescope	telescope
traquer	traquer
télescope	télescope
webb	webb
émise	émise
éteindre	éteindre
évoluant	évoluant
animera	animera
blue	blue
boulogne-sur-mer	boulogne-sur-mer
co-concepteur	co-concepteur
consultation	consultation
dialogue	dialogue
durables	durables
gouvernances	gouvernances
impliquer	impliquer
innovant	innovant
mobilisation	mobilisation
mutuel	mutuel
nausicaa	nausicaa
novateur	novateur
océanssea	océanssea
pourvoyeuse	pourvoyeuse
profitera	profitera
présentera	présentera
rassemblera	rassemblera
respect	respect
responsabiliser	responsabiliser
sain	sain
sea	sea
suivra	suivra
aircraft	aircraft
applique	applique
art	art
avalanche	avalanche
barrages	barrages
carrières	carrières
certifiés	certifiés
ciblés	ciblés
civil	civil
civils	civils
conçoit	conçoit
delta	delta
dgac	dgac
drone	drone
drones	drones
embarquent	embarquent
engin	engin
engins	engins
etcvol	etcvol
formés	formés
grenobloise	grenobloise
inaugural	inaugural
inspection	inspection
ouvrages	ouvrages
panne	panne
périodique	périodique
remontées	remontées
respectent	respectent
scrupuleusement	scrupuleusement
stations	stations
stricte	stricte
topographiques	topographiques
touristiques	touristiques
tâches	tâches
uas	uas
unmanned	unmanned
volants	volants
étroite	étroite
adhérent	adhérent
adhérente	adhérente
agréable	agréable
alerté	alerté
arômes	arômes
assimilation	assimilation
avoue	avoue
bâtit	bâtit
capsules	capsules
chef	chef
collaborateur	collaborateur
conclusioncreathes	conclusioncreathes
creathes	creathes
durablement	durablement
définit	définit
encapsuler	encapsuler
enfermer	enfermer
exclame-t-il	exclame-t-il
externalisée	externalisée
fameuses	fameuses
globalité	globalité
gns	gns
guise	guise
hervé	hervé
huilier	huilier
indiquant	indiquant
liquides	liquides
manifestation	manifestation
masquer	masquer
microcapsules	microcapsules
microencapsulation	microencapsulation
négligeables	négligeables
opportunités	opportunités
osé	osé
parfums	parfums
pertinents	pertinents
pleine	pleine
pâteux	pâteux
rapprocher	rapprocher
solliciter	solliciter
technolgique	technolgique
textiles	textiles
texturation	texturation
étais	étais
2106	2106
ampère	ampère
approchant	approchant
avèrent	avèrent
carré	carré
centimètre	centimètre
chemistryd	chemistryd
chimiquement	chimiquement
conductrices	conductrices
constituées	constituées
construisent	construisent
densités	densités
doudin	doudin
extraordinaires	extraordinaires
fibres	fibres
fils	fils
flash	flash
flexibles	flexibles
giuseppone	giuseppone
imprimés	imprimés
industriellement	industriellement
intégrées	intégrées
ipcms	ipcms
longs	longs
lumineux	lumineux
légères	légères
microcircuit	microcircuit
milliers	milliers
nano-circuits	nano-circuits
nano-fibres	nano-fibres
nanofils	nanofils
observant	observant
photocopie	photocopie
plastiques	plastiques
polymères	polymères
résistances	résistances
révélées	révélées
sadron	sadron
souples	souples
supramoléculaire	supramoléculaire
supérieures	supérieures
séparées	séparées
transistors	transistors
triarylamines	triarylamines
xerox	xerox
écrans	écrans
électrodes	électrodes
étonnantes	étonnantes
associations	associations
biosciences	biosciences
ccip	ccip
créateurs	créateurs
décernés	décernés
délivré	délivré
entrepreneuriat	entrepreneuriat
esiee	esiee
expertises	expertises
exposer	exposer
extia7ème	extia7ème
isbs	isbs
parrain	parrain
partenaire	partenaire
safran	safran
étudiantes	étudiantes
167	167
600	600
abordera	abordera
anru2	anru2
atee	atee
batiénergie	batiénergie
bâtiments	bâtiments
commerces	commerces
comptait	comptait
concerné	concerné
conformer	conformer
déposé	déposé
effinergie	effinergie
energie	energie
ffie	ffie
fédérations	fédérations
grdf	grdf
lafarge	lafarge
logements	logements
medias2ème	medias2ème
neufs	neufs
rt	rt
rt2012	rt2012
saint-gobain	saint-gobain
sortie	sortie
soutiens	soutiens
tertiaire	tertiaire
veritas	veritas
agglomération	agglomération
amener	amener
antem	antem
antennes	antennes
appli	appli
articule-t-elle	articule-t-elle
assortie	assortie
débats	débats
développeurs	développeurs
essentiels	essentiels
expansiontoulouse	expansiontoulouse
fédérer	fédérer
law	law
midi-pyrénées	midi-pyrénées
organisés	organisés
pyrénées	pyrénées
show	show
sicoval	sicoval
urbaine	urbaine
électromagnétisme	électromagnétisme
abiotique	abiotique
amenées	amenées
ampleur	ampleur
aptes	aptes
automatisés	automatisés
aériennes	aériennes
balayer	balayer
bienvenu	bienvenu
bourgogneagrosup	bourgogneagrosup
bourguignonne	bourguignonne
cache	cache
climatisées	climatisées
colonies	colonies
comportent	comportent
confinement	confinement
convoyées	convoyées
croirait	croirait
cultiver	cultiver
cultivée	cultivée
filmées	filmées
fluctuantes	fluctuantes
fonctionnent	fonctionnent
grosses	grosses
génotypage	génotypage
high-tech	high-tech
imaginez	imaginez
inoviaflow	inoviaflow
inracnrsuniversité	inracnrsuniversité
intra	intra
lames	lames
limité	limité
longueurs	longueurs
matériel	matériel
microbe	microbe
modulables	modulables
nodosités	nodosités
non-destructifs	non-destructifs
pathogènesmutualistes	pathogènesmutualistes
phenomedes	phenomedes
phénotype	phénotype
phénotypes	phénotypes
phénotypiques	phénotypiques
plantules	plantules
pourrons	pourrons
pétri	pétri
racinaires	racinaires
rapporteur	rapporteur
relance	relance
respecte	respecte
rhizotron	rhizotron
robots	robots
semenciers	semenciers
situ	situ
stressantes	stressantes
stériles	stériles
targuer	targuer
variétale	variétale
versés	versés
accessibles	accessibles
accidentée	accidentée
achevé	achevé
algorithmes	algorithmes
allés	allés
ambiante	ambiante
animer	animer
appliqués	appliqués
atome	atome
augmentée	augmentée
avatar	avatar
avertissement	avertissement
bruits	bruits
brûle	brûle
cealist	cealist
compagnons	compagnons
complets	complets
considérable	considérable
diasi	diasi
déplace	déplace
eh	eh
enregistré	enregistré
enseignants	enseignants
enthousiastes	enthousiastes
fixée	fixée
fois-ci	fois-ci
fontenay-aux-roses	fontenay-aux-roses
frontale	frontale
geste	geste
gravez	gravez
géré	géré
habitués	habitués
hormis	hormis
idéal	idéal
imagination	imagination
immensesla	immensesla
immergé	immergé
immersion	immersion
interactifs	interactifs
interactive	interactive
lampe	lampe
libre	libre
livrés	livrés
lsi	lsi
lueur	lueur
notoires	notoires
observateur	observateur
obstacles	obstacles
orientent	orientent
paroi	paroi
passera	passera
perturbe	perturbe
plonger	plonger
polygones	polygones
pompier	pompier
projeté	projeté
présente-t-elle	présente-t-elle
prête	prête
quantique	quantique
rame	rame
recréer	recréer
reproduisent	reproduisent
rer	rer
ressent	ressent
satisfaisant	satisfaisant
simule	simule
sièges	sièges
souhaitera	souhaitera
séduire	séduire
tailleurs	tailleurs
tenir	tenir
traqués	traqués
trouvent	trouvent
trouveraient	trouveraient
verrait	verrait
vibreurs	vibreurs
vienne	vienne
virtuel	virtuel
virtuels	virtuels
vrais	vrais
accompagnement	accompagnement
afam	afam
américaines	américaines
baisser	baisser
beau	beau
berkeley	berkeley
bi-centenaire	bi-centenaire
bouchemoua	bouchemoua
brio	brio
chancearts	chancearts
césure	césure
dispensés	dispensés
douée	douée
définitivement	définitivement
empêche	empêche
enchaîner	enchaîner
ensam	ensam
faisaient	faisaient
francisco	francisco
friends	friends
guidon	guidon
hésité	hésité
indique-t-elle	indique-t-elle
initiés	initiés
installant	installant
langue	langue
maternelle	maternelle
nouer	nouer
opportun	opportun
opté	opté
orientée	orientée
peur	peur
prime	prime
princeton	princeton
prospecter	prospecter
repartie	repartie
représentante	représentante
revenue	revenue
rizlene	rizlene
réputée	réputée
san	san
shasta	shasta
soit-elle	soit-elle
souhaiter	souhaiter
tâche	tâche
témoigner	témoigner
uc	uc
ère	ère
auto-organiser	auto-organiser
auto-organiséesdes	auto-organiséesdes
biocapteurs	biocapteurs
biodégradable	biodégradable
borsali	borsali
cermav	cermav
copolymère	copolymère
copolymères	copolymères
cylindres	cylindres
design	design
dérivés	dérivés
grandement	grandement
générations	générations
hybride	hybride
lithographie	lithographie
microprocesseurs	microprocesseurs
miniaturisation	miniaturisation
nano-glycofilms	nano-glycofilms
permet-elle	permet-elle
photovoltaïques	photovoltaïques
polystyrène-silicié	polystyrène-silicié
pétrolière	pétrolière
redouane	redouane
ressource	ressource
réfléchissent	réfléchissent
souple	souple
ultra-minces	ultra-minces
576	576
73	73
acoustic	acoustic
amas	amas
anciennes	anciennes
approuvée	approuvée
appuiera	appuiera
bang	bang
bao	bao
baryonic	baryonic
baryoniques	baryoniques
big	big
capacitémission	capacitémission
cisaillement	cisaillement
comparaison	comparaison
confirmée	confirmée
curiecnrssoutenus	curiecnrssoutenus
distorsion	distorsion
dérangeante	dérangeante
déterminée	déterminée
effectuera	effectuera
emportera	emportera
euclid	euclid
expansion	expansion
focal	focal
fourniront	fourniront
foyer	foyer
gravitation	gravitation
gravitationnel	gravitationnel
hubble	hubble
imaginaient	imaginaient
imagées	imagées
inexplicable	inexplicable
initiateurs	initiateurs
lensing	lensing
lointaines	lointaines
mellier	mellier
mesurera	mesurera
mystérieuse	mystérieuse
opérant	opérant
oscillations	oscillations
provoquée	provoquée
prévue	prévue
ralentissement	ralentissement
rassemblé	rassemblé
renseignera	renseignera
représenterait	représenterait
réalisant	réalisant
répartition	répartition
situées	situées
spc	spc
stabilité	stabilité
supercalculateurs	supercalculateurs
surprend	surprend
sus	sus
vaudra	vaudra
visée	visée
weak	weak
éloignent	éloignent
équivalente	équivalente
1015	1015
109	109
500000	500000
absorbe	absorbe
actualité-innovation	actualité-innovation
alignés	alignés
approchent	approchent
aéroport	aéroport
billion	billion
bombyx	bombyx
capturer	capturer
chances	chances
chiens	chiens
constituer	constituer
entraînés	entraînés
environnementdétecteur	environnementdétecteur
exister	exister
explosifs	explosifs
franco-allemand	franco-allemand
inaccessible	inaccessible
inspirés	inspirés
insuffisant	insuffisant
micro-levier	micro-levier
micro-leviers	micro-leviers
micrométrique	micrométrique
millimètre	millimètre
mori	mori
murier	murier
nanostructures	nanostructures
nanostructuré	nanostructuré
nuit	nuit
papillon	papillon
pentrite	pentrite
peut-il	peut-il
phéromones	phéromones
ppb	ppb
ppq	ppq
prouesse	prouesse
quadrillion	quadrillion
recherchées	recherchées
reliés	reliés
résonance	résonance
saint-louis	saint-louis
sensilles	sensilles
sensoriels	sensoriels
tnt	tnt
traces	traces
trinitrotoluène	trinitrotoluène
verticalement	verticalement
volatiles	volatiles
volatils	volatils
voulu	voulu
articuleront	articuleront
avancés	avancés
brûleurs	brûleurs
c02	c02
capté	capté
centrés	centrés
charbon	charbon
combinée	combinée
combustibles	combustibles
diagnostics	diagnostics
dimensionnement	dimensionnement
décarbonée	décarbonée
em2c	em2c
energétique	energétique
gazeux	gazeux
géométries	géométries
macroscopique	macroscopique
mondialecréation	mondialecréation
oxy-combustion	oxy-combustion
pression	pression
purification	purification
schuller	schuller
simultanée	simultanée
transferts	transferts
19	19
314	314
essayer	essayer
nicklaus	nicklaus
nourrisson	nourrisson
odeurs	odeurs
opaline	opaline
psychosocialeducation	psychosocialeducation
publiquement	publiquement
saveurs	saveurs
sophie	sophie
institution	institution
manufacturées	manufacturées
manuscrit	manuscrit
méditerrisques	méditerrisques
néfastes	néfastes
150ème	150ème
bassins	bassins
eolienne	eolienne
ferranteolienne	ferranteolienne
fixées	fixées
flottante	flottante
flottantes	flottantes
houle	houle
lheea	lheea
littorale	littorale
modérées	modérées
nantes	nantes
occupée	occupée
océanique	océanique
profondeurs	profondeurs
semrev	semrev
simulent	simulent
soufflerie	soufflerie
soumise	soumise
testent	testent
vagues	vagues
éoliennes	éoliennes
accrocher	accrocher
affichent	affichent
amyotrophique	amyotrophique
arrière-plan	arrière-plan
artistes	artistes
automatismes	automatismes
bougent	bougent
chirurgiens	chirurgiens
clignotant	clignotant
cnrsupmcinserm	cnrsupmcinserm
disques	disques
ecrire	ecrire
efficacement	efficacement
enregistre	enregistre
entraînement	entraînement
entraînée	entraînée
epinière	epinière
fatiguant	fatiguant
figures	figures
finit	finit
hertz	hertz
illusion	illusion
illusoire	illusoire
impossible	impossible
impression	impression
latérale	latérale
lettres	lettres
lisses	lisses
logiciel	logiciel
lorenceau	lorenceau
luminance	luminance
mouvant	mouvant
oculairesecrire	oculairesecrire
oculomètre	oculomètre
percevoir	percevoir
pilotes	pilotes
reverse-phi	reverse-phi
régulières	régulières
saccadées	saccadées
sclérose	sclérose
semblait	semblait
sessions	sessions
statique	statique
surfer	surfer
tracer	tracer
trouvé	trouvé
visuelle	visuelle
agrosystèmes	agrosystèmes
agrège	agrège
altéré	altéré
aoc	aoc
archéologues	archéologues
bourgognechrono-environnement	bourgognechrono-environnement
chimistes	chimistes
chrono-environnement	chrono-environnement
compétition	compétition
comté	comté
conduisent	conduisent
contaminants	contaminants
continuum	continuum
croisement	croisement
entretenir	entretenir
erik	erik
essayent	essayent
gilbert	gilbert
globalement	globalement
groenland	groenland
géologues	géologues
géosciences	géosciences
géosystèmes	géosystèmes
inee	inee
inter-disciplinarité	inter-disciplinarité
lacs	lacs
lâche	lâche
microbien	microbien
millénaires	millénaires
multi-expositions	multi-expositions
mènent	mènent
néolithique	néolithique
pharmaciens	pharmaciens
promesses	promesses
pâturages	pâturages
quasi-totalité	quasi-totalité
reconstituer	reconstituer
reconstruire	reconstruire
réduisent	réduisent
sentinelles	sentinelles
sillage	sillage
souhaite-t-il	souhaite-t-il
structuration	structuration
sédiments	sédiments
tourbières	tourbières
travaillons	travaillons
vaines	vaines
vikings	vikings
écologiste	écologiste
écologistes	écologistes
écosystème	écosystème
ajout	ajout
améliorent	améliorent
antimicrobien	antimicrobien
aureus	aureus
autoproduits	autoproduits
bains	bains
biofilm	biofilm
biofilms	biofilms
biopolymères	biopolymères
cohésion	cohésion
confèrent	confèrent
constitués	constitués
contiennent	contiennent
continus	continus
cutanées	cutanées
devient	devient
digestivesdes	digestivesdes
dispersées	dispersées
enterococcus	enterococcus
faecalis	faecalis
flagellées	flagellées
incluses	incluses
induisant	induisant
interférer	interférer
jardins	jardins
listeria	listeria
matrice	matrice
micalis	micalis
monocytogenes	monocytogenes
nasales	nasales
perforation	perforation
pores	pores
principes	principes
profondes	profondes
préférence	préférence
pénétration	pénétration
sillonner	sillonner
sous-population	sous-population
staphylococcus	staphylococcus
torpiller	torpiller
transitoires	transitoires
tridimensionnels	tridimensionnels
visco-élastiques	visco-élastiques
amplifient	amplifient
amplifier	amplifier
bio-inspirées	bio-inspirées
captent	captent
colorant	colorant
compactes	compactes
courts	courts
cryptographie	cryptographie
daté	daté
diodes	diodes
décrite	décrite
dépassent	dépassent
fluorescent	fluorescent
greffé	greffé
luminescentes	luminescentes
nano-antenne	nano-antenne
nano-antennes	nano-antennes
nanomètre	nanomètre
oscillant	oscillant
quantiquedes	quantiquedes
radios	radios
télévisions	télévisions
émettent	émettent
émetteur	émetteur
ascension	ascension
destination	destination
ingénieurs-chercheurs	ingénieurs-chercheurs
optoélectronique	optoélectronique
photonique	photonique
professionnalisation	professionnalisation
signe	signe
socialecréation	socialecréation
sudcnrs	sudcnrs
théories	théories
transmettre	transmettre
attentifs	attentifs
camille	camille
certainement	certainement
cohorte	cohorte
commencera	commencera
comprenons	comprenons
consciente	consciente
explique-t-elle	explique-t-elle
fines	fines
gustative	gustative
lourde	lourde
marquants	marquants
mince	mince
moisson	moisson
nicklauscolloque	nicklauscolloque
olfactive	olfactive
parentalité	parentalité
parvenons	parvenons
pnra	pnra
pointue	pointue
poursuivi	poursuivi
probablement	probablement
repris	repris
retombées	retombées
revues	revues
reçue	reçue
révélateurs	révélateurs
sandra	sandra
schwartz	schwartz
spécifiquement	spécifiquement
tient-elle	tient-elle
trouvant	trouvant
wagner	wagner
échangés	échangés
échappent	échappent
2030	2030
awards	awards
ceti	ceti
cetilab	cetilab
clubtex	clubtex
combinées	combinées
culturels	culturels
egalement	egalement
favorise	favorise
filtration	filtration
forums	forums
futurotextiles	futurotextiles
guidées	guidées
high	high
ifm	ifm
institutionnelsdeux	institutionnelsdeux
isolation	isolation
lendemain	lendemain
organiser	organiser
ouvertes	ouvertes
partout	partout
postulat	postulat
roubaix	roubaix
textile	textile
up-tex	up-tex
vernissage	vernissage
visite	visite
caoutchoucs	caoutchoucs
mercredi	mercredi
networking	networking
plastipolis	plastipolis
plasturgie	plasturgie
plasturgiste	plasturgiste
portant	portant
rondes	rondes
rythmeront	rythmeront
septembre4ème	septembre4ème
tables	tables
trophées	trophées
workshops	workshops
34	34
comptent	comptent
concurrentiel	concurrentiel
dotait	dotait
gain	gain
histoires	histoires
illustrer	illustrer
parts	parts
positionnement	positionnement
privées	privées
retenus	retenus
tirées	tirées
économieles	économieles
7600	7600
9ème	9ème
a-t-elle	a-t-elle
administrateur	administrateur
adsl	adsl
affronter	affronter
bigot	bigot
bruyères-le-châtel	bruyères-le-châtel
bull	bull
bêta-amyloïde	bêta-amyloïde
caffarel	caffarel
chercheurvers	chercheurvers
conservions	conservions
description	description
discours	discours
disponibilité	disponibilité
démocratisation	démocratisation
escient	escient
estimé	estimé
exaflopiques	exaflopiques
exploité	exploité
fichiers	fichiers
fier	fier
fioraso	fioraso
genci	genci
genevieve	genevieve
hpc-pme	hpc-pme
httpwwwmaisondelasimulationfr	httpwwwmaisondelasimulationfr
httpwwwteracteceu	httpwwwteracteceu
imposés	imposés
inaugurait	inaugurait
instar	instar
livres	livres
maison	maison
molécule-clef	molécule-clef
mp3	mp3
multimedia	multimedia
offertes	offertes
poursuivions	poursuivions
prace	prace
prospection	prospection
précisé	précisé
pétaflopiques	pétaflopiques
quantiques	quantiques
rivière	rivière
supercalculateur	supercalculateur
technopole	technopole
teratec	teratec
tgcc	tgcc
télescopes	télescopes
vaut	vaut
voulons	voulons
247	247
accidents	accidents
apparente	apparente
arrêt	arrêt
asn	asn
atpu	atpu
autorité	autorité
bonnevie	bonnevie
cahier	cahier
calendrier	calendrier
comparables	comparables
conformément	conformément
crier	crier
daïchi	daïchi
dosimétrie	dosimétrie
démantèlement	démantèlement
dérive	dérive
dévasté	dévasté
edwige	edwige
evaluations	evaluations
exigence	exigence
exploitationbilan	exploitationbilan
fukushima	fukushima
hiérarchiser	hiérarchiser
horowitz	horowitz
httpwwwbulletins-electroniquescomactualites64561htm	httpwwwbulletins-electroniquescomactualites64561htm
incontournable	incontournable
ines	ines
irions-nous	irions-nous
jeter	jeter
marcoule	marcoule
masurca	masurca
montrée	montrée
osiris	osiris
phénix	phénix
plutonium	plutonium
précaution	précaution
rjh	rjh
serions	serions
soumettre	soumettre
survenu	survenu
victoire	victoire
établis	établis
128	128
adriatique	adriatique
affecté	affecté
affiner	affiner
airs	airs
aladin	aladin
arome	arome
arpège	arpège
atmosphère-mer	atmosphère-mer
atmosphère-terre-surfaces	atmosphère-terre-surfaces
atr-42	atr-42
axée	axée
bateaux	bateaux
bouées	bouées
chronique	chronique
cnrm-game	cnrm-game
cnrscnesmétéo	cnrscnesmétéo
collecte	collecte
colonne	colonne
concentrée	concentrée
considérables	considérables
continentales	continentales
contribueront	contribueront
couvertes	couvertes
crues	crues
datant	datant
denses	denses
distinguer	distinguer
dornier	dornier
drobinski	drobinski
dropsondes	dropsondes
ducrocq	ducrocq
déclinées	déclinées
déployés	déployés
dérivants	dérivants
déterministe	déterministe
déterministes	déterministes
expert	expert
falcon	falcon
flotteurs	flotteurs
frappé	frappé
für	für
gard	gard
gliders	gliders
golfe	golfe
grêle	grêle
horizon2015	horizon2015
hydrométéorologiques	hydrométéorologiques
hymex	hymex
inconvénient	inconvénient
inondations	inondations
intenses	intenses
intensives	intensives
karlsruher	karlsruher
kit	kit
laplace	laplace
larguera	larguera
lidars	lidars
lion	lion
localisation	localisation
lâchée	lâchée
maille	maille
marchand	marchand
meurtrières	meurtrières
mistral	mistral
mistrals	mistrals
multitude	multitude
méditerranéennes	méditerranéennes
météo-france	météo-france
météo-francecnrs	météo-francecnrs
météorologiquemétéo	météorologiquemétéo
navire	navire
navires	navires
neige	neige
nord-occidental	nord-occidental
nord-occidentale	nord-occidentale
polytechniqueensupmc	polytechniqueensupmc
ponts	ponts
poursuivra	poursuivra
pourtour	pourtour
profiter	profiter
provoquent	provoquent
précipitants	précipitants
prévisionnistes	prévisionnistes
radiosondages	radiosondages
recrudescence	recrudescence
renforcées	renforcées
renfort	renfort
représentation	représentation
rivages	rivages
récurrente	récurrente
safire	safire
simon	simon
sondes	sondes
souffrant	souffrant
sous-marins	sous-marins
spéciales	spéciales
sud-est	sud-est
sud-occidental	sud-occidental
terminera	terminera
thétys	thétys
touristes	touristes
tramontane	tramontane
urbanisée	urbanisée
vaison-la-romaine	vaison-la-romaine
var	var
vaucluse	vaucluse
vents	vents
violents	violents
visitées	visitées
véronique	véronique
1982	1982
1994	1994
700000	700000
acipenser	acipenser
aggravants	aggravants
ajoutés	ajoutés
assistée	assistée
bords	bords
captivité	captivité
castillon-la-bataille	castillon-la-bataille
caviar	caviar
constatée	constatée
côtes	côtes
dordogne	dordogne
décisif	décisif
espècede	espècede
estuaire	estuaire
estuaires	estuaires
esturgeon	esturgeon
esturgeons	esturgeons
failli	failli
fleuve	fleuve
fleuves	fleuves
frayères	frayères
fréquentait	fréquentait
gironde	gironde
gironde-garonne-dordogne	gironde-garonne-dordogne
granulats	granulats
irstea	irstea
isle	isle
larves	larves
lâcher	lâcher
nés	nés
protections	protections
prélèvements	prélèvements
pêche	pêche
relâchées	relâchées
relâchés	relâchés
repeuplement	repeuplement
reproduction	reproduction
représente-t-il	représente-t-il
réglementaires	réglementaires
sauvegarde	sauvegarde
seurin-sur-l	seurin-sur-l
spécimens	spécimens
sturio	sturio
subsistait	subsistait
subsiste	subsiste
suppléer	suppléer
acte	acte
attaches	attaches
bistouri	bistouri
cancéropôle	cancéropôle
chirurgical	chirurgical
clara	clara
cochon	cochon
colo-rectum	colo-rectum
conduits	conduits
diffusée	diffusée
digestif	digestif
digestives	digestives
dissection	dissection
dsm	dsm
endoscopique	endoscopique
enki-heh	enki-heh
enlever	enlever
envisagés	envisagés
facilite	facilite
fibreuses	fibreuses
imposant	imposant
latéralement	latéralement
lésions	lésions
marge	marge
multicentriques	multicentriques
muqueuse	muqueuse
netsis	netsis
oesophage	oesophage
ponchon	ponchon
post-opératoires	post-opératoires
référencestumeurs	référencestumeurs
résection	résection
sectionner	sectionner
superficielles	superficielles
tube	tube
tumeurs	tumeurs
urgence	urgence
anticorps	anticorps
appelé	appelé
collectivement	collectivement
dernierdes	dernierdes
diagnostiquer	diagnostiquer
emplacement	emplacement
fabriquée	fabriquée
igm	igm
immunoglobuline	immunoglobuline
lointaine	lointaine
millionièmes	millionièmes
nano-composants	nano-composants
nanoelectromechanical	nanoelectromechanical
nanotechnology	nanotechnology
oscillation	oscillation
poutre	poutre
répartitions	répartitions
résonnante	résonnante
suffisait	suffisait
waldenström	waldenström
achevée	achevée
adéquates	adéquates
approfondir	approfondir
avion	avion
avionneur	avionneur
carburant	carburant
carburants	carburants
concentrer	concentrer
conclu	conclu
consistera	consistera
critères	critères
cuisine	cuisine
industrialiser	industrialiser
latine	latine
orient	orient
répondent	répondent
tsinghua	tsinghua
tsinghuapartenariat	tsinghuapartenariat
usagée	usagée
angles	angles
appellerais	appellerais
barrière	barrière
bi	bi
cogitation	cogitation
combinaisons	combinaisons
concrétise	concrétise
confronter	confronter
considéré	considéré
discuter	discuter
extrusion	extrusion
facilitateur	facilitateur
filage	filage
karine	karine
localisé	localisé
meltblown	meltblown
mono	mono
nontissés	nontissés
organisateurs	organisateurs
pauses-café	pauses-café
spunbond	spunbond
wallloisceti	wallloisceti
wallois	wallois
bactérien	bactérien
bristol	bristol
cancers	cancers
chimiothérapiesréparation	chimiothérapiesréparation
endommagé	endommagé
endommagée	endommagée
foisles	foisles
interagissent	interagissent
monod	monod
nanomanipulation	nanomanipulation
redoutable	redoutable
rockefeller	rockefeller
réparer	réparer
résistants	résistants
tcr	tcr
95	95
confiées	confiées
e-learning	e-learning
eportfolio	eportfolio
facilités	facilités
favorisera	favorisera
fouchecour	fouchecour
ingénieure	ingénieure
interactivité	interactivité
mraihi	mraihi
organisera	organisera
plateformearts	plateformearts
portefeuille	portefeuille
recherché	recherché
recourant	recourant
recrutée	recrutée
saida	saida
scolarité	scolarité
élève-ingénieur	élève-ingénieur
achève	achève
affective	affective
alimentées	alimentées
ambiance	ambiance
avicole	avicole
cheval	cheval
chevaux	chevaux
ciblé	ciblé
clubs	clubs
compagnon	compagnon
comporter	comporter
contrastées	contrastées
contrastés	contrastés
courses	courses
couvrait	couvrait
depe	depe
dressage	dressage
déduire	déduire
développerait	développerait
encadrement	encadrement
encouragés	encouragés
equitation	equitation
faciles	faciles
foncier	foncier
houllier	houllier
i	i
ifce	ifce
inscrirait	inscrirait
inscrivait	inscrivait
interdite	interdite
jeux	jeux
limiterait	limiterait
localités	localités
loisir	loisir
moyennes	moyennes
multiplient	multiplient
nation	nation
pac	pac
parieurs	parieurs
perrier-cornet	perrier-cornet
persistante	persistante
physionomies	physionomies
plausibles	plausibles
poussé	poussé
privilégie	privilégie
privilégiés	privilégiés
prospectives	prospectives
prédiction	prédiction
prédomine	prédomine
public-privé	public-privé
recentrage	recentrage
recentre	recentre
reposerait	reposerait
récurrentes	récurrentes
réinsertion	réinsertion
réorganisant	réorganisant
saut	saut
soin	soin
soulève	soulève
supranational	supranational
territorial	territorial
territorialquatre	territorialquatre
titres	titres
volontairement	volontairement
élites	élites
élitiste	élitiste
équestres	équestres
équine	équine
équitation	équitation
1925	1925
260	260
450	450
accru	accru
accèdent	accèdent
administration	administration
administrations	administrations
ajoutéle	ajoutéle
astech	astech
atteignait	atteignait
aériens	aériens
aérospatial	aérospatial
aérotechnique	aérotechnique
bannière	bannière
barre	barre
capabilities	capabilities
cherchait	cherchait
communs	communs
complémentarité	complémentarité
concours	concours
crea	crea
diplômés	diplômés
dispose-t-elle	dispose-t-elle
diversifiée	diversifiée
elc2	elc2
ensica	ensica
ensma	ensma
entrent	entrent
estaca	estaca
fcc	fcc
ferroviaires	ferroviaires
flying	flying
gifas	gifas
guidés	guidés
iesf	iesf
industries	industries
isae	isae
laval	laval
levallois-perret	levallois-perret
licences	licences
mayenne	mayenne
modéré	modéré
moveo	moveo
naissait	naissait
nourrit	nourrit
obtiennent	obtiennent
officier	officier
officiers	officiers
onera	onera
poitiers	poitiers
pégase	pégase
recrute	recrute
ribon	ribon
salon-de-provence	salon-de-provence
sayette	sayette
sous-officiers	sous-officiers
supaero	supaero
visibilité	visibilité
vivifiant	vivifiant
1953	1953
2013cuisine	2013cuisine
accompagné	accompagné
adoptent	adoptent
agrimip	agrimip
apprendre	apprendre
appropriables	appropriables
aquimer	aquimer
autocuiseur	autocuiseur
baptisées	baptisées
camphuis	camphuis
cap	cap
cocotte-minute	cocotte-minute
combinatoire	combinatoire
contenus	contenus
convergence	convergence
cook	cook
croisés	croisés
cuisiner	cuisiner
cuisines	cuisines
cuisinières	cuisinières
cuisson	cuisson
culinaire	culinaire
demi-siècle	demi-siècle
dialoguer	dialoguer
digital	digital
digitale	digitale
démarrer	démarrer
englobe	englobe
enrichies	enrichies
enrichir	enrichir
explosé	explosé
figure	figure
formats	formats
four	four
fur	fur
hard	hard
hardware	hardware
hébergés	hébergés
imaginove	imaginove
indicateurs	indicateurs
intelligente	intelligente
intègreront	intègreront
inédits	inédits
kevin	kevin
lab	lab
logicielle	logicielle
logicielles	logicielles
mettrons	mettrons
microtechniques	microtechniques
mobiliser	mobiliser
motiver	motiver
open	open
passeront	passeront
personnalisés	personnalisés
pspc	pspc
saura	saura
selongey	selongey
soft	soft
software	software
soixante	soixante
souhaiteront	souhaiteront
spin-off	spin-off
structurant	structurant
super-cocotte	super-cocotte
systeme	systeme
testeurs	testeurs
tic	tic
tonalité	tonalité
virage	virage
web	web
électroménager	électroménager
120	120
actionnaires	actionnaires
additionnel	additionnel
affiche	affiche
age	age
alimentsbiophytis	alimentsbiophytis
bixilla	bixilla
candidats	candidats
capital-risque	capital-risque
cardiométabolime	cardiométabolime
cm-cic	cm-cic
co-détient	co-détient
collaboratifs	collaboratifs
compose	compose
dmla	dmla
essonne	essonne
ingrédient	ingrédient
iris	iris
lafont	lafont
maculaire	maculaire
maculia	maculia
mairie	mairie
nutraceutiques	nutraceutiques
peau	peau
pharma	pharma
préclinique	préclinique
purifié	purifié
quinolia	quinolia
romainville	romainville
seine-saint-denis	seine-saint-denis
serono	serono
situe	situe
souscrite	souscrite
suscite	suscite
uv	uv
05	05
111	111
84	84
aix-la-chapelle	aix-la-chapelle
autonomes	autonomes
borastextiles	borastextiles
cabinet	cabinet
combinant	combinant
critère	critère
dresde	dresde
ensait	ensait
gand	gand
gemtex	gemtex
génère	génère
implications	implications
lodz	lodz
manchester	manchester
multi-fonctionnels	multi-fonctionnels
noeton	noeton
noetontexrank	noetontexrank
pas-de-calais	pas-de-calais
post-doctorants	post-doctorants
qualitative	qualitative
responsabilisation	responsabilisation
rwth	rwth
spécialisé	spécialisé
suédoise	suédoise
transparence	transparence
aborde	aborde
conduira	conduira
créées	créées
dhet	dhet
energétiques	energétiques
equateur	equateur
guadeloupe	guadeloupe
hexagone	hexagone
hexagonel	hexagonel
inp	inp
inp-ensiacet	inp-ensiacet
iront	iront
mexique	mexique
paulo	paulo
piloter	piloter
prefalc	prefalc
reformater	reformater
repartiront	repartiront
sao	sao
situés	situés
terminer	terminer
tianjin	tianjin
toulousain	toulousain
transfère	transfère
témoignent	témoignent
uag	uag
25ème	25ème
aménagements	aménagements
ancienneté	ancienneté
cartier	cartier
composantes	composantes
contribuera	contribuera
décarboner	décarboner
entretiens	entretiens
hydraulique	hydraulique
hydro	hydro
hydroliennes	hydroliennes
mondiales	mondiales
négliger	négliger
parlera	parlera
participantsla	participantsla
plénière	plénière
pompage	pompage
réhabilitation	réhabilitation
réservée	réservée
réunira-t-il	réunira-t-il
soulevées	soulevées
assiette	assiette
bouffe	bouffe
court	court
envisageables	envisageables
gaspillé	gaspillé
goûter	goûter
indigo	indigo
inspirant	inspirant
jeté	jeté
lhoste	lhoste
perdu	perdu
positives	positives
pérennes	pérennes
réductions	réductions
régalla	régalla
sur-	sur-
alliages	alliages
améliorations	améliorations
anti-bactériennes	anti-bactériennes
arc	arc
bagages	bagages
biomatériaux	biomatériaux
biomimétique	biomimétique
bourses	bourses
cavité	cavité
cavités	cavités
chercheuses	chercheuses
christèle	christèle
ciment	ciment
ciments	ciments
cirimat	cirimat
combes	combes
combler	combler
comprise	comprise
conclut-elle	conclut-elle
conférant	conférant
contacter	contacter
corde	corde
dent	dent
dit-elle	dit-elle
doctorantes	doctorantes
décroché	décroché
dégrade	dégrade
dégradent	dégradent
dégrader	dégrader
emmènera	emmènera
estime-t-elle	estime-t-elle
floue	floue
france-unesco-académie	france-unesco-académie
ingénérie	ingénérie
injectable	injectable
inter-universitaire	inter-universitaire
jacquart	jacquart
lauréates	lauréates
lyonnaise	lyonnaise
métalliques	métalliques
originaire	originaire
oréal	oréal
passionnants	passionnants
passionne	passionne
pharmacotechnie	pharmacotechnie
phosphates	phosphates
photo	photo
ravie	ravie
remodèle	remodèle
requis	requis
récompensées	récompensées
rédactions	rédactions
sabatierinp	sabatierinp
soutiendra	soutiendra
sylvaine	sylvaine
thèsearrivée	thèsearrivée
témoignage	témoignage
ales	ales
artisanal	artisanal
artisanat	artisanat
assistent	assistent
autofinancer	autofinancer
avérait	avérait
bertin	bertin
brigit	brigit
béninoise	béninoise
cameron	cameron
cardiaque	cardiaque
cartons	cartons
chirurgicale	chirurgicale
chirurgien	chirurgien
compliqué	compliqué
computer	computer
concevons	concevons
coventry	coventry
crâniennes	crâniennes
céder	céder
diapason	diapason
doubler	doubler
drire	drire
entrepreneuriale	entrepreneuriale
entrepreneurs	entrepreneurs
exemplaires	exemplaires
finalise	finalise
financiers	financiers
fonde	fonde
frileux	frileux
genou	genou
immi	immi
inc	inc
incubateur	incubateur
innovateurs	innovateurs
insa	insa
integrated	integrated
inéluctable	inéluctable
jobs	jobs
mark	mark
medtech	medtech
montpelliéraine	montpelliéraine
motion	motion
mûrir	mûrir
nahum	nahum
neurochirurgie	neurochirurgie
observe-t-ilmedtech	observe-t-ilmedtech
opératoire	opératoire
orthopédique	orthopédique
productif	productif
prothèse	prothèse
protégeait	protégeait
rachis	rachis
reconnus	reconnus
redressement	redressement
regrets	regrets
rosa	rosa
réinvestir	réinvestir
révolutionnaires	révolutionnaires
saveur	saveur
scanners	scanners
series	series
steve	steve
surgical	surgical
tarde	tarde
transaction	transaction
va-t-elle	va-t-elle
velléité	velléité
vendus	vendus
vertébrale	vertébrale
vis	vis
york	york
zimmer	zimmer
zuckerberg	zuckerberg
acare	acare
advisory	advisory
aeronautics	aeronautics
ambitions	ambitions
avionneurs	avionneurs
aérodynamique	aérodynamique
aérodynamiques	aérodynamiques
aérothermique	aérothermique
aérothermiqueoptimisation	aérothermiqueoptimisation
aérothermiques	aérothermiques
cenaero	cenaero
cerfacs	cerfacs
cnrshaida	cnrshaida
haida	haida
inca	inca
iroqua	iroqua
karman	karman
maia	maia
nox	nox
oxydes	oxydes
perçu	perçu
pluridisciplinaire	pluridisciplinaire
poca	poca
prédécesseurs	prédécesseurs
von	von
68	68
adhérences	adhérences
améliane	améliane
aquasourça	aquasourça
asset	asset
biocompatible	biocompatible
biom	biom
bone	bone
cardio-thoracique	cardio-thoracique
cdc	cdc
chirurgicales	chirurgicales
cicatrisation	cicatrisation
collagène	collagène
cova	cova
dentaire	dentaire
digestive	digestive
déléguée	déléguée
extrémités	extrémités
forest	forest
fsi	fsi
gagnieu	gagnieu
gammes	gammes
guidée	guidée
iii	iii
implantables	implantables
implantologie	implantologie
innobio	innobio
lever	lever
levés	levés
localisées	localisées
malléable	malléable
matri	matri
maxillo-faciale	maxillo-faciale
mérieux	mérieux
nerveuse	nerveuse
otc	otc
patricia	patricia
picot	picot
praticité	praticité
régénération	régénération
régénérative68	régénérative68
résorbable	résorbable
résorbables	résorbables
saint-priest	saint-priest
sham	sham
sofimac	sofimac
spinale	spinale
tm	tm
viveris	viveris
alimentée	alimentée
altitudes	altitudes
assistés	assistés
atterrissages	atterrissages
autoroutes	autoroutes
aéroports	aéroports
by	by
chapitre	chapitre
choisissent	choisissent
confirmé	confirmé
coupés	coupés
croisière	croisière
descente	descente
durableplus	durableplus
dégagées	dégagées
eco-climb	eco-climb
efficientes	efficientes
empreinte	empreinte
executive	executive
exploités	exploités
faisons	faisons
freinage	freinage
fréquentées	fréquentées
introduites	introduites
libres	libres
parti	parti
pente	pente
pourrions	pourrions
president	president
programmée	programmée
propulsée	propulsée
respectueuses	respectueuses
skies	skies
smarter	smarter
tirant	tirant
trajets	trajets
traînée	traînée
vice	vice
volent	volent
voyager	voyager
applicable	applicable
aquatiques	aquatiques
arp	arp
cessant	cessant
exponentielle	exponentielle
forestière	forestière
fournissent	fournissent
générique	générique
hôte	hôte
intensifier	intensifier
invasions	invasions
nuisibles	nuisibles
nématodes	nématodes
parasite	parasite
phytosanitairede	phytosanitairede
potentielle	potentielle
prairies	prairies
renseignements	renseignements
zoologie	zoologie
1formation	1formation
apte	apte
boucle	boucle
considération	considération
creusot	creusot
donnés	donnés
exenuc	exenuc
nuclear	nuclear
pnb	pnb
primaire	primaire
pwr	pwr
rechargement	rechargement
reproduits	reproduits
requalifier	requalifier
responsabilités	responsabilités
verront	verront
visiter	visiter
articulera	articulera
artificiels	artificiels
cnam	cnam
contributions	contributions
francilien	francilien
genopole	genopole
ifris	ifris
intitulées	intitulées
participera	participera
ré-ingénierie	ré-ingénierie
sociales3ème	sociales3ème
abritent	abritent
actes	actes
anses	anses
asiatiques	asiatiques
aurons	aurons
avant-postes	avant-postes
causse	causse
conclut-ililes	conclut-ililes
concombres	concombres
devenues	devenues
disparition	disparition
disparu	disparu
délibérément	délibérément
désaisonnaliser	désaisonnaliser
espoir	espoir
etre	etre
fuir	fuir
habitant	habitant
habitées	habitées
holothuries	holothuries
iles	iles
insulaire	insulaire
insulaires	insulaires
investissons	investissons
liège	liège
madagascar	madagascar
mosaïque	mosaïque
obligés	obligés
océanographe	océanographe
peuples	peuples
pionnières	pionnières
pontes	pontes
raffolent	raffolent
regorgent	regorgent
rejeter	rejeter
revenus	revenus
subsistance	subsistance
subsistances	subsistances
tirent	tirent
tourisme	tourisme
tourné	tourné
vallette	vallette
élèvent	élèvent
îles	îles
aboutiront	aboutiront
affût	affût
aimerait	aimerait
alarme-t-il	alarme-t-il
analyste	analyste
anecdotes	anecdotes
annéesthéorème	annéesthéorème
avouer	avouer
azimuts	azimuts
collégiens	collégiens
compétent	compétent
congé	congé
courage	courage
croise	croise
denrée	denrée
dénicher	dénicher
dépôts	dépôts
désaffection	désaffection
détriment	détriment
développant	développant
entrecoupe	entrecoupe
figés	figés
fixe	fixe
foudre	foudre
grasset	grasset
grecs	grecs
grosse	grosse
généraliser	généraliser
hyderabad	hyderabad
héros	héros
illustres	illustres
inclassable	inclassable
incompressibles	incompressibles
incompréhensibles	incompréhensibles
inquiétude	inquiétude
inévitable	inévitable
john	john
jour-là	jour-là
kyoto	kyoto
lent	lent
lointain	lointain
légende	légende
musique	musique
musiques	musiques
nash	nash
nuance	nuance
oeuvres	oeuvres
pareil	pareil
passionnant	passionnant
peut-être	peut-être
piano	piano
pleines	pleines
porte-t-il	porte-t-il
préoccupé	préoccupé
pythagore	pythagore
rappels	rappels
regret	regret
repos	repos
respecté	respecté
ressemble	ressemble
retenir	retenir
road	road
répète	répète
savants	savants
scolaires	scolaires
sortes	sortes
sous-disciplines	sous-disciplines
succédées	succédées
symphonie	symphonie
tellement	tellement
termine	termine
théorème	théorème
théorèmes	théorèmes
tranche	tranche
trip	trip
vécus	vécus
âme	âme
écoliers	écoliers
écoute	écoute
écouter	écouter
écroule	écroule
éternité	éternité
évocation	évocation
1b	1b
694	694
970	970
actionneurs	actionneurs
agilité	agilité
alenia	alenia
architecte	architecte
artificielles	artificielles
carbonecarbone	carbonecarbone
cercle	cercle
chars	chars
cie	cie
coefficient	coefficient
colonel	colonel
confort	confort
demandes	demandes
dilatation	dilatation
discerner	discerner
dépointage	dépointage
embarqué	embarqué
encastrés	encastrés
excellentes	excellentes
fermé	fermé
fusée	fusée
garantit	garantit
gyroscopiques	gyroscopiques
horaires	horaires
inertie	inertie
insistant	insistant
insiste	insiste
interarmées	interarmées
interprètes	interprètes
judicieuses	judicieuses
leurre	leurre
livrée	livrée
marchais	marchais
maritime	maritime
maîtresse	maîtresse
maîtrisent	maîtrisent
minière	minière
motorisation	motorisation
photos	photos
pléiades	pléiades
positionnés	positionnés
pratiquement	pratiquement
reconnaissables	reconnaissables
refocalisation	refocalisation
revisite	revisite
rigides	rigides
russe	russe
ré-échantillonnées	ré-échantillonnées
satellitespléiades	satellitespléiades
serré	serré
théâtre	théâtre
unitaires	unitaires
urbaines	urbaines
vues	vues
zérodur	zérodur
élargir	élargir
1987	1987
58	58
advanced	advanced
arbresmicroorganismes	arbresmicroorganismes
biology	biology
bonheur	bonheur
bouleversées	bouleversées
champignon	champignon
colonisation	colonisation
cortège	cortège
degrés	degrés
exploitées	exploitées
foll	foll
forests	forests
guimet	guimet
labex	labex
laurier	laurier
lauriers	lauriers
martin	martin
martinun	martinun
massive	massive
microbiennes	microbiennes
microsymbionte	microsymbionte
musée	musée
nutriments	nutriments
passion	passion
pilotant	pilotant
plante-hôte	plante-hôte
planter	planter
ponctués	ponctués
post-doctoral	post-doctoral
prospecte	prospecte
prédisent	prédisent
pédologues	pédologues
racine	racine
rmn	rmn
stéphane	stéphane
symbiotique	symbiotique
symbiotiques	symbiotiques
temporelle	temporelle
tenter	tenter
virages	virages
aircore	aircore
atmospheric	atmospheric
carbon	carbon
ceacnrsuvsq	ceacnrsuvsq
conjointes	conjointes
coordonnant	coordonnant
gère	gère
head	head
icos	icos
irlande	irlande
lsce	lsce
mace	mace
maintient	maintient
mètre-étalon	mètre-étalon
noaa	noaa
oceanic	oceanic
partagés	partagés
passifsuivi	passifsuivi
prélèvement	prélèvement
respectif	respectif
alcatel	alcatel
antimonure	antimonure
arséniure	arséniure
autodirecteurs	autodirecteurs
club	club
gie	gie
iii-v	iii-v
indium	indium
infrared	infrared
infrarouges	infrarouges
ingaas	ingaas
insb	insb
lucent	lucent
maîtrisant	maîtrisant
missiles	missiles
photodetector	photodetector
photodétecteurs	photodétecteurs
quantum	quantum
qwip	qwip
refroidiesrenforcement	refroidiesrenforcement
tir	tir
well	well
135	135
aerokwai	aerokwai
aerowing	aerowing
annéessunaero	annéessunaero
asie-pacifique	asie-pacifique
bahru	bahru
cibler	cibler
compagnies	compagnies
consacre	consacre
dollars	dollars
engendrera	engendrera
fuites	fuites
genay	genay
immobilisation	immobilisation
implante	implante
indépendante	indépendante
inpi	inpi
johor	johor
localité	localité
malaisie	malaisie
récompensée	récompensée
singapour	singapour
société-soeur	société-soeur
trafic	trafic
us	us
binoculaire	binoculaire
ce2	ce2
cofinancés	cofinancés
debré	debré
federun	federun
has	has
neurologues	neurologues
neuropsychologues	neuropsychologues
oculomoteurs	oculomoteurs
ophtalmologues	ophtalmologues
orthophonistes	orthophonistes
orthoptistes	orthoptistes
psychiatres	psychiatres
recommandés	recommandés
retard	retard
robert	robert
trimestres	trimestres
adosser	adosser
agri	agri
agro-environnement	agro-environnement
amphithéâtre	amphithéâtre
appeler	appeler
biotisa	biotisa
bulbes	bulbes
constituant	constituant
construites	construites
coop	coop
embryon	embryon
existaient	existaient
faiblit	faiblit
farine	farine
grossir	grossir
hall	hall
historique	historique
imaginées	imaginées
implantées	implantées
jardinées	jardinées
obtentions	obtentions
pionnière	pionnière
prolongement	prolongement
prévoît	prévoît
puzzle	puzzle
rachetant	rachetant
rapatrier	rapatrier
reconstruit	reconstruit
rejoindra	rejoindra
respectueuse	respectueuse
restaurant	restaurant
ruche	ruche
réhabiliter	réhabiliter
rénové	rénové
vitagoraune	vitagoraune
welience	welience
2-h	2-h
2-heptanone	2-heptanone
abeille	abeille
abeilles	abeilles
agissaient	agissaient
anesthésiantes	anesthésiantes
anesthésique	anesthésique
anesthésiques	anesthésiques
animauxun	animauxun
apparue	apparue
arthropodes	arthropodes
canaux	canaux
chypriotes	chypriotes
fausse	fausse
glandes	glandes
génomes	génomes
intrus	intrus
larve	larve
legs	legs
lidocaine	lidocaine
mandibulaires	mandibulaires
mordus	mordus
nerf	nerf
one	one
paralyse	paralyse
plos	plos
publiées	publiées
repousser	repousser
sciatique	sciatique
similaires	similaires
spéciation	spéciation
sécrétée	sécrétée
teigne	teigne
venin	venin
éjecter	éjecter
acv	acv
appuieront	appuieront
eco-extraction	eco-extraction
extrait	extrait
matinée	matinée
matinéeutiliser	matinéeutiliser
mutualisée	mutualisée
obtention	obtention
préciser	préciser
éco-conception	éco-conception
éco-extraction	éco-extraction
1901	1901
2013-2014	2013-2014
academies	academies
académies	académies
affirmons	affirmons
agronomes	agronomes
ancien	ancien
angle	angle
appartient	appartient
architectes	architectes
assumant	assumant
aéronautiques	aéronautiques
bouffée	bouffée
bousculer	bousculer
cadas	cadas
candidat	candidat
caractère	caractère
cessait	cessait
compare	compare
comparée	comparée
comportait	comportait
coulées	coulées
cuves	cuves
devise	devise
disposions	disposions
domomédecine	domomédecine
etablissement	etablissement
euro-case	euro-case
fondeur	fondeur
gagné	gagné
honoraire	honoraire
illustre	illustre
independence	independence
indépendance	indépendance
intéressée	intéressée
judicieux	judicieux
juristes	juristes
lobby	lobby
marqués	marqués
mondes	mondes
montrait	montrait
motoristes	motoristes
métallurgie	métallurgie
métallurgique	métallurgique
occupé	occupé
opinion	opinion
partagé	partagé
philosophes	philosophes
raisonné	raisonné
regrettable	regrettable
remplir	remplir
revellin-falcoz	revellin-falcoz
roucairol	roucairol
récents	récents
secrétariat	secrétariat
sidérurgique	sidérurgique
sociologues	sociologues
sociétal	sociétal
succède	succède
suivons	suivons
technologiesune	technologiesune
tient-il	tient-il
titulaires	titulaires
urbanistes	urbanistes
utilité	utilité
vérifions	vérifions
élu	élu
émérites	émérites
2016	2016
actionnaire	actionnaire
allemandes	allemandes
artisanale	artisanale
autobus	autobus
bagarre	bagarre
bourlingué	bourlingué
cadmium	cadmium
cdte	cdte
certifié	certifié
cigs	cigs
cis	cis
climatisation	climatisation
connaissais	connaissais
continuer	continuer
copper	copper
courbes	courbes
customiser	customiser
dinasolar	dinasolar
disamegamark	disamegamark
disasolar	disasolar
déploiement	déploiement
est3ème	est3ème
fabriquant	fabriquant
gisement	gisement
hec	hec
imprimée	imprimée
imprimées	imprimées
installe	installe
intéressé	intéressé
limoges	limoges
limousin	limousin
mimétiques	mimétiques
miser	miser
mobilier	mobilier
navigateur	navigateur
opv	opv
organic	organic
photovoltaics	photovoltaics
polluantes	polluantes
posés	posés
poughon	poughon
pouvez	pouvez
représenté	représenté
selenide	selenide
signale	signale
sportif	sportif
suit	suit
tellure	tellure
thin	thin
tourner	tourner
tracée	tracée
trains	trains
voltage	voltage
yachts	yachts
émanation	émanation
équiper	équiper
2003-2004	2003-2004
angusticeps	angusticeps
araignées	araignées
arme	arme
axer	axer
biochimiste	biochimiste
brian	brian
chimiste	chimiste
considérer	considérer
contraction	contraction
contraste	contraste
contrôlent	contrôlent
dendroapsis	dendroapsis
denis	denis
entré	entré
firmes	firmes
focalisés	focalisés
franchi	franchi
g	g
ibitec-s	ibitec-s
instantles	instantles
ioniques	ioniques
kobilka	kobilka
lefkowitz	lefkowitz
ligands	ligands
mamba	mamba
mambas	mambas
marquage	marquage
mini-protéine	mini-protéine
muscariniques	muscariniques
obtenant	obtenant
orienté	orienté
pharmaceutiques	pharmaceutiques
pharmacologie	pharmacologie
pharmacologique	pharmacologique
pharmacologiques	pharmacologiques
pharmacologue	pharmacologue
poignée	poignée
protéine-protéine	protéine-protéine
prédation	prédation
rcpg	rcpg
scorpion	scorpion
scorpions	scorpions
serpents	serpents
sélectifs	sélectifs
technicien	technicien
tend	tend
toxine	toxine
toxines	toxines
valu	valu
venins	venins
vouloir	vouloir
agonistes	agonistes
boucles	boucles
bougognefranche-comté	bougognefranche-comté
cancérologie	cancérologie
cellulaires	cellulaires
cgns	cgns
conditionne	conditionne
dépendre	dépendre
désorganisation	désorganisation
exploitée	exploitée
exposée	exposée
gouvernant	gouvernant
génique	génique
influencés	influencés
inscrivent	inscrivent
invitation	invitation
jean-louis	jean-louis
junien	junien
lipid	lipid
lipidiques	lipidiques
lipidoprotéique	lipidoprotéique
microdomaines	microdomaines
microenvironnement	microenvironnement
modulation	modulation
ophtalmologie	ophtalmologie
phospholipides	phospholipides
plasmique	plasmique
poly-insaturés	poly-insaturés
pres	pres
prochaindes	prochaindes
protéines-clés	protéines-clés
radeaux	radeaux
raft	raft
raftomique	raftomique
rafts	rafts
reprogrammation	reprogrammation
régulateur	régulateur
rétrocontrôle	rétrocontrôle
sonne	sonne
subtil	subtil
séquestration	séquestration
traduction	traduction
élucider	élucider
étonne	étonne
brevetabilité	brevetabilité
bénigne	bénigne
bêta-bloquant	bêta-bloquant
co-développée	co-développée
cou	cou
dermatologie	dermatologie
entrepriseshémangiome	entrepriseshémangiome
fabre	fabre
fraise	fraise
guérison	guérison
hémangiome	hémangiome
hémangiomes	hémangiomes
infantile	infantile
infantiles	infantiles
levant	levant
léauté-labrèze	léauté-labrèze
maruho	maruho
nommée	nommée
nourrissons	nourrissons
orale	orale
placebo	placebo
propranolol	propranolol
pédiatrique	pédiatrique
quasi-complète	quasi-complète
répond	répond
satt	satt
tapissant	tapissant
thérapie	thérapie
total	total
tronc	tronc
vaisseaux	vaisseaux
valo	valo
agrochimique	agrochimique
biopharmaceutique	biopharmaceutique
bleu	bleu
co-finance	co-finance
exigés	exigés
mettra-t-elle	mettra-t-elle
monteils	monteils
méthylènescreening	méthylènescreening
pureté	pureté
ultra-pure	ultra-pure
égales	égales
2685	2685
absolu	absolu
actuellement200	actuellement200
cemes	cemes
délivrée	délivrée
elaboration	elaboration
engrenages	engrenages
fixer	fixer
nano-moteur	nano-moteur
ohio	ohio
pales	pales
plaçant	plaçant
préfigurent	préfigurent
raccourcie	raccourcie
rotation	rotation
rotor	rotor
rotule	rotule
ruthénium	ruthénium
servant	servant
stator	stator
tunnel	tunnel
zéro	zéro
électrons	électrons
88	88
aborderont	aborderont
aerosol	aerosol
apparues	apparues
conditionneurs	conditionneurs
cosmetics	cosmetics
cérémonies	cérémonies
dispensing	dispensing
distingueront	distingueront
nouveautés	nouveautés
packagingpcd	packagingpcd
pcd	pcd
perfumes	perfumes
pléiade	pléiade
pouls	pouls
speakers	speakers
tiennent	tiennent
traiteront	traiteront
3bcar	3bcar
agroparis	agroparis
biomass	biomass
biotechnology	biotechnology
bioénergies	bioénergies
futurol	futurol
gazéification	gazéification
genepi	genepi
greenstar	greenstar
nanobiotechnologies	nanobiotechnologies
oléagineux	oléagineux
pré-industriel	pré-industriel
pré-organisés	pré-organisés
présentation	présentation
recherche-industrie	recherche-industrie
recherchent	recherchent
serenade	serenade
techforum	techforum
white	white
éthanol	éthanol
12000	12000
convergences	convergences
emm	emm
euroneurop	euroneurop
innoecho	innoecho
innorobo	innorobo
marchésinnorobo	marchésinnorobo
nationalités	nationalités
participait	participait
personnelle	personnelle
robotiques	robotiques
thésame	thésame
tronic	tronic
126	126
74	74
accumulées	accumulées
areva	areva
arrivées	arrivées
arrêtés	arrêtés
assainissement	assainissement
asteralis	asteralis
banals	banals
béhar	béhar
béharle	béharle
chantiers	chantiers
concrétiser	concrétiser
créatrice	créatrice
dangereux	dangereux
déconstruction	déconstruction
décontamination	décontamination
découpe	découpe
frérot	frérot
germinet	germinet
heurte	heurte
intervenus	intervenus
intégrateur	intégrateur
irradiés	irradiés
obligations	obligations
polluée	polluée
positionne	positionne
proprement	proprement
pèse	pèse
radioprotection	radioprotection
réclame	réclame
trie	trie
up1	up1
veolia	veolia
véolia	véolia
électronucléaire	électronucléaire
aff	aff
amf	amf
cemafroid	cemafroid
cemafroidchaîne	cemafroidchaîne
chargés	chargés
chauds	chauds
concerneront	concerneront
débattre	débattre
fournaison	fournaison
frigorifiques	frigorifiques
frigorigènes	frigorigènes
gpan	gpan
iccc	iccc
iir	iir
institutionnaliser	institutionnaliser
jumelage	jumelage
mènent-ils	mènent-ils
perdus	perdus
possédons	possédons
sponsorisé	sponsorisé
supermarché	supermarché
sustainability	sustainability
traitera	traitera
advisor	advisor
agrossup	agrossup
agrosup	agrosup
alter	alter
amphis	amphis
appelait	appelait
aptitudes	aptitudes
arilait-recherche	arilait-recherche
atypique	atypique
avais	avais
bourg-en-bresse	bourg-en-bresse
bourgogneparenthèse	bourgogneparenthèse
cargill	cargill
cayot	cayot
considère	considère
coopératif	coopératif
créatif	créatif
dijonuniversité	dijonuniversité
diriger	diriger
délocalisée	délocalisée
ego	ego
embauche	embauche
emma	emma
enrichissante	enrichissante
ensbana	ensbana
enseigne	enseigne
freinant	freinant
matrices	matrices
microbiologiques	microbiologiques
multiplie	multiplie
nestlé	nestlé
oxydatifs	oxydatifs
pam	pam
parenthèse	parenthèse
penser	penser
pointu	pointu
posteriori	posteriori
ressourcer	ressourcer
riz	riz
réintégré	réintégré
senior	senior
touche-à-tout	touche-à-tout
travaillait	travaillait
vapeurs	vapeurs
vilvorde	vilvorde
électrochimie	électrochimie
2013innovation	2013innovation
accompagnées	accompagnées
amorcer	amorcer
audit	audit
btob	btob
cohérentes	cohérentes
correctives	correctives
demandé	demandé
engageant	engageant
explicites	explicites
focalisées	focalisées
jalon	jalon
latente	latente
moyenlong	moyenlong
offrait	offrait
prospects	prospects
pré-qualifié	pré-qualifié
pré-qualifiées	pré-qualifiées
recalant	recalant
rhônalpines	rhônalpines
réfléchissant	réfléchissant
sécuriser	sécuriser
transférant	transférant
variable	variable
accroît	accroît
accueillie	accueillie
breuillet	breuillet
brics	brics
brut	brut
calme	calme
citations	citations
co-organisé	co-organisé
connaissons	connaissons
conquête	conquête
consolide	consolide
consolider	consolider
corée	corée
crci	crci
déplacée	déplacée
embûches	embûches
f2c	f2c
fgbu	fgbu
fructueux	fructueux
gouvernementale	gouvernementale
hong	hong
illustration	illustration
indifférents	indifférents
invite-elle	invite-elle
jumelée	jumelée
jusque	jusque
kbcc	kbcc
kong	kong
kyushu	kyushu
lao	lao
lieues	lieues
maire	maire
marathon	marathon
mentalités	mentalités
moscou	moscou
nii	nii
pensée	pensée
pont	pont
profité	profité
prônée	prônée
périmètre	périmètre
ramn	ramn
rêve	rêve
semaine	semaine
semée	semée
seniors	seniors
siensvitagora	siensvitagora
sigle	sigle
sénat	sénat
thématique-phare	thématique-phare
tseu	tseu
têtes	têtes
vaut-il	vaut-il
venue	venue
volgograd	volgograd
vôtres	vôtres
émergents	émergents
bore-azote	bore-azote
connaissez	connaissez
différentedes	différentedes
douce	douce
désigne	désigne
embouchures	embouchures
exploitable	exploitable
exploite	exploite
extrapole	extrapole
façons	façons
gigantesque	gigantesque
gradients	gradients
imperméable	imperméable
intermédiaire	intermédiaire
ions	ions
isolante	isolante
kw	kw
laissant	laissant
mettez	mettez
mw	mw
nano-ampère	nano-ampère
osmotique	osmotique
osmotiques	osmotiques
percée	percée
réfléchir	réfléchir
réservoirs	réservoirs
salins	salins
salée	salée
semi-perméable	semi-perméable
semi-perméables	semi-perméables
traversant	traversant
turbine	turbine
térawat	térawat
voilà	voilà
watts	watts
électriquement	électriquement
affirmé	affirmé
alimenté	alimenté
après-kyoto	après-kyoto
bouttes	bouttes
coriolis	coriolis
demay	demay
economie	economie
favorisant	favorisant
gouvernance	gouvernance
humanités	humanités
jean-paul	jean-paul
parution	parution
polytechniquechaire	polytechniquechaire
renouveler	renouveler
reparti	reparti
représentations	représentations
ressentions	ressentions
rigueur	rigueur
yves	yves
centrifugation	centrifugation
constructeurs	constructeurs
décantation	décantation
eauréutilisation	eauréutilisation
ensembliers	ensembliers
flottation	flottation
générée	générée
ifts	ifts
membranaires	membranaires
requise	requise
retours	retours
réutilisation	réutilisation
séparatives	séparatives
épuration	épuration
16ème	16ème
4i	4i
alpin	alpin
dévoiler	dévoiler
lamureforum	lamureforum
personnalités	personnalités
rhônalpine	rhônalpine
tremplin	tremplin
trophée	trophée
venture	venture
vitrine	vitrine
abusent	abusent
accompagnent	accompagnent
approprient	approprient
bébés	bébés
cachent	cachent
cinéma	cinéma
clinicienscet	clinicienscet
consoles	consoles
dangers	dangers
déconcertante	déconcertante
désarmés	désarmés
guide	guide
indirects	indirects
involontairement	involontairement
méditerl	méditerl
neurosciences	neurosciences
pommier	pommier
psychologie	psychologie
psychologues	psychologues
relire	relire
ressentir	ressentir
rédigé	rédigé
tablettes	tablettes
télévision	télévision
éducateurs	éducateurs
afni	afni
amène	amène
anglo-saxons	anglo-saxons
annoncent	annoncent
ap1000	ap1000
arabe	arabe
arabes	arabes
assiste	assiste
attendons	attendons
bugat	bugat
chirac	chirac
considérée	considérée
cookies	cookies
coréens	coréens
crédible	crédible
décident	décident
démarre	démarre
emirats	emirats
engager	engager
experts-partenaires	experts-partenaires
forceps	forceps
framatome	framatome
franchit	franchit
french	french
frémissements	frémissements
félicite-t-ilnucadvisor	félicite-t-ilnucadvisor
ingérop	ingérop
invivable	invivable
ironie	ironie
jordanie	jordanie
justement	justement
kenya	kenya
koweit	koweit
libye	libye
lituanie	lituanie
nucadvisor	nucadvisor
opter	opter
ouvrant	ouvrant
paisible	paisible
patrons	patrons
perceptibles	perceptibles
ponctuées	ponctuées
puissions	puissions
recentrer	recentrer
redémarrage	redémarrage
renaissance	renaissance
réjouit	réjouit
rêvé	rêvé
sarkozy	sarkozy
sauter	sauter
soubresauts	soubresauts
standards	standards
sud-africain	sud-africain
surpris	surpris
survienne	survienne
sérieuses	sérieuses
tempête	tempête
tort	tort
touches	touches
traversée	traversée
traversées	traversées
ultérieurement	ultérieurement
vignon	vignon
visités	visités
voulais	voulais
voyages	voyages
westinghouse	westinghouse
étendue	étendue
acclimater	acclimater
agro-industrielle	agro-industrielle
aléas	aléas
amalgame	amalgame
améliorant	améliorant
appropriés	appropriés
argile	argile
ariège	ariège
armées	armées
attapulgite	attapulgite
attaque	attaque
attaques	attaques
avait-il	avait-il
babethanol	babethanol
basiques	basiques
beaux-arts	beaux-arts
belles	belles
bio-éthanol	bio-éthanol
bleus	bleus
blocus	blocus
brassons	brassons
capa	capa
catar	catar
cathare	cathare
cocagne	cocagne
conclusionde	conclusionde
consistant	consistant
culturale	culturale
dessiné	dessiné
donnait	donnait
durait	durait
décliné	décliné
extraites	extraites
formulateur	formulateur
grappe	grappe
impliquant	impliquant
indes	indes
inlassablement	inlassablement
intéressait	intéressait
kilogrammes	kilogrammes
lambert	lambert
lectoure	lectoure
maya	maya
mayas	mayas
napoléon	napoléon
oblige	oblige
obtenait	obtenait
occupait	occupait
passionné	passionné
pastel	pastel
phyto-chimique	phyto-chimique
pigment	pigment
pigments	pigments
présentait	présentait
quarantaine	quarantaine
recèlent	recèlent
résistant	résistant
souhaitait	souhaitait
subissait	subissait
tardé	tardé
teindre	teindre
tinctoriales	tinctoriales
toulousaine	toulousaine
uniformes	uniformes
vilarem	vilarem
visage	visage
émotion	émotion
absorption	absorption
acid	acid
aisément	aisément
amer	amer
besnard	besnard
bourgeons	bourgeons
cd	cd
cd36	cd36
curiosité	curiosité
dijonexiste-t-il	dijonexiste-t-il
dis	dis
désigner	désigner
eile	eile
existe-t-il	existe-t-il
fatty	fatty
goûtent	goûtent
gustation	gustation
gustatives	gustatives
hypothalamus	hypothalamus
inconscient	inconscient
jouerait	jouerait
lingual	lingual
lipidique	lipidique
lipido-récepteurs	lipido-récepteurs
méfiance	méfiance
nutox	nutox
odeur	odeur
oro-détection	oro-détection
oro-intestinal-hypothalamus	oro-intestinal-hypothalamus
oro-sensorielle	oro-sensorielle
papilles	papilles
perceptible	perceptible
prenez	prenez
procure	procure
précarité	précarité
requises	requises
retrouverait	retrouverait
rongeurs	rongeurs
réellement	réellement
salé	salé
sensation	sensation
senseur	senseur
sensofat	sensofat
spontanée	spontanée
sucré	sucré
suggèrent	suggèrent
supposer	supposer
surprendre	surprendre
suscitent	suscitent
transporteurs	transporteurs
tromper	tromper
umami	umami
évolutif	évolutif
accidentellement	accidentellement
androconie	androconie
androconies	androconies
archon	archon
attirent	attirent
attraction	attraction
bosse	bosse
bouleversant	bouleversant
chemoecology	chemoecology
congénères	congénères
dattiers	dattiers
endémiques	endémiques
femelle	femelle
femelles	femelles
frotte	frotte
griffe	griffe
importation	importation
infestés	infestés
morphologique	morphologique
mâle	mâle
mâles	mâles
médiane	médiane
méditerranéenne	méditerranéenne
nuptiale	nuptiale
ornementaux	ornementaux
palmivore	palmivore
papillons	papillons
parade	parade
patte	patte
pattes	pattes
paysandisia	paysandisia
perçues	perçues
phéromone	phéromone
piégeage	piégeage
ravage	ravage
ravageur	ravageur
répandu	répandu
sexueldécouverte	sexueldécouverte
sème	sème
tarses	tarses
trait	trait
afis	afis
aguerris	aguerris
aldebaran	aldebaran
automated	automated
biométrie	biométrie
créneaux	créneaux
cédée	cédée
dotant	dotant
dépassera	dépassera
faciale	faciale
fingerprint	fingerprint
humanoïde	humanoïde
idéale	idéale
ingénieurs-inventeurs	ingénieurs-inventeurs
interactives	interactives
investi	investi
lavet	lavet
maisonnier	maisonnier
marius	marius
morpho	morpho
nao	nao
paysaldebaran	paysaldebaran
romeo	romeo
récompensés	récompensés
sécurisées	sécurisées
terminaux	terminaux
transactions	transactions
télécom	télécom
accompagnant	accompagnant
aft	aft
agathe	agathe
agro-ressources	agro-ressources
agro-sourcés	agro-sourcés
bactéricides	bactéricides
bioindustriel	bioindustriel
camembert	camembert
chanvre	chanvre
charcutiers	charcutiers
charger	charger
cloche	cloche
co-labellisé	co-labellisé
convaincre	convaincre
cvg	cvg
dotées	dotées
désorption	désorption
emac	emac
emballages	emballages
encourager	encourager
esiec	esiec
fassent	fassent
financeurs	financeurs
fontaine	fontaine
glucides	glucides
habitude	habitude
iar	iar
icmub	icmub
incorporés	incorporés
introduits	introduits
lactalis	lactalis
lempe	lempe
légitimité	légitimité
micro-aérée	micro-aérée
montage	montage
monter	monter
mougin	mougin
nécessiter	nécessiter
paticipants	paticipants
penant	penant
perméable	perméable
plastilax	plastilax
positivement	positivement
reims	reims
relarguer	relarguer
régler	régler
réussissent	réussissent
salaisons	salaisons
sorption	sorption
tienne	tienne
viagora	viagora
welienceprojet	welienceprojet
wipak	wipak
équipage	équipage
borne	borne
bornes	bornes
canal	canal
chrome	chrome
conducteurs	conducteurs
entoure	entoure
grille	grille
hainaut-cambresisisen	hainaut-cambresisisen
inférieure	inférieure
interrupteur	interrupteur
lilleuniversité	lilleuniversité
lithographiques	lithographiques
nanomètresvers	nanomètresvers
nanoscale	nanoscale
nanotechnologie	nanotechnologie
passées	passées
planaire	planaire
reliant	reliant
relie	relie
semi-conducteur	semi-conducteur
valenciennes	valenciennes
a380	a380
ajusteuse	ajusteuse
apprenti	apprenti
apprentie	apprentie
bodet	bodet
collègue	collègue
exercent	exercent
exercer	exercer
fille	fille
imaginé	imaginé
pratiqués	pratiqués
précise-t-ellemédaille	précise-t-ellemédaille
préparait	préparait
réjouir	réjouir
saint-nazaire	saint-nazaire
sandy	sandy
structural	structural
apports	apports
chapdaniel	chapdaniel
chapdanielsustainable	chapdanielsustainable
demand	demand
demand-supply	demand-supply
enrichie	enrichie
entend	entend
informationnels	informationnels
organisationnelle	organisationnelle
organisations	organisations
postures	postures
prenantes	prenantes
sdsc	sdsc
sofiproteol	sofiproteol
sous-jacente	sous-jacente
supply	supply
terrena	terrena
u	u
abstraire	abstraire
ajoute-t-elle	ajoute-t-elle
anantharaman	anantharaman
apprend	apprend
appétit	appétit
arranger	arranger
athlète	athlète
attribués	attribués
auditoires	auditoires
avanciez	avanciez
bibliothèque	bibliothèque
bonnes	bonnes
bourgain	bourgain
bures-sur-yvette	bures-sur-yvette
chaotique	chaotique
confinée	confinée
confrères	confrères
congress	congress
crayon	crayon
crèche	crèche
curieux	curieux
documents	documents
déclare-t-elle	déclare-t-elle
décrire	décrire
déplaire	déplaire
détaché	détaché
einstein	einstein
enrichissants	enrichissants
entendais	entendais
enthousiasme-t-elle	enthousiasme-t-elle
essayons-nous	essayons-nous
existera	existera
famillenalini	famillenalini
file	file
gardent	gardent
grec	grec
gödel	gödel
herbrand	herbrand
heureuse	heureuse
icmp	icmp
ihes	ihes
inconnus	inconnus
insomnies	insomnies
interférence	interférence
jalonnées	jalonnées
jersey	jersey
kontsevich	kontsevich
kurt	kurt
ledrappier	ledrappier
lâche-t-elle	lâche-t-elle
maman	maman
mariée	mariée
mathematical	mathematical
mathématicienne	mathématicienne
maxime	maxime
miracle	miracle
modestie	modestie
motivantes	motivantes
motivée	motivée
médailles	médailles
nalini	nalini
neumann	neumann
négligeable	négligeable
néophytes	néophytes
observe-t-elle	observe-t-elle
oppenheimer	oppenheimer
ouplus	ouplus
outre-atlantique	outre-atlantique
papier	papier
paris-vi	paris-vi
passagères	passagères
pense-t-elle	pense-t-elle
penserons	penserons
permanent	permanent
peter	peter
philosophe	philosophe
physics	physics
phénoménale	phénoménale
possèdent	possèdent
prenants	prenants
propage	propage
propager	propager
quotidiennes	quotidiennes
raphaël	raphaël
rebondir	rebondir
rebondissant	rebondissant
reconnaissant	reconnaissant
reconnaissent	reconnaissent
remplie	remplie
retient	retient
rythment	rythment
récompenses	récompenses
résume-t-elle	résume-t-elle
sacrifier	sacrifier
salem	salem
sarnak	sarnak
section	section
sent	sent
souffrance	souffrance
souligne-t-elle	souligne-t-elle
souvenirs	souvenirs
study	study
succédé	succédé
surgissent	surgissent
surhumains	surhumains
séjourner	séjourner
tarder	tarder
tranquille	tranquille
trentenaire	trentenaire
écrivain	écrivain
éloignés	éloignés
étoffe	étoffe
117	117
560	560
747	747
acoustiquemusique	acoustiquemusique
aerospace	aerospace
antine	antine
archétype	archétype
audacieux	audacieux
aéroportuaires	aéroportuaires
bpi	bpi
châteauroux	châteauroux
commercialisée	commercialisée
culturelle	culturelle
déchiffrer	déchiffrer
décisives	décisives
déploré	déploré
encaissée	encaissée
envol	envol
exportait	exportait
exportent	exportent
francfort	francfort
freiner	freiner
géniaux	géniaux
hérauts	hérauts
indre-et-loire	indre-et-loire
inventent	inventent
inventeurs	inventeurs
inventifs	inventifs
ircam	ircam
israël	israël
jambe	jambe
lufthansa	lufthansa
machine	machine
maguin	maguin
merveille	merveille
montebourg	montebourg
montlouis	montlouis
productiftld	productiftld
qualifiés	qualifiés
rapports	rapports
rêvons	rêvons
scepticisme	scepticisme
sorigny	sorigny
subit	subit
taxibot	taxibot
tenant	tenant
tld	tld
tracteur	tracteur
tracteurs	tracteurs
tracté	tracté
travailleront	travailleront
unir	unir
voyageurs	voyageurs
écolo	écolo
64	64
activées	activées
amplificateur	amplificateur
amplificateurs	amplificateurs
amplificatrice	amplificatrice
amplificatrices	amplificatrices
amplifying	amplifying
barreau	barreau
bouffées	bouffées
cadence	cadence
can	can
cheveu	cheveu
chuter	chuter
coherent	coherent
compacts	compacts
conduction	conduction
diode	diode
dopé	dopé
equipé	equipé
gev	gev
giga	giga
ican	ican
impressionnante	impressionnante
impulsions	impulsions
insurmontable	insurmontable
interféromètre	interféromètre
khz	khz
limitent	limitent
millième	millième
monomodes	monomodes
médiocre	médiocre
paraissait	paraissait
photonics	photonics
positrons	positrons
rac	rac
recombinées	recombinées
refroidissement	refroidissement
relâchée	relâchée
rubis	rubis
spécial	spécial
tev	tev
tirs	tirs
ultra	ultra
validée	validée
volts	volts
véhiculant	véhiculant
énergiesphysique	énergiesphysique
épaisseur	épaisseur
évacuer	évacuer
182	182
adoptés	adoptés
amundi	amundi
antigènes	antigènes
bivalent	bivalent
clairance	clairance
col	col
commercialisés	commercialisés
cyaa	cyaa
diagnostiquées	diagnostiquées
délivrance	délivrance
edmond	edmond
edrip	edrip
equity	equity
estimations	estimations
funds	funds
genticel	genticel
hpv	hpv
hpv16	hpv16
idinvest	idinvest
importantesgenticel	importantesgenticel
investment	investment
irdi	irdi
millons	millons
multivalent	multivalent
papillome	papillome
patientes	patientes
porteuses	porteuses
private	private
procervix	procervix
proportionnelle	proportionnelle
préventifs	préventifs
rothschild	rothschild
sous-types	sous-types
traitées	traitées
transporte	transporte
utérus	utérus
virale	virale
virales	virales
wellington	wellington
éliminer	éliminer
145	145
2009-2015	2009-2015
312	312
adéquat	adéquat
biausser	biausser
casablanca	casablanca
emergence	emergence
entretiennent	entretiennent
généralistes	généralistes
innovantsouverture	innovantsouverture
inscrits	inscrits
leaders	leaders
lucratif	lucratif
marocain	marocain
marocains	marocains
mohamed	mohamed
roi	roi
royal	royal
république	république
vi	vi
étroits	étroits
amiral	amiral
assystem	assystem
aéromaritime	aéromaritime
cession	cession
coindreau	coindreau
complexes8ème	complexes8ème
culturelles	culturelles
donnera	donnera
fédératrice	fédératrice
grid	grid
harmattan	harmattan
igpsc	igpsc
illustrée	illustrée
manquer	manquer
permette	permette
retrouveront	retrouveront
simulateur	simulateur
smart	smart
tirer	tirer
anticorpspremières	anticorpspremières
aritt	aritt
assises	assises
balaieront	balaieront
biomédicament	biomédicament
biomédicaments	biomédicaments
bioproduction	bioproduction
biosimilaire	biosimilaire
biosimilaires	biosimilaires
bioéquivalence	bioéquivalence
environnants	environnants
formulation	formulation
mabimprove	mabimprove
monoclonaux	monoclonaux
seront-elles	seront-elles
tomber	tomber
watier	watier
éthiques	éthiques
2entpe	2entpe
48	48
acuité	acuité
aménageurs	aménageurs
analytics	analytics
aon	aon
athéna	athéna
benfield	benfield
bourdelais	bourdelais
catopsys	catopsys
charenton	charenton
combat	combat
conçoivent	conçoivent
cubiculum	cubiculum
détour	détour
entendre	entendre
entendue	entendue
exactes	exactes
freturb	freturb
géographes	géographes
hésitez	hésitez
innovatives	innovatives
inshs	inshs
intéresseront	intéresseront
investigations	investigations
magéo	magéo
minutieux	minutieux
msh	msh
musicologie	musicologie
partition	partition
patrimoine	patrimoine
permise	permise
posters	posters
prochainsinnovatives	prochainsinnovatives
reconstitution	reconstitution
reconstructions	reconstructions
restitution	restitution
réassurance	réassurance
shs	shs
sonore	sonore
stands	stands
sévérité	sévérité
xvième	xvième
épidémies	épidémies
130	130
352	352
agit-il	agit-il
citoyens	citoyens
colporter	colporter
de-ci	de-ci
de-là	de-là
difficilel	difficilel
forger	forger
glanées	glanées
gouvernent	gouvernent
géochimiste	géochimiste
illustrations	illustrations
jeandel	jeandel
lois	lois
légitimées	légitimées
mosseri	mosseri
parcellaires	parcellaires
ponctuent	ponctuent
rumeurs	rumeurs
rédigés	rédigés
réserver	réserver
suffisantes	suffisantes
trouvera	trouvera
viendront	viendront
vitale	vitale
énergivores	énergivores
1983	1983
276	276
abordé	abordé
académiciens	académiciens
alimentent	alimentent
allée	allée
apportant	apportant
assène	assène
attendue	attendue
boom	boom
bouquet	bouquet
commercer	commercer
commissions	commissions
connaissait	connaissait
crédibilité	crédibilité
dehecq	dehecq
difficiles	difficiles
disposaient	disposaient
dresse-t-il	dresse-t-il
décortiqués	décortiqués
déplore-t-il	déplore-t-il
finançant	finançant
fronts	fronts
gouvernants	gouvernants
guère	guère
hier	hier
industrialisés	industrialisés
inspecteurs	inspecteurs
insuffisante	insuffisante
journaliste	journaliste
loger	loger
mid	mid
modernisation	modernisation
naît	naît
nourrissent	nourrissent
pib	pib
piliers	piliers
piétiné	piétiné
planchent	planchent
postes	postes
préoccupe	préoccupe
prétend	prétend
reflet	reflet
releveracadémie	releveracadémie
restants	restants
réindustrialisation	réindustrialisation
schiste	schiste
soigner	soigner
synthèses	synthèses
tardive	tardive
technologue	technologue
tentant	tentant
universelles	universelles
weil	weil
éclairer	éclairer
étonnera	étonnera
2009-2012	2009-2012
adresser	adresser
affecter	affecter
agrès	agrès
ancre	ancre
arctiques	arctiques
autochtones	autochtones
autorités	autorités
bourgois	bourgois
bowler	bowler
chris	chris
circle	circle
circumnavigation	circumnavigation
cnrsens	cnrsens
contrées	contrées
creux	creux
descendu	descendu
diplomatique	diplomatique
décrypter	décrypter
embl	embl
empruntant	empruntant
emprunter	emprunter
entamant	entamant
escales	escales
etienne	etienne
expédition	expédition
expéditions	expéditions
frôler	frôler
immiscent	immiscent
impacte	impacte
impacté	impacté
impressionnants	impressionnants
intéressera	intéressera
jean-claude	jean-claude
km2	km2
levé	levé
loceanipsl-cnrsupmcirdmnhn	loceanipsl-cnrsupmcirdmnhn
lorient	lorient
marche	marche
maritimes	maritimes
maxi	maxi
monaco	monaco
méconnues	méconnues
naviguer	naviguer
nord-est	nord-est
nord-ouest	nord-ouest
oceans	oceans
pain	pain
parachevant	parachevant
parcourus	parcourus
planche	planche
plancton	plancton
planctonique	planctonique
planctoniques	planctoniques
polar	polar
pollutions	pollutions
prince	prince
quitté	quitté
reculées	reculées
remercier	remercier
rencontrées	rencontrées
récolte	récolte
récolter	récolter
tara	tara
urgents	urgents
vêtements	vêtements
écologiquetara	écologiquetara
émérite	émérite
710	710
aggravation	aggravation
alf	alf
amylgen	amylgen
amyloid-ß	amyloid-ß
antioxydant	antioxydant
bioprotein	bioprotein
bretillon	bretillon
cancerde	cancerde
causalité	causalité
codée	codée
cognitifs	cognitifs
conduisait	conduisait
contrecarrer	contrecarrer
conviction	conviction
deficits	deficits
dijonnaises	dijonnaises
dysfonctions	dysfonctions
défendue	défendue
démontre	démontre
déposant	déposant
e	e
etudesuniversité	etudesuniversité
exemplaire	exemplaire
gene	gene
génèrent	génèrent
hémato-encéphalique	hémato-encéphalique
incidence	incidence
increased	increased
injecté	injecté
insermecole	insermecole
intersection	intersection
invalidation	invalidation
knockout	knockout
lagrost	lagrost
lamprecht	lamprecht
lapines	lapines
lara-spiral	lara-spiral
lipoprotéines	lipoprotéines
liposoluble	liposoluble
lipstic	lipstic
lnc	lnc
memory	memory
mice	mice
mimer	mimer
nano-vectoriser	nano-vectoriser
neuropsychopharmacology	neuropsychopharmacology
orientées	orientées
out	out
oxydant	oxydant
peptide-induced	peptide-induced
phospholipid	phospholipid
pltp	pltp
pltp-knocked	pltp-knocked
poursuivent-elles	poursuivent-elles
protein	protein
recombinants	recombinants
reconduit	reconduit
répercussions	répercussions
rétine	rétine
rétinienne	rétinienne
satisfaisante	satisfaisante
supplémentant	supplémentant
symptômes	symptômes
transfer	transfer
transgéniques	transgéniques
vectorisée	vectorisée
vitamine	vitamine
épithéliales	épithéliales
œil	œil
bangladais	bangladais
bangladesh	bangladesh
bank	bank
banquier	banquier
choisies	choisies
choses	choses
co-construire	co-construire
commettaient	commettaient
comparaisons	comparaisons
conteste	conteste
corinne	corinne
culot	culot
dsf	dsf
déçus	déçus
egg-energy	egg-energy
enthousiasmesystèmes	enthousiasmesystèmes
erreurs	erreurs
escale	escale
ferme	ferme
finisse	finisse
grameen	grameen
hexagonal	hexagonal
hugo	hugo
laos	laos
larchey	larchey
livrer	livrer
mayonnaise	mayonnaise
microcrédit	microcrédit
mohammad	mohammad
montaient	montaient
muhammad	muhammad
niccolaï	niccolaï
ong	ong
paix	paix
pamatec	pamatec
pauvres	pauvres
philippines	philippines
planet	planet
practical	practical
préféré	préféré
périple	périple
pérou	pérou
québec	québec
relationnel	relationnel
retenue	retenue
rêvait	rêvait
serait-ce	serait-ce
souhaits	souhaits
sunlabob	sunlabob
surnommé	surnommé
tanzanie	tanzanie
terminait	terminait
villages	villages
vécues	vécues
yunus	yunus
électrification	électrification
array	array
capturera	capturera
cherenkov	cherenkov
cosmiques	cosmiques
cta	cta
célestes	célestes
destinée	destinée
desy	desy
deutsches	deutsches
elektronen-synchrotron	elektronen-synchrotron
elements	elements
finaliser	finaliser
fondamentalecherenkov	fondamentalecherenkov
galaxie	galaxie
gamma	gamma
gamma-ray	gamma-ray
gate	gate
leprince-ringuet	leprince-ringuet
polytechniquecnrs	polytechniquecnrs
réglages	réglages
automatiser	automatiser
biosimulation	biosimulation
concepteur	concepteur
embarquée	embarquée
exploitationrhepatch	exploitationrhepatch
faupel	faupel
gageure	gageure
généralisé	généralisé
mulhouse	mulhouse
neurologiques	neurologiques
parvenu	parvenu
pré-industrialisation	pré-industrialisation
pré-programmé	pré-programmé
psychiatriques	psychiatriques
rhenovia	rhenovia
rhepach	rhepach
rhepatch	rhepatch
timbre	timbre
traitements	traitements
transdermique	transdermique
vente	vente
dels	dels
lumineuse	lumineuse
lumineuses	lumineuses
néon	néon
payslorsque	payslorsque
perdent	perdent
verrou	verrou
économes	économes
économiser	économiser
amplifiée	amplifiée
biphotonique	biphotonique
brillance	brillance
chemical	chemical
colorants	colorants
foie	foie
fourierceainsermchu	fourierceainsermchu
lem-phea	lem-phea
malade	malade
millimètres	millimètres
nettement	nettement
reins	reins
résidu	résidu
révélé	révélé
surclasse	surclasse
vasculaire	vasculaire
éliminé	éliminé
20148ème	20148ème
android	android
aquatique	aquatique
bioindustries	bioindustries
contest	contest
correspondants	correspondants
cuvée	cuvée
exposera	exposera
extia	extia
handicapée	handicapée
killer	killer
multiplatforme	multiplatforme
muni	muni
nano-micro	nano-micro
phone	phone
plongeur	plongeur
santé-environnement-handicap	santé-environnement-handicap
spie	spie
subject	subject
windows	windows
215	215
accueillantes	accueillantes
admis	admis
affichée	affichée
apprentis	apprentis
armés	armés
articulant	articulant
cinquantaine	cinquantaine
collectifs	collectifs
complètent	complètent
criant	criant
croyez	croyez
cévennes	cévennes
dgcis	dgcis
dge	dge
douai	douai
goubet	goubet
idé	idé
imt	imt
inquiètes	inquiètes
lean	lean
maths	maths
mines-télécom	mines-télécom
miniers	miniers
métrologie	métrologie
nations	nations
peuplé	peuplé
polymorphe	polymorphe
pressent	pressent
province	province
proximités	proximités
prédécesseur	prédécesseur
rattachement	rattachement
recentrant	recentrant
records	records
reviens	reviens
réeuropéanisation	réeuropéanisation
réeuropéaniser	réeuropéaniser
régale	régale
sereine	sereine
shanghaï	shanghaï
spé	spé
structurée	structurée
sup	sup
thésards	thésards
traduite	traduite
unies	unies
valorisées	valorisées
étonne-t-il	étonne-t-il
anthropologie	anthropologie
anthropologue	anthropologue
anthropologues	anthropologues
archéologiques	archéologiques
associée	associée
auraient	auraient
bordelaise	bordelaise
cnrs-académie	cnrs-académie
constant	constant
copies	copies
coqueugniot	coqueugniot
desbarats	desbarats
diaphyse	diaphyse
dirigés	dirigés
dutailly	dutailly
dutour	dutour
encéphale	encéphale
endommager	endommager
entiers	entiers
ephe	ephe
erectus	erectus
fidèles	fidèles
franco-russe	franco-russe
fémur	fémur
gabarit	gabarit
gomme	gomme
greffon	greffon
homo	homo
hélène	hélène
imprimante	imprimante
imprimé	imprimé
informaticien	informaticien
labri	labri
mandibule	mandibule
miliaires	miliaires
modeler	modeler
noué	noué
observables	observables
ossements	ossements
pacea	pacea
paleo-specimens	paleo-specimens
paléopathologie	paléopathologie
paléopathologiste	paléopathologiste
pathologiques	pathologiques
per-opératoire	per-opératoire
projectile	projectile
propriétaires	propriétaires
préhistoire	préhistoire
quantitatifs	quantitatifs
rachitiques	rachitiques
rachitisme	rachitisme
rapprochée	rapprochée
reconstitué	reconstitué
reconstructrice	reconstructrice
scanné	scanné
soldats	soldats
sophistiquées	sophistiquées
subis	subis
syphilis	syphilis
syphilitique	syphilitique
tivmi	tivmi
traumatisé	traumatisé
tuberculeuses	tuberculeuses
tuberculose	tuberculose
ulcérations	ulcérations
valise	valise
valises	valises
vircopal	vircopal
virtual	virtual
virtuellement	virtuellement
émotionvircopal	émotionvircopal
-80	-80
acquise	acquise
budgétaire	budgétaire
budgétaires	budgétaires
compté	compté
demandera	demandera
décortiquer	décortiquer
décrocher	décrocher
dérisoirele	dérisoirele
entrepris	entrepris
habitent	habitent
hallucinante	hallucinante
ignorons	ignorons
ignoré	ignoré
inflammatoire	inflammatoire
intégrante	intégrante
larges	larges
metafun	metafun
metagenopolis	metagenopolis
metaquant	metaquant
mgp	mgp
micro-obese	micro-obese
négligé	négligé
paraît	paraît
pronostic	pronostic
précurseurs	précurseurs
prélevées	prélevées
puissantes	puissantes
rallonge	rallonge
repérions	repérions
restrictions	restrictions
robotiser	robotiser
réceptive	réceptive
savions	savions
selles	selles
substantiel	substantiel
substantielles	substantielles
économies	économies
élargi	élargi
72000	72000
adecal	adecal
adrien	adrien
amical	amical
aquaculture	aquaculture
aquarium	aquarium
cadoret	cadoret
calédonie	calédonie
calédonien	calédonien
côtières	côtières
eldorado	eldorado
formidables	formidables
lagons	lagons
nouméa	nouméa
recensées	recensées
rivaton	rivaton
énergiemicroalgues	énergiemicroalgues
abriter	abriter
altimètre	altimètre
altimétrique	altimétrique
annie	annie
apparu	apparu
bulletin	bulletin
cazenave	cazenave
cerface	cerface
cinétique	cinétique
cls	cls
cnrscnesirdompuniversité	cnrscnesirdompuniversité
courants	courants
couvrira	couvrira
doutait	doutait
déclencheur	déclencheur
essor	essor
franco-américain	franco-américain
géodésie	géodésie
géodésiens	géodésiens
initiateur	initiateur
jason-1	jason-1
jason-2	jason-2
jason-3	jason-3
legos	legos
malvie	malvie
mercator	mercator
meurent	meurent
midi-pyrénéestoulouse	midi-pyrénéestoulouse
méteo	méteo
naissent	naissent
ocean	ocean
océanographes	océanographes
poséidon	poséidon
poussant	poussant
prônaient	prônaient
retranchements	retranchements
rivières	rivières
réussie	réussie
shom	shom
swot	swot
topex-poséidon	topex-poséidon
topography	topography
tourbillons	tourbillons
transportent	transportent
trouvait	trouvait
turbulent	turbulent
visionnaires	visionnaires
2012prix	2012prix
ambulatoire	ambulatoire
aqueuse	aqueuse
ciliaire	ciliaire
citoyenne	citoyenne
cjd	cjd
concrète	concrète
cyclo	cyclo
cécité	cécité
décernent	décernent
eyeop1	eyeop1
eyetechcare	eyetechcare
glaucome	glaucome
hifu	hifu
intra-oculaire	intra-oculaire
justifier	justifier
non-invasifs	non-invasifs
partielle	partielle
primée	primée
procédure	procédure
rillieux-la-pape	rillieux-la-pape
transformé	transformé
uc3	uc3
éthique	éthique
010	010
chemistry	chemistry
cherché	cherché
coûteuxcellules	coûteuxcellules
groupements	groupements
liaisons	liaisons
livrent	livrent
moltech-anjou	moltech-anjou
performantes	performantes
reprise	reprise
répandue	répandue
situant	situant
solubles	solubles
solvants	solvants
2d3d	2d3d
3d2d	3d2d
animation	animation
anl	anl
apprenants	apprenants
bac3	bac3
complétée	complétée
continues	continues
dispense	dispense
e-tribart	e-tribart
infographie	infographie
infographiste	infographiste
interactif	interactif
lead	lead
login	login
rncp	rncp
spéciaux	spéciaux
virtuelles	virtuelles
concourir	concourir
connecting	connecting
elevator	elevator
innovationpremière	innovationpremière
session	session
speech	speech
188	188
972	972
achille	achille
africaine	africaine
alexandrines	alexandrines
allers	allers
anecdote	anecdote
arc-nucléart	arc-nucléart
archéologie	archéologie
archéologique	archéologique
archéologue	archéologue
arkaeos	arkaeos
barque	barque
bordé	bordé
bordée	bordée
borg	borg
boucler	boucler
candidature	candidature
caressait	caressait
carrée	carrée
charpentiers	charpentiers
chevilles	chevilles
co-mandataires	co-mandataires
commencions	commencions
conservées	conservées
convoité	convoité
cote	cote
cousu	cousu
cousus	cousus
cultureprôtis	cultureprôtis
côtière	côtière
disparue	disparue
déclenchant	déclenchant
déduit	déduit
effectif	effectif
egypte	egypte
embarcation	embarcation
embarcations	embarcations
exécuter	exécuter
finira	finira
flamme	flamme
formule	formule
fouilles	fouilles
fragile	fragile
germe	germe
gipc	gipc
grecque	grecque
grecques	grecques
gyptis	gyptis
inattendus	inattendus
j-c	j-c
jules-verne	jules-verne
jullian	jullian
label	label
lance-t-il	lance-t-il
ligature	ligature
ligatures	ligatures
lin	lin
marine	marine
marseille-provence	marseille-provence
mi-octobre	mi-octobre
muséographique	muséographique
métropole	métropole
nautiques	nautiques
navale	navale
navigante	navigante
navigations	navigations
naviguent	naviguent
négocié	négocié
parle-t-on	parle-t-on
planches	planches
ployage	ployage
ployages	ployages
pomey	pomey
pré-assemblage	pré-assemblage
préalable	préalable
prôtis	prôtis
rames	rames
refaire	refaire
restaurer	restaurer
rome	rome
rénovation	rénovation
réplique	réplique
sachez	sachez
serrage	serrage
somme	somme
sous-marine	sous-marine
squelette	squelette
talon	talon
traditionnelle	traditionnelle
trouvées	trouvées
verne	verne
vième	vième
voyez	voyez
vrillage	vrillage
épave	épave
épaves	épaves
étuver	étuver
2011produire	2011produire
40000	40000
5050	5050
a-t-on	a-t-on
absurde	absurde
acidité	acidité
adapte	adapte
africain	africain
agrandir	agrandir
ajoutez	ajoutez
ali	ali
altérés	altérés
amender	amender
annuelles	annuelles
assiami	assiami
atoll	atoll
atteindra	atteindra
auroy	auroy
beaujolais	beaujolais
blanc	blanc
boas	boas
bongo	bongo
bouteilles	bouteilles
cameroun	cameroun
carignan	carignan
centimètres	centimètres
chablis	chablis
champagne	champagne
chenilles	chenilles
congo	congo
convenu	convenu
cultivé	cultivé
cépage	cépage
cépages	cépages
descendre	descendre
disait	disait
dus	dus
découper	découper
décès	décès
défunt	défunt
délimité	délimité
détracteurs	détracteurs
ensoleillement	ensoleillement
equatoriale	equatoriale
fatiguer	fatiguer
fertiliser	fertiliser
filiales	filiales
gabon	gabon
gabonais	gabonais
gabonaise	gabonaise
germé	germé
granitiques	granitiques
guinée	guinée
habitants	habitants
haut-ogooué	haut-ogooué
hectolitres	hectolitres
hiver	hiver
hyper-rustique	hyper-rustique
hyènes	hyènes
ira	ira
libreville	libreville
longé	longé
magnifiques	magnifiques
malymas	malymas
manganèse	manganèse
manquons	manquons
mauvaise	mauvaise
minerais	minerais
natale	natale
omar	omar
ondimba	ondimba
pacifique	pacifique
pari	pari
ph	ph
pieds	pieds
plantés	plantés
plateaux	plateaux
polynésie	polynésie
propreté	propreté
provenaient-ils	provenaient-ils
provinces	provinces
racines	racines
raisonnement	raisonnement
recouverts	recouverts
regardent	regardent
regorge	regorge
rosé	rosé
sables	sables
sarments	sarments
scarabées	scarabées
scrupule	scrupule
sucrés	sucrés
tahiti	tahiti
tenace	tenace
titrant	titrant
uranium	uranium
vendanges	vendanges
vigneron	vigneron
vignoble	vignoble
vinification	vinification
vins	vins
viticulture	viticulture
vitivinicole	vitivinicole
vivrait	vivrait
votre	votre
voyons	voyons
éléphants	éléphants
épingle	épingle
équatoriale	équatoriale
évolués	évolués
acquisitions	acquisitions
adhéré	adhéré
arrivant	arrivant
biene	biene
confient	confient
demandent	demandent
diplômée	diplômée
enitiaa	enitiaa
entrepriseanalyse	entrepriseanalyse
expiration	expiration
financière	financière
indiquent	indiquent
méthodologies	méthodologies
observent-ils	observent-ils
ont-il	ont-il
peinture	peinture
peintures	peintures
perceptions	perceptions
portière	portière
poursuivant	poursuivant
premice	premice
qualitatif	qualitatif
quantitatif	quantitatif
rappelle-t-elle	rappelle-t-elle
résument-ils	résument-ils
sensostat	sensostat
sentions	sentions
stagiaire	stagiaire
teillet	teillet
urbano	urbano
émis	émis
évoluent	évoluent
alfort	alfort
anticancéreuse	anticancéreuse
aurinvest	aurinvest
biofund	biofund
chimiothérapie	chimiothérapie
cloud	cloud
computing	computing
congénitale	congénitale
déployé	déployé
immunodépression	immunodépression
immunosuppresseur	immunosuppresseur
infectieuses	infectieuses
investisseur	investisseur
kurma	kurma
pathoquest	pathoquest
pathoquestpathoquest	pathoquestpathoquest
post	post
séquençage	séquençage
teste	teste
vétérinaire	vétérinaire
académie5ème	académie5ème
aeria	aeria
aubert	aubert
auvergne	auvergne
avia	avia
bourget	bourget
claustres	claustres
clusters	clusters
constellium	constellium
câblage	câblage
destructif	destructif
duval	duval
essaimage	essaimage
grappes	grappes
ifma	ifma
integrations	integrations
labelliser	labelliser
liera	liera
michelin	michelin
nse	nse
qualifications	qualifications
rectorat	rectorat
rexiaa	rexiaa
saurait	saurait
slicom	slicom
sous-traitantes	sous-traitantes
stages	stages
top	top
usinage	usinage
2400	2400
9000	9000
abyssaux	abyssaux
aix-marseilleuniversite	aix-marseilleuniversite
antares	antares
bioluminescence	bioluminescence
boostent	boostent
cnrsirduniversité	cnrsirduniversité
convection	convection
convections	convections
coïncidé	coïncidé
derniermesurer	derniermesurer
frappant	frappant
gêné	gêné
interagit	interagit
littéralement	littéralement
masses	masses
mesuré	mesuré
muon	muon
photomultiplicateurs	photomultiplicateurs
pic	pic
soudainement	soudainement
sous-marin	sous-marin
survenus	survenus
toulon	toulon
toulon-var	toulon-var
ébloui	ébloui
émet	émet
émettre	émettre
alpespace	alpespace
francin	francin
jury	jury
partageant	partageant
prédéfini	prédéfini
raid	raid
rhône-alpin	rhône-alpin
santéingénierie	santéingénierie
sporaltec	sporaltec
sportloisirssanté	sportloisirssanté
technolac	technolac
épreuves	épreuves
jri	jri
narbonne	narbonne
partenarialesjournées	partenarialesjournées
structurelles	structurelles
afficher	afficher
companies	companies
eccp	eccp
immunothérapie	immunothérapie
micro-environnement	micro-environnement
offriront	offriront
oslo	oslo
partnering	partnering
plénières5ème	plénières5ème
presentations	presentations
présenteront	présenteront
tumoral	tumoral
180	180
85	85
actionnarial	actionnarial
aile	aile
andine	andine
après-midi	après-midi
bancaire	bancaire
barracuda	barracuda
bridge	bridge
britannique	britannique
bulgarie	bulgarie
buy-out	buy-out
cadres	cadres
carnet	carnet
chili	chili
chilien	chilien
chilienne	chilienne
commencée	commencée
conclut-ilingénierie	conclut-ilingénierie
condes	condes
continents	continents
danube	danube
data	data
demi	demi
diversifiées	diversifiées
détenir	détenir
détenue	détenue
empruntent	empruntent
endettement	endettement
fondatrices	fondatrices
fête	fête
genève	genève
ghisolfo	ghisolfo
giron	giron
gtm	gtm
implantations	implantations
ingénieriste	ingénieriste
las	las
leveraged	leveraged
lmbo	lmbo
medellin	medellin
metz	metz
mozambique	mozambique
naturalisé	naturalisé
obligataire	obligataire
orée	orée
participations	participations
portzamparc	portzamparc
rachat	rachat
rodin	rodin
rogers	rogers
roumanie	roumanie
résument	résument
révolutionné	révolutionné
saragosse	saragosse
sculpture	sculpture
seee	seee
sir	sir
soirée	soirée
tombé	tombé
tramway	tramway
urbains	urbains
validé	validé
vinci	vinci
xixème	xixème
équilibré	équilibré
1985	1985
affichant	affichant
avant-coureur	avant-coureur
berthet	berthet
bouleversements	bouleversements
business	business
carrefour	carrefour
coche	coche
conclut-illearninglab	conclut-illearninglab
différemment	différemment
doyen	doyen
débusquer	débusquer
délivrent	délivrent
emlyon	emlyon
exprimé	exprimé
fera	fera
gratuits	gratuits
hewlett	hewlett
hp	hp
idea	idea
idefi	idefi
initiatives	initiatives
inspiration	inspiration
intéressons	intéressons
learninglab	learninglab
look	look
media	media
mooc	mooc
musées	musées
média	média
mêlent	mêlent
online	online
packard	packard
prévient	prévient
pupitre	pupitre
rater	rater
résultent	résultent
semblé	semblé
sociologique	sociologique
tactile	tactile
2014-2020	2014-2020
affirmer	affirmer
alsace	alsace
amertume	amertume
approuve	approuve
auxiliaires	auxiliaires
battre	battre
bivb	bivb
chaudière	chaudière
colmar	colmar
constitution	constitution
contente	contente
crus	crus
cst	cst
diviser	diviser
dorée	dorée
dur	dur
dures	dures
décortiquant	décortiquant
décryptant	décryptant
délicat	délicat
ecophyto	ecophyto
empiriques	empiriques
engagées	engagées
extraits	extraits
faunes	faunes
flavescence	flavescence
gervais	gervais
guyot	guyot
gèrent	gèrent
illustrant	illustrant
infernal	infernal
iuvv	iuvv
jean-philippe	jean-philippe
magique	magique
mesurent	mesurent
mildiou	mildiou
modernité	modernité
nécessaireentre	nécessaireentre
oxydo-réduction	oxydo-réduction
oïdium	oïdium
parasitoïdes	parasitoïdes
pesticides	pesticides
phénoliques	phénoliques
prioritaires	prioritaires
procurent	procurent
précocement	précocement
pulvérisation	pulvérisation
quarante	quarante
quid	quid
raisin	raisin
rattraper	rattraper
rentables	rentables
rvvs	rvvs
répondront	répondront
sauvé	sauvé
septentrionaux	septentrionaux
sous-produits	sous-produits
subtilement	subtilement
systémiques	systémiques
tanin	tanin
vignerons	vignerons
viniculture	viniculture
vitalité	vitalité
viti-vinicole	viti-vinicole
émotionnelle	émotionnelle
173000	173000
brésilien	brésilien
béroud	béroud
ciblent	ciblent
coréen	coréen
dangerosité	dangerosité
distributeurs	distributeurs
détecté	détecté
entreprisedes	entreprisedes
existerait	existerait
floralis	floralis
fourier-grenoble	fourier-grenoble
grain	grain
incubation	incubation
isère	isère
jouent	jouent
lauréate	lauréate
océanie	océanie
positionnant	positionnant
recensements	recensements
renfermer	renfermer
smartox	smartox
ujf	ujf
venimeux	venimeux
waard	waard
1024	1024
15ème	15ème
alkan	alkan
amorçage	amorçage
appelées	appelées
arve	arve
associatives	associatives
bruneau	bruneau
catalogue	catalogue
circuit	circuit
classification	classification
cm1k	cm1k
cognimem	cognimem
collaborons	collaborons
connaissaient	connaissaient
field-programmable	field-programmable
fpga	fpga
gst	gst
gâteau	gâteau
imitent	imitent
list	list
neuro	neuro
neuro-dsp	neuro-dsp
neurofpga	neurofpga
neuronal	neuronal
neuropic	neuropic
paindavoine	paindavoine
paramétrable	paramétrable
pensait	pensait
performantesneuro-dsp	performantesneuro-dsp
platform	platform
posséder	posséder
processeur	processeur
programmable	programmable
prémice	prémice
président-directeur	président-directeur
quête	quête
reconnaissances	reconnaissances
retrouvés	retrouvés
sensing	sensing
situaient	situaient
volée	volée
croûte	croûte
cryosat	cryosat
cryosphère	cryosphère
fleurons	fleurons
frontière	frontière
goce	goce
inlandsis	inlandsis
magnétiquecryosat	magnétiquecryosat
manteau	manteau
moho	moho
mystérieux	mystérieux
méga-séisme	méga-séisme
orgue	orgue
ouragans	ouragans
smos	smos
sonores	sonores
égalé	égalé
grenoble-alpes	grenoble-alpes
megève	megève
privilégiéepremière	privilégiéepremière
échangeant	échangeant
éphémère	éphémère
1963	1963
22000	22000
7000	7000
chancescongrès	chancescongrès
exerçant	exerçant
facettes	facettes
formé	formé
gadzartz	gadzartz
gars	gars
intervient	intervient
portera	portera
renouveau	renouveau
ré-industrialisation	ré-industrialisation
réfléchiront	réfléchiront
talence	talence
égalité	égalité
accueille	accueille
bâtimentstince	bâtimentstince
constructibilité	constructibilité
construction-réhabilitation-aménagement	construction-réhabilitation-aménagement
gcn	gcn
irc	irc
neuve	neuve
tince	tince
11ème	11ème
avance	avance
connected	connected
croisements	croisements
emm2013	emm2013
mechatronics	mechatronics
meeting	meeting
meetings	meetings
programmés	programmés
rassemblant	rassemblant
électrique1er	électrique1er
a350	a350
aides	aides
allure	allure
altérer	altérer
annexe	annexe
attarder	attarder
batailler	batailler
capitales	capitales
choquer	choquer
ciblées	ciblées
colonnes	colonnes
comptable	comptable
comptes	comptes
conjuguer	conjuguer
construits	construits
contents	contents
deviendra	deviendra
dirigeant	dirigeant
dirigeante	dirigeante
disserter	disserter
doigté	doigté
décrète	décrète
déplore	déplore
dérober	dérober
détenant	détenant
développons	développons
enchantement	enchantement
estimons	estimons
exclu	exclu
exhaustif	exhaustif
fuselage	fuselage
grises	grises
internationalles	internationalles
jalonné	jalonné
limitrophes	limitrophes
là-bas	là-bas
légale	légale
maux	maux
mine	mine
moindres	moindres
officiels	officiels
parlent	parlent
passif	passif
pensées	pensées
proie	proie
préparées	préparées
raisonnable	raisonnable
rapidité	rapidité
recyclable	recyclable
relèvent	relèvent
risqué	risqué
sunaéro	sunaéro
temporaire	temporaire
transversaux	transversaux
vante	vante
verbe	verbe
aboutira	aboutira
assistera	assistera
astre	astre
attaquer	attaquer
becoulet	becoulet
bécoulet	bécoulet
béryllium	béryllium
commencerfusion	commencerfusion
critique	critique
deutérium	deutérium
divertor	divertor
découverts	découverts
déposition	déposition
entame	entame
entreront	entreront
experimental	experimental
extrapolation	extrapolation
faisabilité	faisabilité
fonctionnera	fonctionnera
fusionnant	fusionnant
fusionner	fusionner
générant	générant
hydrogénées	hydrogénées
hélium	hélium
inaccessibles	inaccessibles
introduira	introduira
intérieurs	intérieurs
irfm	irfm
isotopes	isotopes
iter	iter
neutron	neutron
passionnante	passionnante
plasma	plasma
poloïdal	poloïdal
poussières	poussières
proton	proton
protons	protons
quart	quart
raisonnables	raisonnables
reactor	reactor
refroidi	refroidi
relâchant	relâchant
règnent	règnent
récupère	récupère
soviétique	soviétique
steady-state	steady-state
supra	supra
thermonuclear	thermonuclear
thermonucléaire	thermonucléaire
titan	titan
tokamak	tokamak
tore	tore
toroïdal	toroïdal
tritium	tritium
tungsten-w	tungsten-w
tungstène	tungstène
west	west
éternelle	éternelle
étoiles	étoiles
amènent	amènent
anticipant	anticipant
approvisionnements	approvisionnements
arrachage	arrachage
basculé	basculé
bouger	bouger
bousculé	bousculé
cherchent-ils	cherchent-ils
confiantjus	confiantjus
convaincus	convaincus
corresponde	corresponde
dires	dires
disparaître	disparaître
doublement	doublement
effective	effective
excès	excès
fijus	fijus
fijus-raisol	fijus-raisol
foulon	foulon
foulon-sopagly	foulon-sopagly
heracles	heracles
icv	icv
impatients	impatients
jus	jus
massif	massif
maîtrisée	maîtrisée
oenologie	oenologie
optimisme	optimisme
payraud	payraud
pech	pech
pluri-annualiser	pluri-annualiser
poursuit-il	poursuit-il
pur	pur
pénurie	pénurie
qualimed	qualimed
raisol	raisol
rattrapera	rattrapera
rentabiliser	rentabiliser
roquecourbe	roquecourbe
roule	roule
sas	sas
sca	sca
soplagy	soplagy
spo	spo
substantiels	substantiels
surproducteur	surproducteur
vassal	vassal
viticulteurs	viticulteurs
évident	évident
262	262
açores	açores
canaries	canaries
championship	championship
conchyculteurs	conchyculteurs
coupe	coupe
distingué	distingué
défendra	défendra
exploit	exploit
galles	galles
imminente	imminente
lanvéoc	lanvéoc
mensurations	mensurations
miles	miles
norvègecoupe	norvègecoupe
parcourant	parcourant
remportant	remportant
robotic	robotic
sailing	sailing
strasse	strasse
sub-surface	sub-surface
venues	venues
voiliers	voiliers
world	world
wrsc	wrsc
ebt	ebt
economy	economy
enregistrement	enregistrement
entrepriseeyebrain	entrepriseeyebrain
francilienne	francilienne
kinkingnéhun	kinkingnéhun
oculomotricité	oculomotricité
oculométrie	oculométrie
serge	serge
silver	silver
t2	t2
thérapies	thérapies
écouler	écouler
affichés	affichés
binôme	binôme
bourguignonnes	bourguignonnes
dessiner	dessiner
débarque	débarque
entamera	entamera
falconnier	falconnier
favorablement	favorablement
franc-comtoises	franc-comtoises
franciliennes	franciliennes
franciliens	franciliens
fédérateurs	fédérateurs
impliquent	impliquent
lesieur	lesieur
melun	melun
nouffert	nouffert
patrick	patrick
romain	romain
seine-et-marne	seine-et-marne
souligine-t-il	souligine-t-il
surgi	surgi
sénagralle	sénagralle
vraies	vraies
150000	150000
agrégat	agrégat
agrégation	agrégation
agrégats	agrégats
alpha-synucléine	alpha-synucléine
anormale	anormale
aplatie	aplatie
causées	causées
cerveauparkinson	cerveauparkinson
curatif	curatif
diffus	diffus
dépression	dépression
empile	empile
enzymologie	enzymologie
fibrillaires	fibrillaires
incontrôlables	incontrôlables
jonction	jonction
lier	lier
manifeste	manifeste
motrices	motrices
neuronales	neuronales
neurone	neurone
propagent	propagent
pénétrer	pénétrer
repliée	repliée
ressemblant	ressemblant
spaghetti	spaghetti
traduisaient	traduisaient
tremblements	tremblements
tue	tue
variant	variant
attendent-ils	attendent-ils
naco-caractérisation	naco-caractérisation
nano-structuration	nano-structuration
nanoconstruction	nanoconstruction
nanoh2	nanoh2
prometteuseséminaire	prometteuseséminaire
réunir	réunir
tribune	tribune
électrode	électrode
2014eco-campus	2014eco-campus
bauce	bauce
considérant	considérant
copenhague	copenhague
eco-campus	eco-campus
militante	militante
passent	passent
unesco	unesco
vice-recteur	vice-recteur
biennale	biennale
chrono	chrono
décryptées	décryptées
expérimenter	expérimenter
multi-sites	multi-sites
novaqt	novaqt
proposeront	proposeront
refaisait	refaisait
vivrons-nous	vivrons-nous
volets	volets
échelonneront	échelonneront
économiquenovaqt	économiquenovaqt
101	101
141	141
289	289
559	559
69	69
alia	alia
aupalesens	aupalesens
authenticité	authenticité
authentification	authentification
brièvement	brièvement
chimio-sensorielles	chimio-sensorielles
co-labellisés	co-labellisés
condiments	condiments
consommaient	consommaient
déclin	déclin
décoration	décoration
démarrent	démarrent
dénutrition	dénutrition
dépendante	dépendante
dépendantes	dépendantes
ehpad	ehpad
engagé	engagé
hébergement	hébergement
hédonique	hédonique
identifiables	identifiables
impactant	impactant
mange	mange
mangeurs	mangeurs
nommer	nommer
nu-age	nu-age
nutritionniste	nutritionniste
olfactives	olfactives
optimisés	optimisés
orales	orales
paliers	paliers
plat	plat
portions	portions
précèdent	précèdent
remus	remus
renessens	renessens
rédaction	rédaction
sélectivité	sélectivité
valorial	valorial
van	van
veiller	veiller
vieillir	vieillir
wymelbeke	wymelbeke
élevéeaméliorer	élevéeaméliorer
2kg	2kg
aboutissez	aboutissez
auto-pilote	auto-pilote
automatiques	automatiques
automatisation	automatisation
avérant	avérant
balbutiante	balbutiante
banjamin	banjamin
bastien	bastien
benharrosh	benharrosh
benjamin	benjamin
bourlingue	bourlingue
camarades	camarades
caquette	caquette
delair	delair
delair-tech	delair-tech
dit-il	dit-il
dt-18	dt-18
dt-26	dt-26
endurance	endurance
envisage	envisage
ergonomie	ergonomie
escuela	escuela
estii	estii
exigus	exigus
far	far
faurre	faurre
fonctionnel	fonctionnel
gazoducs	gazoducs
gdf	gdf
gravir	gravir
imposé	imposé
industriales	industriales
ingenieros	ingenieros
insérer	insérer
lagardele	lagardele
linéaires	linéaires
madrid	madrid
mancini	mancini
mi-2014	mi-2014
michaël	michaël
midi-pyréenes	midi-pyréenes
mini-drones	mini-drones
obtient	obtient
oriente	oriente
pipe-lines	pipe-lines
polytechnicien	polytechnicien
polytechniciens	polytechniciens
quotidiennement	quotidiennement
risquées	risquées
royale	royale
réussit	réussit
simplicité	simplicité
sncf	sncf
spécifications	spécifications
suez	suez
superior	superior
tecnica	tecnica
tournante	tournante
voilure	voilure
échelons	échelons
émergente	émergente
12mois	12mois
accompagnons	accompagnons
ajouts	ajouts
bioaxial	bioaxial
braibart	braibart
célia	célia
gabriel	gabriel
hart	hart
imager	imager
louis-philippe	louis-philippe
manipulations	manipulations
microscopes	microscopes
précisions	précisions
résolue	résolue
sirat	sirat
siratimagerie	siratimagerie
super	super
applicatifs	applicatifs
bio-informatique	bio-informatique
bioinformatique	bioinformatique
brutes	brutes
denver	denver
derniere-biothon	derniere-biothon
déployées	déployées
e-biothon	e-biothon
gigantesques	gigantesques
grilles	grilles
haut-débit	haut-débit
ibm	ibm
idriss	idriss
informatiques	informatiques
protéomique	protéomique
péta-octets	péta-octets
sc13	sc13
supercomputing	supercomputing
sysfera	sysfera
séquenceurs	séquenceurs
tera-octets	tera-octets
téraflops	téraflops
affection	affection
anti-épileptiques	anti-épileptiques
antiépileptiques	antiépileptiques
biovalley	biovalley
bischoff	bischoff
boissons	boissons
conduisant	conduisant
cumuler	cumuler
depaulis	depaulis
dysfonctionnements	dysfonctionnements
epilepsie	epilepsie
fagni	fagni
gin	gin
igf	igf
indésirables	indésirables
ligue	ligue
lyonbiopôle	lyonbiopôle
neurologique	neurologique
persistent	persistent
rhenepi	rhenepi
synapcell	synapcell
vercueil	vercueil
âgéesepilepsie	âgéesepilepsie
épilepsie	épilepsie
épileptiques	épileptiques
1600	1600
28000	28000
ablation	ablation
amovible	amovible
bague	bague
bérenger	bérenger
debry	debry
diagnostiqués	diagnostiqués
définitive	définitive
entamés	entamés
inséré	inséré
laryngectomie	laryngectomie
laryngectomies	laryngectomies
larynx	larynx
masculin	masculin
maurice	maurice
normalement	normalement
orl	orl
pan-européenne	pan-européenne
pratiqué	pratiqué
pratiquées	pratiquées
protip	protip
respirent	respirent
respirer	respirer
revêt	revêt
thérapieimplantation	thérapieimplantation
totales	totales
trachéale	trachéale
trachéotomie	trachéotomie
valves	valves
automatisées	automatisées
besançon	besançon
beuffe	beuffe
conscient	conscient
consommables	consommables
convaincudépistage	convaincudépistage
discrètes	discrètes
drastiques	drastiques
dépister	dépister
ensmm	ensmm
franc-comtoise	franc-comtoise
horlogerie	horlogerie
ignoriez	ignoriez
ilsa	ilsa
imaginés	imaginés
immuno-hématologie	immuno-hématologie
lançons	lançons
pieux	pieux
prescrite	prescrite
reproductibilité	reproductibilité
règle	règle
réorganisation	réorganisation
séries	séries
vain	vain
voeux	voeux
véhiculée	véhiculée
élimination	élimination
41ème	41ème
atec	atec
cuvillier	cuvillier
devenant	devenant
directives	directives
expositionles	expositionles
its	its
malbrunot	malbrunot
patronage	patronage
planification	planification
prestataires	prestataires
sera-t-il	sera-t-il
agro-industries	agro-industries
agro-économiste	agro-économiste
antagonistes	antagonistes
arrangent	arrangent
bouts	bouts
caricaturales	caricaturales
clair	clair
conflits	conflits
controverse	controverse
controverses	controverses
définitives	définitives
déforestation	déforestation
encyclopédie	encyclopédie
fascicule	fascicule
fonciers	fonciers
gouvernementales	gouvernementales
immergés	immergés
joindre	joindre
levang	levang
légitimes	légitimes
malbouffe	malbouffe
martèle	martèle
mondialisée	mondialisée
nord-sud	nord-sud
opinions	opinions
planteurs	planteurs
plaît	plaît
projecteurs	projecteurs
rival	rival
révélatrice	révélatrice
stigmatiser	stigmatiser
tranchées	tranchées
triturer	triturer
urgencela	urgencela
valoir	valoir
éclairés	éclairés
agon	agon
appuyée	appuyée
assistons	assistons
ccrt	ccrt
chevelure	chevelure
cheveux	cheveux
coiffant	coiffant
confidentialité	confidentialité
consommatrices	consommatrices
dam-ile-de-france	dam-ile-de-france
déposée	déposée
déposées	déposées
filtres	filtres
furtives	furtives
gravitent	gravitent
impacter	impacter
leca	leca
lissant	lissant
ménaché	ménaché
offraient	offraient
peaux	peaux
piéger	piéger
prédictives	prédictives
querleux	querleux
querleuxla	querleuxla
ultraviolet	ultraviolet
étalés	étalés
737	737
a320neo	a320neo
acceptables	acceptables
aubage	aubage
aubes	aubes
boeing	boeing
brochet	brochet
bruyant	bruyant
c919	c919
cfm	cfm
cfm56	cfm56
comac	comac
commandées	commandées
compatibles	compatibles
compresseur	compresseur
compression	compression
edge	edge
entrera	entrera
fluctuations	fluctuations
gazeuses	gazeuses
general	general
instationnaires	instationnaires
leading	leading
leap	leap
monocouloirs	monocouloirs
motoriste	motoriste
observe-t-ilsafran	observe-t-ilsafran
oie	oie
poursuivis	poursuivis
résister	résister
résumer	résumer
souci	souci
soufflantes	soufflantes
stationnaires	stationnaires
trouvons	trouvons
turbines	turbines
turbomeca	turbomeca
turboréacteur	turboréacteur
énormes	énormes
2025	2025
agées	agées
aidants	aidants
anti-fuite	anti-fuite
asipag	asipag
assis-debout	assis-debout
b2b	b2b
baptisant	baptisant
bénéficiant	bénéficiant
canne	canne
cristalliser	cristalliser
curie-paris	curie-paris
delaunay	delaunay
denovo	denovo
domiciles	domiciles
domicilesilver	domicilesilver
dépasse	dépasse
elova	elova
enfilage	enfilage
expo	expo
familiaux	familiaux
galettes	galettes
gériatrie	gériatrie
gérontologie	gérontologie
hamac-senior	hamac-senior
levage	levage
lit	lit
mention	mention
michèle	michèle
mk	mk
moderne	moderne
oeuvrer	oeuvrer
ombistocking	ombistocking
pigniez	pigniez
portail	portail
protibis	protibis
résolument	résolument
silverecofr	silverecofr
siègent	siègent
soliage	soliage
solidages	solidages
sous-vêtements	sous-vêtements
tango	tango
territoriales	territoriales
vertigo	vertigo
ébauches	ébauches
émulation	émulation
actualisées	actualisées
atomisé	atomisé
domaineles	domaineles
fiche	fiche
fiches	fiches
inscription	inscription
nanotechmap	nanotechmap
nanothinking	nanothinking
photographie	photographie
élevant	élevant
1160	1160
170	170
2600	2600
774000	774000
aggroalimentaires	aggroalimentaires
animations	animations
bénévoles	bénévoles
collaborative	collaborative
décrypté	décrypté
empois	empois
expositions	expositions
gourminnov	gourminnov
labège	labège
licenciés	licenciés
midinnov	midinnov
mpi	mpi
prédiag	prédiag
régionauxmidinnov	régionauxmidinnov
sportive	sportive
sports	sports
vélo	vélo
béton	béton
chômé	chômé
commelin	commelin
construisons	construisons
contrer	contrer
culinaires	culinaires
disney	disney
ec6	ec6
faisions	faisions
gustatifs	gustatifs
hospitalière	hospitalière
ignorant	ignorant
jourdain	jourdain
lits	lits
locomotive	locomotive
luxembourg	luxembourg
marmite	marmite
monsieur	monsieur
mâcon	mâcon
nullement	nullement
nutritionnels	nutritionnels
occupant	occupant
packages	packages
prenons	prenons
prose	prose
préconisations	préconisations
restauration	restauration
singapourcontrer	singapourcontrer
souhaitions	souhaitions
work	work
additif	additif
adsorption	adsorption
alba	alba
autoréparable	autoréparable
cellulose	cellulose
cnrsupmcespci	cnrsupmcespci
coller	coller
consistance	consistance
diffère	diffère
décollés	décollés
déformation	déformation
gel	gel
gels	gels
incision	incision
innombrables	innombrables
lie	lie
lient	lient
marcellan	marcellan
mois-ci	mois-ci
morceaux	morceaux
médicauxune	médicauxune
nanocristaux	nanocristaux
physco-chimie	physco-chimie
prothèses	prothèses
recoller	recoller
recollés	recollés
repositionnés	repositionnés
résiste	résiste
scalpel	scalpel
subi	subi
établissent	établissent
étalant	étalant
étonnante	étonnante
blériot-fabre	blériot-fabre
capitaliser	capitaliser
capturant	capturant
continueune	continueune
enseigner	enseigner
exhaustive	exhaustive
gif-sur-yvette	gif-sur-yvette
passagers	passagers
perfectionner	perfectionner
supélec	supélec
auguste	auguste
boulangerie	boulangerie
cantonné	cantonné
choisira	choisira
cuire	cuire
cuisinier	cuisinier
cuisiniers	cuisiniers
cuissons	cuissons
curiosités	curiosités
dunod	dunod
découvrirez	découvrirez
empirique	empirique
entendu	entendu
escoffier	escoffier
expérimente	expérimente
fantasmé	fantasmé
fermentation	fermentation
fou	fou
gastronomie	gastronomie
grand-mère	grand-mère
gèle	gèle
haumont	haumont
immanquablement	immanquablement
jaune	jaune
marx	marx
nouvellement	nouvellement
oeuf	oeuf
passagère	passagère
passionnantes	passionnantes
proposez	proposez
pâtisserie	pâtisserie
remplissent	remplissent
santéun	santéun
sauf	sauf
sensations	sensations
soi-disant	soi-disant
tarte	tarte
ça	ça
émulsionne	émulsionne
étoilé	étoilé
apprenant	apprenant
apprenne	apprenne
arbault	arbault
assistant	assistant
assurance	assurance
attachant	attachant
avez-vous	avez-vous
bluffant	bluffant
bourgognecnrs	bourgognecnrs
casquette	casquette
cogiter	cogiter
conversationnel	conversationnel
davi	davi
dispensons	dispensons
enveloppe	enveloppe
etude	etude
eurêka	eurêka
fondsbientôt	fondsbientôt
gérant	gérant
homme-machine	homme-machine
hospitalisées	hospitalisées
labellisation	labellisation
limsi	limsi
maintien	maintien
naviguant	naviguant
nevers	nevers
profile	profile
projette	projette
prémices	prémices
puteaux	puteaux
retorik	retorik
revendeurs	revendeurs
réfléchit	réfléchit
savait	savait
sensée	sensée
serein	serein
télécoms	télécoms
vocal	vocal
vocale	vocale
éduquer	éduquer
élabore	élabore
émotionnel	émotionnel
émotions	émotions
évoquée	évoquée
bancs	bancs
cao	cao
cohabitent	cohabitent
collision	collision
crvm	crvm
delphine	delphine
démonter	démonter
dérouleront	dérouleront
ergonomiques	ergonomiques
introduire	introduire
keller	keller
lisière	lisière
luminy	luminy
machineréalité	machineréalité
mannequin	mannequin
maquettes	maquettes
mouvoir	mouvoir
outillage	outillage
plasmas	plasmas
restituer	restituer
restreint	restreint
retourner	retourner
répéter	répéter
thermonucléaires	thermonucléaires
tungsten	tungsten
1997	1997
32	32
750000	750000
800000	800000
acquiert	acquiert
asymptomatique	asymptomatique
bioalliance	bioalliance
bpifrance	bpifrance
carcinome	carcinome
chimioembolisation	chimioembolisation
dbi	dbi
doxorubicine	doxorubicine
empêchant	empêchant
encapsulé	encapsulé
espérance	espérance
ex-oseo	ex-oseo
frapper	frapper
galien	galien
greciet	greciet
hépatocellulaire	hépatocellulaire
inefficace	inefficace
judith	judith
leurrer	leurrer
libérée	libérée
lipidots	lipidots
livatag	livatag
morts	morts
nanobiotix	nanobiotix
nanoformulation	nanoformulation
nanomédecine	nanomédecine
nanomédicamentscancer	nanomédicamentscancer
orphelines	orphelines
paris-sudcnrs	paris-sudcnrs
parlent-ils	parlent-ils
polymère	polymère
primitif	primitif
préliminaires	préliminaires
randomisé	randomisé
recevaient	recevaient
redéfinir	redéfinir
retravailler	retravailler
sorafenib	sorafenib
stades	stades
stoppée	stoppée
tardivement	tardivement
transplantation	transplantation
troie	troie
tumorales	tumorales
éventuel	éventuel
110	110
210000	210000
33ème	33ème
actis	actis
aveyron	aveyron
beta	beta
cambes	cambes
caréné	caréné
comptant	comptant
crusta	crusta
crustacés	crustacés
deexbio	deexbio
dossiers	dossiers
dotations	dotations
déplass	déplass
dépolluer	dépolluer
ecolab	ecolab
eurorégion	eurorégion
fusia	fusia
gaulle	gaulle
gers	gers
green	green
géraniums	géraniums
hautes-pyrénées	hautes-pyrénées
hybris	hybris
inn	inn
inn-ovations	inn-ovations
inptupscnrsomp	inptupscnrsomp
maraîcher	maraîcher
montent	montent
métal9	métal9
naïo	naïo
ovations	ovations
oz	oz
pyrénées-méditerranée	pyrénées-méditerranée
quercypôle	quercypôle
raréfaction	raréfaction
ravaud	ravaud
remplacé	remplacé
remplacés	remplacés
remportent	remportent
récompenser	récompenser
tarn	tarn
tarn-et-garonne	tarn-et-garonne
toursminute	toursminute
tricycle	tricycle
trimouv	trimouv
whylot	whylot
1cnrscea	1cnrscea
accordable	accordable
adour	adour
agitation	agitation
anti-caries	anti-caries
antibiotique	antibiotique
antibiotiques	antibiotiques
antiseptiques	antiseptiques
bars	bars
bucco-dentaires	bucco-dentaires
calorimètre	calorimètre
calorimètres	calorimètres
calorimétrique	calorimétrique
calvet	calvet
captage	captage
caries	caries
cbmn	cbmn
celia	celia
compacte	compacte
contrôléequatre	contrôléequatre
détatouage	détatouage
encombrante	encombrante
fibrée	fibrée
géométriques	géométriques
implants	implants
lactobacilles	lactobacilles
lasagyl	lasagyl
lcpo	lcpo
lfc-r	lfc-r
liquidegazsolide	liquidegazsolide
nanoobjets	nanoobjets
odontologie	odontologie
pau	pau
photocoagulation	photocoagulation
polyphasiques	polyphasiques
probiotique	probiotique
probiotiques	probiotiques
pulsée	pulsée
relargage	relargage
robuste	robuste
salivaire	salivaire
souchothèque	souchothèque
spectrale	spectrale
154	154
candidatures	candidatures
connectée	connectée
emc2	emc2
fab	fab
fabmake	fabmake
fabshop	fabshop
fabulous	fabulous
impulser	impulser
intergénérationnelle	intergénérationnelle
irt	irt
labs	labs
makers	makers
manufacturing	manufacturing
monté	monté
payantes	payantes
prototypage	prototypage
pérennisationpasser	pérennisationpasser
regroupera	regroupera
séances	séances
technocampus	technocampus
thinking	thinking
transdisciplinaire	transdisciplinaire
transposer	transposer
b9	b9
déglutition	déglutition
désirs	désirs
elderly	elderly
formulés	formulés
fragilise	fragilise
fragilité	fragilité
hospitalisation	hospitalisation
hédoniques	hédoniques
intégratif	intégratif
kick	kick
mariette	mariette
off	off
optifel	optifel
optimised	optimised
pencher	pencher
plats	plats
portage	portage
renard	renard
royaume-uni	royaume-uni
sicard	sicard
suissedes	suissedes
terralia	terralia
vegepolys	vegepolys
vitamines	vitamines
écoule	écoule
brin	brin
conquièrent	conquièrent
led	led
light-emitting	light-emitting
optiquesune	optiquesune
polarité	polarité
polythiophène	polythiophène
ponctuelles	ponctuelles
électroluminescente	électroluminescente
électroluminescentes	électroluminescentes
ajoutent	ajoutent
associative	associative
btsdut	btsdut
dispensées	dispensées
e-santé	e-santé
embarquésobjets	embarquésobjets
httpwwwadmission-postbacfr	httpwwwadmission-postbacfr
optionnels	optionnels
personnalisé	personnalisé
prochainl	prochainl
préparatoire	préparatoire
réseauxtélécommunications	réseauxtélécommunications
électroniquemicro	électroniquemicro
bacheliers	bacheliers
bachelor	bachelor
bordeaux-talence	bordeaux-talence
châlons-en-champagne	châlons-en-champagne
concret	concret
diminuent	diminuent
disséminera	disséminera
décalage	décalage
décroître	décroître
déplorable	déplorable
désole	désole
effectueront	effectueront
envoie	envoie
esr	esr
explication	explication
fip	fip
notable	notable
obtiendront	obtiendront
places	places
post-bac	post-bac
postuler	postuler
profiteront	profiteront
promulguant	promulguant
préoccupant	préoccupant
pédagogies	pédagogies
rôdé	rôdé
satisfaites	satisfaites
sti2d	sti2d
subtilisant	subtilisant
sérieuse	sérieuse
technologiearts	technologiearts
échec	échec
1973	1973
270	270
545	545
7700	7700
acacia	acacia
aegyptiaca	aegyptiaca
alentours	alentours
aliou	aliou
allégement	allégement
aménagés	aménagés
anta-diop	anta-diop
anthropique	anthropique
appartenant	appartenant
autorise	autorise
balanites	balanites
bamako	bamako
boëtsch	boëtsch
burkina	burkina
bétail	bétail
bêtes	bêtes
caillé	caillé
camions	camions
cen-sad	cen-sad
chargent	chargent
chasse	chasse
cheikh	cheikh
chèvres	chèvres
climatologie	climatologie
cnrst	cnrst
co-directeur	co-directeur
colossale	colossale
commençaient	commençaient
confondre	confondre
conscients	conscients
corvée	corvée
coucous	coucous
cultivent	cultivent
curieusement	curieusement
dakar	dakar
defccs	defccs
densifier	densifier
diagnostiqué	diagnostiqué
dirigées	dirigées
dispensaire	dispensaire
djibouti	djibouti
dunes	dunes
dure	dure
dépenses	dépenses
désert	désert
désertification	désertification
erythrée	erythrée
ethiopie	ethiopie
exercée	exercée
faso	faso
feux	feux
goutte-à-goutte	goutte-à-goutte
guissé	guissé
herbe	herbe
hommes-milieux	hommes-milieux
hostile	hostile
humide	humide
hypertension	hypertension
hésitant	hésitant
incertaine	incertaine
incessant	incessant
indicala	indicala
instituteurs	instituteurs
intelligemment	intelligemment
klorane	klorane
lentement	lentement
mali	mali
maraîchage	maraîchage
mauritania	mauritania
mauritanie	mauritanie
mil	mil
mordre	mordre
mousson	mousson
moutons	moutons
muraille	muraille
mécénat	mécénat
ménagers	ménagers
méticuleuses	méticuleuses
niger	niger
nigeria	nigeria
nigérian	nigérian
nilotica	nilotica
obasanjo	obasanjo
ohmi	ohmi
olusegun	olusegun
onze	onze
ouagadougou	ouagadougou
ougadougou	ougadougou
parcourues	parcourues
pare-feux	pare-feux
pasteurs	pasteurs
perdues	perdues
perturbée	perturbée
plants	plants
plantée	plantée
pluviométrie	pluviométrie
poussaient	poussaient
prescrire	prescrire
procurer	procurer
protégées	protégées
protégés	protégés
prélever	prélever
préventif	préventif
pépinières	pépinières
raddiana	raddiana
reboisées	reboisées
rendues	rendues
rythmée	rythmée
réapparaître	réapparaître
rémunéré	rémunéré
résumée	résumée
sahélosahariens	sahélosahariens
senegal	senegal
soudan	soudan
survenant	survenant
sénégalais	sénégalais
tamarindus	tamarindus
tchad	tchad
terres-là	terres-là
thiengoli	thiengoli
transcontinentale	transcontinentale
troupeaux	troupeaux
téssékéré	téssékéré
ucad	ucad
ugb	ugb
umi-ess	umi-ess
usttb	usttb
vendre	vendre
widou	widou
ziziphus	ziziphus
zébus	zébus
éleveurs	éleveurs
2012-2016	2012-2016
apolipoprotéine	apolipoprotéine
athérosclérose	athérosclérose
bachelard	bachelard
baker	baker
banlieue	banlieue
c1	c1
cetp	cetp
cholesterol	cholesterol
cholesteryl	cholesteryl
commençait	commençait
contingent	contingent
diabétiques	diabétiques
dyslipidémie	dyslipidémie
else	else
ester	ester
exactement	exactement
finement	finement
gaston	gaston
hydrophobes	hydrophobes
imaginait-on	imaginait-on
inhibiteur	inhibiteur
interrogera	interrogera
lipoproteins	lipoproteins
lipoprotéine	lipoprotéine
mauvaises	mauvaises
melbourne	melbourne
moduler	moduler
natif	natif
philip	philip
physiopathologies	physiopathologies
physiopathologique	physiopathologique
puissant	puissant
quatre-vingt	quatre-vingt
remaniements	remaniements
réformant	réformant
saône-et-loire	saône-et-loire
solary	solary
soupçonnais	soupçonnais
sporadiquement	sporadiquement
sydney	sydney
transit	transit
what	what
wollongong	wollongong
biopuce	biopuce
co-financé	co-financé
comanche	comanche
coquille	coquille
coquilles	coquilles
coûteusela	coûteusela
fermetures	fermetures
gastronomes	gastronomes
impropre	impropre
maximus	maximus
nourrissant	nourrissant
pecten	pecten
phytochip	phytochip
pluri-thématique	pluri-thématique
recherchée	recherchée
saint-jacques	saint-jacques
systerra	systerra
bouge	bouge
château	château
feraud	feraud
gombert	gombert
investissant	investissant
kilogramme	kilogramme
pdg	pdg
provepharm	provepharm
pépites	pépites
technologieschimie	technologieschimie
transversales	transversales
triplement	triplement
éclore	éclore
absorbons	absorbons
brisant	brisant
capsulae	capsulae
capsule	capsule
co-fondateur	co-fondateur
couverte	couverte
encapsulation	encapsulation
encapsulés	encapsulés
envahit	envahit
fusible	fusible
hydrophiles	hydrophiles
libérant	libérant
libéré	libéré
oniris	oniris
optera	optera
pizza	pizza
poncelet	poncelet
ponceletl	ponceletl
préférable	préférable
réunira	réunira
sachets	sachets
thé	thé
éclater	éclater
2050modification	2050modification
dsm-energie	dsm-energie
enea	enea
fp7	fp7
géantes	géantes
idéalisés	idéalisés
impact2c	impact2c
labos	labos
légère	légère
proviendraient	proviendraient
prévoyant	prévoyant
superposition	superposition
technico-économie	technico-économie
alès	alès
bio-sourcés	bio-sourcés
biodégradables	biodégradables
c2ma	c2ma
deformation	deformation
depos	depos
déchirure	déchirure
déformable	déformable
gants	gants
giens	giens
jeudi	jeudi
matériau25ème	matériau25ème
nano-particules	nano-particules
nanochargé	nanochargé
nautique	nautique
partenariale	partenariale
piercan	piercan
presqu	presqu
recycler	recycler
rednre	rednre
thermoplastique	thermoplastique
élastomère	élastomère
biovision	biovision
catalyzer	catalyzer
débattront	débattront
individuelles	individuelles
investor	investor
invités	invités
potentielsbiovision	potentielsbiovision
-la	-la
17ème	17ème
4i-	4i-
positionne-t-il	positionne-t-il
start	start
agirait	agirait
aguea	aguea
annotée	annotée
boulet	boulet
bouletun	bouletun
colorimétrie	colorimétrie
corrélation	corrélation
days	days
designers	designers
enthousiasmés	enthousiasmés
grosso	grosso
innov	innov
map	map
mato	mato
morro	morro
naples	naples
peuvent-ils	peuvent-ils
photographiques	photographiques
pompéi	pompéi
préhistorien	préhistorien
préhistorienne	préhistorienne
préhistoriens	préhistoriens
préhistoriques	préhistoriques
quadrillent	quadrillent
ressortir	ressortir
rondonopolis	rondonopolis
rupestre	rupestre
rupestres	rupestres
sollicité	sollicité
solteiro	solteiro
triées	triées
trouvés	trouvés
vestiges	vestiges
vialou	vialou
vilhena	vilhena
visualisation	visualisation
2018-2020	2018-2020
33	33
acheminement	acheminement
arriveront	arriveront
avant-projet	avant-projet
avant-projets	avant-projets
ballon	ballon
catastrophes	catastrophes
cea-liten	cea-liten
conclut-ilstratobus	conclut-ilstratobus
devaient	devaient
dégrossir	dégrossir
enclavées	enclavées
extra-tropiques	extra-tropiques
interruption	interruption
intra-tropique	intra-tropique
mi-chemin	mi-chemin
montée	montée
oeuvrant	oeuvrant
opacité	opacité
opérer	opérer
oublions	oublions
piraterie	piraterie
polyéthylène	polyéthylène
renforce	renforce
repositionnable	repositionnable
stationnaire	stationnaire
stratobus	stratobus
stratosphère	stratosphère
stratosphérique	stratosphérique
stratrobus	stratrobus
tempérées	tempérées
tributaire	tributaire
verrous	verrous
viables	viables
zodiac	zodiac
allaient	allaient
appelons	appelons
assistait	assistait
axel	axel
briand	briand
buck	buck
co-dirigée	co-dirigée
cognitive	cognitive
collabore	collabore
compensation	compensation
coureaud	coureaud
danguin	danguin
designer	designer
déstructuration	déstructuration
elisabeth	elisabeth
explorons	explorons
grasse	grasse
guichard	guichard
guichet	guichet
interindividuelle	interindividuelle
intersensorielle	intersensorielle
linda	linda
loïc	loïc
memolap	memolap
modalité	modalité
métaboliser	métaboliser
odorants	odorants
olfactifs	olfactifs
olfaction	olfaction
perceptives	perceptives
perçue	perçue
postdoctoraux	postdoctoraux
précise-t-ildesigner	précise-t-ildesigner
péri-récepteurs	péri-récepteurs
périphérique	périphérique
qualigras-phy	qualigras-phy
qualiment	qualiment
thomas	thomas
évènements	évènements
connecté	connecté
doigts	doigts
délicatsreproduire	délicatsreproduire
gestes	gestes
gibaru	gibaru
musculo-squelettiques	musculo-squelettiques
préoccupent	préoccupent
pénibilité	pénibilité
robotisée	robotisée
tms	tms
touché	touché
ur10	ur10
01	01
2017	2017
acceptera-t-il	acceptera-t-il
alléger	alléger
balard	balard
concentrés	concentrés
débarrassons	débarrassons
décharges	décharges
espérer	espérer
gisements	gisements
goettmann	goettmann
grandissante	grandissante
hydrométallurgie	hydrométallurgie
ieh	ieh
irréprochables	irréprochables
lanthanides	lanthanides
livraison	livraison
minier	minier
métal	métal
métallurgistes	métallurgistes
métauxrécupérer	métauxrécupérer
niobium	niobium
offrant	offrant
originalités	originalités
parvient	parvient
pauvre	pauvre
quotidiens	quotidiens
recyclent	recyclent
recycleurs	recycleurs
réactivé	réactivé
scandium	scandium
sereinement	sereinement
smartphone	smartphone
stockés	stockés
tantale	tantale
transformateurs	transformateurs
yttrium	yttrium
178	178
bluffé	bluffé
bâtissant	bâtissant
caution	caution
croit	croit
discussion	discussion
déséquilibrée	déséquilibrée
elaboré	elaboré
esc-lessac	esc-lessac
inrauniversité	inrauniversité
items	items
lessac	lessac
lu-mondelez	lu-mondelez
mapi	mapi
nutrineuro	nutrineuro
nutrineuromesurer	nutrineuromesurer
outcomes	outcomes
pro	pro
quatorze	quatorze
reported	reported
rogeaux	rogeaux
semblant	semblant
sodexo	sodexo
style	style
verbaliser	verbaliser
acousticiens	acousticiens
bloqué	bloqué
bougeant	bougeant
déplacé	déplacé
fréquences	fréquences
géométrie	géométrie
massifs	massifs
mystère	mystère
pétroliers	pétroliers
quotidienbientôt	quotidienbientôt
ralenti	ralenti
rappellent	rappellent
réparti	réparti
savon	savon
soutiennent	soutiennent
290000	290000
449	449
620	620
87	87
alpha-route	alpha-route
analystes	analystes
anania	anania
bisannuelle	bisannuelle
emploie	emploie
euros4ème	euros4ème
finaux	finaux
giorgio	giorgio
invest	invest
mettra	mettra
oem	oem
apporteront	apporteront
hpc	hpc
hpccalcul	hpccalcul
intégrateurs	intégrateurs
matérielles	matérielles
offreurs	offreurs
orientés	orientés
parole	parole
réunit	réunit
éditeurs	éditeurs
émergentes	émergentes
diagana	diagana
haies	haies
inosport	inosport
inosport5ème	inosport5ème
pratiquant	pratiquant
room	room
santébien-être	santébien-être
voiron	voiron
appréciation	appréciation
avéré	avéré
ballester	ballester
candidates	candidates
chardonnay	chardonnay
dea	dea
décor	décor
dégustateurs	dégustateurs
dégustation	dégustation
délibérée	délibérée
démystifie	démystifie
dépendaient	dépendaient
effectuait	effectuait
gelés	gelés
gewurztraminer	gewurztraminer
goûte	goûte
jordi	jordi
marketers	marketers
mémorisées	mémorisées
novice	novice
novices	novices
ontario	ontario
piégé	piégé
post-doc	post-doc
pénétré	pénétré
raisins	raisins
regardaient	regardaient
renouvelé	renouvelé
sauvignon	sauvignon
souvient-il	souvient-il
valencia	valencia
vendangés	vendangés
vocabulaire	vocabulaire
élaborent	élaborent
étiquettes	étiquettes
applicables	applicables
co-fondateurs	co-fondateurs
commande	commande
conformité	conformité
cuoq	cuoq
cyber-criminalité	cyber-criminalité
cybersécurité	cybersécurité
department	department
derepas	derepas
durcir	durcir
durcissement	durcissement
durcit	durcit
décelables	décelables
fabrice	fabrice
failles	failles
frama-c	frama-c
fédéral	fédéral
garantis	garantis
incuballiance	incuballiance
java	java
justifiée	justifiée
menaces	menaces
microsoft	microsoft
monate	monate
métrologiques	métrologiques
nist	nist
ockham	ockham
paris-saclay-ile-de-france	paris-saclay-ile-de-france
rigoureuse	rigoureuse
saluée	saluée
smartphones	smartphones
start-upface	start-upface
trustinsoft	trustinsoft
épreuve	épreuve
autonomieet	autonomieet
circonstance	circonstance
dangla	dangla
fragmenter	fragmenter
goutte	goutte
gouttelettes	gouttelettes
géolocalisation	géolocalisation
inopérant	inopérant
ladhyx	ladhyx
magnéto-inertielle	magnéto-inertielle
microfluidique	microfluidique
patientsdeux	patientsdeux
primordiale	primordiale
protégé	protégé
simplifie	simplifie
stilla	stilla
sysnav	sysnav
ultra-sensible	ultra-sensible
vissière	vissière
appétence	appétence
authentique	authentique
banalisées	banalisées
beaux	beaux
bouder	bouder
censés	censés
considèrent	considèrent
cosmeto-food	cosmeto-food
dévoilée	dévoilée
fascination	fascination
incognita	incognita
innocuité	innocuité
ipsos	ipsos
jouera	jouera
mangent	mangent
mangeur	mangeur
marchésle	marchésle
montante	montante
oudghiri	oudghiri
partagées	partagées
privilège	privilège
renoncer	renoncer
symbolisé	symbolisé
terra	terra
unanimité	unanimité
valorisée	valorisée
adjonction	adjonction
alumine	alumine
aragonite	aragonite
auo-assemblage	auo-assemblage
auto-assemblage	auto-assemblage
bivalves	bivalves
carbonate	carbonate
colloïdale	colloïdale
combine	combine
contourner	contourner
céramique	céramique
denier	denier
fours	fours
géologie	géologie
hiérarchique	hiérarchique
inspirée	inspirée
intrinsèquement	intrinsèquement
lamellée	lamellée
materials	materials
nacre	nacre
ormeaux	ormeaux
planètes	planètes
refroidie	refroidie
résistent	résistent
sédimentation	sédimentation
tenaces	tenaces
tournés	tournés
énergieune	énergieune
altran	altran
conseille	conseille
enrichissant	enrichissant
entourer	entourer
entres	entres
entretient	entretient
ioi	ioi
mazars	mazars
start-upl	start-upl
tpepme	tpepme
complémentairesingénierie	complémentairesingénierie
exposé	exposé
rallier	rallier
rhônalpin	rhônalpin
trail	trail
vtt	vtt
agriculteurs	agriculteurs
agricultures	agricultures
agronomie	agronomie
assiettes	assiettes
assimile	assimile
atteindrons	atteindrons
bouleverser	bouleverser
démographique	démographique
feillet	feillet
gagnant	gagnant
gorgé	gorgé
influe	influe
intensive	intensive
interrogeant	interrogeant
légumesquel	légumesquel
mangeons	mangeons
note-t-il	note-t-il
nourricière	nourricière
parois	parois
persistance	persistance
plurielle	plurielle
probable	probable
productives	productives
pénaliser	pénaliser
raisonnée	raisonnée
religion	religion
restructurer	restructurer
révolutions	révolutions
sceptique	sceptique
simili-viandes	simili-viandes
sociétale	sociétale
substrats	substrats
tas	tas
urbanise	urbanise
vieillit	vieillit
1946	1946
1981	1981
attester	attester
aversions	aversions
diététique	diététique
dotés	dotés
gpao	gpao
hertziennes	hertziennes
menus	menus
micro-informatique	micro-informatique
noisy-le-grand	noisy-le-grand
oriano	oriano
ouvrons	ouvrons
pointus	pointus
préparant	préparant
rapproché	rapproché
signification	signification
soignants	soignants
spécificités	spécificités
textures	textures
utilisait	utilisait
webrest	webrest
winrest	winrest
annulation	annulation
annéetroubles	annéetroubles
appareiller	appareiller
appareillées	appareillées
arkamys	arkamys
audio	audio
audiogramme	audiogramme
auditif	auditif
audition	audition
auditive	auditive
auditives	auditives
avicenne	avicenne
baigne	baigne
citadin	citadin
conversations	conversations
coûtent	coûtent
détroit	détroit
embarquer	embarquer
entendent	entendent
frachet	frachet
habitacle	habitacle
intelligibilité	intelligibilité
jean-michel	jean-michel
manager	manager
modem	modem
opte	opte
oreille	oreille
oto-rhino-laryngologie	oto-rhino-laryngologie
phrases	phrases
publique-hôpitaux	publique-hôpitaux
pénalisants	pénalisants
raczinski	raczinski
remboursement	remboursement
répétée	répétée
sytis	sytis
séoul	séoul
tokyo	tokyo
tonal	tonal
transféré	transféré
téléphoniques	téléphoniques
téléviseurs	téléviseurs
écho	écho
aiguille	aiguille
arrivés	arrivés
auras	auras
calculateur	calculateur
coaching	coaching
consomme	consomme
diabétiquesle	diabétiquesle
e-nutrition	e-nutrition
emmanuelle	emmanuelle
fêtera	fêtera
infirmières	infirmières
injecter	injecter
insulino-dépendant	insulino-dépendant
intégrera	intégrera
mari	mari
naissante	naissante
présentiel	présentiel
rétorqueront	rétorqueront
sociologue	sociologue
souffre	souffre
vidéos	vidéos
villain	villain
évocateur	évocateur
30000	30000
350000	350000
6000	6000
alertés	alertés
ati	ati
brefs	brefs
coupure	coupure
câbles	câbles
câblées	câblées
câblés	câblés
dissuasif	dissuasif
divisés	divisés
enregistrés	enregistrés
ferroviaire	ferroviaire
ferré	ferré
generis	generis
gestionnaire	gestionnaire
immobilisé	immobilisé
inutile	inutile
lève	lève
malfaiteurs	malfaiteurs
moyen-orient	moyen-orient
mssurveillance	mssurveillance
peltier	peltier
remplacement	remplacement
rff	rff
stationné	stationné
tunnels	tunnels
win	win
1989	1989
aboutit	aboutit
accroissent	accroissent
accusé	accusé
adoptée	adoptée
alcoolisme	alcoolisme
anti-oxydantes	anti-oxydantes
anti-radicalaire	anti-radicalaire
anti-radicalaires	anti-radicalaires
apparié	apparié
astronautes	astronautes
attaqués	attaqués
aviculture	aviculture
biosynthèse	biosynthèse
boostant	boostant
bâtie	bâtie
captant	captant
caractérisés	caractérisés
carlo	carlo
circulantes	circulantes
corino	corino
cédant	cédant
célibataire	célibataire
duréeequilibre	duréeequilibre
découle	découle
engranger	engranger
equilibre	equilibre
exigent	exigent
faudra-t-il	faudra-t-il
heureusement	heureusement
infatigable	infatigable
krl	krl
megamix	megamix
milan	milan
ménagé	ménagé
non-circulantes	non-circulantes
obligé	obligé
oxydatif	oxydatif
oxyder	oxyder
prions	prions
profilent	profilent
provoque	provoque
préserve	préserve
radicalaire	radicalaire
radicaux	radicaux
rayonnements	rayonnements
réagissent-ils	réagissent-ils
réséda	réséda
rétinopathie	rétinopathie
rétorque-t-il	rétorque-t-il
tabagisme	tabagisme
vivants	vivants
écotoxicité	écotoxicité
électron	électron
apprécient	apprécient
astrolabe	astrolabe
cassis	cassis
conquérir	conquérir
dégustateur	dégustateur
goûts	goûts
ifv	ifv
malbec	malbec
marques	marques
moûts	moûts
négrette	négrette
néovins	néovins
progresse	progresse
raisinconcevoir	raisinconcevoir
savez-vous	savez-vous
servadou	servadou
terreo	terreo
triplé	triplé
vini-viticole	vini-viticole
vinicoles	vinicoles
vinneo	vinneo
violette	violette
co-fondé	co-fondé
dao	dao
deviendront	deviendront
disposeront-ils	disposeront-ils
exigeants	exigeants
fablab	fablab
garantira	garantira
hermès	hermès
imprimantes	imprimantes
intégreront	intégreront
larivière	larivière
loft	loft
machines-outils	machines-outils
maurille	maurille
niçoise	niçoise
ouvrira	ouvrira
sds-nice	sds-nice
sita-suez	sita-suez
toyota	toyota
tradmatik	tradmatik
éco-conceptionecolab	éco-conceptionecolab
écoproduits	écoproduits
écotechnologies	écotechnologies
agro-alimentaire	agro-alimentaire
alexandre	alexandre
alimentec	alimentec
anti-bactériens	anti-bactériens
bourg	bourg
bresse	bresse
clôturée	clôturée
contamination	contamination
ductilité	ductilité
durablel	durablel
feingenbaum	feingenbaum
néoformés	néoformés
parrainé	parrainé
pla	pla
propack	propack
pti	pti
rfid	rfid
rmt	rmt
évoquées	évoquées
b2v	b2v
cyceron	cyceron
eustache	eustache
maladiessemaine	maladiessemaine
neuro-anatomie	neuro-anatomie
neuropsychologie	neuropsychologie
33èmes	33èmes
appam	appam
aromatiques	aromatiques
aromatisation	aromatisation
atypiques	atypiques
digne-les-bains	digne-les-bains
dépérissement	dépérissement
huiles	huiles
inhabituelle	inhabituelle
lavande	lavande
lavandin	lavandin
mets	mets
médicinales	médicinales
odorantes	odorantes
parfum	parfum
parfumerie	parfumerie
paroles	paroles
réglementaire	réglementaire
spiritueux	spiritueux
succinct	succinct
travaux33èmes	travaux33èmes
évoqueront	évoqueront
