token	idf
	0.0
0	2.2121876044039577
0 1	2.513217600067939
0 10	2.513217600067939
0 3	2.513217600067939
0 5	2.513217600067939
00	2.2121876044039577
1	0.6807086873617026
1 000	1.5589750906286142
1 1	2.513217600067939
1 2	2.513217600067939
1 25 000	2.513217600067939
1 3	2.513217600067939
1 40	2.513217600067939
1 5	2.0360963453482768
1 500	2.0360963453482768
1 50ème	2.513217600067939
1 6	2.2121876044039577
1 8	2.2121876044039577
1 88	2.513217600067939
1 9	2.513217600067939
1 cnrs cea	2.513217600067939
1 formation	2.513217600067939
1 l umt	2.513217600067939
1 laboratoires	2.513217600067939
10	0.8600050862925953
10 000	1.6681195600536822
10 15	2.0360963453482768
100	1.212187604403958
100 000	1.8142475957319202
1000	2.0360963453482768
101	2.513217600067939
1015	2.513217600067939
1024	2.513217600067939
105	2.2121876044039577
106	2.513217600067939
109	2.513217600067939
10ème	2.2121876044039577
11	1.3090976174120141
11 5	2.2121876044039577
110	2.513217600067939
111	2.2121876044039577
115	2.2121876044039577
1160	2.513217600067939
117	2.513217600067939
11ème	2.513217600067939
12	1.1707949192457328
12 000	2.513217600067939
12 hydroxy	2.513217600067939
120	2.2121876044039577
125	2.2121876044039577
126	2.513217600067939
128	2.2121876044039577
1280	2.513217600067939
12mois	2.513217600067939
12ème	2.2121876044039577
13	1.6101276130759954
13 5	2.513217600067939
130	2.513217600067939
136 7	2.513217600067939
13ème	2.513217600067939
14	1.513217600067939
140	2.0360963453482768
141	2.513217600067939
142	2.513217600067939
145	2.513217600067939
1466	2.513217600067939
14ème	2.513217600067939
15	1.0660595687257197
15 000	2.2121876044039577
150	1.5589750906286142
150 000	2.0360963453482768
1500	1.9111576087399766
154	2.513217600067939
15ème	2.513217600067939
16	1.3992742477611022
1600	2.2121876044039577
167	2.513217600067939
16ème	2.513217600067939
17	1.1909983053340196
170	2.513217600067939
173 000	2.513217600067939
178	2.513217600067939
1780	2.2121876044039577
17ème	2.513217600067939
18	1.212187604403958
18 2	2.513217600067939
180	2.513217600067939
1809	2.513217600067939
1859	2.513217600067939
19	1.4340363540203143
1901	2.513217600067939
1925	2.513217600067939
1940	2.513217600067939
1946	2.513217600067939
1950	2.2121876044039577
1953	2.513217600067939
1954	2.513217600067939
1959	2.2121876044039577
1960	2.513217600067939
1961	2.513217600067939
1963	2.513217600067939
1969	2.513217600067939
1970	2.2121876044039577
1973	2.513217600067939
1978	2.513217600067939
1979	2.2121876044039577
1980	1.8142475957319202
1981	2.513217600067939
1982	2.2121876044039577
1983	2.513217600067939
1985	2.513217600067939
1987	2.513217600067939
1989	2.513217600067939
1990	1.471824914909714
1991	2.2121876044039577
1992	1.7350663496842953
1993	2.0360963453482768
1994	1.9111576087399766
1995	2.2121876044039577
1996	2.2121876044039577
1997	2.513217600067939
1998	1.8142475957319202
1a	2.2121876044039577
1b	2.513217600067939
1er	1.257945094964633
1ère	1.3090976174120141
2	0.7808238402449705
2 0	2.0360963453482768
2 000	2.2121876044039577
2 106	2.513217600067939
2 1a	2.513217600067939
2 1b	2.513217600067939
2 2	2.513217600067939
2 25	2.513217600067939
2 3	2.513217600067939
2 400	2.513217600067939
2 5	2.0360963453482768
2 6	2.513217600067939
2 entpe	2.513217600067939
2 h	2.513217600067939
2 heptanone	2.513217600067939
20	0.9569150993006518
20 000	1.8142475957319202
200	1.1152775913959014
2000	1.282768678689665
2001	1.8142475957319202
2002	1.9111576087399766
2003	1.8142475957319202
2003 2004	2.513217600067939
2004	1.6681195600536822
2005	1.367089564389701
2006	1.3371263410122578
2007	1.282768678689665
2008	1.1707949192457328
2009	1.257945094964633
2009 2012	2.513217600067939
2009 2015	2.513217600067939
200m2	2.513217600067939
2010	0.9817386830256839
2010 2035	2.513217600067939
2011	0.9004337433482035
2011 2015	2.513217600067939
2011 produire	2.513217600067939
2012	0.8600050862925953
2012 2016	2.513217600067939
2012 prix	2.513217600067939
2013	0.8142475957319202
2013 2014	2.513217600067939
2013 cuisine	2.513217600067939
2013 innovation	2.513217600067939
2014	1.0218559062336663
2014 2015	2.513217600067939
2014 2020	2.513217600067939
2014 8ème	2.513217600067939
2014 eco campus	2.513217600067939
2015	1.7350663496842953
2016	1.9111576087399766
2016 de	2.513217600067939
2017	2.513217600067939
2018	2.0360963453482768
2018 2020	2.513217600067939
2020	1.5589750906286142
2020 micro geo	2.513217600067939
2023	2.513217600067939
2025	2.513217600067939
2030	1.9111576087399766
2040	2.0360963453482768
2050	1.6681195600536822
2050 modification	2.513217600067939
2060	2.513217600067939
21	1.513217600067939
210 000	2.513217600067939
2100	2.513217600067939
211	2.513217600067939
212	2.513217600067939
215	2.513217600067939
21ème	2.2121876044039577
22	1.6101276130759954
22 000	2.513217600067939
220	2.0360963453482768
221	2.513217600067939
23	1.6101276130759954
230	2.2121876044039577
24	1.282768678689665
24 000	2.513217600067939
247	2.513217600067939
25	1.1152775913959014
25 000	2.2121876044039577
250	2.2121876044039577
254	2.513217600067939
25ème	2.2121876044039577
26	1.471824914909714
260	2.2121876044039577
2600	2.513217600067939
262	2.513217600067939
268 5	2.513217600067939
27	1.471824914909714
270	2.513217600067939
276	2.513217600067939
28	1.4340363540203143
28 000	2.513217600067939
280	2.0360963453482768
289	2.513217600067939
29	1.5589750906286142
290 000	2.513217600067939
292	2.2121876044039577
2d	2.2121876044039577
2d 3d	2.513217600067939
2kg	2.513217600067939
2è	2.513217600067939
2ème	1.7350663496842953
3	0.7808238402449705
3 000	1.9111576087399766
3 5	2.0360963453482768
3 65	2.2121876044039577
3 8	2.2121876044039577
3 ecole	2.513217600067939
3 inp	2.513217600067939
30	0.9947036601900515
30 000	2.513217600067939
30 1	2.513217600067939
300	1.3090976174120141
300 000	1.9111576087399766
3000	2.513217600067939
31	2.0360963453482768
312	2.513217600067939
314	2.2121876044039577
32	2.513217600067939
33	2.513217600067939
33ème	2.513217600067939
33èmes	2.513217600067939
34	2.513217600067939
35	1.5589750906286142
35 6	2.513217600067939
350	2.0360963453482768
350 000	2.513217600067939
352	2.513217600067939
36	1.6681195600536822
38	2.513217600067939
3bcar	2.513217600067939
3d	1.257945094964633
3d 2d	2.513217600067939
3e	2.513217600067939
3ème	1.6101276130759954
4	0.6681195600536822
4 000	2.0360963453482768
4 1	2.513217600067939
4 3	2.513217600067939
4 5	2.2121876044039577
4 6	2.513217600067939
40	1.151489764050346
40 000	2.513217600067939
400	1.367089564389701
410 c	2.513217600067939
41ème	2.513217600067939
42	2.0360963453482768
43	2.2121876044039577
449	2.513217600067939
45	2.2121876044039577
450	2.513217600067939
46	2.513217600067939
47	2.2121876044039577
48	2.0360963453482768
4i	2.2121876044039577
4ème	1.6101276130759954
5	0.8600050862925953
5 000	1.9111576087399766
50	1.151489764050346
50 000	2.2121876044039577
50 50	2.2121876044039577
500	1.367089564389701
500 000	1.8142475957319202
5000	2.513217600067939
52	2.2121876044039577
52 5	2.513217600067939
53	2.2121876044039577
545	2.513217600067939
55	2.513217600067939
559	2.513217600067939
56 7	2.2121876044039577
560	2.513217600067939
576	2.513217600067939
58	2.2121876044039577
5ème	1.9111576087399766
6	0.8697649235817516
6 000	2.513217600067939
6 5	2.513217600067939
6 8	2.513217600067939
60	1.282768678689665
600	1.9111576087399766
606	2.513217600067939
61	2.513217600067939
620	2.513217600067939
631	2.513217600067939
64	2.513217600067939
65	1.7350663496842953
650	2.513217600067939
65ème	2.513217600067939
69	2.513217600067939
69 000	2.513217600067939
694	2.513217600067939
6ème	2.0360963453482768
7	1.0218559062336663
7 5	2.513217600067939
7 600	2.513217600067939
7 700	2.513217600067939
70	1.3992742477611022
700	2.0360963453482768
700 000	2.513217600067939
7000	2.513217600067939
710	2.513217600067939
715	2.513217600067939
72 000	2.513217600067939
73	2.2121876044039577
737	2.513217600067939
74	2.2121876044039577
747	2.513217600067939
75	1.9111576087399766
750	2.513217600067939
750 000	2.513217600067939
774 000	2.513217600067939
7ème	1.6681195600536822
8	1.0660595687257197
8 000	2.513217600067939
80	1.3090976174120141
800	2.2121876044039577
800 000	2.2121876044039577
83	2.513217600067939
84	2.513217600067939
845	2.513217600067939
85	2.513217600067939
86	2.513217600067939
865	2.513217600067939
866	1.9111576087399766
87	2.513217600067939
88	2.513217600067939
897 université	2.513217600067939
8ème	1.9111576087399766
9	1.1152775913959014
9 000	2.513217600067939
9 3	2.513217600067939
9 72	2.513217600067939
90	1.282768678689665
900	2.0360963453482768
901	2.513217600067939
93	2.2121876044039577
95	1.9111576087399766
968	2.513217600067939
970	2.513217600067939
98	2.2121876044039577
9ème	1.6681195600536822
a	0.12761132646962686
a t elle	2.0360963453482768
a t il	1.471824914909714
a320	2.513217600067939
a380	2.513217600067939
abandonner	2.513217600067939
abandonnées	2.513217600067939
abattus	2.513217600067939
abeilles	2.513217600067939
abiotique	2.513217600067939
abondance	2.513217600067939
abondante	2.0360963453482768
aborde	2.513217600067939
aborder	2.0360963453482768
abordera	2.513217600067939
aborderont	2.513217600067939
abordé	2.513217600067939
abordée	2.513217600067939
abordées	2.513217600067939
abordés	1.8142475957319202
abouti	1.8142475957319202
aboutir	1.513217600067939
aboutira	2.513217600067939
aboutiront	2.513217600067939
aboutissez	2.513217600067939
aboutit	2.513217600067939
abrite	1.6101276130759954
abritent	2.513217600067939
abritera	2.0360963453482768
absence	2.513217600067939
absolu	2.513217600067939
absolus	2.513217600067939
absorbe	2.513217600067939
absorber	2.2121876044039577
absorbons	2.513217600067939
abstraites	2.513217600067939
abstress	2.2121876044039577
absurde	2.513217600067939
abusent	2.513217600067939
abyssaux	2.513217600067939
abîmer	2.513217600067939
acacia	2.513217600067939
academies	2.513217600067939
academy	2.0360963453482768
académiciens	2.513217600067939
académie	2.0360963453482768
académie 5ème	2.513217600067939
académies	2.513217600067939
académique	1.5589750906286142
académiques	1.6681195600536822
accelerator	2.513217600067939
acceptabilité	2.2121876044039577
acceptable	2.0360963453482768
acceptables	2.513217600067939
acceptant	2.513217600067939
acceptera t il	2.513217600067939
accepté	2.0360963453482768
accessible	1.7350663496842953
accessibles	1.9111576087399766
accident	2.513217600067939
accidentellement	2.513217600067939
accidents	2.513217600067939
accidentée	2.513217600067939
acclimater	2.513217600067939
accompagnant	2.2121876044039577
accompagne	2.0360963453482768
accompagnement	1.8142475957319202
accompagnent	2.2121876044039577
accompagner	1.5589750906286142
accompagnons	2.2121876044039577
accompagné	1.6681195600536822
accompagnée	2.2121876044039577
accompagnées	2.513217600067939
accompagnés	2.2121876044039577
accomplir	2.513217600067939
accord	1.3992742477611022
accordable	2.513217600067939
accords	1.8142475957319202
accroissement	2.0360963453482768
accroît	2.513217600067939
accroître	1.9111576087399766
accru	2.2121876044039577
accrue	2.2121876044039577
accréditée	2.513217600067939
accueil	2.513217600067939
accueillant	2.513217600067939
accueillantes	2.513217600067939
accueille	2.513217600067939
accueillera	1.6681195600536822
accueilli	2.0360963453482768
accueillie	2.0360963453482768
accueillir	1.7350663496842953
accueillis	2.2121876044039577
accumulateurs	2.513217600067939
accumuler	2.513217600067939
accumulées	2.513217600067939
accusé	2.513217600067939
accèdent	2.513217600067939
accès	1.6681195600536822
accéder	2.0360963453482768
accélérateur	2.2121876044039577
accélérateurs	2.0360963453482768
accélération	2.2121876044039577
accélérer	1.9111576087399766
accéléromètres	2.513217600067939
accélérée	2.2121876044039577
acharné	2.513217600067939
acheter	2.513217600067939
achever	2.2121876044039577
achevé	2.513217600067939
achevée	2.2121876044039577
achèvent	2.513217600067939
acid	2.513217600067939
acide	2.2121876044039577
acides	1.9111576087399766
acidité	2.2121876044039577
acipenser	2.513217600067939
acoustic	2.513217600067939
acousticiens	2.513217600067939
acoustique	2.2121876044039577
acoustique musique	2.513217600067939
acoustiques	1.9111576087399766
acousto optique	2.513217600067939
acquiert	2.513217600067939
acquis	1.471824914909714
acquise	2.0360963453482768
acquises	1.7350663496842953
acquérir	1.8142475957319202
acte	2.2121876044039577
actes	2.0360963453482768
acteur	1.8142475957319202
acteurs	0.850459768386365
actia	2.513217600067939
actif	1.9111576087399766
actifs	1.5589750906286142
actilait	2.2121876044039577
actilait premiers	2.513217600067939
action	1.6101276130759954
actionnaires	2.2121876044039577
actionnarial	2.513217600067939
actions	1.3992742477611022
actis	2.513217600067939
activation	2.2121876044039577
active	2.0360963453482768
activement	1.9111576087399766
actives	1.7350663496842953
activité	1.1909983053340196
activités	1.0218559062336663
activée	2.513217600067939
activées	2.513217600067939
activés	2.513217600067939
actualisées	2.513217600067939
actualité	0.6936736645260704
actualité innovation	2.513217600067939
actualités	1.8142475957319202
actuel	1.471824914909714
actuelle	1.471824914909714
actuellement	1.0218559062336663
actuellement 200	2.513217600067939
actuellement vaimos	2.513217600067939
actuelles	1.6101276130759954
actuels	1.513217600067939
adaptable	2.513217600067939
adaptatif	2.2121876044039577
adaptatifs	2.513217600067939
adaptation	2.0360963453482768
adaptations	2.513217600067939
adaptative	2.2121876044039577
adapter	1.513217600067939
adapté	1.7350663496842953
adaptée	1.513217600067939
adaptées	2.0360963453482768
adaptés	2.2121876044039577
additif	2.513217600067939
additifs	2.513217600067939
additionnel	2.513217600067939
adecal	2.513217600067939
adept	2.513217600067939
adhérences	2.513217600067939
adhérent	1.8142475957319202
adhérente	2.0360963453482768
adhérentes	2.513217600067939
adhérents	1.7350663496842953
adhérer	2.513217600067939
adhéré	2.2121876044039577
adhésif	2.513217600067939
adhésion	2.0360963453482768
adjoint	2.2121876044039577
adjoints	2.513217600067939
adjuvants	2.513217600067939
administrateur	2.2121876044039577
administration	2.2121876044039577
administrations	2.513217600067939
administratives	2.2121876044039577
administrée	2.2121876044039577
admirer	2.2121876044039577
adn	2.513217600067939
adolescent	2.513217600067939
adoptent	2.2121876044039577
adoptée	2.513217600067939
adoptés	2.513217600067939
adosser	2.513217600067939
adossé	2.513217600067939
adossée	2.513217600067939
adria	2.513217600067939
adriatique	2.513217600067939
adrien	2.513217600067939
ads	2.513217600067939
adsl	2.513217600067939
adulte	2.513217600067939
adultes	2.0360963453482768
advanced	2.2121876044039577
advisor	2.513217600067939
adéquat	2.513217600067939
adéquate	2.513217600067939
adéquates	2.513217600067939
aedes	2.513217600067939
aegypti	2.513217600067939
aegyptiaca	2.513217600067939
aeria	2.513217600067939
aero	2.513217600067939
aerocampus	2.513217600067939
aerokwai	2.2121876044039577
aeronautics	2.513217600067939
aerosol	2.513217600067939
aerospace	2.513217600067939
aerospatial	2.513217600067939
aerowing	2.513217600067939
afam	2.513217600067939
aff	2.513217600067939
affaire	2.0360963453482768
affaires	2.2121876044039577
affectant	2.0360963453482768
affecte	2.2121876044039577
affectent	2.2121876044039577
affection	2.513217600067939
affective	2.2121876044039577
affecté	2.2121876044039577
affichant	2.513217600067939
affiche	2.513217600067939
afficher	2.513217600067939
affiché	2.0360963453482768
affichée	2.513217600067939
affichés	2.513217600067939
affiner	2.513217600067939
affinés	2.513217600067939
affirmer	2.513217600067939
affirmons	2.513217600067939
affirmé	2.513217600067939
affluent	2.513217600067939
affranchir	2.2121876044039577
affronter	2.513217600067939
afin	0.5088962262852964
afis	2.513217600067939
afni	2.513217600067939
afnor	2.513217600067939
africain	2.2121876044039577
africaine	2.513217600067939
africains	2.2121876044039577
afrique	1.6681195600536822
aft	2.513217600067939
agathe	2.513217600067939
agence	1.7350663496842953
agences	1.9111576087399766
agent	2.0360963453482768
agents	1.9111576087399766
aggravants	2.513217600067939
aggravation	2.513217600067939
aggroalimentaires	2.513217600067939
agilité	2.513217600067939
agir	2.0360963453482768
agissaient	2.513217600067939
agissent	1.9111576087399766
agit	2.2121876044039577
agitation	2.513217600067939
agon	2.513217600067939
agonistes	2.513217600067939
agrene	2.0360963453482768
agressions	2.2121876044039577
agri	2.513217600067939
agricole	1.513217600067939
agricoles	1.5589750906286142
agriculteurs	2.513217600067939
agriculture	1.6101276130759954
agricultures	2.513217600067939
agrimip	2.513217600067939
agro environnement	2.513217600067939
agro environnementale	2.513217600067939
agro industrielle	2.513217600067939
agro industries	2.513217600067939
agro ressources	2.513217600067939
agro sourcés	2.513217600067939
agro économiste	2.513217600067939
agroalimentaire	1.513217600067939
agroalimentaire une	2.513217600067939
agroalimentaires	2.513217600067939
agrochimique	2.513217600067939
agroenvironnement	2.2121876044039577
agronome	1.9111576087399766
agronomes	2.513217600067939
agronomique	2.2121876044039577
agronov	2.2121876044039577
agroparis	2.2121876044039577
agroparistech	1.9111576087399766
agrossup	2.513217600067939
agrosup	1.8142475957319202
agrosystèmes	2.513217600067939
agroécologie	1.8142475957319202
agrège	2.513217600067939
agrène	2.513217600067939
agrès	2.513217600067939
agréable	2.513217600067939
agrégats	2.513217600067939
agréée	2.513217600067939
aguea	2.513217600067939
aguerris	2.513217600067939
agées	2.513217600067939
ai	2.0360963453482768
aidants	2.513217600067939
aide	1.5589750906286142
aider	1.6681195600536822
aides	2.513217600067939
aient	2.2121876044039577
aiguille	2.513217600067939
aile	2.513217600067939
ailleurs	1.0360963453482765
aimara	2.513217600067939
aimerait	2.513217600067939
ain	2.513217600067939
ainsi	0.20358743264204027
air	1.7350663496842953
airbus	1.7350663496842953
aircore	2.513217600067939
aircraft	2.513217600067939
aires	2.513217600067939
airs	2.513217600067939
aiserey	2.513217600067939
aisément	2.2121876044039577
ait	1.8142475957319202
aix en provence	2.513217600067939
aix marseille	1.9111576087399766
aix marseille universite	2.513217600067939
ajout	2.513217600067939
ajoutant	2.513217600067939
ajoute	1.6101276130759954
ajoute t elle	2.2121876044039577
ajoute t il	1.6101276130759954
ajoute t il premier	2.513217600067939
ajouter	1.5589750906286142
ajoutez	2.513217600067939
ajoutons	1.4340363540203143
ajouts	2.513217600067939
ajouté	1.8142475957319202
ajouté le	2.513217600067939
ajoutée	1.9111576087399766
ajoutés	2.513217600067939
ajustements	2.513217600067939
ajusteuse	2.513217600067939
alabouvette	2.513217600067939
aladin	2.513217600067939
alain	1.8142475957319202
alba	2.513217600067939
albert	2.0360963453482768
alcatel	2.513217600067939
alcoolique	2.513217600067939
aldebaran	2.513217600067939
alenia	2.2121876044039577
alentours	2.513217600067939
alerté	2.513217600067939
alertés	2.513217600067939
alexandre	2.513217600067939
alexandrines	2.513217600067939
alf	2.513217600067939
algorithme	2.513217600067939
algorithmes	2.513217600067939
algues	1.8142475957319202
algérie	2.513217600067939
ali	2.513217600067939
alia	2.513217600067939
alice	2.513217600067939
alignés	2.513217600067939
aliment	1.7350663496842953
alimentaire	1.133006358356333
alimentaires	1.23446399911511
alimentation	1.367089564389701
alimente	1.8142475957319202
alimentec	2.513217600067939
alimentent	2.513217600067939
alimenter	2.2121876044039577
aliments	1.1707949192457328
alimenté	2.2121876044039577
alimentée	2.513217600067939
alimentées	2.2121876044039577
aliou	2.513217600067939
aliss	2.513217600067939
allaert	2.513217600067939
allaient	2.513217600067939
allait	1.4340363540203143
allaitement	2.513217600067939
allaité	2.513217600067939
allant	1.6681195600536822
allemagne	1.513217600067939
allemand	1.9111576087399766
allemandes	2.2121876044039577
allemands	2.513217600067939
allenvi	2.2121876044039577
aller	1.367089564389701
allergies	2.0360963453482768
allergiques	2.513217600067939
allergisante	2.513217600067939
allergologues	2.513217600067939
allergènes	2.513217600067939
allers	2.513217600067939
allez	2.2121876044039577
alliages	2.2121876044039577
alliance	1.7350663496842953
allier	2.2121876044039577
allions	2.2121876044039577
allocution	2.513217600067939
allongement	2.2121876044039577
allons	1.4340363540203143
allure	2.513217600067939
allèles	2.513217600067939
allé	1.9111576087399766
allée	2.513217600067939
allégations	2.513217600067939
allégement	2.513217600067939
alléger	2.513217600067939
allés	2.2121876044039577
almasat 1	2.513217600067939
along	2.513217600067939
alors	0.3861128017031314
alpes	1.6101276130759954
alpes de haute provence	2.513217600067939
alpespace	2.2121876044039577
alpha	2.513217600067939
alpha route	2.513217600067939
alpin	2.513217600067939
alpine	2.2121876044039577
alsace	2.0360963453482768
alterindustrialisation	2.513217600067939
alternance	2.513217600067939
alternant	2.513217600067939
alternatifs	2.2121876044039577
alternative	2.0360963453482768
alternatives	1.7350663496842953
altika	2.513217600067939
altimétrique	2.513217600067939
altitude	2.0360963453482768
altitudes	2.513217600067939
altran	2.513217600067939
altéré	2.2121876044039577
altérés	2.513217600067939
alzheimer	2.513217600067939
aléas	2.513217600067939
amalgame	2.513217600067939
amas	2.513217600067939
ambassade	2.513217600067939
ambiante	2.513217600067939
ambiguïté	2.513217600067939
ambitieux	1.5589750906286142
ambition	1.3992742477611022
ambitionne	2.0360963453482768
ambitions	2.2121876044039577
ambroisie	2.513217600067939
ambulatoire	2.513217600067939
amenant	2.513217600067939
amendements	2.513217600067939
amener	2.513217600067939
amené	1.7350663496842953
amenées	2.513217600067939
amenés	2.2121876044039577
america	2.2121876044039577
american	2.513217600067939
ami	2.0360963453482768
amical	2.513217600067939
aminé	2.513217600067939
aminés	2.513217600067939
amont	1.8142475957319202
amorcer	2.513217600067939
amorçage	2.2121876044039577
amovible	2.513217600067939
amphis	2.2121876044039577
amphithéâtre	2.513217600067939
amplement	2.513217600067939
ampleur	1.8142475957319202
amplifiant	2.513217600067939
amplificateur	2.513217600067939
amplificateurs	2.513217600067939
amplification	2.2121876044039577
amplificatrice	2.513217600067939
amplificatrices	2.513217600067939
amplifient	2.513217600067939
amplifiée	2.513217600067939
amplifiées	2.513217600067939
amplifying	2.513217600067939
ampère	2.513217600067939
ams	2.513217600067939
amundi	2.513217600067939
amusez vous	2.513217600067939
amylgen	2.513217600067939
amyloid ß	2.513217600067939
amyotrophique	2.513217600067939
améliorant	2.513217600067939
amélioration	1.9111576087399766
améliorations	2.513217600067939
améliorent	2.513217600067939
améliorer	1.513217600067939
améliorons	2.513217600067939
améliorées	2.513217600067939
améliorés	2.513217600067939
aménagement	2.2121876044039577
aménagements	2.2121876044039577
aménageurs	2.513217600067939
aménagés	2.513217600067939
américain	1.513217600067939
américaine	1.9111576087399766
américaines	1.9111576087399766
américains	1.6681195600536822
amérique	1.7350663496842953
an	1.1909983053340196
an l infographie	2.513217600067939
analogue	2.513217600067939
analogues	2.2121876044039577
analysant	2.513217600067939
analyse	1.6101276130759954
analyser	1.6681195600536822
analyses	1.6681195600536822
analyste	2.513217600067939
analystes	2.513217600067939
analysée	2.513217600067939
analysées	2.513217600067939
analytical	2.513217600067939
analytics	2.513217600067939
analytique	2.513217600067939
analytiques	2.2121876044039577
anania	2.513217600067939
anantharaman	2.513217600067939
ancien	2.2121876044039577
ancienne	1.9111576087399766
anciennes	1.9111576087399766
ancienneté	2.513217600067939
anciens	1.5589750906286142
and	1.3090976174120141
andine	2.513217600067939
andrews	2.513217600067939
androconie	2.513217600067939
androconies	2.513217600067939
android	2.513217600067939
andré	2.513217600067939
anesthésiantes	2.513217600067939
anesthésique	2.513217600067939
anesthésiques	2.513217600067939
angers	2.2121876044039577
angewandte	2.513217600067939
anglais	1.9111576087399766
angles	2.513217600067939
angleterre	1.7350663496842953
anglo saxons	2.513217600067939
angströms	2.513217600067939
angusticeps	2.513217600067939
anicap	2.513217600067939
animal	2.0360963453482768
animale	1.7350663496842953
animales	1.7350663496842953
animales partenariat	2.513217600067939
animals	2.513217600067939
animateur	2.513217600067939
animation	2.513217600067939
animations	2.2121876044039577
animaux	1.6681195600536822
animaux un	2.513217600067939
anime	2.513217600067939
animer	2.513217600067939
animera	2.513217600067939
animé	1.9111576087399766
animées	2.2121876044039577
anne	2.513217600067939
anneau	2.513217600067939
annie	2.513217600067939
anniversaire	2.513217600067939
annonce	1.6101276130759954
annoncent	2.513217600067939
annoncé	2.0360963453482768
annonçait	2.513217600067939
annotée	2.513217600067939
annuel	1.6101276130759954
annuelle	1.9111576087399766
annuelles	2.513217600067939
annuels	2.513217600067939
année	0.7573427443954476
année arts	2.513217600067939
année l eyebrain	2.513217600067939
année troubles	2.513217600067939
années	0.5541762077468454
années sunaero	2.513217600067939
années théorème	2.513217600067939
anomalie	2.513217600067939
anomalies	2.0360963453482768
anonyme	2.513217600067939
anonymes	2.2121876044039577
anormale	2.2121876044039577
anormaux	2.513217600067939
anr	1.3992742477611022
anru2	2.513217600067939
ans	0.5003803753627668
anses	2.513217600067939
anta diop	2.513217600067939
antagonistes	2.513217600067939
antarctique	2.513217600067939
antares	2.513217600067939
antem	2.513217600067939
antenne	2.0360963453482768
antennes	1.9111576087399766
anthropique	2.513217600067939
anthropiques	2.2121876044039577
anthropologie	2.513217600067939
anthropologue	2.513217600067939
anthropologues	2.513217600067939
anti bactériennes	2.513217600067939
anti bactériens	2.513217600067939
anti caries	2.513217600067939
anti fuite	2.513217600067939
anti microbienne	2.513217600067939
anti oxydantes	2.513217600067939
anti oxydants	2.0360963453482768
anti radicalaire	2.513217600067939
anti radicalaires	2.513217600067939
anti épileptiques	2.513217600067939
antibiotiques	2.513217600067939
anticancéreuse	2.513217600067939
anticipant	2.513217600067939
anticiper	2.2121876044039577
anticipées	2.513217600067939
anticorps	2.2121876044039577
antidépresseurs	2.513217600067939
antigel	2.513217600067939
antigel un	2.513217600067939
antigènes	2.513217600067939
antilles	2.2121876044039577
antimicrobien	2.513217600067939
antimicrobiens	2.513217600067939
antimigraineux	2.513217600067939
antimonure	2.513217600067939
antine	2.513217600067939
antioxydant	2.513217600067939
antioxydants	2.2121876044039577
antipolis méditerranée	2.513217600067939
antiseptiques	2.513217600067939
antiépileptiques	2.513217600067939
antoine	1.9111576087399766
aon	2.513217600067939
août	1.6101276130759954
aperçu	2.0360963453482768
apix	2.513217600067939
aplatie	2.513217600067939
apollon	2.513217600067939
appam	2.513217600067939
apparaissait	2.2121876044039577
apparaissent	2.0360963453482768
apparaît	1.212187604403958
apparaître	2.513217600067939
appareil	1.7350663496842953
appareiller	2.513217600067939
appareillées	2.513217600067939
appareils	1.513217600067939
apparente	2.513217600067939
apparenté	2.513217600067939
apparition	2.513217600067939
apparié	2.513217600067939
appartenant	2.513217600067939
appartiennent	2.513217600067939
appartient	2.513217600067939
apparu	2.513217600067939
apparue	2.513217600067939
apparues	2.513217600067939
appel	1.1707949192457328
appeler	2.513217600067939
appelions	2.513217600067939
appellation	1.9111576087399766
appellations	2.513217600067939
appelle	1.1909983053340196
appellent	1.6101276130759954
appelons	2.513217600067939
appels	1.9111576087399766
appelé	2.0360963453482768
appelée	2.2121876044039577
appelées	2.513217600067939
appleton	2.513217600067939
appli	2.513217600067939
applicable	2.513217600067939
applicables	2.513217600067939
applicatifs	2.2121876044039577
application	1.3371263410122578
applications	0.8319763626923518
applications illuminer	2.513217600067939
applied	2.2121876044039577
appliquant	2.513217600067939
appliquer	2.2121876044039577
appliquions	2.513217600067939
appliqué	1.8142475957319202
appliquée	1.6681195600536822
appliquées	1.6101276130759954
appliqués	1.8142475957319202
apport	2.513217600067939
apportant	1.9111576087399766
apporte	1.6101276130759954
apportent	1.6681195600536822
apporter	1.3992742477611022
apporteront	2.513217600067939
apportons	2.513217600067939
apports	2.513217600067939
apporté	1.9111576087399766
apportées	2.2121876044039577
apprenait	2.513217600067939
apprenant	2.513217600067939
apprenants	2.513217600067939
apprend	2.513217600067939
apprendre	1.9111576087399766
apprendront	2.513217600067939
apprenne	2.513217600067939
apprenti	2.513217600067939
apprentissage	1.9111576087399766
apprentissages	2.513217600067939
appris	1.8142475957319202
approchant	2.513217600067939
approche	1.212187604403958
approchent	2.513217600067939
approches	1.471824914909714
approfondie	2.2121876044039577
approfondir	2.2121876044039577
appropriables	2.513217600067939
approprient	2.513217600067939
appropriés	2.513217600067939
approuve	2.513217600067939
approuvée	2.513217600067939
approvisionnement	2.513217600067939
approvisionnements	2.513217600067939
appréciation	2.513217600067939
apprécie	2.513217600067939
apprécient	2.513217600067939
apprécier	2.513217600067939
apprécié	2.513217600067939
appréciée	2.513217600067939
appréhender	1.6681195600536822
appréhension	2.513217600067939
appui	2.2121876044039577
appuyer	1.9111576087399766
appuyé	2.513217600067939
appuyée	2.513217600067939
après	0.7003042434250835
apte	1.9111576087399766
aptes	2.2121876044039577
aptitudes	2.513217600067939
aquaculture	2.513217600067939
aquasourça	2.513217600067939
aquatique	2.513217600067939
aquatiques	2.0360963453482768
aqueuse	2.0360963453482768
aquifères	2.513217600067939
aquimer	2.0360963453482768
aquitaine	1.6101276130759954
arabe	2.513217600067939
arabes	2.513217600067939
arabidopsis	2.513217600067939
araignées	2.2121876044039577
arbault	2.513217600067939
arbre	2.2121876044039577
arbres	1.7350663496842953
arbres microorganismes	2.513217600067939
arc	2.513217600067939
arc nucléart	2.513217600067939
arcachon	2.513217600067939
arcanes	2.513217600067939
architecte	2.513217600067939
architectes	2.513217600067939
architecture	1.6681195600536822
architectures	2.513217600067939
archon	2.513217600067939
archéologie	2.513217600067939
archéologique	2.513217600067939
archéologiques	2.2121876044039577
archéologues	2.0360963453482768
arctique	2.2121876044039577
arctiques	2.513217600067939
areva	2.2121876044039577
argent	2.513217600067939
argile	2.513217600067939
argileux	2.513217600067939
argilo calcaires	2.513217600067939
argilo limoneux	2.513217600067939
argos	2.513217600067939
argument	2.513217600067939
ariane	2.2121876044039577
ariane 5	2.513217600067939
arianespace	2.513217600067939
arilait recherche	2.513217600067939
arimnet	2.2121876044039577
arkaeos	2.513217600067939
arkamys	2.513217600067939
arkema	2.513217600067939
armand	2.513217600067939
arme	2.513217600067939
armes	2.513217600067939
armée	2.513217600067939
armées	2.513217600067939
armés	2.2121876044039577
arnaud	1.8142475957319202
aromatiques	2.513217600067939
aromatisation	2.513217600067939
arome	2.513217600067939
arp	2.513217600067939
arpège	2.513217600067939
arrachage	2.513217600067939
array	2.2121876044039577
arrivant	2.513217600067939
arrive	2.513217600067939
arrivent	1.6681195600536822
arriver	1.9111576087399766
arriveront	2.513217600067939
arrivée	2.0360963453482768
arrivées	2.513217600067939
arrivés	2.513217600067939
arrière	2.513217600067939
arrière plan	2.513217600067939
arrosage	2.513217600067939
arrêter	2.513217600067939
arrêtons	2.513217600067939
arrêtés	2.2121876044039577
arséniure	2.513217600067939
art	2.513217600067939
artemis	1.9111576087399766
artemisiifolia	2.513217600067939
arthropodes	2.513217600067939
artichaut	2.513217600067939
article	2.0360963453482768
articles	1.8142475957319202
articulation	2.513217600067939
artificiel	2.2121876044039577
artificielle	1.8142475957319202
artificielles	2.513217600067939
artificiels	2.513217600067939
artisanal	2.513217600067939
artisanale	2.513217600067939
artisanales	2.513217600067939
artisanaux	2.513217600067939
artistes	2.513217600067939
arts	1.471824914909714
arve	2.513217600067939
arôme	2.2121876044039577
arômes	1.8142475957319202
as	2.513217600067939
ascension	2.513217600067939
asi	2.513217600067939
asiatiques	2.0360963453482768
asie	1.6681195600536822
asie pacifique	2.513217600067939
asn	2.513217600067939
aspect	1.8142475957319202
aspects	1.4340363540203143
aspirations	2.513217600067939
assemblage	2.513217600067939
assemblages	2.513217600067939
assembler	2.2121876044039577
asset	2.513217600067939
assez	1.367089564389701
assiette	2.513217600067939
assiettes	2.513217600067939
assimilé	2.513217600067939
assimilée	2.513217600067939
assis debout	2.513217600067939
assises	2.513217600067939
assistait	2.513217600067939
assistance	1.9111576087399766
assistant	2.513217600067939
assiste	2.2121876044039577
assistent	2.513217600067939
assister	1.7350663496842953
assistera	2.513217600067939
assistons	2.513217600067939
assistée	2.513217600067939
assistés	2.513217600067939
associant	1.6681195600536822
association	1.7350663496842953
associations	2.0360963453482768
associative	2.513217600067939
associatives	2.513217600067939
associe	1.7350663496842953
associent	2.513217600067939
associer	1.8142475957319202
associé	1.5589750906286142
associée	2.0360963453482768
associées	1.8142475957319202
associés	1.513217600067939
assortie	2.513217600067939
assumant	2.513217600067939
assurait	2.513217600067939
assurant	1.9111576087399766
assure	1.8142475957319202
assurent	2.513217600067939
assurer	1.513217600067939
assuré	1.8142475957319202
assurée	1.8142475957319202
assystem	2.513217600067939
assène	2.513217600067939
astech	2.513217600067939
aster	2.513217600067939
asteralis	2.513217600067939
astrium	2.2121876044039577
astrocytes	2.513217600067939
astrolabe	2.513217600067939
astronautes	2.513217600067939
astrophysique	2.2121876044039577
asymptomatique	2.513217600067939
atec	2.513217600067939
atee	2.513217600067939
atelier	1.9111576087399766
ateliers	1.6101276130759954
athlète	2.513217600067939
athéna	2.513217600067939
ati	2.513217600067939
atlantique	2.0360963453482768
atmospheric	2.513217600067939
atmosphère	2.513217600067939
atmosphère mer	2.513217600067939
atmosphère terre surfaces	2.513217600067939
atmosphérique	1.7350663496842953
atmosphériques	2.2121876044039577
atoll	2.513217600067939
atome	2.2121876044039577
atomes	1.8142475957319202
atomique	2.2121876044039577
atomisé	2.513217600067939
atopic	2.513217600067939
atopica	2.513217600067939
atout	1.7350663496842953
atouts	1.471824914909714
atpu	2.513217600067939
attachant	2.513217600067939
attache	2.513217600067939
attaches	2.513217600067939
attachées	2.513217600067939
attachés	2.513217600067939
attaque	2.2121876044039577
attaquer	2.513217600067939
attaques	2.2121876044039577
attaqués	2.513217600067939
attarde	2.513217600067939
atteignait	2.2121876044039577
atteignant	2.513217600067939
atteindre	1.4340363540203143
atteindrons	2.513217600067939
atteint	1.6101276130759954
atteinte	2.0360963453482768
atteintes	1.9111576087399766
atteints	1.6101276130759954
atteler	2.513217600067939
attendant	2.2121876044039577
attendent	2.2121876044039577
attendent ils	2.513217600067939
attendons	2.2121876044039577
attendre	2.2121876044039577
attendu	2.2121876044039577
attendue	2.2121876044039577
attendues	1.9111576087399766
attendus	1.367089564389701
attentat	2.2121876044039577
attentats	2.513217600067939
attentes	1.3992742477611022
attentif	2.2121876044039577
attentifs	2.513217600067939
attentil	2.513217600067939
attention	1.8142475957319202
atterrissages	2.513217600067939
attester	2.513217600067939
attirent	2.513217600067939
attirer	2.2121876044039577
attitudes	2.513217600067939
attractif	2.513217600067939
attractifs	2.513217600067939
attraction	2.513217600067939
attractivité	2.513217600067939
attribué	2.0360963453482768
attribuée	2.2121876044039577
attribuées	2.513217600067939
attribués	2.513217600067939
atténuant	2.513217600067939
atténuation	2.513217600067939
atypique	1.9111576087399766
atypiques	2.513217600067939
au	0.06451128016285912
au delà	1.0508196021689828
au dessus	1.9111576087399766
aubage	2.513217600067939
aubert	2.513217600067939
aubes	2.513217600067939
aucun	1.471824914909714
aucune	1.3992742477611022
audacieux	2.513217600067939
audiogramme	2.513217600067939
audit	2.513217600067939
auditif	2.513217600067939
auditive	2.513217600067939
auditives	2.513217600067939
augmentait	2.513217600067939
augmentation	1.513217600067939
augmente	1.6101276130759954
augmenter	1.5589750906286142
augmenté	2.2121876044039577
augmentée	2.2121876044039577
auguste	2.513217600067939
aujourd hui	0.4026278897686901
aupalesens	2.513217600067939
auparavant	2.2121876044039577
auprès	1.1152775913959014
auquel	0.9691495557176634
aura	1.367089564389701
auraient	2.513217600067939
aurait	1.8142475957319202
aurait il	2.513217600067939
auras	2.513217600067939
aureus	2.513217600067939
aurinvest	2.513217600067939
aurons	2.513217600067939
auront	1.5589750906286142
auroy	2.513217600067939
aussi	0.24137599353144004
aussitôt	1.3992742477611022
australe	2.2121876044039577
australie	2.0360963453482768
austère	2.2121876044039577
autant	0.7573427443954476
auteur	2.2121876044039577
auteurs	1.7350663496842953
auto assemblage	2.513217600067939
auto assemblées	2.513217600067939
auto assemblés	2.513217600067939
auto entretenue	2.513217600067939
auto immunes	2.513217600067939
auto organisées des	2.513217600067939
auto pilote	2.513217600067939
autobus	2.513217600067939
autochtones	2.513217600067939
autocuiseur	2.513217600067939
autodirecteurs	2.513217600067939
autofinancer	2.513217600067939
automated	2.513217600067939
automatique	1.8142475957319202
automatiquement	1.9111576087399766
automatiques	2.513217600067939
automatiser	2.513217600067939
automatismes	2.513217600067939
automatisé	2.2121876044039577
automatisée	2.2121876044039577
automatisées	2.513217600067939
automatisés	2.513217600067939
automobile	1.9111576087399766
automobiles	2.513217600067939
automobiles resqme	2.513217600067939
autonome	1.6681195600536822
autonomes	1.8142475957319202
autonomie	1.8142475957319202
autonomie et	2.513217600067939
autoproduits	2.513217600067939
autorisant	2.513217600067939
autorisation	2.2121876044039577
autorise	2.513217600067939
autorité	2.513217600067939
autorités	2.513217600067939
autoroute	2.2121876044039577
autoroutes	2.0360963453482768
autoréparable	2.513217600067939
autour	0.5589750906286142
autre	0.7138770506143574
autrefois	2.2121876044039577
autrement	1.0360963453482765
autres	0.9004337433482035
autriche	2.513217600067939
auvergne	2.513217600067939
aux	0.2507665103375095
auxerre	2.513217600067939
auxiliaires	2.513217600067939
auxquelles	1.367089564389701
auxquels	1.23446399911511
avaient	1.257945094964633
avait	1.008067621748033
avait il	2.513217600067939
aval	2.513217600067939
avalanche	2.513217600067939
avance	2.2121876044039577
avancer	1.9111576087399766
avancée	1.6101276130759954
avancées	1.3992742477611022
avancés	2.2121876044039577
avant	0.727887765057172
avant coureur	2.513217600067939
avant postes	2.513217600067939
avant projets	2.513217600067939
avantage	2.2121876044039577
avantages	1.6101276130759954
avantageuses	2.513217600067939
avatar	2.513217600067939
avec	0.14586167904192004
avenir	1.7350663496842953
avenirs	2.513217600067939
aventure	1.471824914909714
avertissement	2.513217600067939
avez	1.9111576087399766
avez vous	2.513217600067939
avia	2.513217600067939
aviation	1.9111576087399766
avicenne	2.513217600067939
avicole	2.513217600067939
avion	1.8142475957319202
avionneurs	2.513217600067939
avions	1.3371263410122578
avis	2.513217600067939
avoir	0.7728549105736952
avons	0.7650295730617386
avons nous	1.8142475957319202
avoue	2.2121876044039577
avril	1.212187604403958
avum	2.513217600067939
avéré	2.513217600067939
awards	2.2121876044039577
ax	2.513217600067939
axe	1.8142475957319202
axel	2.513217600067939
axes	1.6681195600536822
axé	2.0360963453482768
axée	1.7350663496842953
axées	2.513217600067939
axés	2.2121876044039577
ayant	0.9569150993006518
azimuts	2.513217600067939
azote	2.513217600067939
azoture	2.513217600067939
azotée	2.513217600067939
açores	2.513217600067939
aérien	2.0360963453482768
aériennes	2.2121876044039577
aériens	2.513217600067939
aérodynamique	2.2121876044039577
aérodynamiques	2.513217600067939
aéromaritime	2.513217600067939
aéronautique	1.5589750906286142
aéronautiques	2.513217600067939
aéronefs	2.513217600067939
aéroport	2.513217600067939
aéroports	2.2121876044039577
aéroportuaires	2.2121876044039577
aérospatial	2.513217600067939
aérothermique	2.513217600067939
aérothermique optimisation	2.513217600067939
aérothermiques	2.513217600067939
aînée	2.2121876044039577
b	2.0360963453482768
b e	2.513217600067939
b2b	2.513217600067939
b2v	2.513217600067939
b9	2.513217600067939
babethanol	2.513217600067939
bac	1.8142475957319202
bac 3	2.513217600067939
baccalauréat	1.9111576087399766
bach	2.513217600067939
bachelard	2.513217600067939
bacheliers	2.513217600067939
bachelor	2.513217600067939
bactéricides	2.513217600067939
bactérie	2.2121876044039577
bactérien	2.2121876044039577
bactérienne	2.0360963453482768
bactéries	1.5589750906286142
bagages	2.513217600067939
bagarre	2.513217600067939
bague	2.513217600067939
bahru	2.513217600067939
baigne	2.513217600067939
bailleurs	2.513217600067939
bains	2.513217600067939
baissant	2.513217600067939
baisse	2.513217600067939
baisser	2.513217600067939
baker	2.513217600067939
balaie	2.513217600067939
balaieront	2.513217600067939
balance	2.2121876044039577
balanites	2.513217600067939
balard	2.513217600067939
balayage	2.513217600067939
balayer	2.513217600067939
balbutiante	2.2121876044039577
bali	2.2121876044039577
ballester	2.513217600067939
ballon	2.513217600067939
ballons	2.2121876044039577
baltique	2.513217600067939
bamako	2.513217600067939
banal	2.2121876044039577
banalisées	2.513217600067939
banals	2.513217600067939
banc	2.0360963453482768
bancaire	2.513217600067939
bancs	2.513217600067939
bande	1.8142475957319202
bang	2.513217600067939
bangalore	2.513217600067939
bangladais	2.513217600067939
bangladesh	2.513217600067939
banjamin	2.513217600067939
bank	2.513217600067939
banlieue	2.513217600067939
bannière	2.2121876044039577
banque	1.5589750906286142
banquier	2.513217600067939
banquise	2.2121876044039577
bao	2.513217600067939
baptisant	2.513217600067939
baptisé	1.212187604403958
baptisée	1.367089564389701
baptisées	2.513217600067939
baptisés	2.513217600067939
barbara	2.0360963453482768
barcelone	2.513217600067939
barque	2.513217600067939
barquettes	2.513217600067939
barracuda	2.513217600067939
barrage	2.513217600067939
barrages	2.513217600067939
barre	2.2121876044039577
barreau	2.513217600067939
barrière	2.2121876044039577
barrières	2.0360963453482768
bars	2.513217600067939
barter	2.2121876044039577
baryonic	2.513217600067939
baryoniques	2.513217600067939
bas	1.8142475957319202
basculé	2.513217600067939
base	1.0360963453482765
bases	1.9111576087399766
basiques	2.513217600067939
basse	2.0360963453482768
basse normandie	1.9111576087399766
basse résolution	2.513217600067939
basses	2.0360963453482768
bassin	1.8142475957319202
bassins	2.2121876044039577
bastien	2.513217600067939
basé	1.513217600067939
basée	1.151489764050346
basées	1.9111576087399766
basés	1.6101276130759954
bataille	2.2121876044039577
batailler	2.513217600067939
bateau	1.8142475957319202
bateaux	1.8142475957319202
batiénergie	2.513217600067939
battant	2.513217600067939
battants	2.513217600067939
battent	2.2121876044039577
batterie	2.2121876044039577
batteries	2.2121876044039577
battre	2.513217600067939
bauce	2.513217600067939
be	2.0360963453482768
beau	1.8142475957319202
beaucoup	0.727887765057172
beaujolais	2.513217600067939
beauvais	2.513217600067939
beaux	2.513217600067939
beaux arts	2.513217600067939
beaver	2.513217600067939
becoulet	2.513217600067939
beihang	2.513217600067939
bel	1.6681195600536822
belge	2.0360963453482768
belgique	1.5589750906286142
belle	1.7350663496842953
belles	2.0360963453482768
bene	2.513217600067939
benefit	2.513217600067939
benfield	2.513217600067939
benharrosh	2.513217600067939
benjamin	2.2121876044039577
benoit	2.513217600067939
berceau	2.513217600067939
berck	2.513217600067939
berkeley	2.513217600067939
berlin	2.0360963453482768
bernard	1.471824914909714
berthet	2.513217600067939
bertin	2.2121876044039577
bertrand	2.513217600067939
besançon	2.513217600067939
besnard	2.513217600067939
besoin	1.0818538359089518
besoins	1.098244252097121
beta	2.513217600067939
beuffe	2.513217600067939
bi	2.513217600067939
bi centenaire	2.513217600067939
biais	1.6101276130759954
biausser	2.513217600067939
bibliographie	2.2121876044039577
bibliothèque	2.513217600067939
bic	2.513217600067939
bien	0.6267268748954572
bien être	1.8142475957319202
biene	2.513217600067939
biennal	2.513217600067939
biennale	2.513217600067939
biens	2.0360963453482768
bientôt	1.3992742477611022
bienvenu	2.513217600067939
big	2.0360963453482768
bigot	2.513217600067939
bilan	1.6681195600536822
bille	2.513217600067939
billes	2.513217600067939
billion	2.513217600067939
binaire	2.513217600067939
binoculaire	2.513217600067939
binôme	2.2121876044039577
bio	2.0360963453482768
bio informatique	2.513217600067939
bio inspirées	2.513217600067939
bio sourcés	2.513217600067939
bio éthanol	2.513217600067939
bioalliance	2.513217600067939
bioaxial	2.513217600067939
biocapteurs	2.513217600067939
biocarburant	2.513217600067939
biocarburant produire	2.513217600067939
biocarburants	1.8142475957319202
biochimie	1.8142475957319202
biochimiste	2.513217600067939
biocitech	2.2121876044039577
biocompatible	2.513217600067939
biocore	2.513217600067939
biodiesel	2.513217600067939
biodiversité	1.4340363540203143
biodégradable	2.513217600067939
biodégradables	2.513217600067939
biofilm	2.513217600067939
biofilms	2.513217600067939
biofund	2.513217600067939
biogaz	2.0360963453482768
biogenèse	2.513217600067939
bioindustriel	2.513217600067939
bioindustries	2.513217600067939
bioinformatique	2.513217600067939
biologie	1.257945094964633
biologique	1.513217600067939
biologiques	1.4340363540203143
biologiste	2.0360963453482768
biologistes	1.8142475957319202
biology	2.2121876044039577
bioluminescence	2.513217600067939
biom up	2.513217600067939
biomarqueurs	1.9111576087399766
biomass	2.513217600067939
biomasse	1.7350663496842953
biomatériaux	1.9111576087399766
biomimétique	2.513217600067939
biomimétiques	2.513217600067939
biomédical	2.513217600067939
biomédicament	2.513217600067939
biomédicaments	2.513217600067939
biométhane	2.513217600067939
biométrie	2.2121876044039577
biopharmaceutique	2.2121876044039577
biophytis	2.2121876044039577
biophytis obésité	2.513217600067939
biopolymères	2.2121876044039577
bioproduction	2.513217600067939
bioprotein	2.513217600067939
biopuce	2.513217600067939
biosciences	2.513217600067939
biosimilaire	2.513217600067939
biosimilaires	2.513217600067939
biosimulation	2.2121876044039577
biosipe	2.513217600067939
biosynthèse	2.513217600067939
biotech	2.2121876044039577
biotechnologie	2.0360963453482768
biotechnologies	1.513217600067939
biotechnologiques	2.513217600067939
biotechnology	2.2121876044039577
biotisa	2.513217600067939
biovalley	2.513217600067939
biovision	2.513217600067939
bioénergies	2.513217600067939
bioénergétique	2.513217600067939
bioéquivalence	2.513217600067939
biphotonique	2.513217600067939
bipolaires	2.513217600067939
bipolar	2.513217600067939
bisannuelle	2.513217600067939
biscarossaises	2.513217600067939
biscarosse	2.513217600067939
biscarosse 14ème	2.513217600067939
biscarosse fort de france	2.513217600067939
bischoff	2.513217600067939
bistouri	2.513217600067939
bit	2.513217600067939
bivalent	2.513217600067939
bivalves	2.513217600067939
bivb	2.513217600067939
bixilla	2.513217600067939
blanc	2.0360963453482768
blanches	2.0360963453482768
blancs	2.0360963453482768
bleu	2.2121876044039577
bleue	2.513217600067939
bleus	2.513217600067939
bloc	2.2121876044039577
blocage	2.0360963453482768
blocus	2.513217600067939
bloquant	2.2121876044039577
bloquer	2.2121876044039577
bloqué	2.513217600067939
blue	2.513217600067939
bluffant	2.513217600067939
bluffé	2.513217600067939
blériot	2.513217600067939
blériot fabre	2.513217600067939
bmbf	2.513217600067939
boas	2.513217600067939
bobiné	2.513217600067939
bodet	2.513217600067939
boeing	2.513217600067939
bois	2.0360963453482768
boissons	2.2121876044039577
bologne	2.513217600067939
bombay	2.513217600067939
bombe	2.513217600067939
bombyx	2.513217600067939
bon	1.257945094964633
bone	2.513217600067939
bongo	2.513217600067939
bonheur	2.513217600067939
bonne	1.3090976174120141
bonnes	1.8142475957319202
bonnevie	2.513217600067939
bons	1.7350663496842953
boom	2.513217600067939
boostant	2.513217600067939
boostent	2.513217600067939
booster	2.0360963453482768
boras textiles	2.513217600067939
bord	1.212187604403958
bordeaux	1.3371263410122578
bordeaux talence	2.513217600067939
bordelais	2.0360963453482768
bordelaise	2.513217600067939
bords	2.513217600067939
bordé	2.2121876044039577
bordée	2.513217600067939
bore azote	2.513217600067939
borg	2.513217600067939
borne	2.513217600067939
bornes	2.513217600067939
borsali	2.513217600067939
bosse	2.513217600067939
bouche	1.7350663496842953
bouchemoua	2.513217600067939
bouches du rhône	2.513217600067939
boucle	2.513217600067939
boucler	2.2121876044039577
boucles	2.513217600067939
bouclé	2.2121876044039577
bouder	2.513217600067939
bouffe	2.513217600067939
bouffée	2.513217600067939
bouffées	2.513217600067939
bouge	2.513217600067939
bougeant	2.513217600067939
bougent	2.2121876044039577
bouger	2.513217600067939
bougogne franche comté	2.513217600067939
boulangerie	2.513217600067939
boulet	2.513217600067939
boulet un	2.513217600067939
bouleversant	2.513217600067939
bouleversement	2.513217600067939
bouleversements	2.513217600067939
bouleverser	2.513217600067939
bouleversées	2.513217600067939
boulogne sur mer	2.513217600067939
bouquet	2.513217600067939
bourdelais	2.513217600067939
bourg	2.513217600067939
bourg en bresse	2.513217600067939
bourgain	2.513217600067939
bourgeons	2.513217600067939
bourget	2.513217600067939
bourgogne	1.133006358356333
bourgogne agrosup	2.2121876044039577
bourgogne chrono environnement	2.513217600067939
bourgogne cnrs	2.513217600067939
bourgogne parenthèse	2.513217600067939
bourgois	2.513217600067939
bourguignon	2.0360963453482768
bourguignonne	2.2121876044039577
bourguignonnes	2.513217600067939
bourguignons	2.2121876044039577
bourin	2.513217600067939
bourlingue	2.513217600067939
bourlingué	2.2121876044039577
bourse	1.9111576087399766
bourses	2.513217600067939
boursiers	2.2121876044039577
bouscule	2.513217600067939
bousculer	2.513217600067939
bousculé	2.513217600067939
bout	1.7350663496842953
boutade	2.513217600067939
bouteille	2.513217600067939
bouteilles	2.513217600067939
bouts	2.513217600067939
bouttes	2.513217600067939
bouyer	2.513217600067939
bouygues	2.513217600067939
bouées	2.513217600067939
bovine	2.513217600067939
bowler	2.513217600067939
boyle	2.513217600067939
boëtsch	2.513217600067939
boîte	1.8142475957319202
bpi	2.513217600067939
bpifrance	2.513217600067939
braibart	2.513217600067939
branche	1.9111576087399766
branches	2.0360963453482768
bras	1.8142475957319202
brasserie	2.513217600067939
brassons	2.513217600067939
braun	2.513217600067939
brecht	2.513217600067939
bref	2.513217600067939
brefs	2.513217600067939
breizh	2.513217600067939
bresse	2.513217600067939
brest	1.9111576087399766
bretagne	1.7350663496842953
bretenière	2.2121876044039577
bretillon	2.513217600067939
bretons	2.513217600067939
breuillet	2.0360963453482768
brevet	1.4340363540203143
brevetabilité	2.513217600067939
brevets	1.3992742477611022
breveté	2.513217600067939
brevetée	2.2121876044039577
brevetés	2.513217600067939
brgm	2.513217600067939
brian	2.513217600067939
briand	2.513217600067939
bricas	2.513217600067939
brics	2.513217600067939
bridge	2.513217600067939
brigit	2.513217600067939
brillamment	2.0360963453482768
brillance	2.513217600067939
brillants	2.513217600067939
brin	2.513217600067939
brins	2.0360963453482768
brio	2.0360963453482768
brique	1.8142475957319202
briques	1.9111576087399766
brisant	2.513217600067939
brise	2.513217600067939
briser	2.2121876044039577
bristol	2.513217600067939
brisé	2.513217600067939
britannique	2.513217600067939
brièvement	2.2121876044039577
brochet	2.513217600067939
bronchite	2.513217600067939
brosser	2.513217600067939
brouillard	2.513217600067939
brousse	2.2121876044039577
broyage	2.513217600067939
bru	2.513217600067939
bruit	1.7350663496842953
bruits	2.2121876044039577
bruneau	2.513217600067939
bruno	1.6681195600536822
brut	2.513217600067939
brutes	2.513217600067939
bruxelles	2.0360963453482768
bruyant	2.513217600067939
bruyères le châtel	2.513217600067939
brésil	1.8142475957319202
brésilien	2.513217600067939
brésiliens	2.2121876044039577
brûle	2.2121876044039577
brûler	2.2121876044039577
brûleurs	2.513217600067939
btob	2.513217600067939
btp	2.2121876044039577
bts	2.2121876044039577
bts dut	2.513217600067939
bucco dentaires	2.513217600067939
buck	2.513217600067939
budget	1.6101276130759954
budgétaire	2.513217600067939
budgétaires	2.513217600067939
bugat	2.513217600067939
bulbes	2.513217600067939
bulgarie	2.513217600067939
bull	2.0360963453482768
bulles	2.2121876044039577
bulletin	2.513217600067939
bureau	1.6681195600536822
bureaux	2.0360963453482768
bures sur yvette	2.513217600067939
burkina	2.513217600067939
bus	2.0360963453482768
business	2.513217600067939
but	1.4340363540203143
buvaient	2.513217600067939
buveurs	2.513217600067939
buy out	2.513217600067939
bvterifiq	2.513217600067939
by	2.513217600067939
bâti	2.2121876044039577
bâtie	2.513217600067939
bâtiment	1.471824914909714
bâtiments	2.2121876044039577
bâtiments tince	2.513217600067939
bâtir	1.5589750906286142
bâtissant	2.513217600067939
bâtit	2.513217600067939
bébé	2.513217600067939
bébés	2.513217600067939
bécoulet	2.513217600067939
béhar	2.513217600067939
béhar le	2.513217600067939
bénigne	2.513217600067939
béninoise	2.513217600067939
bénins	2.513217600067939
bénéfice	2.2121876044039577
bénéfices	2.0360963453482768
bénéficiant	2.513217600067939
bénéficie	1.7350663496842953
bénéficient	1.8142475957319202
bénéficier	1.3090976174120141
bénéficiera	2.513217600067939
bénéficieront	2.2121876044039577
bénéficions	2.513217600067939
bénéficié	1.7350663496842953
bénéfiques	2.2121876044039577
bénévoles	2.513217600067939
bérenger	2.513217600067939
béroud	2.513217600067939
béryllium	2.513217600067939
bétail	2.513217600067939
béton	2.513217600067939
bêta	2.2121876044039577
bêta amyloïde	2.2121876044039577
bêta bloquant	2.513217600067939
bêtes	2.513217600067939
c	1.471824914909714
c 1280	2.513217600067939
c est	0.2827686786896651
c est à dire	0.9691495557176634
c était	1.513217600067939
c02	2.513217600067939
c1	2.513217600067939
c2ma	2.513217600067939
c3	2.513217600067939
c919	2.513217600067939
cabinet	2.513217600067939
cabinets	2.513217600067939
cachan	2.2121876044039577
cache	2.513217600067939
cachent	2.513217600067939
cadarache	1.8142475957319202
cadas	2.513217600067939
cadence	2.513217600067939
cadences	2.513217600067939
cadmium	2.513217600067939
cadoret	2.513217600067939
cadre	0.4838338223827294
cadres	2.513217600067939
caen	1.8142475957319202
caffarel	2.513217600067939
cahier	1.9111576087399766
caillage	2.513217600067939
caillette	2.513217600067939
cailloux	2.513217600067939
caillé	2.513217600067939
caisse	2.2121876044039577
calcium	2.0360963453482768
calcul	1.513217600067939
calculateur	2.513217600067939
calculer	2.2121876044039577
calendrier	2.513217600067939
calibrés	2.513217600067939
california	2.2121876044039577
californie	1.9111576087399766
californiens	2.513217600067939
calme	2.513217600067939
calorimètre	2.513217600067939
calorimètres	2.513217600067939
calorimétrique	2.513217600067939
calottes	2.513217600067939
caltech	2.0360963453482768
calvet	2.513217600067939
calvé	2.513217600067939
calédonie	2.513217600067939
calédonien	2.513217600067939
camarades	2.513217600067939
cambes	2.513217600067939
camembert	2.513217600067939
cameron	2.513217600067939
cameroun	2.2121876044039577
camerounais	2.513217600067939
camille	2.2121876044039577
camions	2.513217600067939
campagne	1.7350663496842953
campagnes	2.2121876044039577
camphuis	2.513217600067939
campus	1.367089564389701
caméra	1.8142475957319202
caméras	1.7350663496842953
can	2.513217600067939
canada	1.6681195600536822
canadienne	2.2121876044039577
canal	2.513217600067939
canaries	2.513217600067939
canaux	1.7350663496842953
cancer	1.471824914909714
cancer de	2.513217600067939
cancers	2.0360963453482768
cancéreuses	2.2121876044039577
cancérologie	2.0360963453482768
cancéropôle	2.513217600067939
candidat	2.2121876044039577
candidates	2.513217600067939
candidats	2.0360963453482768
candidature	2.2121876044039577
candidatures	2.513217600067939
canne	2.513217600067939
cantal	2.513217600067939
cantogether	2.513217600067939
cantonné	2.513217600067939
cao	2.513217600067939
caoutchoucs	2.2121876044039577
cap	1.8142475957319202
cap idé	2.513217600067939
cap lean	2.513217600067939
cap tronic	2.513217600067939
capa	2.513217600067939
capabilities	2.513217600067939
capable	1.0360963453482765
capables	1.282768678689665
capacité	1.0818538359089518
capacité mission	2.513217600067939
capacités	1.3371263410122578
capenergie	2.513217600067939
capital	1.282768678689665
capital risque	2.2121876044039577
capitale	1.7350663496842953
capitales	2.513217600067939
capitaliser	2.513217600067939
caprine	2.513217600067939
caprins	2.513217600067939
capsulae	2.513217600067939
capsule	2.513217600067939
capsules	2.2121876044039577
captage	2.513217600067939
captant	2.513217600067939
capte	2.2121876044039577
captent	2.513217600067939
capter	1.9111576087399766
capteurs	1.513217600067939
captivité	2.513217600067939
capturant	2.513217600067939
capture	1.9111576087399766
capturer	2.513217600067939
capturera	2.513217600067939
capté	2.513217600067939
capénergies	2.513217600067939
caquette	2.513217600067939
car	1.1707949192457328
caractère	2.2121876044039577
caractères	2.513217600067939
caractérisation	1.513217600067939
caractérise	1.9111576087399766
caractériser	1.6681195600536822
caractéristique	1.5589750906286142
caractéristiques	1.4340363540203143
caractérisé	2.2121876044039577
caractérisées	2.2121876044039577
caractérisés	2.513217600067939
carbon	2.513217600067939
carbonate	2.513217600067939
carbonates	2.513217600067939
carbone	1.471824914909714
carbone carbone	2.513217600067939
carbonique	2.513217600067939
carburant	1.7350663496842953
carburants	2.0360963453482768
carbure	2.513217600067939
carcinome	2.513217600067939
cardiaque	2.513217600067939
cardio thoracique	2.513217600067939
cardiométabolime	2.513217600067939
cardiométabolisme	2.513217600067939
cardiovasculaires	1.7350663496842953
cardons	2.513217600067939
caressait	2.513217600067939
cargill	2.513217600067939
caricaturales	2.513217600067939
caries	2.513217600067939
carignan	2.513217600067939
carlo	2.513217600067939
carmejane	2.513217600067939
carminatti	2.513217600067939
carnet	2.513217600067939
carnot	1.7350663496842953
carnot fraunhofer	2.513217600067939
caroline	2.513217600067939
carraro	2.2121876044039577
carrefour	2.2121876044039577
carrière	1.282768678689665
carrières	2.513217600067939
carroll	2.513217600067939
carré	2.0360963453482768
carrée	2.513217600067939
carrés	2.513217600067939
carte	1.513217600067939
cartes	1.6681195600536822
cartier	2.513217600067939
cartogaphier	2.513217600067939
cartographie	1.471824914909714
cartographient	2.513217600067939
cartographier	1.8142475957319202
cartographies	2.513217600067939
cartographique	2.2121876044039577
cartons	2.513217600067939
caréné	2.513217600067939
cas	1.282768678689665
casablanca	2.2121876044039577
cascade	2.513217600067939
casque	2.2121876044039577
casquette	2.513217600067939
cassable	2.513217600067939
cassent	2.513217600067939
casser	2.513217600067939
cassis	2.513217600067939
cassé	2.513217600067939
castillon la bataille	2.513217600067939
cataclysme	2.2121876044039577
catalinas	2.513217600067939
catalogue	2.2121876044039577
catalyse	2.2121876044039577
catalyseurs	1.8142475957319202
catalyzer	2.513217600067939
catar	2.513217600067939
catastrophe	1.9111576087399766
catastrophes	2.513217600067939
cathare	2.513217600067939
catherine	1.8142475957319202
catholique	2.513217600067939
cations	2.513217600067939
catopsys	2.513217600067939
catégorie	1.8142475957319202
catégories	2.0360963453482768
causalité	2.513217600067939
cause	1.8142475957319202
causes	1.8142475957319202
causse	2.513217600067939
causée	2.513217600067939
causées	2.513217600067939
caution	2.513217600067939
caviar	2.513217600067939
cavité	2.513217600067939
cavités	2.513217600067939
cayot	2.513217600067939
cazenave	2.513217600067939
cbb	2.513217600067939
cbd	2.513217600067939
cbmn	2.513217600067939
cbs	2.513217600067939
cci	2.0360963453482768
ccip	2.513217600067939
ccl2	2.513217600067939
ccrt	2.2121876044039577
cd	2.513217600067939
cd rom	2.513217600067939
cd36	2.513217600067939
cdc	2.513217600067939
cdio	2.513217600067939
cdte	2.513217600067939
cdti	2.513217600067939
ce	0.06761339679434142
ce2	2.513217600067939
cea	0.9111576087399766
cea cnrs	2.513217600067939
cea cnrs université	2.513217600067939
cea cnrs uvsq	2.513217600067939
cea dam	2.2121876044039577
cea ibitec s	2.513217600067939
cea iramis	2.513217600067939
cea leti	1.8142475957319202
cea list	1.9111576087399766
cea liten	2.513217600067939
cecalait	2.513217600067939
ceci	1.471824914909714
ceinture	2.0360963453482768
ceintures	2.513217600067939
cela	0.6047325811892893
celia	2.513217600067939
cell	2.513217600067939
celle	0.8899683096700385
celle ci	0.6807086873617026
celles	1.212187604403958
celles ci	1.3090976174120141
celllules	2.513217600067939
cellulaire	1.8142475957319202
cellulaires	2.2121876044039577
cellule	1.6681195600536822
cellules	1.0660595687257197
cellulose	2.513217600067939
celui	0.8899683096700385
celui ci	0.7003042434250835
celuii	2.513217600067939
cemafroid	2.513217600067939
cemafroid chaîne	2.513217600067939
cemagref	1.8142475957319202
cemes	2.513217600067939
cemes cnrs	2.513217600067939
cen	2.2121876044039577
cen sad	2.513217600067939
cenaero	2.513217600067939
censés	2.513217600067939
cent	2.2121876044039577
centaine	1.151489764050346
centaines	1.471824914909714
centenaire	2.513217600067939
center	1.9111576087399766
centimètre	2.2121876044039577
centimètres	2.513217600067939
centiv	2.513217600067939
central	1.7350663496842953
centrale	1.23446399911511
centrales	1.8142475957319202
centralien	2.513217600067939
centralienne	2.513217600067939
centraliens	2.2121876044039577
centre	0.5589750906286142
centres	1.282768678689665
centrifugation	2.513217600067939
centré	2.0360963453482768
centrée	1.9111576087399766
centrées	2.0360963453482768
centrés	2.2121876044039577
cependant	1.9111576087399766
ceramic	2.513217600067939
cercle	2.2121876044039577
cerface	2.513217600067939
cerfacs	2.513217600067939
cerise	2.0360963453482768
cerises	2.513217600067939
cermav	2.513217600067939
cern	2.513217600067939
certain	1.151489764050346
certaine	1.4340363540203143
certainement	2.513217600067939
certaines	0.8697649235817516
certains	0.7808238402449705
certes	0.9947036601900515
certification	2.0360963453482768
certifié	2.513217600067939
certifiés	2.513217600067939
cerveau	1.3371263410122578
cerveau parkinson	2.513217600067939
ces	0.17079491924573278
cessait	2.513217600067939
cessant	2.513217600067939
cesse	1.6681195600536822
cessent	2.0360963453482768
cesser	2.0360963453482768
cession	2.513217600067939
cessé	1.6101276130759954
cet	0.5003803753627668
ceti	2.2121876044039577
cetilab	2.513217600067939
cetp	2.513217600067939
cette	0.09491630874819354
ceux	1.008067621748033
ceux ci	1.1707949192457328
cfm	2.513217600067939
cfm56	2.513217600067939
cfp	2.513217600067939
cgns	2.2121876044039577
chablis	2.513217600067939
chacun	1.1152775913959014
chacune	1.4340363540203143
chain	2.0360963453482768
chair	2.2121876044039577
chaire	1.513217600067939
chaires	2.513217600067939
chaleur	1.6681195600536822
chaleur sonde	2.513217600067939
chaleureux	2.513217600067939
challenge	1.4340363540203143
challenges	1.9111576087399766
chamard	2.513217600067939
chambre	1.6101276130759954
chambres	2.0360963453482768
chameau	2.513217600067939
champ	1.4340363540203143
champagne	2.2121876044039577
champignon	2.2121876044039577
champignons	1.8142475957319202
champion	2.0360963453482768
championship	2.513217600067939
champs	1.6681195600536822
chance	1.8142475957319202
chance arts	2.513217600067939
chances	2.2121876044039577
chances congrès	2.513217600067939
change	1.7350663496842953
changement	1.133006358356333
changements	1.3090976174120141
changer	1.7350663496842953
changing	2.513217600067939
changé	2.2121876044039577
chantier	2.2121876044039577
chantiers	2.513217600067939
chantiers la	2.513217600067939
chanvre	2.513217600067939
chaotique	2.513217600067939
chapdaniel	2.513217600067939
chapdaniel sustainable	2.513217600067939
chapitre	2.513217600067939
chapitres	2.2121876044039577
chaque	0.6743685093306837
charbon	2.513217600067939
charcuterie	2.513217600067939
charcutiers	2.513217600067939
chardonnay	2.513217600067939
charente maritime	2.513217600067939
charenton	2.513217600067939
charge	1.3090976174120141
chargent	2.513217600067939
charger	2.513217600067939
charges	1.6101276130759954
chargé	1.471824914909714
chargée	1.6101276130759954
chargés	2.2121876044039577
charles	1.7350663496842953
charmeil	2.513217600067939
charpak	2.513217600067939
charpentiers	2.513217600067939
chars	2.513217600067939
chasse	2.513217600067939
chassent	2.513217600067939
chasser	2.513217600067939
chaud	2.513217600067939
chaude	2.513217600067939
chaudes	2.2121876044039577
chaudière	2.513217600067939
chauds	2.513217600067939
chauffage	2.2121876044039577
chauffé	2.513217600067939
chauffées	2.513217600067939
chazal	2.2121876044039577
chaîne	1.282768678689665
chaînes	1.9111576087399766
chef	1.3992742477611022
chefs	1.7350663496842953
cheikh	2.513217600067939
chemcam	2.513217600067939
chemical	2.513217600067939
chemie	2.513217600067939
chemin	1.9111576087399766
cheminement	2.0360963453482768
chemistry	2.513217600067939
chemistry d étonnantes	2.513217600067939
chemoecology	2.513217600067939
chemosens	2.513217600067939
chenilles	2.513217600067939
cher	2.513217600067939
cherchait	2.513217600067939
cherche	1.8142475957319202
cherchent	2.0360963453482768
cherchent ils	2.513217600067939
chercher	1.6101276130759954
chercheur	0.9221529930414398
chercheur vers	2.513217600067939
chercheurs	0.36708956438970103
chercheuse	2.0360963453482768
chercheuses	2.513217600067939
cherchez	2.2121876044039577
cherchons	2.0360963453482768
cherché	2.2121876044039577
cherenkov	2.513217600067939
cheval	2.2121876044039577
chevaux	2.513217600067939
chevelure	2.513217600067939
cheveu	2.513217600067939
cheveux	2.513217600067939
chevilles	2.513217600067939
chez	0.7728549105736952
chiens	2.513217600067939
chiffre	1.471824914909714
chiffres	1.9111576087399766
chili	2.513217600067939
chilien	2.513217600067939
chilienne	2.513217600067939
chimie	1.0508196021689828
chimio sensorielles	2.513217600067939
chimioembolisation	2.513217600067939
chimiokine	2.513217600067939
chimiokines	2.513217600067939
chimiométrie	2.513217600067939
chimiométriques	2.513217600067939
chimiothérapie	2.2121876044039577
chimiothérapies réparation	2.513217600067939
chimique	1.6101276130759954
chimique tout	2.513217600067939
chimiquement	2.2121876044039577
chimiques	1.5589750906286142
chimiste	2.2121876044039577
chimistes	2.2121876044039577
china	2.2121876044039577
chine	1.3992742477611022
chinois	1.8142475957319202
chinoises	2.0360963453482768
chinoises chimie	2.513217600067939
chirac	2.513217600067939
chirped	2.513217600067939
chirurgical	2.513217600067939
chirurgicale	2.0360963453482768
chirurgicales	2.513217600067939
chirurgie	1.8142475957319202
chirurgien	2.2121876044039577
chirurgiens	2.0360963453482768
choc	2.2121876044039577
chocolats	2.513217600067939
chocs	2.2121876044039577
choisi	1.5589750906286142
choisies	2.2121876044039577
choisir	1.6681195600536822
choisira	2.513217600067939
choisis	2.0360963453482768
choisissent	2.513217600067939
choix	1.282768678689665
cholesterol	2.513217600067939
cholesteryl	2.513217600067939
cholestérol	2.2121876044039577
cholestérolémie	2.513217600067939
choquer	2.513217600067939
chose	1.6101276130759954
choses	2.2121876044039577
chris	2.513217600067939
christelle	2.513217600067939
christian	1.8142475957319202
christine	1.8142475957319202
christophe	1.6681195600536822
christèle	2.513217600067939
chromatographie	2.513217600067939
chrome	2.513217600067939
chromophore	2.2121876044039577
chronique	2.513217600067939
chroniques	2.0360963453482768
chrono	2.513217600067939
chrono environnement	2.513217600067939
chronologie	2.2121876044039577
chu	1.6101276130759954
chuter	2.513217600067939
chymosine	2.513217600067939
chypriotes	2.513217600067939
châlons en champagne	2.513217600067939
château	2.513217600067939
châteauroux	2.513217600067939
châtenay malabry	2.513217600067939
chèvres	2.513217600067939
chêne	2.513217600067939
chômé	2.513217600067939
ciat	2.513217600067939
cible	1.6101276130759954
ciblent	2.513217600067939
cibler	2.513217600067939
cibles	1.7350663496842953
ciblé	2.513217600067939
ciblée	2.2121876044039577
ciblées	2.0360963453482768
ciblés	1.9111576087399766
cic it	2.513217600067939
cicatrisation	2.513217600067939
cie	2.513217600067939
ciel	2.0360963453482768
cigs	2.513217600067939
ciliaire	2.513217600067939
ciment	2.513217600067939
ciments	2.513217600067939
cinq	1.008067621748033
cinquantaine	1.8142475957319202
cinquante	2.0360963453482768
cinquantenaire	2.2121876044039577
cinquième	1.6681195600536822
cinéma	2.513217600067939
cinétique	2.513217600067939
cirad	1.6681195600536822
circle	2.513217600067939
circonstance	2.513217600067939
circuit	2.513217600067939
circuits	1.9111576087399766
circulaire	2.2121876044039577
circulante	2.513217600067939
circulantes	2.513217600067939
circulation	1.7350663496842953
circulations	2.513217600067939
circule	2.2121876044039577
circumnavigation	2.513217600067939
cirimat	2.513217600067939
cis	2.513217600067939
cisaillement	2.2121876044039577
citadelles	2.513217600067939
citadin	2.513217600067939
citations	2.513217600067939
citer	2.0360963453482768
citoyen	1.7350663496842953
citoyenne	2.513217600067939
citoyens	2.2121876044039577
citroën	2.2121876044039577
cité	2.2121876044039577
civil	1.8142475957319202
civile	1.6101276130759954
civiles	1.9111576087399766
civilisations	2.513217600067939
civils	1.9111576087399766
cjd	2.513217600067939
clair	2.513217600067939
clairance	2.513217600067939
claire	2.513217600067939
clairement	2.0360963453482768
clara	2.513217600067939
classe	1.471824914909714
classement	1.9111576087399766
classements	2.513217600067939
classent	2.513217600067939
classes	1.8142475957319202
classification	2.513217600067939
classique	1.4340363540203143
classiquement	2.0360963453482768
classiques	1.3992742477611022
classé	2.513217600067939
classés	2.513217600067939
claude	1.6101276130759954
claustres	2.513217600067939
clermont ferrand	1.9111576087399766
clichés	2.513217600067939
client	2.0360963453482768
clients	1.257945094964633
clientèle	2.513217600067939
clignotant	2.513217600067939
climat	1.212187604403958
climate	2.513217600067939
climatique	1.212187604403958
climatiques	1.282768678689665
climatisation	2.513217600067939
climatisées	2.513217600067939
climatologie	2.513217600067939
climatologues	2.2121876044039577
climats	2.2121876044039577
clinical	2.513217600067939
cliniciens cet	2.513217600067939
clinique	1.3992742477611022
cliniquement	2.513217600067939
cliniques	1.7350663496842953
cloche	2.513217600067939
cloud	2.513217600067939
cls	2.513217600067939
club	2.2121876044039577
clubs	2.2121876044039577
clubtex	2.2121876044039577
cluster	1.6101276130759954
clusters	2.2121876044039577
clé	1.4340363540203143
clés	1.6101276130759954
clôturera	2.2121876044039577
clôturée	2.513217600067939
cm	1.8142475957319202
cm cic	2.513217600067939
cm1k	2.513217600067939
cmip 5	2.513217600067939
cnam	2.2121876044039577
cnaol	2.513217600067939
cnes	1.471824914909714
cnes cnes	2.513217600067939
cniel	2.513217600067939
cnr	2.513217600067939
cnrm game	2.513217600067939
cnrs	0.7497896065050017
cnrs académie	2.513217600067939
cnrs aix marseille	2.513217600067939
cnrs cea université	2.513217600067939
cnrs cea uvsq	2.0360963453482768
cnrs cnes ird omp université	2.513217600067939
cnrs cnes météo	2.513217600067939
cnrs ecole	1.9111576087399766
cnrs ens	2.0360963453482768
cnrs ensicaen	2.513217600067939
cnrs espci	1.9111576087399766
cnrs haida	2.513217600067939
cnrs insa	2.2121876044039577
cnrs institut	2.2121876044039577
cnrs ird université	2.513217600067939
cnrs observatoire	2.513217600067939
cnrs saint gobain	1.9111576087399766
cnrs umpc inserm	2.513217600067939
cnrs université	1.151489764050346
cnrs universités	2.0360963453482768
cnrs upmc ens ecole	2.513217600067939
cnrs upmc espci	2.513217600067939
cnrs upmc inserm	2.513217600067939
cnrst	2.513217600067939
co concepteur	2.513217600067939
co construire	2.513217600067939
co directeur	2.513217600067939
co dirige	1.9111576087399766
co dirigée	2.513217600067939
co détient	2.513217600067939
co développée	2.513217600067939
co finance	2.513217600067939
co financé	2.513217600067939
co fondateur	2.513217600067939
co fondateurs	2.513217600067939
co fondé	2.513217600067939
co labellisé	1.9111576087399766
co labellisés	2.513217600067939
co mandataires	2.513217600067939
co organisé	2.2121876044039577
co produits	2.0360963453482768
co responsable	2.513217600067939
co signée	2.513217600067939
co écrit	2.513217600067939
co2	1.5589750906286142
coaching	2.513217600067939
coag	2.2121876044039577
coagulant	2.2121876044039577
coagulante	2.513217600067939
coagulantes	2.513217600067939
coagulants	2.513217600067939
coagulation	2.2121876044039577
coaguler	2.513217600067939
cobot	2.513217600067939
cocagne	2.513217600067939
coche	2.513217600067939
cochon	2.513217600067939
cocotier	2.513217600067939
cocotte minute	2.513217600067939
codant	1.9111576087399766
code	2.0360963453482768
codes	1.9111576087399766
codée	2.513217600067939
coefficient	2.513217600067939
coeur	0.7573427443954476
cofinancés	2.513217600067939
cogitation	2.513217600067939
cogiter	2.513217600067939
cognet	2.513217600067939
cognimem	2.513217600067939
cognitifs	2.513217600067939
cognition	2.513217600067939
cognitive	2.0360963453482768
cognitives	2.2121876044039577
cohabitent	2.513217600067939
coherent	2.513217600067939
cohorte	2.513217600067939
cohortes	2.2121876044039577
cohérence	1.7350663496842953
cohérente	2.2121876044039577
cohérentes	2.0360963453482768
cohérents	2.2121876044039577
cohésion	2.513217600067939
coiffant	2.513217600067939
coiffe	2.513217600067939
coiffées	2.513217600067939
coindreau	2.513217600067939
col	2.2121876044039577
colasse	2.513217600067939
cold	2.2121876044039577
coli	2.513217600067939
colin	2.513217600067939
collaborant	2.513217600067939
collaborateur	2.513217600067939
collaborateurs	1.6681195600536822
collaboratif	1.8142475957319202
collaboratifs	1.9111576087399766
collaboration	0.7350663496842954
collaborations	1.4340363540203143
collaborative	2.2121876044039577
collabore	2.513217600067939
collaborent	2.2121876044039577
collaborer	1.6681195600536822
collaborons	2.513217600067939
collagène	2.513217600067939
collantes	2.513217600067939
colleaux	2.513217600067939
collecte	2.0360963453482768
collecter	1.5589750906286142
collectif	1.8142475957319202
collectifs	2.513217600067939
collection	1.7350663496842953
collective	1.6681195600536822
collectivement	2.513217600067939
collectives	2.0360963453482768
collectivité	2.0360963453482768
collectivités	1.6681195600536822
collectées	1.5589750906286142
coller	2.513217600067939
collision	2.513217600067939
colloque	1.282768678689665
colloques	2.0360963453482768
colloïdale	2.513217600067939
collège	1.9111576087399766
collègue	2.2121876044039577
collègues	1.257945094964633
collégiens	2.513217600067939
collés	2.2121876044039577
colmar	2.513217600067939
colo rectum	2.513217600067939
colombie	1.9111576087399766
colonel	2.513217600067939
colonies	2.513217600067939
colonisation	2.513217600067939
colonne	2.2121876044039577
colonnes	2.513217600067939
colorant	2.2121876044039577
colorants	2.2121876044039577
colorimétrie	2.513217600067939
colossal	2.2121876044039577
colossale	2.513217600067939
colporter	2.513217600067939
colza	2.0360963453482768
colzauprot	2.513217600067939
comac	2.513217600067939
comanche	2.513217600067939
combat	2.513217600067939
combattre	2.513217600067939
combes	2.513217600067939
combien	1.6681195600536822
combinaison	2.0360963453482768
combinaisons	1.9111576087399766
combinant	2.0360963453482768
combinatoire	2.513217600067939
combine	2.513217600067939
combiner	1.7350663496842953
combiné	2.513217600067939
combinée	2.513217600067939
combinées	2.513217600067939
combler	2.2121876044039577
combustible	1.6101276130759954
combustibles	2.0360963453482768
combustion	2.0360963453482768
comité	1.6681195600536822
comités	2.513217600067939
commande	2.513217600067939
commandement	2.2121876044039577
commandement gestion	2.513217600067939
commandes	2.0360963453482768
commandé	2.513217600067939
commandées	2.513217600067939
comme	0.28022148967578514
commelin	2.513217600067939
commence	1.471824914909714
commencent	2.0360963453482768
commencer	1.151489764050346
commencer fusion	2.513217600067939
commencera	2.2121876044039577
commencions	2.513217600067939
commencèrent	2.513217600067939
commencé	0.9817386830256839
commencée	2.513217600067939
comment	0.9334340034511289
commençaient	2.513217600067939
commençait	2.513217600067939
commençant	2.2121876044039577
commençons	2.2121876044039577
commerce	1.6101276130759954
commercer	2.513217600067939
commerces	2.513217600067939
commercial	1.9111576087399766
commerciale	1.7350663496842953
commerciales	1.7350663496842953
commercialisation	1.471824914909714
commercialise	1.6101276130759954
commercialiser	1.6681195600536822
commercialisé	2.2121876044039577
commercialisée	2.513217600067939
commercialisés	2.2121876044039577
commerciaux	1.7350663496842953
commettaient	2.513217600067939
commis	2.513217600067939
commission	1.7350663496842953
commissions	2.513217600067939
commun	1.3992742477611022
communauté	1.1909983053340196
communautés	1.8142475957319202
commune	1.7350663496842953
communes	1.8142475957319202
communication	1.471824914909714
communications	1.471824914909714
communiquer	2.2121876044039577
communs	2.2121876044039577
communément	2.513217600067939
compact	2.2121876044039577
compacte	2.513217600067939
compactes	2.513217600067939
compacts	2.513217600067939
compagnie	1.6681195600536822
compagnies	2.513217600067939
compagnon	2.2121876044039577
compagnons	2.2121876044039577
companies	2.513217600067939
comparable	2.2121876044039577
comparables	2.2121876044039577
comparaison	2.513217600067939
comparaisons	2.2121876044039577
comparant	2.513217600067939
compare	2.2121876044039577
comparer	1.9111576087399766
comparé	1.7350663496842953
comparée	2.2121876044039577
compatible	1.9111576087399766
compatibles	2.513217600067939
compensation	2.513217600067939
compenser	2.0360963453482768
compilant	2.513217600067939
compiler	2.513217600067939
complet	2.0360963453482768
complets	2.2121876044039577
complexe	1.257945094964633
complexes	1.1909983053340196
complexes 8ème	2.513217600067939
complexes une	2.513217600067939
complexité	1.9111576087399766
complication	2.513217600067939
complications	2.2121876044039577
compliqué	2.0360963453482768
complète	1.3992742477611022
complètement	1.6681195600536822
complètent	2.513217600067939
complètes	2.513217600067939
complément	1.9111576087399766
complémentaire	1.8142475957319202
complémentaires	1.4340363540203143
complémentaires ingénierie	2.513217600067939
complémentarité	2.2121876044039577
complémentarités	2.513217600067939
compléments	1.9111576087399766
compléter	2.2121876044039577
complété	2.513217600067939
complétée	2.513217600067939
comportait	2.513217600067939
comportant	2.2121876044039577
comporte	1.7350663496842953
comportement	1.151489764050346
comportementales	2.513217600067939
comportements	1.9111576087399766
comportent	2.0360963453482768
comporter	2.513217600067939
composant	1.7350663496842953
composante	1.9111576087399766
composantes	2.0360963453482768
composants	1.212187604403958
compose	2.2121876044039577
composent	2.2121876044039577
composite	2.2121876044039577
composites	1.7350663496842953
composition	1.471824914909714
composé	1.3090976174120141
composée	1.6101276130759954
composées	1.9111576087399766
composés	1.6101276130759954
comprenant	2.0360963453482768
comprend	1.5589750906286142
comprendre	0.8319763626923518
comprenez	2.2121876044039577
comprenons	2.513217600067939
compresseur	2.513217600067939
compression	2.2121876044039577
compris	1.4340363540203143
comprise	2.513217600067939
compromis	2.513217600067939
compréhension	1.3090976174120141
comptabilité	2.513217600067939
comptable	2.513217600067939
comptait	2.513217600067939
comptant	2.513217600067939
compte	0.6936736645260704
comptent	2.0360963453482768
compter	1.6101276130759954
comptera	2.2121876044039577
compterait	2.513217600067939
comptes	2.0360963453482768
comptons	2.513217600067939
compté	2.513217600067939
computational	2.2121876044039577
computer	2.513217600067939
computing	2.2121876044039577
compétences	1.008067621748033
compétent	2.513217600067939
compétitifs	2.513217600067939
compétition	2.0360963453482768
compétitives	2.513217600067939
compétitivité	0.7070376260840519
compétitivité agroparistech	2.513217600067939
comte	2.513217600067939
comtois	2.513217600067939
comté	2.513217600067939
concentration	1.8142475957319202
concentrations	1.6681195600536822
concentre	2.513217600067939
concentrent	2.513217600067939
concentrer	2.0360963453482768
concentré	2.0360963453482768
concentrée	2.2121876044039577
concentrés	2.513217600067939
concept	1.3090976174120141
concepteur	2.0360963453482768
concepteurs	1.9111576087399766
conception	0.9569150993006518
concepts	1.6101276130759954
conceptuelle	2.513217600067939
concernait	2.513217600067939
concernant	1.0360963453482765
concerne	1.7350663496842953
concernent	1.6681195600536822
concerneront	2.513217600067939
concerné	2.513217600067939
concernée	2.513217600067939
concernées	2.0360963453482768
concernés	1.6681195600536822
concession	2.2121876044039577
concevoir	0.9569150993006518
concevons	2.513217600067939
conchyculteurs	2.513217600067939
concilier	2.0360963453482768
concitoyens	2.513217600067939
conclu	2.513217600067939
concluent ils	2.513217600067939
conclusion	2.2121876044039577
conclusion creathes	2.513217600067939
conclusion de	2.513217600067939
conclusions	1.9111576087399766
conclut	1.8142475957319202
conclut elle	2.513217600067939
conclut il	1.8142475957319202
conclut il iles	2.513217600067939
conclut il ingénierie	2.513217600067939
conclut il learninglab	2.513217600067939
conclut il physique	2.513217600067939
conclut il stratobus	2.513217600067939
concombres	2.513217600067939
concourant	2.513217600067939
concourir	2.0360963453482768
concours	1.282768678689665
concret	2.513217600067939
concrète	2.513217600067939
concrètement	2.2121876044039577
concrètes	1.8142475957319202
concrétise	2.513217600067939
concrétisent	2.513217600067939
concrétiser	2.2121876044039577
concrétisé	2.513217600067939
concrétisée	2.513217600067939
concurrence	2.0360963453482768
concurrencer	2.513217600067939
concurrent	2.2121876044039577
concurrentes	2.0360963453482768
concurrentiel	2.513217600067939
concurrents	1.9111576087399766
condensée	2.2121876044039577
condes	2.513217600067939
condiments	2.513217600067939
condition	2.2121876044039577
conditionne	2.2121876044039577
conditionnement	1.9111576087399766
conditionneurs	2.513217600067939
conditionnées	2.513217600067939
conditions	0.9450158760009439
conducteur	1.9111576087399766
conducteurs	2.513217600067939
conduction	2.2121876044039577
conductivité	2.513217600067939
conductrices	2.513217600067939
conduira	2.2121876044039577
conduire	1.212187604403958
conduisait	2.513217600067939
conduisant	2.513217600067939
conduisent	2.2121876044039577
conduit	0.9111576087399766
conduite	1.9111576087399766
conduites	2.2121876044039577
conduits	2.513217600067939
conference	2.0360963453482768
confiance	2.2121876044039577
confiant jus	2.513217600067939
confiants	2.513217600067939
confidentialité	2.513217600067939
confient	2.513217600067939
configuration	2.0360963453482768
configurations	2.513217600067939
confinement	2.0360963453482768
confinée	2.513217600067939
confirmant	2.513217600067939
confirmation	2.513217600067939
confirme	1.9111576087399766
confirment	2.0360963453482768
confirmer	1.7350663496842953
confirmé	2.2121876044039577
confirmée	2.513217600067939
confié	2.0360963453482768
confiées	2.513217600067939
conflits	2.513217600067939
confondre	2.513217600067939
confondues	2.2121876044039577
conformation	2.513217600067939
conformer	2.513217600067939
conformité	2.513217600067939
conformément	2.513217600067939
confort	2.2121876044039577
confortables	2.2121876044039577
confronter	2.0360963453482768
confrontons	2.513217600067939
confronté	1.7350663496842953
confrontée	2.0360963453482768
confrontées	2.2121876044039577
confrontés	1.4340363540203143
confrères	2.513217600067939
confèrent	2.513217600067939
conférant	2.513217600067939
conférence	1.133006358356333
conférences	1.23446399911511
conférenciers	2.513217600067939
congo	2.513217600067939
congress	2.513217600067939
congrès	1.282768678689665
congé	2.513217600067939
congélation	2.513217600067939
congénitale	2.513217600067939
congénères	2.513217600067939
conique	2.513217600067939
conjoint	2.0360963453482768
conjointement	1.7350663496842953
conjointes	2.513217600067939
conjonction	2.513217600067939
conjuguer	2.513217600067939
connaissaient	2.513217600067939
connaissais	2.513217600067939
connaissait	2.2121876044039577
connaissance	1.367089564389701
connaissances	1.0660595687257197
connaissant	2.513217600067939
connaissent	1.7350663496842953
connaisseurs	2.2121876044039577
connaissez	2.0360963453482768
connaissions	2.2121876044039577
connaissons	2.2121876044039577
connaît	1.3992742477611022
connaître	1.212187604403958
connected	2.513217600067939
connecting	2.513217600067939
connectique	2.513217600067939
connecté	2.2121876044039577
connectée	2.2121876044039577
connectées	2.513217600067939
connectés	2.2121876044039577
connexion	2.2121876044039577
connexions	2.0360963453482768
connu	1.5589750906286142
connue	2.2121876044039577
connues	1.9111576087399766
connus	1.8142475957319202
conquièrent	2.513217600067939
conquérir	2.513217600067939
conquête	2.2121876044039577
consacre	2.2121876044039577
consacrent	2.513217600067939
consacrer	2.2121876044039577
consacré	1.7350663496842953
consacrée	1.513217600067939
consacrées	2.2121876044039577
consacrés	2.2121876044039577
conscience	1.8142475957319202
conscient	2.513217600067939
consciente	2.513217600067939
conscients	2.513217600067939
conseil	1.151489764050346
conseille	2.513217600067939
conseiller	1.8142475957319202
conseillère	2.2121876044039577
conseillée	2.513217600067939
conseils	1.9111576087399766
conservant	2.2121876044039577
conservateurs	2.2121876044039577
conservation	1.6681195600536822
conservatoire	2.2121876044039577
conserver	1.6681195600536822
conservions	2.513217600067939
conservées	2.513217600067939
considère	2.2121876044039577
considèrent	2.2121876044039577
considérable	1.8142475957319202
considérablement	1.6681195600536822
considérables	1.9111576087399766
considérant	2.513217600067939
considération	2.513217600067939
considérer	2.0360963453482768
considéré	2.2121876044039577
considérée	2.0360963453482768
considérées	2.0360963453482768
considérés	2.0360963453482768
consignes	2.513217600067939
consistance	2.513217600067939
consistant	1.9111576087399766
consiste	1.23446399911511
consister	2.2121876044039577
consistera	2.513217600067939
consisté	1.7350663496842953
consoles	2.513217600067939
consolide	2.513217600067939
consolider	2.0360963453482768
consommables	2.513217600067939
consommaient	2.513217600067939
consommant	2.513217600067939
consommateur	1.5589750906286142
consommateurs	1.471824914909714
consommation	1.133006358356333
consommations	2.513217600067939
consommatrices	2.513217600067939
consomme	2.2121876044039577
consomment	1.8142475957319202
consommer	2.0360963453482768
consommer 9	2.513217600067939
consommé	2.513217600067939
consommée	2.2121876044039577
consommés	2.2121876044039577
consortium	1.513217600067939
constamment	2.513217600067939
constant	2.0360963453482768
constants	2.2121876044039577
constat	1.3992742477611022
constatant	2.513217600067939
constate	1.5589750906286142
constate t il	2.0360963453482768
constatent	2.2121876044039577
constater	1.7350663496842953
constats	2.513217600067939
constaté	2.2121876044039577
constatée	2.513217600067939
constellium	2.513217600067939
constituait	2.0360963453482768
constituant	2.513217600067939
constituants	2.2121876044039577
constitue	1.23446399911511
constitue t il	2.513217600067939
constituent	1.367089564389701
constituer	2.513217600067939
constituera	2.513217600067939
constituerait	2.2121876044039577
constitution	2.513217600067939
constitué	1.282768678689665
constituée	1.6681195600536822
constituées	2.2121876044039577
constitués	1.9111576087399766
constructeur	2.0360963453482768
constructeurs	2.0360963453482768
constructibilité	2.513217600067939
construction	1.23446399911511
construction réhabilitation aménagement	2.513217600067939
constructions	2.513217600067939
construire	1.5589750906286142
construisent	2.2121876044039577
construisons	2.513217600067939
construit	1.5589750906286142
construite	1.8142475957319202
construites	2.513217600067939
construits	2.513217600067939
consultant	2.2121876044039577
consultants	2.513217600067939
consultation	2.513217600067939
consulter	2.2121876044039577
consumer s	2.513217600067939
conséquence	2.0360963453482768
conséquences	1.4340363540203143
conséquent	1.151489764050346
conséquents	2.513217600067939
contact	1.282768678689665
contacter	2.513217600067939
contacts	1.6101276130759954
contacté	2.2121876044039577
contactée	2.513217600067939
contaminants	2.513217600067939
contamination	2.513217600067939
contaminent	2.513217600067939
contaminé	2.513217600067939
contaminée	2.513217600067939
contaminées	2.513217600067939
contenant	1.8142475957319202
conteneur	2.513217600067939
contenir	2.2121876044039577
contente	2.513217600067939
contenter	1.8142475957319202
contents	2.513217600067939
contenu	1.5589750906286142
contenus	2.2121876044039577
contest	2.513217600067939
conteste	2.513217600067939
contester	2.513217600067939
contexte	0.7003042434250835
contiennent	2.513217600067939
contient	2.0360963453482768
continent	1.6681195600536822
continentale	2.513217600067939
continentales	2.0360963453482768
continentaux	2.0360963453482768
continents	2.513217600067939
contingent	2.513217600067939
continu	1.6681195600536822
continue	1.5589750906286142
continue une	2.513217600067939
continuer	2.2121876044039577
continues	2.513217600067939
continuité	1.8142475957319202
continus	2.513217600067939
continuum	2.2121876044039577
contourner	2.513217600067939
contours	2.513217600067939
contraction	2.2121876044039577
contradictoires	2.2121876044039577
contrainte	1.9111576087399766
contraintes	1.3090976174120141
contraire	1.7350663496842953
contrairement	1.7350663496842953
contraste	2.513217600067939
contrastées	2.2121876044039577
contrastés	2.513217600067939
contrat	1.5589750906286142
contrats	1.5589750906286142
contre	1.1707949192457328
contrecarrer	2.513217600067939
contrer	2.513217600067939
contribuant	1.9111576087399766
contribue	1.9111576087399766
contribuent	2.0360963453482768
contribuer	1.5589750906286142
contribuera	2.2121876044039577
contribueront	2.513217600067939
contribution	1.7350663496842953
contributions	2.2121876044039577
contribué	2.2121876044039577
control	2.513217600067939
controverse	2.513217600067939
controverses	2.513217600067939
contrées	2.513217600067939
contrôle	1.0818538359089518
contrôlent	2.513217600067939
contrôler	1.3992742477611022
contrôlé	2.2121876044039577
contrôlée	1.7350663496842953
contrôlée quatre	2.513217600067939
contrôlées	2.0360963453482768
convaincre	1.8142475957319202
convaincu	1.8142475957319202
convaincu dépistage	2.513217600067939
convaincus	2.2121876044039577
convection	2.513217600067939
convections	2.513217600067939
convention	1.4340363540203143
conventionnel	2.513217600067939
conventionnels	2.513217600067939
conventions	2.513217600067939
convenu	2.513217600067939
convergence	2.0360963453482768
convergences	2.513217600067939
conversationnel	2.513217600067939
conversations	2.513217600067939
conversion	2.2121876044039577
converties	2.513217600067939
convertir	2.513217600067939
convertissant	2.513217600067939
conviction	2.2121876044039577
convivial	2.513217600067939
convoité	2.513217600067939
convoyeurs	2.2121876044039577
convoyées	2.513217600067939
conçoit	1.6101276130759954
conçoivent	2.513217600067939
conçu	0.9947036601900515
conçue	1.8142475957319202
conçus	1.3992742477611022
cook	2.513217600067939
cookies	2.513217600067939
coop	2.513217600067939
coopérants	2.513217600067939
coopératif	2.2121876044039577
coopération	1.367089564389701
coopérations	1.9111576087399766
coopérative	2.0360963453482768
coopératives	1.8142475957319202
coordinateur	1.7350663496842953
coordination	1.8142475957319202
coordinatrice	1.9111576087399766
coordonnant	2.513217600067939
coordonne	1.9111576087399766
coordonner	1.8142475957319202
coordonné	1.3992742477611022
coordonnée	1.9111576087399766
coordonnés	2.2121876044039577
copenhague	2.513217600067939
copies	2.513217600067939
copolymère	2.513217600067939
copolymères	2.513217600067939
copper	2.513217600067939
coque	2.2121876044039577
coqueugniot	2.513217600067939
coquille	2.513217600067939
coquilles	2.513217600067939
corde	2.513217600067939
cordier	2.513217600067939
corinne	2.513217600067939
corino	2.513217600067939
coriolis	2.513217600067939
cornée	2.513217600067939
cornées	2.513217600067939
coronographes	2.513217600067939
coronographiques	2.513217600067939
corps	1.471824914909714
corpusculaire	2.513217600067939
correctement	2.513217600067939
correctives	2.513217600067939
correspond	2.0360963453482768
correspondait	2.2121876044039577
correspondant	2.2121876044039577
correspondants	2.513217600067939
corresponde	2.513217600067939
correspondent	1.9111576087399766
corriger	2.2121876044039577
corrigé	2.513217600067939
corrélation	2.513217600067939
corrélations	2.513217600067939
corrélé	2.513217600067939
corrélée	2.513217600067939
corse	2.513217600067939
cortex	2.2121876044039577
cortico nasale	2.513217600067939
cortège	2.513217600067939
corvée	2.513217600067939
corée	1.9111576087399766
coréen	2.513217600067939
coréens	2.513217600067939
cosmetic	2.513217600067939
cosmetics	2.513217600067939
cosmeto food	2.513217600067939
cosmiques	2.2121876044039577
cosmologie	2.513217600067939
cosmétique	1.6681195600536822
cosmétiques	1.7350663496842953
cosmétologie	2.513217600067939
cote	2.2121876044039577
cou	2.513217600067939
couche	1.8142475957319202
couches	1.8142475957319202
coucous	2.513217600067939
couler	2.513217600067939
couleur	1.9111576087399766
couleurs	2.0360963453482768
coulisses	2.0360963453482768
coulées	2.513217600067939
council	1.9111576087399766
councils	2.513217600067939
coup	1.513217600067939
coupe	2.513217600067939
couper	2.2121876044039577
couplage	1.9111576087399766
couplant	2.513217600067939
couple	2.513217600067939
coupler	2.513217600067939
couplé	2.513217600067939
couplée	2.2121876044039577
couplées	2.513217600067939
couplés	2.0360963453482768
coupure	2.513217600067939
coupée	2.513217600067939
coupés	2.2121876044039577
courage	2.513217600067939
courait	2.513217600067939
couramment	2.2121876044039577
courant	1.1707949192457328
courante	1.9111576087399766
courantes	2.513217600067939
courants	2.513217600067939
courbes	2.513217600067939
courbure	2.513217600067939
coureaud	2.513217600067939
couronne	2.513217600067939
courons	2.513217600067939
courrons	2.513217600067939
cours	0.5003803753627668
course	1.6101276130759954
courses	2.2121876044039577
court	2.0360963453482768
court moyen	2.513217600067939
courtes	1.9111576087399766
courts	1.9111576087399766
couse	2.513217600067939
cousu	2.513217600067939
cousus	2.513217600067939
couvercle	2.513217600067939
couvert	2.513217600067939
couverte	2.513217600067939
couvertes	2.0360963453482768
couverts	2.513217600067939
couverture	1.8142475957319202
couvrait	2.513217600067939
couvrant	2.0360963453482768
couvre	1.7350663496842953
couvrent	1.8142475957319202
couvrir	1.9111576087399766
couvrira	2.513217600067939
couvriront	2.513217600067939
cova	2.513217600067939
covariances	2.513217600067939
coventry	2.513217600067939
coïncidé	2.513217600067939
coût	1.282768678689665
coûte	2.2121876044039577
coûtent	2.513217600067939
coûteuse la	2.513217600067939
coûteuse un	2.513217600067939
coûteux	1.8142475957319202
coûteux cellules	2.513217600067939
coûts	1.471824914909714
cpa	2.513217600067939
crayon	2.513217600067939
crci	2.513217600067939
crea	2.513217600067939
creathes	2.513217600067939
creuse	2.513217600067939
creusot	2.513217600067939
creux	2.513217600067939
criant	2.513217600067939
criblage	2.0360963453482768
crier	2.513217600067939
criquet	2.513217600067939
crise	1.7350663496842953
crises	2.0360963453482768
cristal	2.513217600067939
cristalline	2.2121876044039577
cristallines	2.513217600067939
cristallins	2.513217600067939
cristalliser	2.513217600067939
cristaux	1.9111576087399766
critique	2.2121876044039577
critiques	1.6681195600536822
critère	2.0360963453482768
critères	1.8142475957319202
croirait	2.513217600067939
croire	1.513217600067939
crois	2.513217600067939
croise	2.2121876044039577
croisement	2.2121876044039577
croisements	2.513217600067939
croisière	2.513217600067939
croissance	1.0508196021689828
croissant	2.0360963453482768
croissante	2.0360963453482768
croissants	2.513217600067939
croisé	1.9111576087399766
croisés	2.2121876044039577
croit	2.513217600067939
crops	2.513217600067939
croquettes	2.513217600067939
croyez	2.513217600067939
croyez moi	2.513217600067939
croître	1.6681195600536822
croûte	2.513217600067939
cru	2.0360963453482768
crucial	2.0360963453482768
cruciale	2.513217600067939
cruciales	2.513217600067939
crues	2.513217600067939
crus	2.513217600067939
crusta	2.513217600067939
crustacés	2.513217600067939
crvm	2.513217600067939
cryosat	2.513217600067939
cryosphère	2.513217600067939
cryptographie	2.513217600067939
crânien	2.513217600067939
crâniennes	2.513217600067939
crâniens	2.513217600067939
crèche	2.513217600067939
crèches	2.513217600067939
créant	1.513217600067939
créateur	1.7350663496842953
créateurs	1.6681195600536822
créatif	2.2121876044039577
créatifs	2.2121876044039577
création	0.9004337433482035
créative	2.513217600067939
créativité	1.6681195600536822
créativité un	2.513217600067939
créatrice	2.513217600067939
crédibilité	2.513217600067939
crédible	2.2121876044039577
crédibles	2.513217600067939
crédit	2.0360963453482768
crée	2.2121876044039577
créent	2.2121876044039577
créer	0.9221529930414398
créneaux	2.513217600067939
créteil	2.2121876044039577
créé	1.212187604403958
créée	0.8056474239700027
créées	2.513217600067939
créés	2.2121876044039577
csa	2.513217600067939
csc	2.513217600067939
csga	1.5589750906286142
cst	2.513217600067939
cta	2.513217600067939
ctfc	2.513217600067939
cube	2.2121876044039577
cubesat	2.2121876044039577
cubiculum	2.513217600067939
cuire	2.513217600067939
cuisine	1.7350663496842953
cuisiner	2.513217600067939
cuisines	2.513217600067939
cuisinier	2.513217600067939
cuisiniers	2.513217600067939
cuisinières	2.513217600067939
cuisson	1.9111576087399766
cuissons	2.513217600067939
cuivre	2.0360963453482768
culinaire	2.2121876044039577
culinaires	2.2121876044039577
culot	2.513217600067939
cultivent	2.513217600067939
cultiver	2.2121876044039577
cultivé	2.513217600067939
cultivée	2.513217600067939
cultivées	1.9111576087399766
cultivés	2.0360963453482768
culturale	2.2121876044039577
culturales	2.513217600067939
culture	1.151489764050346
culture prôtis	2.513217600067939
culturel	2.0360963453482768
culturelle	2.2121876044039577
culturellement	2.513217600067939
culturelles	2.513217600067939
culturels	2.2121876044039577
cultures	1.5589750906286142
cumulant	2.513217600067939
cumuler	2.513217600067939
cuoq	2.513217600067939
curatif	2.513217600067939
curie	1.5589750906286142
curie cnrs soutenus	2.513217600067939
curie paris	2.513217600067939
curien	2.513217600067939
curieusement	2.513217600067939
curieux	2.513217600067939
curiosité	2.2121876044039577
curiosités	2.513217600067939
cursus	1.5589750906286142
customiser	2.513217600067939
cutanées	2.513217600067939
cuve	2.513217600067939
cuves	2.513217600067939
cuvillier	2.513217600067939
cuvée	2.513217600067939
cvg	2.513217600067939
cyaa	2.513217600067939
cyan	2.513217600067939
cyanobactéries	2.513217600067939
cyber criminalité	2.513217600067939
cybersécurité	2.513217600067939
cyceron	2.513217600067939
cycle	1.257945094964633
cycles	1.6681195600536822
cyclique	2.513217600067939
cyclo	2.513217600067939
cyclones	2.513217600067939
cyclonique	2.513217600067939
cylindres	2.513217600067939
cytokines	2.513217600067939
câblage	2.513217600067939
câbles	2.513217600067939
câblé	2.513217600067939
câblées	2.513217600067939
câblés	2.513217600067939
cécité	2.513217600067939
cédant	2.513217600067939
céder	2.513217600067939
cédric	1.9111576087399766
cédée	2.513217600067939
célestes	2.513217600067939
célia	2.513217600067939
célibataire	2.513217600067939
célèbre	1.6681195600536822
célébrer	2.2121876044039577
cépage	2.2121876044039577
cépages	2.0360963453482768
céramique	2.513217600067939
céramiques	2.2121876044039577
céréales	1.9111576087399766
cérébral	2.0360963453482768
cérébrale	1.9111576087399766
cérébrales	2.2121876044039577
cérémonie	2.0360963453482768
cérémonies	2.513217600067939
césure	2.513217600067939
cévennes	2.513217600067939
côte	1.9111576087399766
côtes	2.0360963453482768
côtière	2.513217600067939
côtières	2.513217600067939
côté	0.8142475957319202
côtés	1.8142475957319202
d aarhus	2.513217600067939
d abandonner	2.513217600067939
d abord	1.3992742477611022
d aborder	1.6681195600536822
d aboutir	1.6681195600536822
d abriter	2.513217600067939
d absorber	2.513217600067939
d absorption	2.513217600067939
d accident	2.513217600067939
d accompagnement	2.2121876044039577
d accompagner	1.6681195600536822
d accord	2.513217600067939
d accords	2.513217600067939
d accostage	2.513217600067939
d accroître	1.7350663496842953
d accueil	1.9111576087399766
d accueillir	2.513217600067939
d accès	1.8142475957319202
d accéder	2.0360963453482768
d accélération	2.0360963453482768
d accélérer	1.6681195600536822
d achat	1.8142475957319202
d acheter	2.513217600067939
d achever	2.2121876044039577
d achille	2.513217600067939
d acier	2.513217600067939
d acquisition	2.513217600067939
d acquérir	1.8142475957319202
d acteurs	2.2121876044039577
d actifs	2.513217600067939
d actilait	2.2121876044039577
d action	2.2121876044039577
d actionneurs	2.513217600067939
d actions	1.9111576087399766
d activité	1.9111576087399766
d activités	1.513217600067939
d actualité	2.513217600067939
d adaptation	1.6681195600536822
d adaptation colloque	2.513217600067939
d adapter	2.0360963453482768
d additifs	2.513217600067939
d adecal	2.513217600067939
d adhérer	2.513217600067939
d adhésion	2.513217600067939
d administration	2.0360963453482768
d admis	2.513217600067939
d adn	2.0360963453482768
d adoption	2.2121876044039577
d aerocampus	2.513217600067939
d affaires	1.3090976174120141
d affecter	2.513217600067939
d afficher	2.513217600067939
d affilée	2.2121876044039577
d afrique	2.2121876044039577
d aft	2.513217600067939
d agences	2.513217600067939
d agents	2.2121876044039577
d agglomération	2.2121876044039577
d agir	2.2121876044039577
d agrandir	2.513217600067939
d agrene	2.513217600067939
d agriculture	1.8142475957319202
d agronov	2.2121876044039577
d agroparistech	1.8142475957319202
d agrosup	2.513217600067939
d agrène	2.513217600067939
d agrégat	2.513217600067939
d agrégats	2.513217600067939
d aide	1.6101276130759954
d aider	1.9111576087399766
d aides	2.513217600067939
d ailleurs	1.3992742477611022
d air	2.0360963453482768
d airbus	1.8142475957319202
d aix en provence	2.513217600067939
d aix la chapelle	2.513217600067939
d aix marseille	2.2121876044039577
d ajouter	1.513217600067939
d alarme	2.2121876044039577
d alerte	2.2121876044039577
d ales	2.2121876044039577
d alfort	2.513217600067939
d algorithmes	2.513217600067939
d algues	2.2121876044039577
d alice	2.513217600067939
d alimentation	1.8142475957319202
d alimenter	2.513217600067939
d aliments	1.9111576087399766
d alimentsbiophytis	2.513217600067939
d alkan	2.513217600067939
d allaitement	2.513217600067939
d allemagne	2.513217600067939
d allenvi	2.513217600067939
d aller	1.4340363540203143
d allergies	2.513217600067939
d alliages	2.513217600067939
d alléger	2.513217600067939
d alors	2.513217600067939
d alpha synucléine	2.513217600067939
d altimétrie	2.513217600067939
d altitude	2.2121876044039577
d altérer	2.513217600067939
d alumine	2.513217600067939
d aluminium	2.2121876044039577
d alzheimer	1.6101276130759954
d alès	2.513217600067939
d aléas	2.513217600067939
d ambition	2.513217600067939
d ambrosia	2.513217600067939
d amender	2.513217600067939
d amm	2.513217600067939
d amortisseur	2.513217600067939
d amorçage	2.513217600067939
d amplification	2.2121876044039577
d amplifier	2.2121876044039577
d amsterdam	2.513217600067939
d amélioration	2.2121876044039577
d améliorer	1.23446399911511
d aménagement	2.513217600067939
d aménagements	2.513217600067939
d amérique	2.2121876044039577
d analyse	1.4340363540203143
d analyser	1.6681195600536822
d analyses	2.0360963453482768
d anciens	2.513217600067939
d anecdotes	2.513217600067939
d angers	2.2121876044039577
d animaux	2.513217600067939
d animer	2.513217600067939
d anions	2.513217600067939
d annoncer	2.0360963453482768
d annulation	2.513217600067939
d année	1.9111576087399766
d années	0.9947036601900515
d anomalies	2.513217600067939
d antares	2.513217600067939
d antennes relais	2.513217600067939
d anticipation	2.2121876044039577
d anticiper	1.8142475957319202
d anticorps	2.513217600067939
d anticorps premières	2.513217600067939
d antigènes	2.513217600067939
d antioxydants	2.513217600067939
d aoc	2.513217600067939
d août	2.513217600067939
d appareiller	2.513217600067939
d appareils	2.0360963453482768
d application	1.513217600067939
d applications	1.367089564389701
d appoint	2.513217600067939
d apporter	1.513217600067939
d apprendre	2.2121876044039577
d apprentis	2.513217600067939
d apprentissage	1.9111576087399766
d apprentissages	2.513217600067939
d approche	2.2121876044039577
d approches	2.513217600067939
d appréhender	1.5589750906286142
d appui	2.513217600067939
d appétit	2.513217600067939
d aptitude	2.513217600067939
d aquitaine	2.0360963453482768
d arabidopsis	2.513217600067939
d arbre	2.513217600067939
d arcachon	2.513217600067939
d architecture	2.0360963453482768
d archéologie	2.513217600067939
d argent	2.0360963453482768
d ariane	2.513217600067939
d arkamys	2.513217600067939
d armes	2.2121876044039577
d armoise	2.513217600067939
d arome	2.513217600067939
d art	2.2121876044039577
d artemis	2.513217600067939
d artisanat	2.513217600067939
d arts	1.8142475957319202
d ascq	2.513217600067939
d asipag	2.513217600067939
d assainissement	2.513217600067939
d assemblage	2.2121876044039577
d assemblages	2.2121876044039577
d assembler	2.513217600067939
d assiami	2.513217600067939
d assistance	2.2121876044039577
d assister	2.513217600067939
d association	2.513217600067939
d associations	2.2121876044039577
d associer	1.9111576087399766
d assurer	1.513217600067939
d asteralis	2.513217600067939
d astrium	2.513217600067939
d astronautique	2.513217600067939
d astrophysique	2.513217600067939
d atelier	2.513217600067939
d ateliers	2.513217600067939
d ateliers débats	2.513217600067939
d athérosclérose	2.513217600067939
d atmosphère	2.513217600067939
d atomes	2.513217600067939
d atouts	2.0360963453482768
d atteindre	1.8142475957319202
d attente	2.513217600067939
d atterrissage	2.2121876044039577
d attirer	2.513217600067939
d atténuation	2.513217600067939
d au	2.0360963453482768
d audition	2.513217600067939
d auditoires	2.513217600067939
d augmentation	2.513217600067939
d augmenter	1.6101276130759954
d augsburg	2.513217600067939
d aujourd hui	2.2121876044039577
d auo assemblage	2.513217600067939
d aupalesens	2.513217600067939
d ausculter	2.513217600067939
d aussi	2.513217600067939
d autant	0.6558851036366705
d authentification	2.513217600067939
d automatiser	2.513217600067939
d automne	2.513217600067939
d autonomie	2.2121876044039577
d autre	1.7350663496842953
d autres	0.6681195600536822
d auvergne	2.513217600067939
d avancer	2.513217600067939
d avancée	2.513217600067939
d avancées	2.513217600067939
d avant	2.513217600067939
d avant projet	2.513217600067939
d avenir	1.367089564389701
d aversions	2.513217600067939
d avion	2.513217600067939
d avions	2.513217600067939
d avoir	1.257945094964633
d avouer	2.513217600067939
d avril	2.2121876044039577
d axer	2.513217600067939
d azote	2.0360963453482768
d azur	1.9111576087399766
d aéronautique	2.513217600067939
d aéronefs	2.513217600067939
d aérotechnique	2.513217600067939
d e learning	2.513217600067939
d eau	1.3992742477611022
d eaux	2.2121876044039577
d ec6	2.513217600067939
d ecologie	2.513217600067939
d economie	2.513217600067939
d eden	2.513217600067939
d edf	1.9111576087399766
d edimbourg	2.513217600067939
d effectuer	1.5589750906286142
d effet	2.513217600067939
d effets	2.2121876044039577
d efficacité	2.513217600067939
d efficience	2.2121876044039577
d effluents	2.513217600067939
d efforts	2.513217600067939
d elaboration	2.513217600067939
d electronique	2.2121876044039577
d elles	2.2121876044039577
d emac	2.513217600067939
d emballage	2.0360963453482768
d emballages	2.2121876044039577
d embarcation	2.513217600067939
d embarcations	2.513217600067939
d embaucher	2.513217600067939
d emblée	1.282768678689665
d embryon	2.513217600067939
d embûches	2.513217600067939
d emlyon	2.513217600067939
d emma	2.513217600067939
d empiler	2.513217600067939
d emploi	2.513217600067939
d emplois	1.8142475957319202
d employés	2.513217600067939
d empreintes	2.513217600067939
d empêcher	2.2121876044039577
d en	1.212187604403958
d enchaîner	2.513217600067939
d encourager	2.513217600067939
d encre	2.2121876044039577
d energétique	2.513217600067939
d enfants	2.2121876044039577
d engagement	2.513217600067939
d engranger	2.513217600067939
d enjeux	2.513217600067939
d enregistrer	1.7350663496842953
d enrichissante	2.513217600067939
d enseignant	2.2121876044039577
d enseignants	2.2121876044039577
d enseignement	1.1909983053340196
d ensemble	2.513217600067939
d entamer	2.2121876044039577
d enthousiasme	2.2121876044039577
d enthousiasme systèmes	2.513217600067939
d entraînement	2.513217600067939
d entre	0.9691495557176634
d entreprendre	2.2121876044039577
d entreprise	1.4340363540203143
d entreprises	1.0660595687257197
d entrer	2.0360963453482768
d entretenir	2.513217600067939
d entretien	2.513217600067939
d entrée	2.2121876044039577
d entrées	2.513217600067939
d envergure	2.0360963453482768
d environ	1.282768678689665
d environnement	2.513217600067939
d envisager	1.4340363540203143
d envisat	2.513217600067939
d envoi	2.513217600067939
d envol	2.513217600067939
d envoyer	2.2121876044039577
d enzyme	2.513217600067939
d enzymes	2.513217600067939
d enzymologie	2.513217600067939
d erik	2.513217600067939
d erlangen nuremberg	2.513217600067939
d erreur	2.513217600067939
d escales	2.513217600067939
d escatha	2.513217600067939
d espoir	2.513217600067939
d esprit	2.0360963453482768
d espèces	1.8142475957319202
d espérer	2.513217600067939
d esquisser	2.0360963453482768
d essai	2.2121876044039577
d essais	2.0360963453482768
d essayer	1.9111576087399766
d essex	2.513217600067939
d estimer	2.2121876044039577
d esturgeons	2.513217600067939
d etat	2.2121876044039577
d etats	2.513217600067939
d etude	2.513217600067939
d etudes	1.513217600067939
d euratom	2.513217600067939
d eurocopter	2.513217600067939
d euron europ	2.513217600067939
d europe	1.9111576087399766
d euros	0.9691495557176634
d euros 4ème	2.513217600067939
d eux	2.2121876044039577
d evaluation	2.513217600067939
d excellence	1.471824914909714
d excellents	2.2121876044039577
d exception	1.8142475957319202
d exemplaires	2.513217600067939
d exemples	2.513217600067939
d exercer	2.513217600067939
d exigences	2.513217600067939
d existence	2.513217600067939
d expansion	2.513217600067939
d expert	2.513217600067939
d expertise	2.0360963453482768
d expertises	2.2121876044039577
d experts	2.2121876044039577
d expliquer	1.5589750906286142
d exploitation	2.2121876044039577
d exploitation rhepatch	2.513217600067939
d exploiter	2.0360963453482768
d exploration	2.2121876044039577
d explorer	1.6101276130759954
d explosif	2.513217600067939
d explosifs	2.2121876044039577
d exposants	2.513217600067939
d exposer	2.2121876044039577
d exposition	2.2121876044039577
d exposés	2.513217600067939
d expression	2.2121876044039577
d expérience	1.6681195600536822
d expériences	2.0360963453482768
d expérimentation	1.7350663496842953
d expérimentations	2.0360963453482768
d expérimenter	2.513217600067939
d extension	2.513217600067939
d extraction	1.7350663496842953
d habitants	2.2121876044039577
d habitation	2.2121876044039577
d hectares	2.2121876044039577
d hectolitres	2.513217600067939
d heracles	2.513217600067939
d herbicides contrôler	2.513217600067939
d heures	2.513217600067939
d hier	2.513217600067939
d histoire	2.0360963453482768
d hiver	2.513217600067939
d holothuries	2.513217600067939
d hommes	2.2121876044039577
d homéopathiques	2.513217600067939
d honneur	1.9111576087399766
d hormones	2.513217600067939
d huile	2.0360963453482768
d huiles	2.513217600067939
d humidité	2.513217600067939
d humour	1.7350663496842953
d hybride	2.513217600067939
d hydravions	2.513217600067939
d hydrodynamique	2.2121876044039577
d hydrogène	2.2121876044039577
d hydrométallurgie	2.513217600067939
d hymex	2.513217600067939
d hypothèses	2.513217600067939
d hébergement	2.513217600067939
d hélium	2.513217600067939
d hémorragies	2.513217600067939
d hôpitaux	2.513217600067939
d hôtel	2.513217600067939
d ici	1.0360963453482765
d identification	2.513217600067939
d identifier	1.4340363540203143
d identité	2.513217600067939
d idées	1.8142475957319202
d igm	2.513217600067939
d il	2.513217600067939
d ile de france	2.0360963453482768
d illustrations	2.513217600067939
d ilsa	2.513217600067939
d image	1.8142475957319202
d imager	2.513217600067939
d imagerie	1.8142475957319202
d imageries	2.513217600067939
d images	1.9111576087399766
d imaginer	1.7350663496842953
d immenses	2.0360963453482768
d immobilisation	2.2121876044039577
d immunoglobuline	2.513217600067939
d impliquer	2.513217600067939
d importance	2.513217600067939
d importantes	2.513217600067939
d importants	2.2121876044039577
d imposer	2.513217600067939
d inauguration	2.2121876044039577
d incendies	2.513217600067939
d incuballiance	2.513217600067939
d incubation	2.513217600067939
d indicateur	2.513217600067939
d indicateurs	2.513217600067939
d indications	2.513217600067939
d indigo	2.513217600067939
d indiquer	2.0360963453482768
d indium	2.513217600067939
d individus	2.0360963453482768
d industrialisation	2.2121876044039577
d industrie	1.6681195600536822
d industriels	1.8142475957319202
d infectiologie	2.513217600067939
d infection	2.513217600067939
d infections	2.2121876044039577
d infimes	2.2121876044039577
d influence	2.513217600067939
d influencer	2.513217600067939
d information	1.8142475957319202
d informations	1.5589750906286142
d informatique	1.8142475957319202
d informer	2.2121876044039577
d infrastructures	2.2121876044039577
d ingrédients	2.0360963453482768
d ingénierie	1.8142475957319202
d ingénieur	1.3992742477611022
d ingénieurs	1.257945094964633
d ingénieurs architectes	2.513217600067939
d ingénérie	2.513217600067939
d ingérop	2.513217600067939
d initiation	2.2121876044039577
d initier	1.9111576087399766
d innombrables	2.513217600067939
d innorobo	2.513217600067939
d innov days	2.513217600067939
d innovation	1.133006358356333
d innovations	1.6681195600536822
d innovatives	2.513217600067939
d innover	1.7350663496842953
d inosport	2.513217600067939
d inovsys	2.513217600067939
d inquiétude	2.513217600067939
d inra	2.513217600067939
d inscriptions	2.513217600067939
d insertion	2.513217600067939
d inspecter	2.513217600067939
d inspiration	2.513217600067939
d institutionnaliser	2.513217600067939
d institutionnels	2.513217600067939
d institutions	2.513217600067939
d instituts	2.513217600067939
d instrument	2.2121876044039577
d instrumentation	2.513217600067939
d instruments	1.8142475957319202
d insuline	2.513217600067939
d intelligence	2.513217600067939
d intelligibilité	2.513217600067939
d interagir	2.2121876044039577
d interconnexions	2.513217600067939
d interface	2.0360963453482768
d interférence	2.513217600067939
d intervenir	2.513217600067939
d intervention	2.0360963453482768
d interventions	2.513217600067939
d intrants	2.513217600067939
d introduction	2.2121876044039577
d intégration	2.0360963453482768
d intégrer	1.8142475957319202
d intérêt	1.6101276130759954
d intérêts	2.2121876044039577
d invasions	2.513217600067939
d inventer	2.513217600067939
d invest	2.513217600067939
d investigations	2.513217600067939
d investir	2.513217600067939
d investissement	1.8142475957319202
d investissements	1.9111576087399766
d investisseurs	2.2121876044039577
d inévitables	2.513217600067939
d ions	2.513217600067939
d ipsen	2.513217600067939
d ipsos	2.513217600067939
d ironie	2.513217600067939
d irstea	2.513217600067939
d iter	2.2121876044039577
d ivry sur seine	2.513217600067939
d izest	2.513217600067939
d iéna	2.513217600067939
d objectifs	2.513217600067939
d objets	2.2121876044039577
d obliger	2.513217600067939
d observation	1.513217600067939
d observations	1.9111576087399766
d observer	1.4340363540203143
d obstacles	1.8142475957319202
d obtenir	1.3090976174120141
d octobre	2.0360963453482768
d océanographes	2.513217600067939
d océanographie	2.2121876044039577
d odeur	2.513217600067939
d odontologie	2.513217600067939
d oeuf	2.513217600067939
d oeuvre	1.9111576087399766
d oeuvres	2.513217600067939
d officialiser	2.513217600067939
d officier	2.513217600067939
d offres	1.9111576087399766
d offrir	1.8142475957319202
d ohio	2.513217600067939
d oiseaux	2.513217600067939
d olive	2.2121876044039577
d ombre	2.513217600067939
d onde	2.0360963453482768
d ondes	2.0360963453482768
d oniris	2.513217600067939
d opacité	2.513217600067939
d open	2.513217600067939
d opinions	2.513217600067939
d opportunités	2.513217600067939
d opter	2.513217600067939
d optifel	2.513217600067939
d optimisation	2.2121876044039577
d optimiser	1.513217600067939
d optimisme	2.513217600067939
d optique	2.2121876044039577
d optronique	2.513217600067939
d opérateur	2.513217600067939
d opérateurs	2.513217600067939
d opération	2.2121876044039577
d opérations	2.513217600067939
d opérer	2.513217600067939
d or	1.7350663496842953
d ordinaire	2.513217600067939
d ordonnancement	2.513217600067939
d ordre	2.0360963453482768
d ordres	2.513217600067939
d ores	1.0818538359089518
d organe	2.2121876044039577
d organisation	2.513217600067939
d organiser	1.9111576087399766
d organismes	2.513217600067939
d orgue	2.2121876044039577
d oriano	2.513217600067939
d orientation	2.2121876044039577
d orienter	2.513217600067939
d origine	1.3992742477611022
d orléans	2.0360963453482768
d oro détection	2.513217600067939
d orpaillage	2.513217600067939
d orsay	2.0360963453482768
d orval	2.513217600067939
d os	2.513217600067939
d oscillation	2.513217600067939
d oséo	1.9111576087399766
d oto rhino laryngologie	2.513217600067939
d ouest	2.2121876044039577
d outil	2.513217600067939
d outils	1.3992742477611022
d outre mer	2.513217600067939
d ouverture	2.2121876044039577
d ouvrage	1.9111576087399766
d ouvrir	1.8142475957319202
d oxford	2.513217600067939
d oxyde	2.513217600067939
d oxydo réduction	2.513217600067939
d oxydoréduction	2.513217600067939
d oxygène	2.2121876044039577
d ozone	2.513217600067939
d où	0.4678946212812816
d sciences	2.513217600067939
d ulis	2.513217600067939
d ulm	2.513217600067939
d un	0.23905975080425915
d une	0.19099830533401974
d unique	2.513217600067939
d univers	2.513217600067939
d université	2.513217600067939
d universités	1.9111576087399766
d up1	2.513217600067939
d urgence la	2.513217600067939
d urgences	2.513217600067939
d usage	2.0360963453482768
d usages	2.513217600067939
d usines	2.513217600067939
d usure	2.513217600067939
d utilisateurs	2.2121876044039577
d utilisation	1.513217600067939
d utiliser	1.3090976174120141
d y	1.513217600067939
d échange	2.2121876044039577
d échanger	1.6101276130759954
d échanges	1.8142475957319202
d échantillon	2.513217600067939
d échantillonnage	2.513217600067939
d échantillonner	2.513217600067939
d échantillons	2.0360963453482768
d échelle	2.513217600067939
d écho	2.513217600067939
d éclore	2.513217600067939
d éco conception	2.513217600067939
d éco extraction	2.513217600067939
d école	2.513217600067939
d écoliers	2.513217600067939
d écologie	2.513217600067939
d économie	1.9111576087399766
d écoproduits	2.513217600067939
d écosystème	2.513217600067939
d écoulement	2.513217600067939
d écouler	2.513217600067939
d écouter	2.513217600067939
d écrire	2.513217600067939
d écrivain	2.513217600067939
d éducation	2.2121876044039577
d éjecter	2.513217600067939
d élaboration	2.2121876044039577
d élaborer	1.9111576087399766
d élargir	2.2121876044039577
d électricité	1.6681195600536822
d électrode	2.513217600067939
d électronique	2.513217600067939
d électrons	2.513217600067939
d élevage	2.513217600067939
d éliminer	2.2121876044039577
d élite	2.513217600067939
d élèves	2.2121876044039577
d éléments	1.8142475957319202
d émergence	2.2121876044039577
d émerger	1.9111576087399766
d émettre	2.513217600067939
d émission	2.513217600067939
d émissions	2.0360963453482768
d émotion	2.513217600067939
d énergie	1.1909983053340196
d énergie une	2.513217600067939
d énergies	2.0360963453482768
d énormes	2.513217600067939
d épilepsie	2.513217600067939
d épisodes	2.513217600067939
d époxy	2.513217600067939
d équipement	2.513217600067939
d équipements	1.6681195600536822
d équipes	1.7350663496842953
d équivalent	1.9111576087399766
d équivalents	2.513217600067939
d érosion	2.513217600067939
d établir	1.6681195600536822
d établissements	2.513217600067939
d étanchéité	2.2121876044039577
d étapes	2.2121876044039577
d état	2.513217600067939
d états	2.513217600067939
d éteindre	2.513217600067939
d étendre	2.2121876044039577
d étendues	2.513217600067939
d étonnant	2.2121876044039577
d étonnantes	2.2121876044039577
d étude	2.0360963453482768
d études	1.513217600067939
d étudiants	1.7350663496842953
d étudier	1.471824914909714
d étuver	2.513217600067939
d évaluation	1.9111576087399766
d évaluations	2.513217600067939
d évaluer	1.3992742477611022
d évapotranspiration	2.513217600067939
d éventuels	2.0360963453482768
d éviter	1.7350663496842953
d évolution	2.513217600067939
d évolutions	2.2121876044039577
d évoquer	1.6681195600536822
d événement	2.513217600067939
d événements	1.9111576087399766
d être	0.6871427973671126
d êtres	2.513217600067939
dakar	2.513217600067939
dam	2.2121876044039577
dam ile de france	2.513217600067939
danemark	2.2121876044039577
danger	2.2121876044039577
dangereux	2.0360963453482768
dangerosité	2.513217600067939
dangers	2.513217600067939
dangla	2.513217600067939
danguin	2.513217600067939
daniel	2.2121876044039577
danois	2.2121876044039577
danone	2.0360963453482768
dans	0.04932461108203172
danube	2.513217600067939
dao	2.513217600067939
darwin	2.513217600067939
darwinien	2.513217600067939
darwinienne	2.513217600067939
darwiniennes	2.513217600067939
dassault	2.2121876044039577
data	2.0360963453482768
datant	2.2121876044039577
datar	2.2121876044039577
date	1.9111576087399766
dates	2.513217600067939
dattier	2.2121876044039577
dattiers	2.513217600067939
daté	2.2121876044039577
datée	2.2121876044039577
davantage	1.098244252097121
davi	2.513217600067939
david	2.2121876044039577
daïchi	2.513217600067939
dbi	2.513217600067939
dcns	2.513217600067939
dcns des	2.513217600067939
de	0.0
de ci	2.513217600067939
de là	2.513217600067939
dea	2.513217600067939
debry	2.513217600067939
debré	2.513217600067939
deexbio	2.513217600067939
defccs	2.513217600067939
defense	2.513217600067939
deficit	2.513217600067939
deficits	2.513217600067939
deformation	2.513217600067939
degré	2.0360963453482768
degrés	2.513217600067939
dehecq	2.513217600067939
dehli	2.513217600067939
dehors	2.0360963453482768
delair	2.513217600067939
delair tech	2.2121876044039577
delaunay	2.513217600067939
delcroix	2.513217600067939
delphine	2.513217600067939
dels	2.513217600067939
delta	2.513217600067939
demain	1.133006358356333
demand	2.513217600067939
demand supply	2.513217600067939
demande	1.257945094964633
demandent	2.513217600067939
demander	1.9111576087399766
demandera	2.513217600067939
demandes	2.0360963453482768
demandeur	2.2121876044039577
demandé	2.2121876044039577
demay	2.513217600067939
demeter	2.2121876044039577
demeure	2.2121876044039577
demi	2.513217600067939
demi siècle	2.513217600067939
dendroapsis	2.513217600067939
dengue	2.513217600067939
denhaut	2.513217600067939
denier	2.513217600067939
denis	2.0360963453482768
denovo	2.513217600067939
denrée	2.513217600067939
dense	2.0360963453482768
denses	2.0360963453482768
densification	2.2121876044039577
densifier	2.513217600067939
densité	1.7350663496842953
densités	2.513217600067939
dent	2.513217600067939
dentaire	2.513217600067939
denver	2.513217600067939
department	2.513217600067939
depaulis	2.513217600067939
depe	2.513217600067939
depos	2.513217600067939
depuis	0.47579110212731535
derepas	2.513217600067939
dermatologie	2.2121876044039577
dermatologues	2.513217600067939
dernier	0.4268577693931908
dernier des	2.513217600067939
dernier e biothon	2.513217600067939
dernier mesurer	2.513217600067939
derniers	1.0818538359089518
dernière	1.151489764050346
dernières	0.9221529930414398
derrière	1.7350663496842953
des	0.005361728372108108
desbarats	2.513217600067939
descartes	1.9111576087399766
descartes hôpital	2.513217600067939
descendre	2.513217600067939
descendu	2.513217600067939
descente	2.2121876044039577
description	2.513217600067939
design	1.4340363540203143
designer	2.513217600067939
designers	2.513217600067939
desquelles	1.6101276130759954
desquels	1.9111576087399766
dessinent	1.9111576087399766
dessiner	2.2121876044039577
dessiné	2.2121876044039577
dessous	2.513217600067939
destination	1.9111576087399766
destiné	1.4340363540203143
destinée	2.513217600067939
destinées	1.9111576087399766
destinés	1.4340363540203143
destructif	2.513217600067939
destruction	2.0360963453482768
destructive	2.2121876044039577
destructuration	2.513217600067939
desy	2.513217600067939
detection	2.513217600067939
deutsches	2.513217600067939
deutérium	2.513217600067939
deux	0.29837375202024113
deuxième	1.4340363540203143
devaient	2.513217600067939
devait	2.2121876044039577
devant	1.4340363540203143
development	2.513217600067939
devenant	2.2121876044039577
devenir	1.0818538359089518
devenu	1.8142475957319202
devenue	1.6681195600536822
devenues	2.0360963453482768
devices	2.513217600067939
deviendra	2.513217600067939
deviendrait	2.513217600067939
deviendront	2.513217600067939
devienne	2.513217600067939
deviennent	1.8142475957319202
devient	1.471824914909714
deville	2.513217600067939
devis	2.513217600067939
devise	2.513217600067939
devoir	1.5589750906286142
devons	1.8142475957319202
devons nous	2.513217600067939
devra	1.8142475957319202
devraient	1.23446399911511
devraient elles	2.513217600067939
devrait	0.8411197421322215
devrait on	2.513217600067939
devront	1.7350663496842953
devront ils	2.513217600067939
dga	1.9111576087399766
dgac	2.2121876044039577
dgcis	2.513217600067939
dge	2.513217600067939
dhc	2.513217600067939
dhet	2.513217600067939
di	2.2121876044039577
diabète	2.0360963453482768
diabètes	2.2121876044039577
diabétique	2.2121876044039577
diabétiques	2.2121876044039577
diabétiques le	2.513217600067939
diagana	2.513217600067939
diagnostic	1.367089564389701
diagnostics	2.513217600067939
diagnostiquer	2.2121876044039577
diagnostiqué	2.513217600067939
diagnostiquée	2.513217600067939
diagnostiquées	2.513217600067939
diagnostiqués	2.2121876044039577
dialogue	2.2121876044039577
dialoguent	2.513217600067939
dialoguer	2.0360963453482768
diamètre	1.6101276130759954
diamètres	2.513217600067939
diapason	2.513217600067939
diaphyse	2.513217600067939
diasi	2.513217600067939
didactique	2.2121876044039577
didactiques	2.2121876044039577
diderot	2.0360963453482768
didier	2.0360963453482768
difficile	1.0660595687257197
difficile l énergie	2.513217600067939
difficilement	1.7350663496842953
difficiles	1.9111576087399766
difficulté	1.5589750906286142
difficultés	1.513217600067939
diffraction	2.513217600067939
diffractions	2.513217600067939
diffractés	2.513217600067939
diffus	2.513217600067939
diffuser	1.8142475957319202
diffusion	1.471824914909714
diffusée	2.513217600067939
diffère	2.513217600067939
diffèrent	2.2121876044039577
différemment	2.513217600067939
différence	1.5589750906286142
différences	1.513217600067939
différenciation	2.2121876044039577
différent	1.6681195600536822
différente	1.6101276130759954
différente des	2.513217600067939
différentes	0.6871427973671126
différents	0.6743685093306837
différents visualiser	2.513217600067939
digestif	2.2121876044039577
digestion	2.513217600067939
digestive	2.513217600067939
digestives	2.513217600067939
digestives des	2.513217600067939
digital	1.9111576087399766
digitale	2.0360963453482768
digne les bains	2.513217600067939
dijon	1.0660595687257197
dijon existe t il	2.513217600067939
dijon université	2.2121876044039577
dijonnais	1.471824914909714
dijonnaise	1.471824914909714
dijonnaises	2.513217600067939
dilatation	2.513217600067939
dimension	1.7350663496842953
dimensionnement	2.513217600067939
dimensionné	2.513217600067939
dimensions	1.5589750906286142
diminuant	2.0360963453482768
diminuent	2.513217600067939
diminuer	1.6681195600536822
diminution	1.4340363540203143
diminué	2.2121876044039577
dimères	2.513217600067939
dinasolar	2.513217600067939
diode	2.2121876044039577
diodes	2.2121876044039577
dior	2.513217600067939
dioxyde	1.9111576087399766
diplomatique	2.513217600067939
diplôme	1.3371263410122578
diplômes	2.2121876044039577
diplômé	1.6101276130759954
diplômée	2.513217600067939
diplômés	1.8142475957319202
dira	2.2121876044039577
dire	1.151489764050346
direct	0.8899683096700385
directe	2.513217600067939
directement	1.3371263410122578
directes	2.0360963453482768
directeur	0.7070376260840519
directeurs	2.0360963453482768
direction	1.0508196021689828
directions	1.9111576087399766
directives	2.513217600067939
directrice	1.5589750906286142
directs	1.8142475957319202
dires	2.513217600067939
dirige	1.133006358356333
dirigeait	2.2121876044039577
dirigeant	2.0360963453482768
dirigeante	2.513217600067939
dirigeants	2.2121876044039577
diriger	2.0360963453482768
dirigiez	2.513217600067939
dirigé	1.8142475957319202
dirigée	1.9111576087399766
dirigées	2.513217600067939
dirigés	2.513217600067939
dis	2.513217600067939
disa megamark	2.513217600067939
disait	2.513217600067939
disasolar	2.513217600067939
discerner	2.513217600067939
discipline	1.5589750906286142
disciplines	1.471824914909714
discours	2.0360963453482768
discovery	2.2121876044039577
discrimination	2.513217600067939
discrètes	2.513217600067939
discussion	2.513217600067939
discussions	1.5589750906286142
discuter	2.2121876044039577
diseases	2.513217600067939
disney	2.513217600067939
disparaissant	2.513217600067939
disparaît	2.513217600067939
disparaître	2.2121876044039577
disparition	2.2121876044039577
disparités	2.513217600067939
disparu	2.2121876044039577
disparue	2.513217600067939
dispensaire	2.513217600067939
dispense	2.2121876044039577
dispenser	1.6681195600536822
dispensing	2.513217600067939
dispensons	2.513217600067939
dispensé	2.513217600067939
dispensée	2.2121876044039577
dispensées	2.513217600067939
dispensés	2.2121876044039577
disperse	2.2121876044039577
disperser	1.9111576087399766
dispersion	2.513217600067939
dispersées	2.513217600067939
dispersés	2.0360963453482768
disponibilité	2.2121876044039577
disponible	1.6101276130759954
disponibles	1.367089564389701
disposaient	2.0360963453482768
disposait	2.0360963453482768
disposant	1.5589750906286142
dispose	1.098244252097121
dispose t elle	2.513217600067939
disposent	1.367089564389701
disposer	1.0360963453482765
disposera	1.9111576087399766
disposeront	1.9111576087399766
disposeront ils	2.513217600067939
disposez	2.513217600067939
disposions	2.513217600067939
dispositif	1.098244252097121
dispositif un	2.513217600067939
dispositifs	1.3090976174120141
disposition	1.367089564389701
disposons	1.6681195600536822
disques	2.513217600067939
dissection	2.513217600067939
dissertent	2.513217600067939
disserter	2.513217600067939
dissociation	2.513217600067939
dissociée	2.513217600067939
dissoute	2.513217600067939
dissuasif	2.513217600067939
disséminera	2.513217600067939
distance	1.367089564389701
distances	1.7350663496842953
distinction	1.9111576087399766
distincts	2.513217600067939
distinguer	2.513217600067939
distingueront	2.513217600067939
distingué	2.513217600067939
distorsion	2.513217600067939
distribuer	2.0360963453482768
distributeurs	2.2121876044039577
distributing	2.513217600067939
distribution	1.6101276130759954
distribué	2.513217600067939
dit	0.7573427443954476
dit elle	2.2121876044039577
dit il	2.2121876044039577
dite	1.23446399911511
dites	1.6101276130759954
dits	1.6681195600536822
divers	1.513217600067939
diverses	1.3992742477611022
diversification	1.9111576087399766
diversifier	1.9111576087399766
diversifiée	2.513217600067939
diversifiées	2.513217600067939
diversifiés	2.513217600067939
diversité	1.6101276130759954
diversités	2.513217600067939
divertor	2.2121876044039577
diviser	2.513217600067939
divisée	2.2121876044039577
divisés	2.513217600067939
dix	1.151489764050346
dizaine	1.1707949192457328
dizaines	1.471824914909714
diète	2.513217600067939
diététique	2.513217600067939
djibouti	2.513217600067939
dlr	2.513217600067939
dlr une	2.513217600067939
dluo	2.513217600067939
dmla	2.513217600067939
docteur	1.6681195600536822
docteurs	1.9111576087399766
doctoral	2.513217600067939
doctorales	2.2121876044039577
doctorantes	2.513217600067939
doctorants	1.8142475957319202
doctorat	1.5589750906286142
documentation un	2.513217600067939
documents	2.513217600067939
dodaro	2.513217600067939
doigts	2.513217600067939
doigté	2.513217600067939
doit	1.098244252097121
doivent	1.282768678689665
dollars	1.9111576087399766
domaine	0.5837986743536463
domaine les	2.513217600067939
domaine une	2.513217600067939
domaines	0.78894173046715
domicile	1.7350663496842953
domicile silver	2.513217600067939
domiciles	2.513217600067939
dominantes	2.513217600067939
dominique	2.0360963453482768
dommages	2.513217600067939
domomédecine	2.513217600067939
domotique	2.2121876044039577
donc	0.4197959149057039
donnait	2.513217600067939
donnant	1.9111576087399766
donne	1.513217600067939
donnent	1.9111576087399766
donner	1.513217600067939
donnera	2.2121876044039577
donnet lévêque	2.513217600067939
donneurs	2.0360963453482768
donné	1.513217600067939
donnée	1.9111576087399766
données	0.850459768386365
donnés	2.513217600067939
dont	0.2652443337061324
dopage	2.513217600067939
dopage lutte	2.513217600067939
dopamine	2.513217600067939
doper	2.513217600067939
dopé	2.513217600067939
dordogne	2.513217600067939
doris	2.513217600067939
dorn	2.513217600067939
dornier	2.513217600067939
dorsale	2.513217600067939
dorso ventral	2.513217600067939
dorée	2.513217600067939
dosage	2.2121876044039577
dose	1.8142475957319202
doser	2.513217600067939
doses	2.2121876044039577
dosimétrie	2.513217600067939
dossier	2.0360963453482768
dossiers	2.2121876044039577
dotait	2.513217600067939
dotant	2.513217600067939
dotations	2.513217600067939
doter	2.2121876044039577
doté	1.5589750906286142
dotée	1.7350663496842953
dotées	2.513217600067939
dotés	2.513217600067939
douai	2.513217600067939
douarnenez	2.2121876044039577
double	1.6101276130759954
doublement	2.2121876044039577
doubler	2.2121876044039577
doubs	2.2121876044039577
douce	2.513217600067939
doudin	2.513217600067939
douleurs	2.513217600067939
doutait	2.513217600067939
doute	1.098244252097121
douter	2.2121876044039577
douzaine	1.7350663496842953
douze	2.2121876044039577
douée	2.513217600067939
doxorubicine	2.513217600067939
doyen	2.513217600067939
drastiques	2.513217600067939
dresde	2.513217600067939
dressage	2.513217600067939
dresse	1.9111576087399766
dresse t il	2.513217600067939
dresser	1.471824914909714
dressez vous	2.513217600067939
dressé	2.0360963453482768
drire	2.513217600067939
driven	2.513217600067939
drobinski	2.513217600067939
drogues	2.2121876044039577
droit	1.9111576087399766
droite	2.2121876044039577
droits	2.513217600067939
drone	1.9111576087399766
drones	1.8142475957319202
dropsondes	2.513217600067939
drosophile	2.513217600067939
druon	2.513217600067939
dryade	2.513217600067939
dsf	2.513217600067939
dsm	2.513217600067939
dsm energie	2.513217600067939
dt 18	2.513217600067939
dt 26	2.513217600067939
du	0.02325912064310432
dual	2.2121876044039577
dualine	2.513217600067939
ducrocq	2.513217600067939
ductilité	2.513217600067939
due	2.2121876044039577
dues	1.9111576087399766
duflo	2.513217600067939
dunes	2.513217600067939
dunod	2.513217600067939
duquel	1.3090976174120141
dur	2.513217600067939
durabilité	1.5589750906286142
durable	1.0818538359089518
durable 1ère	2.513217600067939
durable l emballage	2.513217600067939
durable plus	2.513217600067939
durablement	2.0360963453482768
durables	1.6681195600536822
durait	2.513217600067939
durant	0.7972142564331398
durcir	2.513217600067939
durcissement	2.513217600067939
durcisseurs	2.513217600067939
durcit	2.513217600067939
dure	2.513217600067939
dures	2.513217600067939
durée	0.9221529930414398
durée equilibre	2.513217600067939
durées	1.8142475957319202
dus	2.513217600067939
dusko	2.2121876044039577
dut	2.513217600067939
dutailly	2.513217600067939
dutour	2.513217600067939
duval	2.513217600067939
duvernois	2.513217600067939
dynacomp	2.513217600067939
dynamique	1.257945094964633
dynamiquement	2.513217600067939
dynamiques	2.0360963453482768
dynamiser	2.2121876044039577
dynamisme	2.513217600067939
dysfonctionnements	2.513217600067939
dysfonctions	2.513217600067939
dyskinésie	2.513217600067939
dyskinésies	2.513217600067939
dyslipidémie	2.513217600067939
dès	0.727887765057172
débarque	2.513217600067939
débarrassons	2.513217600067939
débat	1.7350663496842953
débats	1.6101276130759954
débats conférence	2.513217600067939
débattre	1.9111576087399766
débattront	2.513217600067939
débattu	2.513217600067939
débit	1.6681195600536822
déboucher	1.8142475957319202
débris	2.513217600067939
débusquer	2.2121876044039577
début	1.0218559062336663
débute	2.2121876044039577
débuteront	2.513217600067939
débuté	1.9111576087399766
décalage	2.513217600067939
décantation	2.513217600067939
décarboner	2.513217600067939
décarbonée	2.0360963453482768
décelables	2.513217600067939
décelé	2.513217600067939
décembre	1.0660595687257197
décennie	1.513217600067939
décennies	1.3992742477611022
décentralisée	2.513217600067939
décernait	2.513217600067939
décerne	2.513217600067939
décernent	2.513217600067939
décerner	2.513217600067939
décerné	1.7350663496842953
décernée	2.513217600067939
décernés	1.9111576087399766
décharges	2.513217600067939
déchets	1.8142475957319202
déchiffrer	2.513217600067939
déchirure	2.513217600067939
décide	1.6681195600536822
décident	2.513217600067939
décider	2.0360963453482768
décideur	2.513217600067939
décideurs	1.7350663496842953
décidé	1.0508196021689828
décidément	2.2121876044039577
décimètre	2.513217600067939
décisif	2.513217600067939
décision	1.3090976174120141
décisions	2.0360963453482768
décisives	2.513217600067939
déclare	1.098244252097121
déclare t elle	2.513217600067939
déclare t il	1.6101276130759954
déclarent	2.513217600067939
déclarent ils	2.513217600067939
déclarer	2.2121876044039577
déclaré	1.513217600067939
déclarés	2.513217600067939
déclenchant	2.513217600067939
déclenche	2.513217600067939
déclencher	2.0360963453482768
déclencheur	2.513217600067939
déclenché	2.513217600067939
déclin	2.513217600067939
décliné	2.513217600067939
déclinée	2.513217600067939
déclinées	2.513217600067939
décollage	1.9111576087399766
décollés	2.513217600067939
décomposer	2.513217600067939
déconcertante	2.513217600067939
déconstruction	2.513217600067939
décontamination	2.513217600067939
décor	2.2121876044039577
décoration	2.513217600067939
décortiquant	2.513217600067939
décortiquer	2.2121876044039577
décortiqués	2.513217600067939
découle	2.513217600067939
découpe	2.513217600067939
découper	2.2121876044039577
découpées	2.513217600067939
découvert	1.367089564389701
découverte	1.282768678689665
découvertes	1.7350663496842953
découverts	2.513217600067939
découvre	2.0360963453482768
découvrent	2.513217600067939
découvrir	1.1707949192457328
découvrirez	2.513217600067939
décrire	2.513217600067939
décrit	2.0360963453482768
décrite	2.513217600067939
décrivent	2.2121876044039577
décrocher	2.2121876044039577
décroché	2.0360963453482768
décroître	2.513217600067939
décryptant	2.513217600067939
décrypter	2.513217600067939
décrypté	2.513217600067939
décryptées	2.513217600067939
décrète	2.513217600067939
décès	2.513217600067939
dédié	1.282768678689665
dédiée	1.513217600067939
dédiées	2.0360963453482768
dédiés	1.6681195600536822
déduire	2.2121876044039577
déduit	2.513217600067939
défaut	2.2121876044039577
défauts	2.0360963453482768
défectueux	2.513217600067939
défend	2.513217600067939
défendent	2.513217600067939
défendra	2.513217600067939
défendre	2.2121876044039577
défendue	2.513217600067939
défense	1.513217600067939
défenses	2.0360963453482768
défi	1.151489764050346
déficience	2.513217600067939
déficiences	2.513217600067939
déficient	2.513217600067939
déficit	2.0360963453482768
déficitaire	2.513217600067939
déficits	2.0360963453482768
défini	2.0360963453482768
définie	1.9111576087399766
définies	2.2121876044039577
définir	1.6681195600536822
définissant	2.513217600067939
définit	1.9111576087399766
définitif	2.513217600067939
définition	2.0360963453482768
définitive	2.513217600067939
définitivement	1.9111576087399766
définitives	2.513217600067939
défis	1.257945094964633
déforestation	2.513217600067939
déformable	2.513217600067939
déformation	2.513217600067939
défunt	2.513217600067939
dégager	2.513217600067939
dégagées	2.513217600067939
déglutition	2.513217600067939
dégradation	2.0360963453482768
dégrade	2.513217600067939
dégradent	2.2121876044039577
dégrader	2.513217600067939
dégrossir	2.513217600067939
dégustateur	2.513217600067939
dégustateurs	2.513217600067939
dégustation	2.513217600067939
dégâts	2.0360963453482768
dégénératives	2.513217600067939
dégénérescence	2.2121876044039577
dégénérescences	2.513217600067939
déjà	0.517582405470389
délais	1.9111576087399766
délaissé	2.0360963453482768
délibérée	2.513217600067939
délibérément	2.2121876044039577
délicat	2.513217600067939
délicats reproduire	2.513217600067939
délimité	2.513217600067939
délivrance	2.513217600067939
délivrent	2.513217600067939
délivrer	2.0360963453482768
délivré	1.9111576087399766
délivrée	2.513217600067939
délocalisée	2.513217600067939
délégation	2.0360963453482768
délégations	2.513217600067939
délégué	1.7350663496842953
déléguée	2.513217600067939
démantèlement	1.9111576087399766
démarche	0.9221529930414398
démarches	2.0360963453482768
démarrage	1.7350663496842953
démarre	2.2121876044039577
démarrent	2.513217600067939
démarrer	2.2121876044039577
démarré	1.5589750906286142
dématérialisation	2.513217600067939
démences	2.2121876044039577
démocratisation	2.513217600067939
démocratise	2.513217600067939
démocratisons	2.513217600067939
démographie	2.513217600067939
démographique	2.513217600067939
démographiques	2.513217600067939
démonstrateur	2.0360963453482768
démonstrateurs	2.2121876044039577
démonstration	1.3992742477611022
démonstrations	1.6101276130759954
démonter	2.513217600067939
démontre	2.513217600067939
démontrer	1.6101276130759954
démontrer des	2.513217600067939
démontré	1.6101276130759954
démystifie	2.513217600067939
dénicher	2.513217600067939
dénombrement	2.513217600067939
dénombrer	2.513217600067939
dénomination	2.513217600067939
dénommé	2.513217600067939
dénommée	2.513217600067939
dénutrition	1.9111576087399766
départ	1.6681195600536822
département	1.257945094964633
départements	1.7350663496842953
dépasse	2.513217600067939
dépassement	2.513217600067939
dépassent	2.0360963453482768
dépasser	2.2121876044039577
dépassera	2.513217600067939
dépasserait	2.513217600067939
dépend	2.2121876044039577
dépendaient	2.513217600067939
dépendance	2.2121876044039577
dépendante	2.513217600067939
dépendantes	2.513217600067939
dépendent	2.0360963453482768
dépendons	2.513217600067939
dépendre	2.2121876044039577
dépens	2.513217600067939
dépenser	2.513217600067939
dépenses	2.513217600067939
dépistage	2.2121876044039577
dépister	2.513217600067939
dépit	2.513217600067939
déplace	2.2121876044039577
déplacement	1.9111576087399766
déplacements	2.2121876044039577
déplacent	1.8142475957319202
déplacer	1.6681195600536822
déplacé	2.513217600067939
déplacée	2.513217600067939
déplaire	2.513217600067939
déplass	2.513217600067939
déploiement	2.2121876044039577
déplorable	2.513217600067939
déplore	2.513217600067939
déplore t il	2.513217600067939
déploré	2.513217600067939
déployer	2.0360963453482768
déployé	2.0360963453482768
déployées	2.513217600067939
déployés	2.513217600067939
dépointage	2.513217600067939
dépolluer	2.513217600067939
déposant	2.513217600067939
déposer	2.2121876044039577
déposition	2.513217600067939
déposé	1.6101276130759954
déposée	2.513217600067939
déposées	2.513217600067939
déposés	2.2121876044039577
dépourvu	2.513217600067939
dépourvues	2.513217600067939
dépression	2.513217600067939
dépérissement	2.513217600067939
dépôt	1.5589750906286142
dépôts	2.0360963453482768
dérangeant	2.513217600067939
dérangeante	2.513217600067939
dérisoire le	2.513217600067939
dérivants	2.513217600067939
dérive	2.513217600067939
dérivé	2.513217600067939
dérivées	2.2121876044039577
dérivés	2.2121876044039577
dérober	2.513217600067939
déroulant	2.2121876044039577
déroule	1.9111576087399766
déroulement	2.2121876044039577
déroulent	2.513217600067939
dérouler	2.2121876044039577
déroulera	1.6101276130759954
dérouleront	2.513217600067939
déroulé	1.9111576087399766
déroulée	1.6101276130759954
désaffection	2.2121876044039577
désaisonnaliser	2.513217600067939
désarmés	2.513217600067939
désert	2.513217600067939
désertification	2.513217600067939
désherbage	2.513217600067939
déshérence	2.513217600067939
désigne	2.2121876044039577
désigner	2.513217600067939
désir	2.2121876044039577
désirs	2.513217600067939
désole	2.513217600067939
désorbitation	2.513217600067939
désordre	2.513217600067939
désorganisation	2.513217600067939
désormais	0.7972142564331398
désorption	2.513217600067939
déstabiliser myrte	2.513217600067939
déstructuration	2.513217600067939
déséquilibres	2.513217600067939
déséquilibrée	2.513217600067939
détaché	2.513217600067939
détail	2.0360963453482768
détailles	2.513217600067939
détaillées	2.513217600067939
détails	2.0360963453482768
détatouage	2.513217600067939
détecte	2.513217600067939
détecter	1.23446399911511
détecteur	2.0360963453482768
détecteurs	2.0360963453482768
détection	1.3371263410122578
détecté	2.513217600067939
détectée	2.2121876044039577
détectées	2.2121876044039577
détenant	2.513217600067939
détenir	2.513217600067939
détenu	2.2121876044039577
détenue	2.513217600067939
détergentes	2.513217600067939
détergents	2.2121876044039577
déterminant	2.0360963453482768
déterminants	2.513217600067939
déterminent	2.2121876044039577
déterminer	1.5589750906286142
déterministe	2.513217600067939
déterministes	2.513217600067939
déterminée	2.513217600067939
détiennent	2.513217600067939
détient	1.9111576087399766
détour	2.2121876044039577
détracteurs	2.513217600067939
détriment	2.513217600067939
détroit	2.513217600067939
détruire	1.9111576087399766
dévasté	2.513217600067939
développant	2.0360963453482768
développe	1.0360963453482765
développement	0.40600763042007065
développements	1.1152775913959014
développent	1.6101276130759954
développer	0.6101276130759954
développera	2.2121876044039577
développerait	2.513217600067939
développeurs	1.8142475957319202
développons	2.513217600067939
développé	0.8697649235817516
développée	1.3090976174120141
développées	1.513217600067939
développés	1.3090976174120141
déviés	2.513217600067939
dévoilent	2.513217600067939
dévoiler	2.513217600067939
dévoilée	2.513217600067939
déçus	2.513217600067939
dû	1.471824914909714
e	2.513217600067939
e biothon	2.513217600067939
e learning	2.513217600067939
e nutrition	2.513217600067939
e santé	2.513217600067939
e tribart	2.513217600067939
eads	2.2121876044039577
earth	2.513217600067939
earthquake	2.513217600067939
eau	1.513217600067939
eau quel	2.513217600067939
eaux	1.471824914909714
ebt	2.513217600067939
ec6	2.513217600067939
ecnu	2.513217600067939
eco campus	2.513217600067939
eco climb	2.513217600067939
eco efficient	2.513217600067939
eco extraction	2.513217600067939
ecolab	2.2121876044039577
ecole	1.282768678689665
ecoles	1.6101276130759954
ecologie	2.0360963453482768
ecology	2.2121876044039577
economie	1.8142475957319202
economique	2.0360963453482768
economy	2.2121876044039577
ecophyto	2.513217600067939
ecosse	2.2121876044039577
ecosym	2.513217600067939
ecotechnologies	2.513217600067939
ecrire	2.513217600067939
eden	2.513217600067939
edf	1.9111576087399766
edge	2.513217600067939
edimbourg	2.513217600067939
editeur	2.2121876044039577
editions	1.6681195600536822
edmond	2.513217600067939
edrip	2.513217600067939
education	2.513217600067939
edwige	2.513217600067939
effectif	2.513217600067939
effectifs	1.7350663496842953
effective	2.513217600067939
effectivement	2.2121876044039577
effectuait	2.513217600067939
effectuant	2.513217600067939
effectue	2.513217600067939
effectuent	2.2121876044039577
effectuer	1.513217600067939
effectuera	2.513217600067939
effectuerons	2.2121876044039577
effectueront	2.513217600067939
effectué	1.6681195600536822
effectuées	1.6101276130759954
effectués	2.2121876044039577
effervescence	2.513217600067939
effet	0.37649703291153225
effets	1.133006358356333
efficace	1.3992742477611022
efficacement	1.6681195600536822
efficaces	1.5589750906286142
efficacité	1.6101276130759954
efficientes	2.513217600067939
effinergie	2.513217600067939
effluents	2.513217600067939
effondrées	2.2121876044039577
effort	2.0360963453482768
efforts	1.7350663496842953
effrénée	2.513217600067939
egalement	2.0360963453482768
egg energy	2.513217600067939
egly	2.513217600067939
ego	2.513217600067939
egypte	2.513217600067939
egyptiens	2.513217600067939
eh	2.513217600067939
ehpad	2.2121876044039577
ehrlich	2.2121876044039577
eiffel	2.513217600067939
eile	2.513217600067939
einstein	2.513217600067939
ekhuft	2.513217600067939
elaboré	2.513217600067939
elc2	2.513217600067939
elderly	2.513217600067939
eldorado	2.513217600067939
electric	2.0360963453482768
electrique	2.513217600067939
electro	2.513217600067939
electro magnetic	2.513217600067939
electron	2.2121876044039577
elektronen synchrotron	2.513217600067939
element	2.513217600067939
element est	2.513217600067939
elements	2.513217600067939
elevator	2.513217600067939
elisa	2.513217600067939
elisabeth	2.513217600067939
elle	0.5941395076918651
elle même	1.6101276130759954
elles	0.9004337433482035
elles mêmes	2.0360963453482768
elo	2.513217600067939
elova	2.513217600067939
else	2.513217600067939
em2c	2.513217600067939
emac	2.513217600067939
emballage	2.0360963453482768
emballages	2.2121876044039577
emballés	2.2121876044039577
embarcation	2.513217600067939
embarcations	2.513217600067939
embarque	2.513217600067939
embarquent	2.513217600067939
embarquer	2.513217600067939
embarqué	2.2121876044039577
embarquée	2.2121876044039577
embarqués	1.7350663496842953
embarqués objets	2.513217600067939
embauche	2.513217600067939
embaucher	2.2121876044039577
embl	2.513217600067939
emblématique	1.9111576087399766
emblématiques	2.0360963453482768
embouchures	2.513217600067939
embryon	2.513217600067939
emc2	2.513217600067939
emirats	2.513217600067939
emissions	2.513217600067939
emlyon	2.513217600067939
emm	2.513217600067939
emm2013	2.513217600067939
emmanuel	2.2121876044039577
emmanuelle	2.513217600067939
emmènera	2.513217600067939
empilement	2.2121876044039577
empiler	2.513217600067939
empirique	2.513217600067939
empiriques	2.513217600067939
emplacement	2.2121876044039577
emploi	2.513217600067939
emploie	2.513217600067939
emplois	1.513217600067939
employés	2.2121876044039577
empois	2.513217600067939
emportait	2.513217600067939
emporte	2.513217600067939
emporter	2.513217600067939
emportera	2.513217600067939
empreintes	2.513217600067939
emprunt	2.513217600067939
empruntant	2.513217600067939
empruntent	2.513217600067939
emprunter	2.513217600067939
empêchant	2.513217600067939
empêcher	2.513217600067939
en	0.006712567663066878
encadrement	2.513217600067939
encaissée	2.513217600067939
encapsuler	2.513217600067939
encapsulé	2.513217600067939
encapsulés	2.513217600067939
encastrés	2.513217600067939
enchantement	2.513217600067939
enclavées	2.513217600067939
enclin	2.2121876044039577
encombrante	2.513217600067939
encore	0.48791173480316874
encourageants	1.7350663496842953
encouragent	2.513217600067939
encourager	2.513217600067939
encouragés	2.513217600067939
encyclopédie	2.513217600067939
endocells production	2.513217600067939
endocrine	2.2121876044039577
endocrines	2.513217600067939
endocrinien	2.513217600067939
endocriniens	2.513217600067939
endommager	2.2121876044039577
endommagé	2.513217600067939
endommagée	2.2121876044039577
endoscopique	2.513217600067939
endroit	2.0360963453482768
endroits	2.513217600067939
endurance	2.513217600067939
endémiques	2.2121876044039577
energie	2.2121876044039577
energies	2.2121876044039577
energy	2.0360963453482768
energétique	2.513217600067939
energétiques	2.513217600067939
enfance	2.2121876044039577
enfant	1.6681195600536822
enfants	1.4340363540203143
enfermer	2.2121876044039577
enfin	0.6267268748954572
engage	2.513217600067939
engagement	2.513217600067939
engagé	2.513217600067939
engagée	1.9111576087399766
engagées	2.2121876044039577
engagés	2.2121876044039577
engendrera	2.513217600067939
engendrées	2.2121876044039577
engin	2.513217600067939
engineering	2.0360963453482768
engins	2.2121876044039577
englobe	2.513217600067939
engouement	2.2121876044039577
engrais	2.513217600067939
engref	2.513217600067939
engrenages	2.513217600067939
enil	2.513217600067939
enils	2.513217600067939
enjeu	1.9111576087399766
enjeux	1.1909983053340196
enki heh	2.513217600067939
enlever	2.513217600067939
enquête	2.2121876044039577
enregistre	2.0360963453482768
enregistrements	2.513217600067939
enregistrer	2.2121876044039577
enregistré	2.513217600067939
enregistrés	2.513217600067939
enrichie	2.513217600067939
enrichies	2.2121876044039577
enrichir	2.2121876044039577
enrichissant	2.513217600067939
enrichissante	2.0360963453482768
enrichissants	2.513217600067939
ensam	2.513217600067939
ensaplv	2.513217600067939
enseignant	1.9111576087399766
enseignants	1.7350663496842953
enseignants chercheurs	1.8142475957319202
enseigne	2.2121876044039577
enseignement	1.1707949192457328
enseignements	1.6101276130759954
enseigner	2.513217600067939
ensemble	1.0508196021689828
ensembliers	2.513217600067939
ensg	2.513217600067939
ensia	2.513217600067939
ensmm	2.513217600067939
ensoleillés	2.513217600067939
ensta	2.0360963453482768
ensuite	0.8899683096700385
entamant	2.513217600067939
entame	2.513217600067939
entament	2.513217600067939
entamer	2.513217600067939
entamera	2.513217600067939
entamé	1.8142475957319202
entamés	2.513217600067939
entend	2.2121876044039577
entendais	2.513217600067939
entendre	2.2121876044039577
entendu	2.513217600067939
entendue	2.513217600067939
enterococcus	2.513217600067939
enterome	2.513217600067939
enthousiasme	1.6101276130759954
enthousiasmés	2.513217600067939
enthousiaste	2.2121876044039577
enthousiastes	2.513217600067939
entier	1.282768678689665
entiers	2.513217600067939
entité	2.513217600067939
entités	1.8142475957319202
entière	2.2121876044039577
entièrement	1.6101276130759954
entoure	2.2121876044039577
entourent	2.513217600067939
entrants	2.513217600067939
entraînant	1.8142475957319202
entraîne	1.471824914909714
entraînent	2.0360963453482768
entraîner	1.6681195600536822
entraînera	2.513217600067939
entraîné	1.6101276130759954
entraînée	2.513217600067939
entraînés	2.513217600067939
entre	0.38288383157293293
entrecoupe	2.513217600067939
entrent	2.513217600067939
entreprendre	2.2121876044039577
entrepreneur	1.8142475957319202
entrepreneuriale	2.0360963453482768
entrepreneuriat	2.2121876044039577
entrepreneurs	1.8142475957319202
entrepris	2.2121876044039577
entreprise	0.7350663496842954
entreprise analyse	2.513217600067939
entreprise des	2.513217600067939
entreprises	0.6936736645260704
entreprises hémangiome	2.513217600067939
entrer	1.5589750906286142
entreront	2.513217600067939
entres	2.513217600067939
entretenir	2.513217600067939
entretiennent	2.513217600067939
entretiens	2.513217600067939
entrevoir	2.0360963453482768
entré	2.2121876044039577
entrée	1.7350663496842953
envahi	2.0360963453482768
envahit	2.513217600067939
enveloppe	2.513217600067939
envergure	2.0360963453482768
envers	2.513217600067939
envie	2.513217600067939
environ	1.008067621748033
environment	2.0360963453482768
environmental	2.513217600067939
environnant	2.513217600067939
environnants	2.513217600067939
environnement	0.9569150993006518
environnement climat santé	2.513217600067939
environnemental	1.7350663496842953
environnementale	1.6101276130759954
environnementale nécessité	2.513217600067939
environnementales	1.513217600067939
environnementaux	1.3371263410122578
environnements	1.9111576087399766
environnent	2.513217600067939
envisage	2.2121876044039577
envisageable	2.2121876044039577
envisageables	2.2121876044039577
envisagent	2.0360963453482768
envisageons	2.2121876044039577
envisager	1.8142475957319202
envisagé	2.2121876044039577
envisagée	2.2121876044039577
envisagées	1.9111576087399766
envisagés	2.513217600067939
envisat	2.513217600067939
envoie	2.513217600067939
envoyer	2.513217600067939
envoyons	2.513217600067939
envoyé	2.513217600067939
envoyées	2.513217600067939
envoyés	2.2121876044039577
enzymatique	2.513217600067939
enzymatiques	2.513217600067939
enzyme	2.2121876044039577
enzymes	2.2121876044039577
eolienne	2.513217600067939
ephe	2.513217600067939
epilepsie	2.513217600067939
epinière	2.513217600067939
eportfolio	2.513217600067939
eppn	2.2121876044039577
epsetein	2.513217600067939
epsztein	2.513217600067939
equateur	2.513217600067939
equatoriale	2.513217600067939
equilibre	2.513217600067939
equipement	2.2121876044039577
equipements	2.513217600067939
equipex	2.2121876044039577
equipé	2.513217600067939
equity	2.513217600067939
era min	2.513217600067939
erasmus	2.2121876044039577
erc	2.513217600067939
erectus	2.513217600067939
ergonomiques	2.2121876044039577
ergothérapeutes	2.513217600067939
eric	1.7350663496842953
erlangen	2.513217600067939
erreur	2.513217600067939
erreurs	1.9111576087399766
erythrée	2.513217600067939
esa	2.2121876044039577
esc lessac	2.513217600067939
escale	2.513217600067939
escales	2.513217600067939
escherichia	2.513217600067939
escient	2.513217600067939
escoffier	2.513217600067939
escuela	2.513217600067939
esf	2.513217600067939
esiee	2.2121876044039577
esnouf	2.513217600067939
espace	1.513217600067939
espaces	1.8142475957319202
espagne	1.513217600067939
espagnole	2.513217600067939
espci	2.513217600067939
espoir	2.2121876044039577
esprit	1.8142475957319202
espèce	1.7350663496842953
espèce de	2.513217600067939
espèces	1.3371263410122578
espère	2.513217600067939
espèrent	2.2121876044039577
espérance	2.513217600067939
esquisse	2.513217600067939
esquisser	2.2121876044039577
esr	2.513217600067939
esrc	2.513217600067939
esrf	2.2121876044039577
essai	2.0360963453482768
essaimage	2.513217600067939
essais	1.5589750906286142
essayant	1.8142475957319202
essayent	2.513217600067939
essayer	1.7350663496842953
essayons	2.0360963453482768
essayons nous	2.513217600067939
essayé	2.0360963453482768
essca l essca	2.513217600067939
essence	2.513217600067939
essences	2.0360963453482768
essentiel	1.513217600067939
essentielle	2.513217600067939
essentiellement	1.4340363540203143
essentielles	1.9111576087399766
essentiels	1.9111576087399766
essor	2.513217600067939
essoufflement	2.513217600067939
est	0.0932618515781811
est 3ème	2.513217600067939
est ce	1.7350663496842953
est elle	2.2121876044039577
est il	1.4340363540203143
ester	2.513217600067939
esther	2.513217600067939
estimant	2.2121876044039577
estimation	2.513217600067939
estimations	2.513217600067939
estime	1.0360963453482765
estime t elle	2.513217600067939
estime t il	1.6101276130759954
estiment	2.0360963453482768
estimer	2.513217600067939
estimons	2.2121876044039577
estimé	2.513217600067939
estimée	2.513217600067939
estivale	2.513217600067939
estp	2.513217600067939
estuaire	2.513217600067939
estuaires	2.2121876044039577
esturgeon	2.513217600067939
esturgeons	2.513217600067939
et	0.0
et ou	2.2121876044039577
etablissement	2.513217600067939
etat	2.513217600067939
etat région	2.513217600067939
etats	1.9111576087399766
etats unis	1.008067621748033
etc	1.513217600067939
etc vol	2.513217600067939
ethiopie	2.513217600067939
etienne	2.513217600067939
etp smr	2.513217600067939
etre	2.513217600067939
etudes	1.8142475957319202
etudes université	2.513217600067939
etudiants	2.513217600067939
eu	1.513217600067939
euclid	2.513217600067939
eumetsat	2.513217600067939
euphorique	2.513217600067939
euralis	2.513217600067939
euro case	2.513217600067939
eurobiomed	2.2121876044039577
eurocentriste	2.513217600067939
eurocopter	2.513217600067939
eurohorcs	2.513217600067939
europe	0.9334340034511289
european	1.513217600067939
européen	0.9004337433482035
européenne	0.9947036601900515
européennes	1.8142475957319202
européens	0.9947036601900515
européens vers	2.513217600067939
eurorégion	2.513217600067939
euros	1.471824914909714
eurotrans	2.513217600067939
eurêka	2.513217600067939
eustache	2.513217600067939
eux	1.133006358356333
eux mêmes	2.2121876044039577
evaluation	2.513217600067939
evaluations	2.513217600067939
evaluer	2.513217600067939
evolution	2.2121876044039577
evolutive	2.513217600067939
evoquant	2.513217600067939
evry	2.513217600067939
evénement	0.78894173046715
ex	2.513217600067939
ex oseo	2.513217600067939
exacerbée	2.513217600067939
exactement	2.0360963453482768
exactes	2.513217600067939
exaflopiques	2.513217600067939
examen	2.513217600067939
examens	2.2121876044039577
exawatt	2.513217600067939
exawatt zetawatt	2.513217600067939
exawatt zettawatt	2.513217600067939
excellence	2.0360963453482768
excellente	2.513217600067939
excellentes	2.513217600067939
excellents	2.513217600067939
exception	2.513217600067939
exceptionnel	1.6681195600536822
exceptionnelle	1.7350663496842953
exceptionnelles	1.6681195600536822
exceptionnels	2.0360963453482768
excessive	2.513217600067939
excitateurs	2.513217600067939
exclu	2.513217600067939
exclusif	2.0360963453482768
exclusive	2.2121876044039577
exclusivement	1.6681195600536822
exclusivité	2.513217600067939
excède	2.513217600067939
excès	2.513217600067939
executive	2.2121876044039577
exemplaire	2.513217600067939
exemplaires	1.9111576087399766
exemple	0.7208259105696851
exemples	2.0360963453482768
exenuc	2.513217600067939
exercent	2.513217600067939
exercice	1.6101276130759954
exercices	2.0360963453482768
exercée	2.513217600067939
exerçait	2.513217600067939
exerçant	2.513217600067939
exhaustif	2.513217600067939
exhaustive	2.513217600067939
exige	1.8142475957319202
exigeant	2.2121876044039577
exigeante	2.513217600067939
exigeantes	2.513217600067939
exigeants	2.513217600067939
exigence	2.2121876044039577
exigences	1.9111576087399766
exigus	2.513217600067939
exigés	2.513217600067939
existaient	2.513217600067939
existait	1.6101276130759954
existant	2.0360963453482768
existante	1.9111576087399766
existantes	1.513217600067939
existants	1.6681195600536822
existe	1.0508196021689828
existe t il	2.513217600067939
existent	1.9111576087399766
exister	1.9111576087399766
existera	2.513217600067939
existerait	2.513217600067939
exomars	2.513217600067939
exotiques	2.513217600067939
exoès	2.513217600067939
expansion	2.513217600067939
expansion toulouse	2.513217600067939
expatrié	2.513217600067939
experimental	2.2121876044039577
expert	1.8142475957319202
expertes	2.513217600067939
expertise	1.367089564389701
expertises	2.0360963453482768
experts	1.1909983053340196
experts partenaires	2.513217600067939
expiration	2.513217600067939
explication	2.513217600067939
explicites	2.513217600067939
explique	0.7350663496842954
explique t elle	1.7350663496842953
explique t il	1.0508196021689828
explique t on	2.2121876044039577
expliquent	2.2121876044039577
expliquer	1.6101276130759954
expliquerait	2.513217600067939
expliqué	2.0360963453482768
exploit	2.513217600067939
exploitable	2.513217600067939
exploitation	1.9111576087399766
exploitation bilan	2.513217600067939
exploitations	2.513217600067939
exploite	2.513217600067939
exploiter	2.0360963453482768
exploité	2.513217600067939
exploitée	2.513217600067939
exploitées	2.2121876044039577
exploités	2.513217600067939
explorait	2.513217600067939
exploration	2.513217600067939
explore	2.0360963453482768
explorent	2.513217600067939
explorer	1.6101276130759954
explorons	2.513217600067939
exploré	2.2121876044039577
explorée	2.2121876044039577
explorées	2.0360963453482768
explose	2.2121876044039577
explosifs	2.513217600067939
explosé	2.513217600067939
expo	2.513217600067939
exponentielle	2.513217600067939
exportatrices	2.513217600067939
exportent	2.513217600067939
exporter	2.2121876044039577
exposants	1.7350663496842953
expose	2.0360963453482768
exposera	2.513217600067939
exposition	1.8142475957319202
exposition les	2.513217600067939
expositions	2.2121876044039577
exposé	2.513217600067939
exposée	2.513217600067939
exposés	2.2121876044039577
expresso	2.513217600067939
expriment	2.513217600067939
exprimé	2.513217600067939
expédition	2.513217600067939
expéditions	2.513217600067939
expérience	1.3371263410122578
expériences	1.471824914909714
expérimental	1.6681195600536822
expérimentale	1.8142475957319202
expérimentalement	2.513217600067939
expérimentales	2.0360963453482768
expérimentales dynacomp	2.513217600067939
expérimentation	2.513217600067939
expérimentations	2.0360963453482768
expérimentaux	2.2121876044039577
expérimente	2.513217600067939
expérimenter	2.513217600067939
extension	2.2121876044039577
externalisée	2.513217600067939
externe	2.0360963453482768
extia	2.513217600067939
extia 7ème	2.513217600067939
extra tropiques	2.513217600067939
extraction	2.2121876044039577
extraire	1.9111576087399766
extrait	2.2121876044039577
extraite	2.513217600067939
extraites	2.513217600067939
extraits	2.0360963453482768
extraordinaire	1.7350663496842953
extraordinaires	2.0360963453482768
extrapolation	2.513217600067939
extrapole	2.513217600067939
extrusion	2.513217600067939
extrémités	2.513217600067939
extrême	2.0360963453482768
extrêmement	0.9691495557176634
extrêmes	1.8142475957319202
extérieur	1.7350663496842953
extérieures	2.0360963453482768
exécuter	2.513217600067939
eyebrain	2.0360963453482768
eyeop1	2.513217600067939
eyetechcare	2.513217600067939
eyrolles	2.513217600067939
f2c	2.513217600067939
fab	2.513217600067939
fablab	2.513217600067939
fabmake	2.513217600067939
fabre	2.513217600067939
fabricant	2.0360963453482768
fabricants	1.8142475957319202
fabrication	1.1909983053340196
fabrice	2.513217600067939
fabriquant	2.513217600067939
fabrique	1.7350663496842953
fabriquer	1.367089564389701
fabriqué	2.2121876044039577
fabriquée	2.2121876044039577
fabriquées	2.513217600067939
fabriqués	1.8142475957319202
fabry	2.513217600067939
fabshop	2.513217600067939
fabulous	2.513217600067939
face	1.0360963453482765
facettes	2.513217600067939
faciale	2.2121876044039577
facile	1.513217600067939
facilement	1.513217600067939
faciles	2.2121876044039577
facilitant	2.2121876044039577
facilitateur	2.513217600067939
facilite	2.0360963453482768
facilitent	2.2121876044039577
faciliter	1.6101276130759954
facility	2.0360963453482768
facilité	1.9111576087399766
facilités	2.513217600067939
facteur	1.513217600067939
facteurs	1.5589750906286142
faculté	2.0360963453482768
faecalis	2.513217600067939
fagni	2.513217600067939
faible	1.212187604403958
faibles	1.471824914909714
faiblesse	2.2121876044039577
faiblit	2.513217600067939
failles	2.2121876044039577
failli	2.513217600067939
faim	2.0360963453482768
faire	0.5046174283060215
faisabilité	2.513217600067939
faisaient	2.513217600067939
faisait	1.8142475957319202
faisant	1.7350663496842953
faisceau	2.0360963453482768
faisions	2.513217600067939
faisons	1.9111576087399766
fait	0.4838338223827294
faite	1.7350663496842953
faites	1.6681195600536822
faits	2.0360963453482768
falcon	2.513217600067939
falconnier	2.513217600067939
fallait	1.6101276130759954
falloir	1.3992742477611022
fallu	1.8142475957319202
fameuse	1.9111576087399766
fameuses	2.0360963453482768
fameux	1.6681195600536822
familiale	2.2121876044039577
familiariser	2.2121876044039577
familiaux	2.513217600067939
famille	1.5589750906286142
famille nalini	2.513217600067939
familles	2.0360963453482768
fantasmé	2.513217600067939
fao	2.2121876044039577
far	2.513217600067939
farine	2.513217600067939
fascicule	2.513217600067939
fascination	2.513217600067939
faso	2.513217600067939
fasse	2.513217600067939
fassent	2.513217600067939
fassions	2.513217600067939
fatiguant	2.513217600067939
fatigue	2.513217600067939
fatiguer	2.513217600067939
fatty	2.513217600067939
faudra	2.2121876044039577
faudra t il	2.513217600067939
faudrait	1.8142475957319202
faunes	2.513217600067939
faupel	2.513217600067939
faurre	2.513217600067939
fausse	2.0360963453482768
faut	0.9111576087399766
faut il	1.513217600067939
faute	1.6681195600536822
fauteuil	2.513217600067939
fauteuils	2.513217600067939
faux	2.513217600067939
faveur	2.513217600067939
favorable	1.7350663496842953
favorablement	2.513217600067939
favorisant	2.513217600067939
favorise	2.513217600067939
favorisent	2.2121876044039577
favoriser	1.513217600067939
favorisera	2.513217600067939
façon	0.850459768386365
façonnable	2.513217600067939
façons	2.513217600067939
fcc	2.513217600067939
fct	2.513217600067939
feder	1.8142475957319202
feder un	2.513217600067939
federalimentare	2.513217600067939
feillet	2.513217600067939
feingenbaum	2.513217600067939
femelle	2.513217600067939
femelles	2.513217600067939
femme	1.7350663496842953
femmes	1.6681195600536822
femto seconde	2.513217600067939
femtosecondes	2.2121876044039577
fer	1.8142475957319202
fera	2.2121876044039577
feraud	2.513217600067939
ferme	2.2121876044039577
fermentation	2.513217600067939
fermes	2.0360963453482768
fermeture	2.0360963453482768
fermetures	2.513217600067939
fermiers	2.513217600067939
fermilab	2.513217600067939
fermières	2.513217600067939
fermé	1.9111576087399766
feront	2.0360963453482768
ferrant eolienne	2.513217600067939
ferrary	2.513217600067939
ferroviaire	2.513217600067939
ferroviaires	2.513217600067939
ferré	2.513217600067939
fertilisation	2.513217600067939
fertiliser	2.513217600067939
fertilité	2.513217600067939
feu	2.0360963453482768
feuillage	2.513217600067939
feuille	2.2121876044039577
feuilles	1.9111576087399766
feux	2.513217600067939
feynman	2.513217600067939
ffie	2.513217600067939
fgbu	2.513217600067939
fiabilité	2.0360963453482768
fiable	2.0360963453482768
fiables	1.9111576087399766
fibre	2.0360963453482768
fibres	1.8142475957319202
fibreuses	2.513217600067939
fibrillaires	2.513217600067939
fibrée	2.513217600067939
fiche	2.513217600067939
fiches	2.2121876044039577
fichiers	2.513217600067939
fiction	2.513217600067939
fidèles	2.513217600067939
field programmable	2.513217600067939
fields	1.9111576087399766
fier	2.513217600067939
fiers	2.2121876044039577
fierté	1.6681195600536822
figurait	2.513217600067939
figure	2.2121876044039577
figurent	2.513217600067939
figures	2.513217600067939
figés	2.513217600067939
fijus	2.513217600067939
fijus raisol	2.513217600067939
fil	1.367089564389701
filage	2.513217600067939
filament	2.513217600067939
file	2.513217600067939
filiale	1.5589750906286142
filiales	2.513217600067939
filière	0.9450158760009439
filières	1.513217600067939
fille	2.513217600067939
film	2.2121876044039577
films	1.8142475957319202
filmé	2.513217600067939
filmées	2.513217600067939
fils	2.0360963453482768
filtration	2.0360963453482768
filtre	2.2121876044039577
filtres	2.2121876044039577
fin	0.8056474239700027
final	1.471824914909714
finale	1.9111576087399766
finalement	1.7350663496842953
finalisation	2.2121876044039577
finalise	2.513217600067939
finaliser	2.513217600067939
finalité	2.2121876044039577
finance	2.513217600067939
financement	1.151489764050346
financements	1.6101276130759954
financer	1.5589750906286142
financeurs	2.2121876044039577
financier	1.7350663496842953
financiers	1.6681195600536822
financière	2.513217600067939
financièrement	2.0360963453482768
financières	2.2121876044039577
financé	1.257945094964633
financée	2.513217600067939
financés	2.0360963453482768
finançant	2.513217600067939
finaux	2.513217600067939
fine	1.6101276130759954
finement	2.513217600067939
fines	2.0360963453482768
finesse	2.513217600067939
fingerprint	2.513217600067939
fini	1.6681195600536822
finir	2.0360963453482768
finira	2.513217600067939
finis	2.513217600067939
finisse	2.2121876044039577
finit	2.0360963453482768
fink	2.513217600067939
finlande	2.0360963453482768
fins	2.0360963453482768
fioraso	1.9111576087399766
fip	2.513217600067939
firmes	2.513217600067939
fission	2.2121876044039577
fissure	2.2121876044039577
fissures	2.2121876044039577
fixant	2.513217600067939
fixe	2.513217600067939
fixer	2.513217600067939
fixes	2.0360963453482768
fixé	1.6681195600536822
fixée	2.2121876044039577
fixées	2.513217600067939
fixés	1.7350663496842953
fièvre	2.513217600067939
fièvres	2.513217600067939
flagellées	2.513217600067939
flamme	2.513217600067939
flash	2.513217600067939
flavescence	2.513217600067939
flaveur	2.2121876044039577
fleurons	2.513217600067939
fleurs	2.2121876044039577
fleuve	2.513217600067939
fleuves	2.0360963453482768
flexibilité	2.2121876044039577
flexible	2.513217600067939
flexibles	1.9111576087399766
flexisécurité	2.513217600067939
floralis	2.513217600067939
flore	2.513217600067939
flore climat	2.513217600067939
flottante	2.513217600067939
flottantes	2.513217600067939
flottation	2.513217600067939
flotteurs	2.513217600067939
floue	2.513217600067939
fluctuantes	2.513217600067939
fluctuations	2.513217600067939
fluide	2.0360963453482768
fluides	1.7350663496842953
fluidité	2.2121876044039577
fluorescence	1.9111576087399766
fluorescent	2.513217600067939
fluorescente	2.0360963453482768
fluorescentes	2.513217600067939
flux	1.513217600067939
flying	2.513217600067939
fléau	2.0360963453482768
focal	2.513217600067939
focalisation	2.513217600067939
focaliser	1.8142475957319202
focalisé	2.0360963453482768
focalisées	2.513217600067939
focalisés	2.2121876044039577
focus	0.5541762077468454
foetal	2.513217600067939
foie	2.0360963453482768
fois	0.5541762077468454
fois ci	1.7350663496842953
fois les	2.513217600067939
foix	2.2121876044039577
foliaire	2.2121876044039577
foll	2.513217600067939
foncier	2.513217600067939
fonciers	2.513217600067939
fonction	1.1707949192457328
fonctionnalisation	2.2121876044039577
fonctionnalité	1.9111576087399766
fonctionnalités	2.513217600067939
fonctionnant	2.0360963453482768
fonctionne	1.6681195600536822
fonctionnel	2.513217600067939
fonctionnelle	1.6681195600536822
fonctionnelles	1.9111576087399766
fonctionnels	2.0360963453482768
fonctionnement	1.23446399911511
fonctionnent	1.9111576087399766
fonctionner	1.6101276130759954
fonctionnera	2.513217600067939
fonctionné	2.513217600067939
fonctions	1.471824914909714
fond	1.513217600067939
fondaient	2.513217600067939
fondamental	2.2121876044039577
fondamentale	1.3992742477611022
fondamentale cherenkov	2.513217600067939
fondamentalement	2.513217600067939
fondamentales	2.2121876044039577
fondamentaux	2.0360963453482768
fondant	2.2121876044039577
fondateur	1.4340363540203143
fondateurs	1.7350663496842953
fondation	1.471824914909714
fondatrices	2.513217600067939
fonde	2.2121876044039577
fondeur	2.513217600067939
fonds	1.1152775913959014
fonds bientôt	2.513217600067939
fondu	2.513217600067939
fondée	1.9111576087399766
font	1.1707949192457328
fontaine	2.513217600067939
fontainebleau	2.513217600067939
fonte	2.2121876044039577
fontenay aux roses	2.513217600067939
food	1.7350663496842953
for	1.3992742477611022
force	1.3371263410122578
forceps	2.513217600067939
forces	2.0360963453482768
forcément	1.513217600067939
forest	2.513217600067939
forestier	2.513217600067939
forestiers quelle	2.513217600067939
forestière	2.0360963453482768
forestières	2.2121876044039577
forests	2.513217600067939
forger	2.513217600067939
formalise	2.513217600067939
formalisera	2.513217600067939
formalisé	2.513217600067939
formant	1.9111576087399766
formateur	2.0360963453482768
formation	0.7650295730617386
formations	1.3090976174120141
formats	2.513217600067939
forme	0.850459768386365
formellement	2.513217600067939
forment	1.8142475957319202
former	1.4340363540203143
formes	1.6101276130759954
formidable	1.7350663496842953
formidables	2.2121876044039577
formons	2.2121876044039577
formulateur	2.513217600067939
formulation	2.513217600067939
formulations	2.513217600067939
formule	2.513217600067939
formuler	2.2121876044039577
formulés	2.513217600067939
formé	2.513217600067939
formée	2.2121876044039577
formées	2.2121876044039577
formés	2.0360963453482768
fort	1.1152775913959014
forte	1.3090976174120141
fortement	1.471824914909714
fortes	1.6101276130759954
fortiori	2.513217600067939
forts	1.4340363540203143
forum	1.3992742477611022
forums	2.513217600067939
forêt	2.2121876044039577
forêts	1.6101276130759954
fos	2.513217600067939
fossile	2.2121876044039577
fossiles	2.513217600067939
fossilisation	2.513217600067939
fou	2.513217600067939
fouchecour	2.513217600067939
foudre	2.513217600067939
fouilles	2.2121876044039577
foules	2.513217600067939
foulon	2.513217600067939
foulon sopagly	2.513217600067939
foulée	1.8142475957319202
foundation	2.513217600067939
four	2.2121876044039577
fourier	1.8142475957319202
fourier cea inserm chu	2.513217600067939
fourier grenoble	2.513217600067939
fourier université	2.513217600067939
fourmillant	2.513217600067939
fourmille	2.2121876044039577
fournaison	2.513217600067939
fourni	2.2121876044039577
fournie	2.513217600067939
fournies	2.2121876044039577
fournir	1.6101276130759954
fournira	2.2121876044039577
fourniront	2.513217600067939
fournis	2.2121876044039577
fournissent	2.513217600067939
fournisseur	2.513217600067939
fournisseurs	1.9111576087399766
fournit	1.6681195600536822
fourniture	2.2121876044039577
fours	2.513217600067939
foyer	2.513217600067939
fp7	2.513217600067939
fpga	2.513217600067939
frachet	2.513217600067939
fraction	2.2121876044039577
fractionnement	2.513217600067939
fracture	2.513217600067939
fragile	2.2121876044039577
fragiles	2.0360963453482768
fragilise	2.513217600067939
fragilité	2.2121876044039577
fragment	2.2121876044039577
fragmentation	2.513217600067939
fragmenter	2.513217600067939
fragmenté	2.513217600067939
frais	2.2121876044039577
fraise	2.513217600067939
frama c	2.513217600067939
framatome	2.513217600067939
franc comtois	2.0360963453482768
franc comtoise	2.513217600067939
franc comtoises	2.513217600067939
france	0.47979384458098934
france unesco académie	2.513217600067939
francfort	2.513217600067939
franche comté	1.367089564389701
franchi	2.0360963453482768
franchir	1.6101276130759954
franchit	2.2121876044039577
francilien	2.2121876044039577
francilienne	2.2121876044039577
franciliennes	2.513217600067939
franciliens	2.513217600067939
francin	2.513217600067939
francis	2.0360963453482768
francisco	2.513217600067939
franco allemand	2.2121876044039577
franco américain	2.513217600067939
franco américaine	2.2121876044039577
franco anglais	2.513217600067939
franco indien	2.513217600067939
franco indienne	1.8142475957319202
franco russe	2.513217600067939
francophone	2.2121876044039577
francophones	2.513217600067939
francs comtois	2.513217600067939
français	0.7070376260840519
français frédéric	2.513217600067939
française	0.9450158760009439
françaises	1.212187604403958
françois	1.6101276130759954
françois andré	2.513217600067939
frappant	2.513217600067939
frapper	2.513217600067939
frappé	2.2121876044039577
frappés	2.513217600067939
fraternité	2.513217600067939
fraunhofer	2.513217600067939
frayères	2.513217600067939
frein	2.513217600067939
freinage	2.2121876044039577
freinant	2.513217600067939
freiner	2.513217600067939
freins	2.0360963453482768
french	2.513217600067939
fresnel	2.2121876044039577
freturb	2.513217600067939
freya	2.513217600067939
friends	2.513217600067939
frigorifiques	2.513217600067939
frigorigènes	2.513217600067939
frileux	2.513217600067939
frisbee	2.513217600067939
froid	1.9111576087399766
froides	2.513217600067939
from	2.513217600067939
fromage	2.0360963453482768
fromager	2.2121876044039577
fromagerie	2.513217600067939
fromages	1.9111576087399766
fromagère	2.0360963453482768
fromagères	2.2121876044039577
fromsante	2.513217600067939
front	2.513217600067939
front end	2.513217600067939
frontale	2.513217600067939
frontière	2.2121876044039577
frontières	1.7350663496842953
fronts	2.513217600067939
frotte	2.513217600067939
fructueux	2.513217600067939
fruit	1.0508196021689828
fruits	1.471824914909714
frère	2.2121876044039577
frédéric	1.9111576087399766
frémissements	2.513217600067939
fréquemment	1.9111576087399766
fréquence	1.6101276130759954
fréquences	2.513217600067939
fréquentait	2.513217600067939
fréquente	2.2121876044039577
fréquentées	2.513217600067939
frérot	2.513217600067939
frôler	2.513217600067939
fs	2.513217600067939
fsi	2.2121876044039577
fui	1.4340363540203143
fuir	2.513217600067939
fuites	2.2121876044039577
fukushima	2.0360963453482768
fumée	2.2121876044039577
fumées	2.513217600067939
fundamental	2.513217600067939
funds	2.513217600067939
fur	2.0360963453482768
furent	2.2121876044039577
furtives	2.513217600067939
fuselage	2.513217600067939
fusia	2.513217600067939
fusible	2.513217600067939
fusion	1.9111576087399766
fusionnant	2.513217600067939
fusionnent	2.2121876044039577
fusionner	2.513217600067939
fusée	2.2121876044039577
fut	1.6681195600536822
futur	1.1707949192457328
future	1.9111576087399766
futures	1.8142475957319202
futurol	2.513217600067939
futurotextiles	2.513217600067939
futurs	1.471824914909714
futurs tolérance	2.513217600067939
fécondation	2.513217600067939
fédère	1.8142475957319202
fédéral	2.513217600067939
fédérant	2.513217600067939
fédérateurs	2.513217600067939
fédération	2.0360963453482768
fédérations	2.2121876044039577
fédératrice	2.513217600067939
fédérer	1.6101276130759954
fées	2.513217600067939
félicite	1.9111576087399766
félicite t il nucadvisor	2.513217600067939
félicité	2.2121876044039577
fémur	2.513217600067939
février	1.1909983053340196
fête	2.513217600067939
fêter	2.513217600067939
fêtera	2.513217600067939
fêté	2.2121876044039577
für	2.513217600067939
g	2.2121876044039577
gabarit	2.513217600067939
gabon	2.513217600067939
gabonais	2.513217600067939
gabonaise	2.513217600067939
gabriel	2.513217600067939
gadella	2.513217600067939
gadzarts	2.0360963453482768
gadzartz	2.513217600067939
gageure	2.513217600067939
gagnant	2.513217600067939
gagne	2.513217600067939
gagner	2.2121876044039577
gagnieu	2.513217600067939
gagné	2.2121876044039577
gain	2.0360963453482768
gains	2.2121876044039577
gairdner	2.513217600067939
galactolipides	2.513217600067939
galaxie	2.513217600067939
galaxies	2.2121876044039577
galerie	2.513217600067939
galettes	2.513217600067939
galien	2.513217600067939
galileo	2.513217600067939
galles	2.513217600067939
gallium	2.0360963453482768
galvestine 1	2.513217600067939
gam	2.513217600067939
gamma	2.513217600067939
gamma ray	2.513217600067939
gamme	1.471824914909714
gammes	2.513217600067939
gand	2.513217600067939
ganil	2.513217600067939
gants	2.513217600067939
gaps	2.513217600067939
garanti	2.513217600067939
garantie	1.9111576087399766
garanties	2.513217600067939
garantir	1.7350663496842953
garantira	2.513217600067939
garantis	2.513217600067939
garantissait	2.513217600067939
garantissant	2.0360963453482768
garantit	2.0360963453482768
garches	2.513217600067939
garchesun	2.513217600067939
gard	2.513217600067939
gardent	2.513217600067939
garder	2.0360963453482768
gars	2.513217600067939
gaspillage	2.0360963453482768
gaspillé	2.513217600067939
gaston	2.513217600067939
gastro intestinal	2.513217600067939
gastro intestinale	2.513217600067939
gastronomes	2.513217600067939
gastronomie	2.513217600067939
gate	2.2121876044039577
gauche	2.2121876044039577
gaulle	2.513217600067939
gaz	1.3992742477611022
gazeuse	2.513217600067939
gazeuses	2.513217600067939
gazeux	2.513217600067939
gazoducs	2.513217600067939
gazéification	2.513217600067939
gcn	2.513217600067939
gdf	2.513217600067939
geapsi	2.513217600067939
gel	2.513217600067939
gels	2.513217600067939
gelés	2.513217600067939
gemtex	2.513217600067939
genay	2.513217600067939
genci	2.513217600067939
gendarmerie	2.513217600067939
gene	2.513217600067939
genepi	2.513217600067939
genepi 3c	2.513217600067939
general	2.513217600067939
generation	2.513217600067939
generis	2.513217600067939
genet	2.2121876044039577
genevieve	2.2121876044039577
geneviève	1.9111576087399766
gennes	2.513217600067939
genopole	2.513217600067939
genosol	2.513217600067939
genou	2.513217600067939
genre	1.4340363540203143
gens	1.6681195600536822
gent	2.513217600067939
genticel	2.513217600067939
gentille	2.513217600067939
gentleman	2.513217600067939
genève	2.2121876044039577
genérateur	2.513217600067939
geodata	2.513217600067939
geoinformation	2.513217600067939
georges	2.0360963453482768
geoss	2.513217600067939
geosud	2.513217600067939
germe	2.513217600067939
germes	2.513217600067939
germination	2.513217600067939
germinet	2.513217600067939
germé	2.513217600067939
gers	2.513217600067939
gervais	2.513217600067939
gestation	2.513217600067939
geste	2.0360963453482768
gestes	2.513217600067939
gestion	1.257945094964633
gestionnaire	2.513217600067939
gestionnaires	2.0360963453482768
gev	2.513217600067939
gewurztraminer	2.513217600067939
ghisolfo	2.513217600067939
gibaru	2.513217600067939
gie	2.513217600067939
giec	2.2121876044039577
giens	2.513217600067939
gif sur yvette	2.513217600067939
gifas	2.513217600067939
giga	2.513217600067939
gigantesque	2.2121876044039577
gigantesques	2.513217600067939
gigaoctets	2.2121876044039577
gilbert	2.513217600067939
gilles	1.9111576087399766
gin	2.513217600067939
giorgio	2.513217600067939
gipc	2.513217600067939
giron	2.513217600067939
gironde	2.513217600067939
gironde garonne dordogne	2.513217600067939
gis	2.0360963453482768
gisement	2.513217600067939
gisements	2.513217600067939
giuseppone	2.513217600067939
glace	1.9111576087399766
glaces	2.2121876044039577
glaciaires	2.513217600067939
glandes	2.513217600067939
glanées	2.513217600067939
glaucome	2.513217600067939
glaux	2.513217600067939
gliales	2.513217600067939
gliders	2.513217600067939
global	1.471824914909714
globale	1.1909983053340196
globalement	1.6101276130759954
globales	1.9111576087399766
globalité	2.2121876044039577
globaux	2.513217600067939
globe	1.9111576087399766
globules	2.513217600067939
glucagon	2.513217600067939
glucides	2.2121876044039577
glycochimie	2.513217600067939
glycémie	2.513217600067939
gmbh	2.513217600067939
gmes	2.513217600067939
gns	2.513217600067939
goce	2.513217600067939
goettmann	2.513217600067939
golfe	1.9111576087399766
gombert	2.513217600067939
gomme	2.513217600067939
google	2.0360963453482768
gorgé	2.513217600067939
goubet	2.513217600067939
gourm innov	2.513217600067939
gourmands	2.513217600067939
goutte	2.513217600067939
goutte à goutte	2.513217600067939
gouttelettes	2.513217600067939
gouvernance	2.2121876044039577
gouvernances	2.513217600067939
gouvernant	2.513217600067939
gouvernants	2.513217600067939
gouvernement	2.0360963453482768
gouvernementale	2.2121876044039577
gouvernementales	2.513217600067939
gouvernements	2.513217600067939
gouvernent	2.513217600067939
goût	1.1152775913959014
goûte	2.513217600067939
goûtent	2.513217600067939
goûter	2.0360963453482768
goûts	2.513217600067939
gpan	2.513217600067939
gpao	2.513217600067939
gpm	2.513217600067939
gps	1.8142475957319202
gps ros	2.513217600067939
gradients	2.513217600067939
graduate	2.513217600067939
grain	2.513217600067939
graine	2.2121876044039577
graines	2.2121876044039577
grains	2.513217600067939
gram	2.513217600067939
grameen	2.513217600067939
grammes	2.513217600067939
grand	0.7573427443954476
grand mère	2.513217600067939
grand témoin	2.513217600067939
grande	0.7808238402449705
grande bretagne	2.2121876044039577
grandement	2.2121876044039577
grandes	0.9004337433482035
grandeur	2.0360963453482768
grandir	2.2121876044039577
grandissant	2.513217600067939
grandissante	2.513217600067939
grandissent	2.513217600067939
grands	0.8899683096700385
granitiques	2.513217600067939
granulaires	2.513217600067939
granulats	2.513217600067939
grappe	2.513217600067939
grappes	2.2121876044039577
gras	1.9111576087399766
grasse	2.513217600067939
grasses	2.2121876044039577
grasset	2.513217600067939
gratuitement	2.513217600067939
gratuits	2.513217600067939
grave	2.513217600067939
graves	2.513217600067939
gravez	2.513217600067939
gravimètres	2.513217600067939
gravir	2.513217600067939
gravitation	2.513217600067939
gravitationnel	2.513217600067939
gravitent	2.513217600067939
gravité	1.9111576087399766
gravures	2.513217600067939
grdf	2.513217600067939
grec	2.513217600067939
greciet	2.513217600067939
grecque	2.513217600067939
grecques	2.513217600067939
grecs	2.2121876044039577
greenstar	2.513217600067939
greffe	2.2121876044039577
greffer	2.513217600067939
greffon	2.513217600067939
greffé	2.513217600067939
greffées	2.2121876044039577
grenelle	2.2121876044039577
grenoble	1.1909983053340196
grenoble alpes	2.513217600067939
grenoble inp première	2.513217600067939
grenoble université	2.513217600067939
grenoblois	2.2121876044039577
grenobloise	2.2121876044039577
grenobloises	2.513217600067939
grid	2.513217600067939
griffe	2.513217600067939
grille	2.513217600067939
grilles	2.513217600067939
grises	2.513217600067939
groenland	2.513217600067939
gros	1.6101276130759954
grosse	2.513217600067939
grosses	2.513217600067939
grossir	2.0360963453482768
grosso	2.513217600067939
group	2.2121876044039577
groupe	0.7573427443954476
groupement	1.6101276130759954
groupements	2.2121876044039577
groupes	1.133006358356333
grâce	0.6498947399474831
grèce	2.513217600067939
grêle	2.513217600067939
gsi	2.513217600067939
gst	2.513217600067939
gtm	2.513217600067939
guadeloupe	2.513217600067939
guez	2.0360963453482768
guichard	2.513217600067939
guichet	2.513217600067939
guidage	2.513217600067939
guide	2.2121876044039577
guidon	2.513217600067939
guidée	2.513217600067939
guidées	2.2121876044039577
guidés	2.513217600067939
guillou	2.513217600067939
guimet	2.513217600067939
guinevere	2.513217600067939
guinée	2.513217600067939
guise	2.2121876044039577
guissé	2.513217600067939
gustatifs	2.513217600067939
gustation	2.513217600067939
gustative	2.2121876044039577
gustatives	1.9111576087399766
gustave	2.513217600067939
guy	2.513217600067939
guyane	1.7350663496842953
guyot	2.513217600067939
guère	2.513217600067939
guérir	2.513217600067939
guérison	2.513217600067939
gy	2.513217600067939
gyptis	2.513217600067939
gyroscopiques	2.513217600067939
gâteau	2.2121876044039577
gâteaux	2.513217600067939
gèle	2.513217600067939
gène	1.7350663496842953
gènes	1.4340363540203143
gère	2.0360963453482768
gèrent	2.513217600067939
géant	2.2121876044039577
géantes	2.513217600067939
géniale	2.513217600067939
géniaux	2.513217600067939
génie	1.6101276130759954
génique	2.513217600067939
génome	1.7350663496842953
génomes	2.513217600067939
génomique	1.9111576087399766
génotypage	2.513217600067939
génotypes	2.2121876044039577
génère	1.6681195600536822
génèrent	2.2121876044039577
général	0.8319763626923518
générale	1.3371263410122578
généralement	1.098244252097121
générales	2.2121876044039577
généraliser	2.513217600067939
généralistes	2.2121876044039577
généralisé	2.2121876044039577
générant	2.513217600067939
générateur	2.2121876044039577
génération	1.1909983053340196
générations	1.9111576087399766
généraux	2.0360963453482768
générer	1.3992742477611022
générique	2.513217600067939
génériques	2.2121876044039577
généré	2.2121876044039577
générée	2.513217600067939
générées	2.2121876044039577
générés	2.513217600067939
génétique	1.5589750906286142
génétiquement	2.2121876044039577
génétiques	2.2121876044039577
géo	2.513217600067939
géo localisés	2.513217600067939
géochimiste	2.513217600067939
géoconcept	2.513217600067939
géodésie	2.513217600067939
géodésiens	2.513217600067939
géodésique	2.513217600067939
géographes	2.513217600067939
géographie	1.9111576087399766
géographique	1.9111576087399766
géographiques	2.0360963453482768
géolocalisation	2.513217600067939
géologie	2.513217600067939
géologique	2.513217600067939
géologues	2.513217600067939
géomatique	2.513217600067939
géométrie	2.513217600067939
géométries	2.513217600067939
géométrique	1.9111576087399766
géométriques	2.513217600067939
géophysiciens	2.513217600067939
géophysique	2.0360963453482768
géophysiques	2.513217600067939
géosciences	2.513217600067939
géosystèmes	2.513217600067939
géothermale	2.513217600067939
géothermie	2.513217600067939
géraniums	2.513217600067939
gérant	2.2121876044039577
gérante	2.513217600067939
gérard	1.5589750906286142
gérer	1.6101276130759954
gériatrie	2.513217600067939
gérontechnologies	2.513217600067939
gérontologie	2.513217600067939
géré	1.8142475957319202
gérés	2.2121876044039577
gêné	2.513217600067939
gödel	2.513217600067939
h	1.9111576087399766
habeat	2.513217600067939
habitant	2.513217600067939
habitat	2.513217600067939
habite	2.513217600067939
habitent	2.513217600067939
habitudes	1.9111576087399766
habituelle	2.513217600067939
habituellement	2.513217600067939
habituées	2.513217600067939
habitués	2.2121876044039577
habitées	2.513217600067939
haida	2.513217600067939
haies	2.513217600067939
hainaut cambresis isen	2.513217600067939
haleine	2.513217600067939
hall	2.513217600067939
hallucinante	2.513217600067939
hamac senior	2.513217600067939
hambourg	2.2121876044039577
hammer	2.513217600067939
handicap	2.0360963453482768
handicapante	2.513217600067939
handicapée	2.513217600067939
handicapées	2.513217600067939
handicapés	2.513217600067939
hard	2.513217600067939
hardware	2.2121876044039577
harmattan	2.513217600067939
harmonisés	2.513217600067939
hart	2.513217600067939
has	2.513217600067939
hasard	1.9111576087399766
haumont	2.513217600067939
hausse	1.9111576087399766
haut	1.212187604403958
haut débit	2.513217600067939
haut ogooué	2.513217600067939
haut saône	2.513217600067939
haute	1.0218559062336663
haute résolution	2.513217600067939
haute savoie	2.513217600067939
hautement	1.9111576087399766
hautes	1.5589750906286142
hautes pyrénées	2.513217600067939
hauteur	1.7350663496842953
hauts	2.513217600067939
head	2.513217600067939
heads	2.513217600067939
health	2.513217600067939
hec	2.513217600067939
hectare	2.513217600067939
hectares	2.513217600067939
hectolitres	2.513217600067939
henri	1.9111576087399766
herbacées	2.513217600067939
herbrand	2.513217600067939
hercule	2.513217600067939
heritage	2.513217600067939
hermès	2.513217600067939
hermétiques	2.513217600067939
hertz	2.513217600067939
hertziennes	2.513217600067939
hervé	2.0360963453482768
heure	1.6681195600536822
heures	1.3371263410122578
heureuse	2.513217600067939
heureusement	2.513217600067939
heureux	2.513217600067939
heurte	2.513217600067939
hewlett	2.513217600067939
hexagonal	2.513217600067939
hifu	2.513217600067939
high	2.0360963453482768
high tech	2.513217600067939
hindi	2.513217600067939
hipercom	2.513217600067939
histoire	1.471824914909714
histoires	2.2121876044039577
histol	2.513217600067939
historique	2.0360963453482768
historiques	1.7350663496842953
hiérarchique	2.513217600067939
hiérarchiser	2.513217600067939
hoffmann	2.513217600067939
hollandais	2.0360963453482768
hollande	2.2121876044039577
holothuries	2.513217600067939
hommage	2.2121876044039577
homme	1.471824914909714
homme machine	2.513217600067939
hommes	1.513217600067939
hommes milieux	2.513217600067939
homo	2.513217600067939
homogène	2.2121876044039577
homogénéisation	2.513217600067939
homologation	2.513217600067939
homologues	1.8142475957319202
hong	2.513217600067939
hongrie	2.513217600067939
honoraire	2.2121876044039577
honorer	2.513217600067939
hoplias	2.513217600067939
hoppe	2.513217600067939
horaires	2.2121876044039577
horizon	1.471824914909714
horizons	1.4340363540203143
hormis	2.2121876044039577
hormones	2.513217600067939
horowitz	2.513217600067939
hors	1.9111576087399766
hospitalier	1.8142475957319202
hospitaliers	2.513217600067939
hospitalisation	2.513217600067939
hospitalisées	2.513217600067939
hospitalière	2.513217600067939
hostile	2.513217600067939
houle	2.513217600067939
houllier	2.513217600067939
howard	2.513217600067939
hp	2.513217600067939
hpc	2.513217600067939
hpc calcul	2.513217600067939
hpc pme	2.513217600067939
hpv	2.513217600067939
hpv16	2.513217600067939
http redirectix bulletins electroniques com silxw	2.513217600067939
http www admission postbac fr	2.513217600067939
http www bulletins electroniques com actualites 64561 htm	2.513217600067939
http www maisondelasimulation fr	2.513217600067939
http www teractec eu	2.513217600067939
hubble	2.513217600067939
hubert	2.513217600067939
hugo	2.513217600067939
hugues	2.513217600067939
huile	2.0360963453482768
huiles	2.513217600067939
huilier	2.513217600067939
huit	1.9111576087399766
huitième	2.513217600067939
humain	1.3371263410122578
humaine	1.3090976174120141
humaines	1.23446399911511
humaines pour	2.513217600067939
humains	1.6101276130759954
humanisme	2.513217600067939
humanités	2.513217600067939
humanoïde	2.2121876044039577
humble	2.513217600067939
humbles	2.513217600067939
humboldt	2.513217600067939
humide	2.513217600067939
humidité	2.513217600067939
humour	2.0360963453482768
hybride	2.2121876044039577
hybrides	2.513217600067939
hybris	2.513217600067939
hyderabad	2.513217600067939
hydraulique	2.513217600067939
hydravion	2.513217600067939
hydravions	2.513217600067939
hydrique	2.0360963453482768
hydro	2.513217600067939
hydro hélicoptères	2.513217600067939
hydro ulm	2.513217600067939
hydrocarbures	2.513217600067939
hydrodynamique	2.513217600067939
hydrodynamiques	2.513217600067939
hydrographie	2.513217600067939
hydrographie l ensta	2.513217600067939
hydrographique	2.513217600067939
hydrogène	2.2121876044039577
hydrogénées	2.513217600067939
hydroliennes	2.513217600067939
hydrologique	2.2121876044039577
hydrologiques	2.513217600067939
hydrométéorologie	2.513217600067939
hydrométéorologiques	2.513217600067939
hydrophiles	2.513217600067939
hydrophobes	2.2121876044039577
hymex	2.513217600067939
hyper rustique	2.513217600067939
hypophysaires	2.513217600067939
hypostyle	2.513217600067939
hypothèse	1.9111576087399766
hypothèses	2.2121876044039577
hypothétique	2.513217600067939
hyènes	2.513217600067939
hébergeant	2.513217600067939
hébergera	2.513217600067939
hébergé	2.513217600067939
hébergée	1.9111576087399766
hébergés	2.2121876044039577
hédonique	2.513217600067939
hédoniques	2.513217600067939
hélas	2.0360963453482768
hélice	2.513217600067939
hélicoptère	2.513217600067939
hélicoptères	2.513217600067939
hélio spir	2.513217600067939
héliobiotec	2.513217600067939
hélion	2.513217600067939
hélios	2.2121876044039577
héliosynchrone	2.0360963453482768
hélène	2.513217600067939
hémangiome	2.513217600067939
hémangiomes	2.513217600067939
hémato encéphalique	2.513217600067939
hématopoïèse	2.513217600067939
hémorragiques	2.513217600067939
hépatique	2.513217600067939
hépatocellulaire	2.513217600067939
hérauts	2.513217600067939
héros	2.513217600067939
hésité	2.2121876044039577
hêtre	2.513217600067939
hôpital	2.0360963453482768
hôpitaux	1.5589750906286142
hôte	2.513217600067939
hôtel	2.513217600067939
i	2.513217600067939
i comète	2.513217600067939
i institut	2.513217600067939
i phone	2.513217600067939
iar	2.513217600067939
iasi	2.513217600067939
iasi ng	2.513217600067939
iasp	2.513217600067939
ibitec s	2.513217600067939
ibm	2.513217600067939
ican	2.2121876044039577
icebergs	2.513217600067939
ici	1.7350663496842953
icmp	2.513217600067939
icmub	2.513217600067939
icos	2.513217600067939
icv	2.513217600067939
id15a	2.513217600067939
idea	2.513217600067939
idefi	2.513217600067939
identifiables	2.513217600067939
identification	2.2121876044039577
identifie	2.513217600067939
identifier	1.471824914909714
identifié	1.8142475957319202
identifiée	2.2121876044039577
identifiées	1.8142475957319202
identifiés	2.2121876044039577
identique	2.0360963453482768
identiques	2.0360963453482768
identité	2.2121876044039577
idest	2.513217600067939
idinvest	2.2121876044039577
idiopathique	2.513217600067939
idéal	1.9111576087399766
idéale	2.0360963453482768
idéalisés	2.513217600067939
idée	1.3992742477611022
idées	1.3371263410122578
ieh	2.513217600067939
iesf	2.513217600067939
ifcam	2.513217600067939
ifce	2.513217600067939
ifm	2.513217600067939
ifma	2.513217600067939
ifremer	2.0360963453482768
ifsttar	2.513217600067939
ifts	2.513217600067939
ifv	2.513217600067939
igf	2.513217600067939
igm	2.513217600067939
ignoriez	2.513217600067939
ignorons	2.513217600067939
ignoré	2.513217600067939
igpsc	2.513217600067939
ihes	2.513217600067939
ii	1.8142475957319202
iii	2.0360963453482768
iii paul	2.2121876044039577
iii v	2.513217600067939
iil	2.513217600067939
iir	2.513217600067939
iisb	2.513217600067939
il	0.223182988705421
ile	2.513217600067939
ile de france	1.5589750906286142
ile et vilaine	2.513217600067939
iles	2.513217600067939
illuminer	2.513217600067939
illuminée	2.513217600067939
illusion	2.513217600067939
illusoire	2.513217600067939
illustrant	2.2121876044039577
illustration	2.2121876044039577
illustre	2.2121876044039577
illustrer	2.0360963453482768
illustres	2.513217600067939
illustré	2.513217600067939
illustrée	2.513217600067939
illustrés	2.2121876044039577
illégales	2.513217600067939
ils	0.6155905087774975
ilsa	2.513217600067939
image	1.5589750906286142
imager	2.513217600067939
imagerie	1.9111576087399766
images	1.3992742477611022
imageur	2.0360963453482768
imageurs	2.2121876044039577
imaginaient	2.513217600067939
imaginait on	2.513217600067939
imagination	2.513217600067939
imagine	1.9111576087399766
imaginer	1.6681195600536822
imaginez	1.513217600067939
imaginove	2.513217600067939
imaginé	2.513217600067939
imaginée	2.513217600067939
imaginées	2.513217600067939
imaginés	2.513217600067939
imagées	2.513217600067939
imitent	2.513217600067939
immanquablement	2.513217600067939
immense	1.6101276130759954
immenses	2.2121876044039577
immenses la	2.513217600067939
immergé	2.2121876044039577
immergés	2.513217600067939
immersion	2.2121876044039577
immersive	2.513217600067939
immi	2.513217600067939
imminente	2.513217600067939
immobilisé	2.513217600067939
immobilisée	2.513217600067939
immobilière	2.513217600067939
immortalisant	2.513217600067939
immune	2.513217600067939
immunitaire	1.8142475957319202
immunitaires	2.2121876044039577
immunochimique	2.513217600067939
immunodéficiente	2.513217600067939
immunodépression	2.513217600067939
immunologiste	2.513217600067939
immunologistes	2.513217600067939
immunosuppresseur	2.513217600067939
immédiat	2.2121876044039577
immédiate	2.513217600067939
immédiates	2.2121876044039577
impact	1.6681195600536822
impact2c	2.513217600067939
impactant	2.513217600067939
impacte	2.2121876044039577
impacter	2.513217600067939
impacts	1.9111576087399766
impacté	2.513217600067939
impartis	2.513217600067939
impatiemment	2.2121876044039577
impatients	2.513217600067939
imperfections	2.2121876044039577
imperméable	2.513217600067939
imperturbable un	2.513217600067939
implantables	2.513217600067939
implantation	2.0360963453482768
implantations	2.513217600067939
implanter	2.0360963453482768
implantologie	2.513217600067939
implants	2.513217600067939
implanté	2.0360963453482768
implantée	1.6101276130759954
implantées	2.513217600067939
implantés	2.2121876044039577
implication	2.0360963453482768
implications	2.2121876044039577
impliquant	2.513217600067939
implique	1.212187604403958
impliquent	2.513217600067939
impliquer	2.513217600067939
impliqué	1.6101276130759954
impliquée	1.3992742477611022
impliquées	1.4340363540203143
impliqués	1.133006358356333
importance	1.7350663496842953
important	0.8319763626923518
importante	0.9111576087399766
importantes	1.3371263410122578
importantes genticel	2.513217600067939
importants	1.4340363540203143
imposant	2.513217600067939
impose	2.2121876044039577
impossible	1.9111576087399766
imposé	2.513217600067939
imposés	2.513217600067939
impression	2.0360963453482768
impressionnante	2.513217600067939
impressionnants	2.513217600067939
imprimante	2.513217600067939
imprimantes	2.513217600067939
imprimé	2.513217600067939
imprimée	2.513217600067939
imprimées	2.513217600067939
imprimés	2.0360963453482768
impropre	2.513217600067939
impulser	2.513217600067939
impulsion	2.513217600067939
impulsions	2.513217600067939
impute	2.513217600067939
impératif	2.2121876044039577
impérativement	2.2121876044039577
impératives	2.513217600067939
impôt	2.2121876044039577
imt	2.513217600067939
in	1.282768678689665
in vivo	2.513217600067939
ina	2.513217600067939
inaccessible	2.513217600067939
inaccessibles	2.513217600067939
inattendu	2.2121876044039577
inattendus	2.513217600067939
inaugurait	2.513217600067939
inaugural	2.2121876044039577
inauguration	2.2121876044039577
inauguré	1.6681195600536822
inaugurée	1.5589750906286142
inc	2.513217600067939
inca	2.513217600067939
incapable	2.2121876044039577
incapacité	2.513217600067939
incendie	2.513217600067939
incendies	2.513217600067939
incertain	2.513217600067939
incertaine	2.513217600067939
incertitudes	2.2121876044039577
incessant	2.513217600067939
incidence	2.513217600067939
incident	2.0360963453482768
incidente	2.513217600067939
incision	2.513217600067939
incitent	2.513217600067939
inciter	2.2121876044039577
inclassable	2.513217600067939
inclinaison	2.513217600067939
incliné	2.513217600067939
incluant	2.0360963453482768
incluent	2.513217600067939
incluses	2.513217600067939
incognita	2.513217600067939
incompressibles	2.513217600067939
incompréhensibles	2.513217600067939
incongru	2.513217600067939
inconnues	2.513217600067939
inconnus	2.513217600067939
inconscient	2.513217600067939
incontestable	2.2121876044039577
incontournable	1.8142475957319202
incontournables	2.0360963453482768
incontrôlables	2.513217600067939
inconvénient	2.513217600067939
inconvénients	2.513217600067939
incorporé	2.513217600067939
incorporés	2.513217600067939
increased	2.513217600067939
incubateur	2.513217600067939
incubation	2.513217600067939
inde	1.6681195600536822
independence	2.513217600067939
indes	2.513217600067939
index	2.513217600067939
indicala	2.513217600067939
indicateur	2.2121876044039577
indications	2.513217600067939
indices	2.513217600067939
indien	1.8142475957319202
indienne	2.2121876044039577
indiens	2.2121876044039577
indifféremment	2.513217600067939
indifférents	2.513217600067939
indiquant	2.513217600067939
indique	0.9334340034511289
indique t elle	2.2121876044039577
indique t il	1.6681195600536822
indique t il l intérêt	2.513217600067939
indique t on	2.2121876044039577
indiquent	2.513217600067939
indiquer	2.513217600067939
indiqué	1.9111576087399766
indiquée	2.513217600067939
indiquées	2.513217600067939
indirects	2.2121876044039577
indispensable	1.3371263410122578
indispensables	1.9111576087399766
indium	2.2121876044039577
individu	2.0360963453482768
individuel	2.513217600067939
individuelle	1.9111576087399766
individuelles	2.513217600067939
individuels	2.2121876044039577
individus	2.2121876044039577
indo french	2.513217600067939
induisait	2.513217600067939
induisant	2.513217600067939
induisent	2.2121876044039577
induit	2.0360963453482768
induite	2.2121876044039577
induites	2.513217600067939
induits	2.2121876044039577
indusriels	2.513217600067939
industriales	2.513217600067939
industrialisation	2.2121876044039577
industrialiser	2.0360963453482768
industrialisé	2.2121876044039577
industrialisés	2.513217600067939
industrie	1.4340363540203143
industriel	1.0218559062336663
industrielle	1.1707949192457328
industriellement	2.513217600067939
industrielles	1.212187604403958
industriels	0.6101276130759954
industries	1.4340363540203143
indéniables	2.513217600067939
indépendamment	1.9111576087399766
indépendance	2.513217600067939
indépendante	2.2121876044039577
indépendantes	2.513217600067939
indésirables	2.513217600067939
inee	2.513217600067939
inefficace	2.513217600067939
inertielle	2.513217600067939
ines	2.2121876044039577
inexplicable	2.513217600067939
infantile	2.513217600067939
infantiles	2.513217600067939
infarctus	2.513217600067939
infatigable	2.513217600067939
infecter	2.513217600067939
infectieuses	2.513217600067939
infectieux	2.0360963453482768
infectiologie	2.513217600067939
infection	2.513217600067939
infections	2.2121876044039577
infectées	2.0360963453482768
infernal	2.513217600067939
infestés	2.513217600067939
infime	2.2121876044039577
infinies	2.513217600067939
infirmières	2.513217600067939
inflammatoire	2.513217600067939
inflammatoires	2.0360963453482768
influe	2.513217600067939
influencés	2.513217600067939
influer	2.2121876044039577
infographiste	2.513217600067939
informaticien	2.2121876044039577
information	1.7350663496842953
informationnel	2.513217600067939
informationnels	2.513217600067939
informations	1.257945094964633
informatique	1.513217600067939
informatiques	2.0360963453482768
informer	2.2121876044039577
infra rouge	2.513217600067939
infrared	2.513217600067939
infrarouge	1.5589750906286142
infrarouges	2.513217600067939
infrastructure	2.2121876044039577
infrastructures	1.6101276130759954
inférieur	2.0360963453482768
inférieure	2.0360963453482768
inférieures	2.2121876044039577
ingaas	2.513217600067939
ingenieros	2.513217600067939
ingrédient	2.0360963453482768
ingrédients	1.8142475957319202
ingénierie	1.3992742477611022
ingénieur	1.151489764050346
ingénieure	2.513217600067939
ingénieurs	1.008067621748033
ingénieurs chercheurs	2.513217600067939
ingénieurs inventeurs	2.513217600067939
ingénieurs la	2.513217600067939
ingérer	2.513217600067939
ingérop	2.2121876044039577
inhabituelle	2.513217600067939
inhibe	2.2121876044039577
inhibiteur	2.513217600067939
inhibiteurs	2.513217600067939
initial	2.0360963453482768
initiale	1.513217600067939
initialement	1.5589750906286142
initiales	2.2121876044039577
initiateurs	1.9111576087399766
initiative	1.8142475957319202
initiatives	2.2121876044039577
initie	2.513217600067939
initier	1.9111576087399766
initié	1.5589750906286142
initiée	1.7350663496842953
initiés	2.2121876044039577
injectable	2.513217600067939
injecter	2.513217600067939
injection	2.513217600067939
injecté	2.2121876044039577
injectée	2.513217600067939
injustifiées	2.513217600067939
inlandsis	2.513217600067939
inlassablement	2.2121876044039577
inn ovations	2.513217600067939
innobio	2.2121876044039577
innoecho	2.513217600067939
innorobo	2.513217600067939
innovant	1.6681195600536822
innovante	1.471824914909714
innovantes	1.1909983053340196
innovants	1.367089564389701
innovants ouverture	2.513217600067939
innovateurs	2.2121876044039577
innovation	0.5400897464682404
innovations	1.098244252097121
innovatives	2.0360963453482768
innove	1.9111576087399766
innovent	2.2121876044039577
innover	1.4340363540203143
innovez	2.513217600067939
inné	2.513217600067939
innée	2.513217600067939
inondations	2.513217600067939
inoplant	2.513217600067939
inopérant	2.513217600067939
inosport 5ème	2.513217600067939
inoviaflow	2.513217600067939
inovsys	2.513217600067939
inp	2.2121876044039577
inpt ups cnrs omp	2.513217600067939
inquiètent	2.513217600067939
inquiètes	2.513217600067939
inquiétude	2.513217600067939
inra	1.3992742477611022
inra cnrs université	2.513217600067939
inra université	2.513217600067939
insa	2.0360963453482768
insatisfaits	2.513217600067939
insb	2.513217600067939
inscriptions	2.513217600067939
inscrire	2.513217600067939
inscrit	2.513217600067939
inscrite	2.0360963453482768
inscrites	2.513217600067939
inscrits	2.513217600067939
insecte	2.513217600067939
insectes	1.8142475957319202
insecticides	2.513217600067939
insensible	2.2121876044039577
inserm	1.7350663496842953
inserm cnrs université	2.513217600067939
inserm ecole	2.513217600067939
inserm paris	2.513217600067939
inserm université	2.513217600067939
insertion	2.513217600067939
inshs	2.513217600067939
insistant	2.513217600067939
insiste	2.513217600067939
insoluble	2.2121876044039577
insomnies	2.513217600067939
insoupçonnés	2.513217600067939
inspecteurs	2.513217600067939
inspection	2.513217600067939
inspirer	2.2121876044039577
inspiré	2.513217600067939
inspirée	2.513217600067939
inspirés	2.513217600067939
instabilité	2.513217600067939
installant	2.513217600067939
installation	1.6681195600536822
installations	1.6681195600536822
installe	2.513217600067939
installer	1.7350663496842953
installé	1.367089564389701
installée	1.4340363540203143
installées	1.8142475957319202
installés	1.8142475957319202
instances	2.513217600067939
instant	1.9111576087399766
instationnaires	2.513217600067939
institut	1.1152775913959014
institute	1.471824914909714
instituteurs	2.513217600067939
institution	2.0360963453482768
institutionnels	1.9111576087399766
institutionnels deux	2.513217600067939
institutions	2.0360963453482768
instituts	2.2121876044039577
instrument	1.6101276130759954
instrumentation	2.2121876044039577
instruments	1.513217600067939
instrumenté	2.2121876044039577
insuffisant	2.513217600067939
insuffisante	2.513217600067939
insulaire	2.513217600067939
insulaires	2.513217600067939
insulino dépendant	2.513217600067939
insurmontable	2.513217600067939
inséré	2.513217600067939
intact	2.513217600067939
integrated	2.2121876044039577
integrations	2.513217600067939
intellectuel	2.513217600067939
intellectuelle	2.0360963453482768
intellectuelles	2.513217600067939
intellectuelles découverte	2.513217600067939
intelligemment	2.513217600067939
intelligence	1.8142475957319202
intelligent	1.9111576087399766
intelligente	2.0360963453482768
intelligents	1.7350663496842953
intempéries	2.2121876044039577
intense	2.0360963453482768
intense 3	2.513217600067939
intenses	2.0360963453482768
intensif	1.8142475957319202
intensification	2.513217600067939
intensité	2.513217600067939
intensive	2.513217600067939
intensives	2.513217600067939
inter	2.2121876044039577
inter instruments	2.513217600067939
inter universitaire	2.513217600067939
interactif	2.513217600067939
interactifs	2.513217600067939
interaction	1.6101276130759954
interactions	1.3992742477611022
interactive	2.2121876044039577
interactives	2.513217600067939
interagir	2.2121876044039577
interagissent	2.513217600067939
interagit	2.513217600067939
interarmées	2.513217600067939
interdisciplinaire	2.2121876044039577
interdisciplinaires	2.0360963453482768
interdisciplinarité	2.513217600067939
interdite	2.513217600067939
interface	2.0360963453482768
interfaces	1.8142475957319202
interférer	2.513217600067939
interféromètre	2.513217600067939
intergouvernemental	2.2121876044039577
intergouvernementales	2.513217600067939
intergénérationnelle	2.513217600067939
interindividuelle	2.513217600067939
interlaboratoires	2.513217600067939
interlocuteur	2.513217600067939
interministériel	1.471824914909714
interministérielle	2.513217600067939
intermittentes	2.2121876044039577
intermédiaire	2.2121876044039577
intermédiaires	2.0360963453482768
international	0.9569150993006518
internationale	1.098244252097121
internationales	1.5589750906286142
internationaux	1.367089564389701
interne	1.5589750906286142
internet	1.8142475957319202
internet histoire	2.513217600067939
internet la	2.513217600067939
interprofessionnel	2.2121876044039577
interprofessionnelle	2.513217600067939
interprètes	2.513217600067939
interreg	2.513217600067939
interroger	2.2121876044039577
interrupteur	2.513217600067939
interruption	2.513217600067939
interrégionales	2.513217600067939
intersensorielle	2.513217600067939
intertropicales	2.513217600067939
interuniversitaire	2.513217600067939
intervalles	2.513217600067939
intervenant	2.2121876044039577
intervenants	2.0360963453482768
intervenir	1.9111576087399766
intervenons	2.513217600067939
intervention	2.0360963453482768
interventions	2.2121876044039577
intervenus	2.513217600067939
interviendra	2.513217600067939
intervient	2.513217600067939
intestin	2.513217600067939
intestinal	2.0360963453482768
intestinale	2.2121876044039577
intestinales	2.2121876044039577
intimes	2.0360963453482768
intitulé	1.1707949192457328
intitulée	1.5589750906286142
intitulées	2.513217600067939
intoxication	2.513217600067939
intra	2.513217600067939
intra oculaire	2.513217600067939
intra tropique	2.513217600067939
intracellulaire	2.513217600067939
intrants	2.513217600067939
intrinsèque	2.2121876044039577
intrinsèquement	2.513217600067939
intrinsèques	2.513217600067939
intrinsèques des	2.513217600067939
introduction	1.9111576087399766
introduira	2.513217600067939
introduit	1.8142475957319202
introduites	2.2121876044039577
introduits	2.513217600067939
intrus	2.513217600067939
intuition	2.513217600067939
intègre	1.9111576087399766
intègrent	2.513217600067939
intègreront	2.513217600067939
intégrant	1.9111576087399766
intégrante	2.513217600067939
intégrateur	2.513217600067939
intégrateurs	2.513217600067939
intégratif	2.513217600067939
intégration	1.9111576087399766
intégrer	1.6101276130759954
intégrera	2.513217600067939
intégreront	2.513217600067939
intégré	1.4340363540203143
intégrée	1.7350663496842953
intégrées	2.2121876044039577
intégrés	1.6681195600536822
intéressant	1.5589750906286142
intéressante	1.6681195600536822
intéressantes	1.7350663496842953
intéressants	2.0360963453482768
intéresse	1.4340363540203143
intéressent	1.9111576087399766
intéresser	1.6681195600536822
intéressons	2.513217600067939
intéressé	2.2121876044039577
intéressée	1.8142475957319202
intéressées	2.2121876044039577
intéressés	1.367089564389701
intérieur	2.0360963453482768
intérieure	2.513217600067939
intérieurs	2.513217600067939
intérêt	1.7350663496842953
intérêts	2.0360963453482768
inutile	2.513217600067939
invasive	2.0360963453482768
inventaires	2.513217600067939
inventent	2.513217600067939
inventer	1.9111576087399766
inventeur	2.513217600067939
inventeurs	2.513217600067939
inventifs	2.513217600067939
invention	2.2121876044039577
inventé	2.513217600067939
inverse	2.2121876044039577
inversement	2.513217600067939
inverser	2.2121876044039577
inversée	2.2121876044039577
invest	2.513217600067939
investi	2.513217600067939
investigation	2.513217600067939
investir	2.0360963453482768
investissant	2.513217600067939
investissement	1.7350663496842953
investissements	1.4340363540203143
investisseurs	1.513217600067939
investissons	2.513217600067939
investment	2.513217600067939
invitation	2.513217600067939
invite	2.2121876044039577
invite elle	2.513217600067939
invitent	2.513217600067939
invité	2.513217600067939
invités	2.2121876044039577
invivable	2.513217600067939
involontairement	2.513217600067939
inédit	2.0360963453482768
inédite	2.0360963453482768
inédites	2.513217600067939
inédits	2.513217600067939
inéluctable	2.0360963453482768
inévitable	2.2121876044039577
inévitables	2.513217600067939
ioi	2.513217600067939
ion	2.513217600067939
ionique	2.513217600067939
ioniques	2.2121876044039577
ionosphérique	2.513217600067939
ionosphériques	2.513217600067939
ions	2.513217600067939
ipcms	2.513217600067939
iphc	2.513217600067939
ipno	2.513217600067939
ipsos	2.513217600067939
ira	2.513217600067939
irc	2.513217600067939
ird	2.513217600067939
irdi	2.513217600067939
irfm	2.2121876044039577
irfu	2.513217600067939
irions nous	2.513217600067939
iris	2.2121876044039577
irlande	2.513217600067939
irm	2.2121876044039577
iront	2.513217600067939
iroqua	2.513217600067939
irradiés	2.513217600067939
irréprochables	2.2121876044039577
irréversibles	2.513217600067939
irstea	2.513217600067939
irt	2.513217600067939
isab	2.513217600067939
isae	2.513217600067939
isba	2.513217600067939
isbs	2.513217600067939
isen	2.513217600067939
iso	2.513217600067939
isolant	2.2121876044039577
isolante	2.513217600067939
isolants	2.513217600067939
isolation	2.513217600067939
isolé	1.9111576087399766
isolée	2.0360963453482768
isolées	2.0360963453482768
isolément	2.513217600067939
isotopes	2.513217600067939
israël	2.513217600067939
isro	2.513217600067939
iss	2.513217600067939
issanchou	2.513217600067939
issu	1.6101276130759954
issue	1.5589750906286142
issues	1.3992742477611022
issus	1.3371263410122578
isère	2.513217600067939
italia	2.513217600067939
italie	1.6681195600536822
italien	2.2121876044039577
italienne	2.2121876044039577
italiens	2.513217600067939
items	2.513217600067939
iter	2.2121876044039577
itff	2.513217600067939
itplc	2.513217600067939
its	2.513217600067939
itti	2.513217600067939
iut	2.513217600067939
iuvv	2.513217600067939
iva	2.513217600067939
ivry sur seine	1.9111576087399766
izest	2.513217600067939
j ai	1.3090976174120141
j aime	2.513217600067939
j ajoute	2.513217600067939
j appellerais	2.513217600067939
j assimile	2.513217600067939
j aurais	2.513217600067939
j avais	2.2121876044039577
j c	2.513217600067939
j en	2.2121876044039577
j y	2.513217600067939
j étais	2.513217600067939
jacquart	2.513217600067939
jacques	1.6681195600536822
jalon	2.513217600067939
jalonné	2.513217600067939
jalonnées	2.513217600067939
jamais	1.0218559062336663
jambe	2.513217600067939
jambes	2.2121876044039577
james	2.2121876044039577
janny	2.513217600067939
janvier	1.0360963453482765
japon	1.257945094964633
japonais	1.7350663496842953
japonaise	2.2121876044039577
japonaises	2.513217600067939
jardins	2.0360963453482768
jardinées	2.513217600067939
jason 1	2.513217600067939
jason 2	2.513217600067939
jason 3	2.513217600067939
jaune	2.513217600067939
java	2.513217600067939
jaxa	2.513217600067939
je	1.008067621748033
jean	1.6101276130759954
jean baptiste	2.2121876044039577
jean claude	2.513217600067939
jean françois	2.2121876044039577
jean lou	2.513217600067939
jean louis	2.513217600067939
jean marc	2.2121876044039577
jean michel	2.513217600067939
jean paul	2.0360963453482768
jean philippe	2.513217600067939
jean pierre	1.9111576087399766
jeandel	2.513217600067939
jerphagnon	2.513217600067939
jersey	2.513217600067939
jet	1.9111576087399766
jeter	2.513217600067939
jeté	2.513217600067939
jeu	1.6101276130759954
jeudi	2.513217600067939
jeune	1.0360963453482765
jeunes	1.23446399911511
jeux	1.8142475957319202
jobs	2.513217600067939
john	2.2121876044039577
johor	2.513217600067939
joie	2.2121876044039577
joindre	2.513217600067939
joint	2.513217600067939
joint venture	2.513217600067939
joliment	2.513217600067939
joly	2.513217600067939
jonction	2.513217600067939
jordanie	2.513217600067939
jordi	2.513217600067939
joseph	1.6101276130759954
jouait	2.513217600067939
joue	1.6101276130759954
jouent	2.0360963453482768
jouer	1.4340363540203143
jouera	2.513217600067939
jouerait	2.513217600067939
jour	0.8142475957319202
jour là	2.513217600067939
jourdain	2.513217600067939
journal	1.9111576087399766
journaliste	2.513217600067939
journalistes météo	2.513217600067939
journalière	2.513217600067939
journalières	2.513217600067939
journée	1.151489764050346
journées	1.513217600067939
jours	1.3992742477611022
jouy en josas	1.9111576087399766
jouzel	2.513217600067939
joué	1.6681195600536822
joyeuse	2.2121876044039577
joël	2.513217600067939
jri	2.513217600067939
judiciaire	2.513217600067939
judicieuses	2.513217600067939
judicieux	2.2121876044039577
judith	2.513217600067939
juillet	1.3371263410122578
juin	1.098244252097121
jules	1.7350663496842953
jules verne	2.513217600067939
jullian	2.513217600067939
jumelage	2.513217600067939
jumelée	2.513217600067939
jun	2.513217600067939
junien	2.513217600067939
junior	2.2121876044039577
juniors	2.513217600067939
jura	2.513217600067939
juridiques	2.2121876044039577
juristes	2.513217600067939
jury	2.0360963453482768
jus	2.513217600067939
jusqu alors	1.6681195600536822
jusqu au	1.471824914909714
jusqu aux	1.9111576087399766
jusqu en	1.7350663496842953
jusqu ici	1.7350663496842953
jusqu où	2.2121876044039577
jusqu à	0.6681195600536822
jusque	2.2121876044039577
juste	1.5589750906286142
justement	2.513217600067939
justifier	2.513217600067939
justifiée	2.513217600067939
jwst	2.513217600067939
jérôme	2.2121876044039577
jûlich	2.513217600067939
kanpur mathématiques	2.513217600067939
karine	2.513217600067939
karlsruher	2.513217600067939
karman	2.513217600067939
kavli	2.513217600067939
kbcc	2.513217600067939
kcalories	2.513217600067939
kdo	2.513217600067939
kek	2.513217600067939
keller	2.513217600067939
kent	2.513217600067939
kenya	2.513217600067939
kevin	2.513217600067939
keyo	2.513217600067939
kg	1.4340363540203143
khz	2.2121876044039577
kick	2.513217600067939
killer	2.513217600067939
kilo	2.2121876044039577
kilogramme	2.513217600067939
kilogrammes	2.513217600067939
kilomètres	1.6681195600536822
kilos	2.513217600067939
kinkingnéhun	2.513217600067939
kit	2.513217600067939
klorane	2.513217600067939
km	1.3992742477611022
km h	2.2121876044039577
km2	2.513217600067939
knockout	2.513217600067939
knowledge	2.513217600067939
kobilka	2.513217600067939
kong	2.513217600067939
kontsevich	2.513217600067939
kourou	2.2121876044039577
koweit	2.513217600067939
krl	2.513217600067939
kurma	2.513217600067939
kurosh	2.513217600067939
kurt	2.513217600067939
kw	2.2121876044039577
kwh	2.513217600067939
kyoto	2.513217600067939
kyushu	2.513217600067939
l	1.9111576087399766
l a	1.151489764050346
l a320neo	2.513217600067939
l a350	2.513217600067939
l a380	2.513217600067939
l abbaye	2.513217600067939
l abeille	2.513217600067939
l ablation	2.513217600067939
l abondance	2.513217600067939
l aboutissement	1.7350663496842953
l abri	2.513217600067939
l absence	1.6681195600536822
l absorption	2.513217600067939
l académie	1.6101276130759954
l acare	2.513217600067939
l accent	2.2121876044039577
l acceptabilité	2.2121876044039577
l accident	2.513217600067939
l accompagne	2.513217600067939
l accompagnement	2.2121876044039577
l accord	1.8142475957319202
l accrocher	2.513217600067939
l accroissement	2.513217600067939
l accumulation	2.2121876044039577
l accès	1.7350663496842953
l accélérateur	2.2121876044039577
l accélération	2.0360963453482768
l acetate	2.513217600067939
l achat	2.2121876044039577
l acheminement	2.513217600067939
l acide	2.0360963453482768
l acidité	2.513217600067939
l acoustique	2.2121876044039577
l acquisition	1.7350663496842953
l acquisitions	2.513217600067939
l acteur	2.513217600067939
l actif	2.513217600067939
l action	1.6681195600536822
l actionnaire	2.513217600067939
l activation	2.513217600067939
l activité	1.4340363540203143
l actualité	2.2121876044039577
l actuel	2.2121876044039577
l acuité	2.513217600067939
l acv	2.513217600067939
l acétate	2.513217600067939
l adaptation	2.513217600067939
l adapter	2.513217600067939
l ademe	2.0360963453482768
l adhésion	2.513217600067939
l adjonction	2.513217600067939
l administration	2.2121876044039577
l adn	2.0360963453482768
l adoption	2.513217600067939
l adour	2.513217600067939
l adsorption	2.513217600067939
l advanced	2.513217600067939
l advisory	2.513217600067939
l aerocampus	2.513217600067939
l affinage	2.513217600067939
l affirme	2.2121876044039577
l affût	2.513217600067939
l afpa	2.513217600067939
l afrique	1.6681195600536822
l afrique era min	2.513217600067939
l age	2.513217600067939
l agence	1.23446399911511
l agenda	2.513217600067939
l agent	2.513217600067939
l agglomération	2.513217600067939
l agresseur	2.513217600067939
l agriculture	1.3090976174120141
l agro alimentaire	2.513217600067939
l agro environnement	2.513217600067939
l agroalimenaire frisbee	2.513217600067939
l agroalimentaire	1.257945094964633
l agrochimie	2.513217600067939
l agroenvironnement	2.0360963453482768
l agronome	2.0360963453482768
l agronomie	2.513217600067939
l agroécologie	2.2121876044039577
l agrégation	2.513217600067939
l aide	0.9004337433482035
l air	1.471824914909714
l ajout	2.513217600067939
l alcoolisme	2.513217600067939
l alerte	2.513217600067939
l aliment	2.0360963453482768
l alimentaire	2.513217600067939
l alimentation	1.0818538359089518
l allaitement	2.2121876044039577
l allemagne	2.2121876044039577
l allergénicité	2.513217600067939
l alliance	1.6681195600536822
l allure	2.513217600067939
l alpha synucléine	2.513217600067939
l alsace	2.513217600067939
l alter	2.513217600067939
l altimètre	2.513217600067939
l altimétrie	2.513217600067939
l altitude	2.513217600067939
l alumine	2.513217600067939
l aluminium	2.2121876044039577
l ambassade	2.513217600067939
l ambiance	2.2121876044039577
l ambition	1.471824914909714
l ambitionne	2.513217600067939
l amer	2.513217600067939
l american	2.513217600067939
l amertume	2.513217600067939
l amf	2.513217600067939
l amiral	2.513217600067939
l ammoniac	2.513217600067939
l ampleur	2.513217600067939
l amplification	2.513217600067939
l amène	2.513217600067939
l amènent	2.513217600067939
l améliane	2.513217600067939
l amélioration	1.4340363540203143
l aménagement	1.6681195600536822
l américain	2.513217600067939
l amérique	1.9111576087399766
l analyse	1.23446399911511
l ancien	2.2121876044039577
l ancre	2.513217600067939
l anecdote	2.513217600067939
l anesthésique	2.513217600067939
l angle	2.2121876044039577
l anicap	2.513217600067939
l animal	2.0360963453482768
l animateur	2.513217600067939
l annexe	2.513217600067939
l annonce	1.9111576087399766
l annulation	2.513217600067939
l année	1.1707949192457328
l anr	2.513217600067939
l antenne	2.2121876044039577
l anthropologie	2.513217600067939
l anthropologue	2.2121876044039577
l antibiotique	2.513217600067939
l anticiper	2.513217600067939
l antioxydant	2.513217600067939
l ap hp	2.0360963453482768
l ap1000	2.513217600067939
l apolipoprotéine	2.513217600067939
l appareil	1.8142475957319202
l apparition	2.0360963453482768
l appel	2.0360963453482768
l application	1.9111576087399766
l appliquant	2.513217600067939
l appliqué	2.513217600067939
l apport	1.9111576087399766
l apprentissage	1.7350663496842953
l apprentissages	2.513217600067939
l approche	2.0360963453482768
l approvisionnement	2.513217600067939
l apprécier	2.513217600067939
l appui	1.9111576087399766
l appuyez	2.513217600067939
l appétence	2.513217600067939
l après kyoto	2.513217600067939
l après midi	1.9111576087399766
l aquarium	2.513217600067939
l aquitaine	2.2121876044039577
l aragonite	2.513217600067939
l arc	2.513217600067939
l architecte	2.513217600067939
l architecture	2.0360963453482768
l archéologie	2.513217600067939
l archéologue	2.513217600067939
l archétype	2.513217600067939
l arctique	2.2121876044039577
l argent	2.513217600067939
l ariatt	2.513217600067939
l aritt	2.513217600067939
l ariège	2.2121876044039577
l armement	1.6681195600536822
l armée	1.9111576087399766
l arn	2.513217600067939
l arrivée	1.471824914909714
l arrêt	2.2121876044039577
l art	2.0360963453482768
l artichaut	2.513217600067939
l article	2.513217600067939
l article une	2.513217600067939
l artisanat	2.513217600067939
l arôme	2.2121876044039577
l ascension	2.513217600067939
l asi	2.513217600067939
l asie	1.9111576087399766
l asie pacifique	2.513217600067939
l aspect	1.8142475957319202
l asperge	2.513217600067939
l assemblage	1.6101276130759954
l assiette	2.513217600067939
l assimilation	2.513217600067939
l assistance	2.2121876044039577
l assister	2.513217600067939
l assocation	2.513217600067939
l associant	2.513217600067939
l association	1.367089564389701
l assurance	2.513217600067939
l astre	2.513217600067939
l astrophysique	2.513217600067939
l atee	2.513217600067939
l atelier	2.2121876044039577
l atlantique	2.513217600067939
l atmosphère	1.6101276130759954
l atome	2.513217600067939
l atout	2.513217600067939
l atr 42	2.513217600067939
l atrophie	2.513217600067939
l attapulgite	2.513217600067939
l attend	2.513217600067939
l attente	2.513217600067939
l attention	2.0360963453482768
l atterrissage	2.2121876044039577
l attractivité	2.513217600067939
l attribution	2.513217600067939
l atténuation	2.513217600067939
l atv	2.513217600067939
l atv2	2.513217600067939
l atv3	2.513217600067939
l aube	2.513217600067939
l audio	2.513217600067939
l audition	2.513217600067939
l augmentation	1.9111576087399766
l auteur	2.0360963453482768
l authenticité	2.513217600067939
l authentification	2.513217600067939
l authentique	2.513217600067939
l automatisation	2.513217600067939
l automne	1.5589750906286142
l automobile	1.471824914909714
l autonomie	1.8142475957319202
l autorisant	2.513217600067939
l autorité	2.2121876044039577
l autre	1.133006358356333
l auvergne	2.513217600067939
l avance	2.513217600067939
l avancement	2.513217600067939
l avancée	2.2121876044039577
l avantage	2.0360963453482768
l avatar	2.513217600067939
l avenir	1.471824914909714
l aventure	1.513217600067939
l aveyron	2.513217600067939
l aviation	1.9111576087399766
l aviculture	2.513217600067939
l avion	2.2121876044039577
l avionneur	1.9111576087399766
l avions	2.513217600067939
l avis	2.2121876044039577
l avoir	2.0360963453482768
l avons	1.9111576087399766
l axe	1.9111576087399766
l azote	2.2121876044039577
l aérodynamique	2.2121876044039577
l aéronautique	1.257945094964633
l aéroport	2.0360963453482768
l aérospatial	2.513217600067939
l aérothermique	2.513217600067939
l e learning	2.513217600067939
l east	2.513217600067939
l eau	1.133006358356333
l eau réutilisation	2.513217600067939
l eccp	2.513217600067939
l ecolab	2.513217600067939
l ecole	0.9111576087399766
l ecologie	2.2121876044039577
l economic	2.513217600067939
l economie	2.2121876044039577
l education	1.8142475957319202
l effacement	2.513217600067939
l effet	1.7350663496842953
l efficacité	1.5589750906286142
l efficience	2.2121876044039577
l effondrement	2.513217600067939
l effort	2.513217600067939
l egypte	2.513217600067939
l electron	2.513217600067939
l electronique	2.513217600067939
l emballage	2.2121876044039577
l embauche	2.513217600067939
l embryon	2.513217600067939
l emergence	2.513217600067939
l emmener	2.2121876044039577
l empilement	2.513217600067939
l emploi	2.2121876044039577
l empreinte	1.9111576087399766
l enac	2.513217600067939
l encapsulation	2.513217600067939
l encéphale	2.513217600067939
l endettement	2.513217600067939
l endocrinologie	2.2121876044039577
l endroit	2.2121876044039577
l enea	2.513217600067939
l energie	1.9111576087399766
l enfant	1.8142475957319202
l enfilage	2.513217600067939
l engagement	2.513217600067939
l enitiaa	2.513217600067939
l enjeu	1.9111576087399766
l enregistrement	2.513217600067939
l ens	2.2121876044039577
l ensait	2.513217600067939
l ensam	2.513217600067939
l ensbana	2.0360963453482768
l enseignant	2.513217600067939
l enseignement	1.212187604403958
l enseigner	2.513217600067939
l ensemble	0.7808238402449705
l ensica	2.513217600067939
l ensma	2.513217600067939
l ensoleillement	2.513217600067939
l ensta	2.0360963453482768
l enthousiasme	2.2121876044039577
l entraînement	2.513217600067939
l entrepreneur	2.0360963453482768
l entrepreneuriat	2.2121876044039577
l entreprise	0.8797491444883525
l entreprise eyebrain	2.513217600067939
l entretien	2.2121876044039577
l entrevoir	2.513217600067939
l entrée	2.0360963453482768
l enveloppe	2.513217600067939
l envergure	2.513217600067939
l envers	2.513217600067939
l envie	1.8142475957319202
l environnement	0.8230215200394253
l environnement détecteur	2.513217600067939
l envoi	2.2121876044039577
l enzyme	2.513217600067939
l equateur	2.513217600067939
l equitation	2.513217600067939
l era net	2.513217600067939
l ergonomie	2.513217600067939
l esa	1.7350663496842953
l esc	2.2121876044039577
l esiec	2.513217600067939
l esiee	2.513217600067939
l espace	1.257945094964633
l espagne	2.2121876044039577
l espci	2.0360963453482768
l espoir	2.0360963453482768
l esprit	2.2121876044039577
l espèce	2.2121876044039577
l esrf	2.2121876044039577
l essai	2.513217600067939
l essai erreur	2.513217600067939
l essca	2.513217600067939
l essentiel	1.4340363540203143
l essonne	2.513217600067939
l essor	2.2121876044039577
l est	1.9111576087399766
l estaca	2.513217600067939
l estii	2.513217600067939
l estimation	2.513217600067939
l estomac	2.0360963453482768
l estp	2.513217600067939
l esturgeon	2.513217600067939
l etat	1.513217600067939
l europe	1.3371263410122578
l european	1.8142475957319202
l excellence	2.513217600067939
l excellente	2.513217600067939
l exception	2.0360963453482768
l exclusivité	2.513217600067939
l exemple	1.5589750906286142
l exercice	1.9111576087399766
l exigent	2.513217600067939
l existence	1.6101276130759954
l exosquelette	2.513217600067939
l expansion	1.8142475957319202
l expert	2.513217600067939
l expertise	1.9111576087399766
l explique	2.513217600067939
l exploitation	1.9111576087399766
l exploration	1.9111576087399766
l explosif	2.513217600067939
l export	2.0360963453482768
l exposition	1.9111576087399766
l expression	2.2121876044039577
l expédition	2.513217600067939
l expérience	1.471824914909714
l expérimentation	2.0360963453482768
l extension	2.2121876044039577
l extraction	2.2121876044039577
l extérieur	2.2121876044039577
l exécuter	2.513217600067939
l eyebrain	2.2121876044039577
l habilité	2.513217600067939
l habitacle	2.513217600067939
l habitat	2.2121876044039577
l habitude	2.513217600067939
l haleine	2.513217600067939
l hectare	2.2121876044039577
l herbe	2.513217600067939
l heure	1.3992742477611022
l hexagone	2.0360963453482768
l hexagone l institut	2.513217600067939
l hippocampe	2.513217600067939
l histoire	1.7350663496842953
l historique	2.513217600067939
l homme	1.1909983053340196
l homologation	2.2121876044039577
l honneur	2.513217600067939
l horizon	1.257945094964633
l horizon2015	2.513217600067939
l horlogerie	2.513217600067939
l hormone	2.513217600067939
l huile	1.8142475957319202
l humain	2.2121876044039577
l humanité	1.7350663496842953
l humeur	2.2121876044039577
l humidité	1.9111576087399766
l humour	2.513217600067939
l hydraulique	2.513217600067939
l hydraviation	2.513217600067939
l hydravion	2.513217600067939
l hydrogène	1.9111576087399766
l hypertension	2.513217600067939
l hypothalamus	2.513217600067939
l hélicoptère	2.513217600067939
l hémangiome	2.513217600067939
l hérault	2.513217600067939
l hôpital	1.5589750906286142
l hôtellerie	2.513217600067939
l ic3k	2.513217600067939
l iccc	2.513217600067939
l identification	2.0360963453482768
l idest	2.513217600067939
l idriss	2.513217600067939
l idéal	2.513217600067939
l idée	1.0360963453482765
l ieh	2.513217600067939
l ifce	2.513217600067939
l ifremer	1.8142475957319202
l ifris	2.513217600067939
l ift	2.513217600067939
l ifts	2.513217600067939
l ign	2.513217600067939
l ignorant	2.513217600067939
l igpsc	2.513217600067939
l ihes	2.513217600067939
l ijcci	2.513217600067939
l ile de france	2.2121876044039577
l image	1.6681195600536822
l imagerie	1.5589750906286142
l imageur	2.2121876044039577
l imagination	2.513217600067939
l immense	2.0360963453482768
l immersion	2.513217600067939
l immobilisation	2.513217600067939
l immunité	2.2121876044039577
l immuno hématologie	2.513217600067939
l immunologie	2.2121876044039577
l immunothérapie	2.2121876044039577
l impact	1.367089564389701
l implantation	1.9111576087399766
l implication	2.0360963453482768
l importance	1.1909983053340196
l important	2.513217600067939
l importation	2.513217600067939
l impossibilité	2.2121876044039577
l impression	2.0360963453482768
l impulsion	2.2121876044039577
l imt	2.513217600067939
l inauguration	2.0360963453482768
l incapacité	2.513217600067939
l incidence	2.513217600067939
l incontestable	2.513217600067939
l incubateur	1.8142475957319202
l incubation	2.513217600067939
l inde	1.8142475957319202
l indian	2.2121876044039577
l indigo	2.513217600067939
l indique	2.513217600067939
l indre et loire	2.513217600067939
l industrialisation	1.8142475957319202
l industrie	0.8600050862925953
l industriel	2.0360963453482768
l indépendance	2.513217600067939
l ineris	2.2121876044039577
l inertie	2.513217600067939
l infarctus	2.513217600067939
l infection	2.2121876044039577
l infirmière	2.513217600067939
l inflammation	2.513217600067939
l influence	1.9111576087399766
l influencer	2.513217600067939
l infographie	2.513217600067939
l information	1.8142475957319202
l informatique	1.7350663496842953
l infrarouge	1.9111576087399766
l infrastructure	1.9111576087399766
l ingrédient	2.513217600067939
l ingénierie	1.471824914909714
l ingénieriste	2.513217600067939
l ingénieur	1.8142475957319202
l initiateur	2.513217600067939
l initiation	2.513217600067939
l initiative	1.3992742477611022
l injection	2.513217600067939
l innocuité	2.513217600067939
l innovation	0.8056474239700027
l innovation 2ème	2.513217600067939
l innovation l innovation	2.513217600067939
l innovation première	2.513217600067939
l inp	1.9111576087399766
l inp ensiacet	2.2121876044039577
l inpi	2.513217600067939
l inra	0.9947036601900515
l inra urtal	2.513217600067939
l inria	1.6101276130759954
l insa	2.513217600067939
l inscription	2.513217600067939
l insecte	2.513217600067939
l inserm	1.6681195600536822
l instabilité	2.513217600067939
l installation	1.9111576087399766
l instant les	2.513217600067939
l instar	2.2121876044039577
l instauration	2.2121876044039577
l insticc	2.513217600067939
l institut	0.6324040077871477
l instrument	1.7350663496842953
l instrumentation	2.513217600067939
l insuline	2.2121876044039577
l intelligence	1.9111576087399766
l intelligibilité	2.513217600067939
l intensification	2.513217600067939
l intensité	2.0360963453482768
l intention	2.0360963453482768
l inter disciplinarité	2.513217600067939
l interaction	1.9111576087399766
l interactivité	2.513217600067939
l interdisciplinarité	2.513217600067939
l interface	2.0360963453482768
l interlocuteur	2.513217600067939
l intermédiaire	2.2121876044039577
l international	1.212187604403958
l international les	2.513217600067939
l internationale	2.513217600067939
l internet	2.513217600067939
l interopérabilité	2.513217600067939
l interprofession	2.513217600067939
l intersection	2.513217600067939
l intervention	2.513217600067939
l intestin	2.2121876044039577
l intoxication	2.513217600067939
l introduction	2.2121876044039577
l introduire	2.513217600067939
l intégrateur	2.513217600067939
l intégration	2.2121876044039577
l intéresser	2.513217600067939
l intérieur	1.3992742477611022
l intérêt	1.1152775913959014
l invalidation	2.513217600067939
l inventaire	2.513217600067939
l invention	2.2121876044039577
l investisseur	2.513217600067939
l investor	2.513217600067939
l invitent	2.513217600067939
l invité	2.0360963453482768
l inévitable	2.513217600067939
l ioi	2.513217600067939
l ionosphère	2.513217600067939
l ipcms	2.513217600067939
l ircam	2.513217600067939
l ird	2.0360963453482768
l irfm	2.2121876044039577
l irm	2.2121876044039577
l irrigation	2.0360963453482768
l irstea	2.513217600067939
l irt	2.513217600067939
l isae	2.513217600067939
l isba	2.2121876044039577
l isen	2.513217600067939
l isolation	2.513217600067939
l isro	2.513217600067939
l iss	2.513217600067939
l issue	2.0360963453482768
l italie	2.2121876044039577
l iut	2.2121876044039577
l objectif	0.6936736645260704
l objet	1.0660595687257197
l objets	2.513217600067939
l obligation	1.8142475957319202
l obscurité	2.513217600067939
l observation	1.8142475957319202
l observatoire	1.6101276130759954
l obtention	1.9111576087399766
l obésité	1.9111576087399766
l occasion	0.7650295730617386
l occident	2.513217600067939
l occurrence	1.7350663496842953
l ocde	2.513217600067939
l oculomotricité	2.513217600067939
l oculométrie	2.513217600067939
l océan	1.6681195600536822
l océanographie	2.2121876044039577
l odeur	2.2121876044039577
l oeil	1.6681195600536822
l oenologie	2.513217600067939
l oesophage	2.513217600067939
l oeuvre	2.513217600067939
l offre	1.8142475957319202
l ohmi	2.513217600067939
l oie	2.513217600067939
l olfaction	2.513217600067939
l oms	2.513217600067939
l on	0.7208259105696851
l onde	2.513217600067939
l onera	2.2121876044039577
l ont	1.6681195600536822
l ontario	2.513217600067939
l onu	2.513217600067939
l open	2.513217600067939
l ophtalmologie	2.2121876044039577
l opinion	2.513217600067939
l opportunité	1.8142475957319202
l optimisation	1.471824914909714
l optimiser	2.513217600067939
l option	2.513217600067939
l optique	2.513217600067939
l optoélectronique	2.513217600067939
l opérateur	1.8142475957319202
l opération	2.513217600067939
l opérationnel	2.513217600067939
l or	2.513217600067939
l orbite	2.2121876044039577
l ordinateur	2.2121876044039577
l ordre	1.3992742477611022
l organisation	1.367089564389701
l organisme	1.9111576087399766
l orientation	2.2121876044039577
l orienter	2.513217600067939
l original	2.513217600067939
l originalité	1.6681195600536822
l origine	1.513217600067939
l oréal	2.2121876044039577
l orée	2.2121876044039577
l os	2.2121876044039577
l oslo	2.513217600067939
l ostéoporose	2.513217600067939
l oublier	2.513217600067939
l ouest	2.0360963453482768
l outil	1.9111576087399766
l outillage	2.513217600067939
l outre mer	2.2121876044039577
l ouverture	1.6101276130759954
l ouvrage	1.6101276130759954
l oxy combustion	2.513217600067939
l oxyde	2.513217600067939
l oxygène	1.9111576087399766
l oïdium	2.513217600067939
l uag	2.513217600067939
l ucad	2.513217600067939
l ufr1	2.513217600067939
l ugb	2.513217600067939
l umami	2.513217600067939
l umi	2.513217600067939
l umi ess	2.513217600067939
l umr	1.9111576087399766
l umt	2.2121876044039577
l un	0.8797491444883525
l unanimité	2.513217600067939
l une	0.9569150993006518
l unesco	2.513217600067939
l union	1.6101276130759954
l unique	2.0360963453482768
l unité	1.0508196021689828
l univers	1.5589750906286142
l universitaire	1.7350663496842953
l université	0.7208259105696851
l upec	2.513217600067939
l upmc	1.9111576087399766
l uranium	2.513217600067939
l urbain	2.513217600067939
l url	2.513217600067939
l us	2.513217600067939
l usage	1.7350663496842953
l usinage	2.513217600067939
l usine	2.2121876044039577
l usttb	2.513217600067939
l utilisateur	1.8142475957319202
l utilisation	1.0360963453482765
l utilise	2.513217600067939
l utiliser	2.0360963453482768
l utilité	2.513217600067939
l utérus	2.2121876044039577
l uvsq	2.513217600067939
l yttrium	2.513217600067939
l âge	1.513217600067939
l âme	2.513217600067939
l ère	2.513217600067939
l ébauche	2.513217600067939
l échange	2.513217600067939
l échantillon	2.2121876044039577
l échec	2.513217600067939
l échelle	1.133006358356333
l éclairage	2.0360963453482768
l éco conception	2.513217600067939
l éco conception ecolab	2.513217600067939
l école	1.3371263410122578
l écologie	2.2121876044039577
l économie	1.471824914909714
l économiste	2.2121876044039577
l écosystème	1.9111576087399766
l écotoxicité	2.513217600067939
l écoulement	2.513217600067939
l écouter	2.513217600067939
l écran	2.2121876044039577
l écrit	2.513217600067939
l écriture	2.2121876044039577
l éditeur	2.513217600067939
l édition	1.6681195600536822
l éducation	2.0360963453482768
l éduquer	2.513217600067939
l égalité	2.513217600067939
l égide	2.2121876044039577
l élaboration	1.5589750906286142
l électricité	2.0360963453482768
l électrification	2.513217600067939
l électromagnétisme	2.513217600067939
l électronique	1.5589750906286142
l élément	2.2121876044039577
l élévation	2.513217600067939
l émergence	1.0660595687257197
l émetteur	2.513217600067939
l émission	1.9111576087399766
l émotion	2.513217600067939
l énergie	1.0508196021689828
l énergétique	2.513217600067939
l énorme	2.513217600067939
l éolien	1.9111576087399766
l éolienne	2.2121876044039577
l épaisseur	2.2121876044039577
l épave	2.513217600067939
l épidémiologie	2.0360963453482768
l épilepsie	2.513217600067939
l épitaxie	2.513217600067939
l époque	1.8142475957319202
l épreuve	2.513217600067939
l épuisement	2.513217600067939
l équateur	2.2121876044039577
l équilibre	1.8142475957319202
l équipe	0.9111576087399766
l équipe projet	2.513217600067939
l équipement	2.2121876044039577
l équiper	2.513217600067939
l équitation	2.513217600067939
l équivalent	1.8142475957319202
l érosion	2.513217600067939
l établissement	1.5589750906286142
l étaient	2.513217600067939
l étalonnage	2.513217600067939
l étant	2.513217600067939
l étape	1.8142475957319202
l état	1.282768678689665
l étendu	2.513217600067939
l étendue	2.2121876044039577
l éternité	2.513217600067939
l éthanol	2.513217600067939
l étoffe	2.513217600067939
l étoile	2.513217600067939
l étonnant	2.513217600067939
l étonnante	2.513217600067939
l étranger	1.367089564389701
l étude	1.151489764050346
l étudiant	2.2121876044039577
l été	1.7350663496842953
l évaluation	1.9111576087399766
l évaporation	2.513217600067939
l évapotranspiration	2.513217600067939
l éventuel	2.513217600067939
l évocation	2.513217600067939
l évolution	1.282768678689665
l évoluton	2.513217600067939
l événement	1.9111576087399766
l être	2.2121876044039577
l île	2.2121876044039577
la	0.0013342390890645809
laad	2.513217600067939
laas	2.2121876044039577
lab	1.8142475957319202
label	2.2121876044039577
labellisation	2.513217600067939
labelliser	2.513217600067939
labellisé	1.1152775913959014
labellisée	2.2121876044039577
labellisés	1.6101276130759954
labex	1.9111576087399766
laboratoire	0.5447346515140039
laboratoires	0.5736983474493205
laboratory	2.2121876044039577
labos	2.513217600067939
labri	2.513217600067939
labs	2.513217600067939
labège	2.513217600067939
lac	2.513217600067939
lacs	2.2121876044039577
lactalis	2.513217600067939
lactation	2.513217600067939
lactobacilles	2.513217600067939
lactée	2.2121876044039577
ladhyx	2.513217600067939
lafarge	2.513217600067939
lafaye	2.513217600067939
lafont	2.513217600067939
lagarde	2.2121876044039577
lagarde le	2.513217600067939
lagons	2.513217600067939
lagrost	2.2121876044039577
laissant	2.513217600067939
laisse	2.0360963453482768
laissent	2.2121876044039577
laisser	1.9111576087399766
laissé	2.513217600067939
laissées	2.513217600067939
lait	1.7350663496842953
laitier	2.513217600067939
laitiers	1.9111576087399766
laitière	2.2121876044039577
laitières	2.0360963453482768
laits	2.513217600067939
laitère	2.513217600067939
lamarck	2.513217600067939
lamarckienne	2.513217600067939
lambert	2.513217600067939
lame	2.513217600067939
lamellée	2.513217600067939
lames	2.513217600067939
lamour	2.513217600067939
lampe	2.513217600067939
lamprecht	2.513217600067939
lamure forum	2.513217600067939
lance	1.4340363540203143
lance t il	2.2121876044039577
lancement	1.133006358356333
lancements	2.513217600067939
lancent	2.513217600067939
lancer	1.1152775913959014
lances	2.513217600067939
lanceur	1.9111576087399766
lanceurs	2.513217600067939
lancé	1.008067621748033
lancée	1.5589750906286142
lancées	1.7350663496842953
lancés	2.0360963453482768
land	2.513217600067939
landauer	2.513217600067939
landowner s	2.513217600067939
langerhans	2.513217600067939
langevin	2.2121876044039577
langue	2.2121876044039577
languedoc roussillon	1.6101276130759954
lanréotide	2.513217600067939
lanthanides	2.513217600067939
lanvéoc	2.513217600067939
lançons	2.513217600067939
lao	2.513217600067939
laos	2.513217600067939
lapines	2.513217600067939
laplace	2.513217600067939
laquelle	0.6743685093306837
lara	2.0360963453482768
lara spiral	2.513217600067939
larchey	2.513217600067939
lares	2.513217600067939
larf	2.513217600067939
large	1.0360963453482765
largement	1.367089564389701
larges	2.513217600067939
largeur	2.2121876044039577
larguera	2.513217600067939
largué	2.513217600067939
lariboisière	2.513217600067939
larivière	2.513217600067939
larvaires	2.513217600067939
larve	2.513217600067939
larves	2.2121876044039577
laryngectomie	2.513217600067939
laryngectomies	2.513217600067939
larynx	2.513217600067939
las	2.513217600067939
lasagyl	2.513217600067939
laser	1.5589750906286142
laser1 6	2.513217600067939
lasers	1.8142475957319202
lasik	2.513217600067939
latente	2.513217600067939
latin	2.513217600067939
latine	1.9111576087399766
latruffe	2.513217600067939
latécoère	2.2121876044039577
latérale	2.513217600067939
latéralement	2.513217600067939
launchers	2.513217600067939
laurence	2.2121876044039577
laurent	1.5589750906286142
laurier	2.513217600067939
lauriers	2.513217600067939
lauréat	1.4340363540203143
lauréate	2.513217600067939
lauréates	2.2121876044039577
lauréats	1.6101276130759954
laval	2.2121876044039577
lavande	2.513217600067939
lavandin	2.513217600067939
lavet	2.513217600067939
law	2.513217600067939
lb3m	2.513217600067939
lbmn	2.513217600067939
lcpo	2.513217600067939
le	0.004015077736836159
lead	2.2121876044039577
leader	1.1152775913959014
leaders	1.8142475957319202
leadership	2.513217600067939
leading	2.513217600067939
leap	2.2121876044039577
learninglab	2.513217600067939
leb	2.513217600067939
leblanc	2.513217600067939
leca	2.513217600067939
lecteur	1.9111576087399766
lecteurs	2.0360963453482768
lectoure	2.513217600067939
lecture	1.8142475957319202
led	2.513217600067939
ledrappier	2.513217600067939
lee	2.513217600067939
lefkowitz	2.513217600067939
legionella	2.513217600067939
legos	2.513217600067939
legs	2.513217600067939
leibler	2.2121876044039577
leiv	2.513217600067939
lem phea	2.513217600067939
lemaître	2.513217600067939
lempe	2.513217600067939
lendemain	1.9111576087399766
lensing	2.513217600067939
lent	2.2121876044039577
lentement	2.513217600067939
lentes	2.2121876044039577
leprince ringuet	2.513217600067939
lequel	1.008067621748033
les	0.005361728372108108
lesia	2.513217600067939
lesieur	2.2121876044039577
lesquelles	1.4340363540203143
lesquels	1.0660595687257197
lessac	2.513217600067939
lessivage	2.513217600067939
leti	2.2121876044039577
letters	2.0360963453482768
lettre	2.513217600067939
lettres	2.513217600067939
leucocytes	2.513217600067939
leucodystrophies	2.513217600067939
leur	0.36708956438970103
leurre	2.2121876044039577
leurrer	2.513217600067939
leurrées	2.513217600067939
leurs	0.5541762077468454
levage	2.513217600067939
levallois perret	2.513217600067939
levang	2.513217600067939
levant	2.2121876044039577
lever	1.7350663496842953
leveraged	2.513217600067939
levier	2.0360963453482768
leviers	2.513217600067939
levodopa	2.513217600067939
levé	2.513217600067939
levée	1.9111576087399766
levés	2.2121876044039577
lewiner	2.513217600067939
lewis	2.513217600067939
lfc r	2.513217600067939
lhc	2.513217600067939
lheea	2.513217600067939
lhoste	2.513217600067939
liaison	2.2121876044039577
liaisons	2.2121876044039577
liberté	2.2121876044039577
libre	2.0360963453482768
libres	2.2121876044039577
libreville	2.513217600067939
libye	2.2121876044039577
libérant	2.513217600067939
libération	2.2121876044039577
libérer	1.8142475957319202
libéré	2.513217600067939
libérée	2.513217600067939
licence	2.0360963453482768
licences	2.2121876044039577
licenciés	2.513217600067939
lidars	2.513217600067939
lidocaine	2.513217600067939
lie	2.513217600067939
lien	1.257945094964633
liens	1.6101276130759954
lient	2.513217600067939
lier	2.513217600067939
liera	2.513217600067939
lieu	1.23446399911511
lieues	2.513217600067939
lieux	1.5589750906286142
life	2.513217600067939
ligands	2.513217600067939
ligature	2.513217600067939
ligatures	2.513217600067939
light emitting	2.513217600067939
ligne	1.367089564389701
lignes	1.7350663496842953
lignées	2.513217600067939
ligue	2.513217600067939
lille	2.0360963453482768
lille université	2.513217600067939
limitant	2.0360963453482768
limitation	2.0360963453482768
limitations	2.0360963453482768
limite	1.513217600067939
limitent	2.513217600067939
limiter	1.6681195600536822
limiterait	2.513217600067939
limites	1.8142475957319202
limitrophes	2.2121876044039577
limité	2.0360963453482768
limitée	1.9111576087399766
limitées	2.0360963453482768
limoges	2.513217600067939
limons	2.513217600067939
limousin	2.513217600067939
limsi	2.513217600067939
lin	2.513217600067939
linda	2.513217600067939
lingual	2.513217600067939
linéaire	2.2121876044039577
linéaires	2.513217600067939
lion	2.2121876044039577
lionel	2.0360963453482768
lipid	2.513217600067939
lipides	1.7350663496842953
lipidique	2.513217600067939
lipidiques	2.513217600067939
lipido récepteurs	2.513217600067939
lipidoprotéique	2.513217600067939
lipidots	2.513217600067939
lipoproteins	2.513217600067939
lipoprotéine	2.513217600067939
lipoprotéines	2.2121876044039577
liposoluble	2.513217600067939
lipstic	2.2121876044039577
liquide	1.4340363540203143
liquide gaz solide	2.513217600067939
liquides	2.2121876044039577
lire	1.367089564389701
lirmm	2.513217600067939
lisant	2.513217600067939
lisière	2.513217600067939
lissant	2.513217600067939
lisses	2.513217600067939
lissi	2.513217600067939
list	2.2121876044039577
listeria	2.513217600067939
lit	2.513217600067939
liten	2.2121876044039577
lithium	2.2121876044039577
lithographie	2.2121876044039577
lithographiques	2.513217600067939
litres	2.2121876044039577
lits	2.513217600067939
littorale	2.513217600067939
littéralement	2.513217600067939
littérature	2.0360963453482768
lituanie	2.513217600067939
livatag	2.513217600067939
livraison	2.513217600067939
livre	1.471824914909714
livrent	2.513217600067939
livrer	2.0360963453482768
livres	2.2121876044039577
livré	1.9111576087399766
livrée	2.513217600067939
livrés	2.2121876044039577
liège	2.513217600067939
lié	2.0360963453482768
liée	1.8142475957319202
liées	1.5589750906286142
liés	1.3992742477611022
lmbo	2.513217600067939
lmd	2.513217600067939
lnc	2.513217600067939
lobby	2.513217600067939
local	1.8142475957319202
locale	1.5589750906286142
localement	2.0360963453482768
locales	1.513217600067939
localisation	2.2121876044039577
localiser	1.7350663496842953
localisé	2.2121876044039577
localisée	1.7350663496842953
localisées	2.2121876044039577
localisés	1.9111576087399766
localité	2.513217600067939
localités	2.513217600067939
locaux	1.367089564389701
locean ipsl cnrs upmc ird mnhn	2.513217600067939
locomotive	2.513217600067939
lodz	2.513217600067939
loft	2.513217600067939
logements	2.513217600067939
loger	2.513217600067939
logiciel	1.6101276130759954
logicielle	2.2121876044039577
logicielles	2.0360963453482768
logiciels	1.5589750906286142
login	2.513217600067939
logique	1.7350663496842953
logiques	2.2121876044039577
logistique	1.9111576087399766
logistiques	2.513217600067939
loi	1.6681195600536822
loin	1.3992742477611022
lointain	2.513217600067939
lointaine	2.513217600067939
lointaines	2.513217600067939
lointains	2.2121876044039577
loire	1.7350663496842953
lois	2.513217600067939
loisir	2.513217600067939
loisirs	1.6101276130759954
lombalgies	2.513217600067939
long	0.850459768386365
longs	2.2121876044039577
longtemps	1.1909983053340196
longtemps une	2.513217600067939
longue	1.3090976174120141
longues	1.6681195600536822
longueur	1.5589750906286142
longueurs	2.513217600067939
longé	2.513217600067939
longévité	2.2121876044039577
look	2.513217600067939
lorenceau	2.513217600067939
lorgnette	2.513217600067939
lorient	2.513217600067939
lorraine	2.513217600067939
lors	0.7070376260840519
lorsqu elles	2.513217600067939
lorsqu il	2.0360963453482768
lorsqu ils	2.513217600067939
lorsqu un	2.2121876044039577
lorsque	1.6681195600536822
lot	2.513217600067939
louis	2.513217600067939
louis georges	2.513217600067939
louis philippe	2.513217600067939
lourd	1.9111576087399766
lourde	2.2121876044039577
lourdes	2.513217600067939
lourdeurs	2.513217600067939
lourds	1.9111576087399766
loyale	2.513217600067939
loyaux	2.513217600067939
loïc	2.513217600067939
lpcc	2.513217600067939
lpem	2.513217600067939
lpo	2.2121876044039577
lpsc	2.513217600067939
lsce	2.513217600067939
lsi	2.513217600067939
ltds	2.513217600067939
lu mondelez	2.513217600067939
lucent	2.513217600067939
lucratif	2.513217600067939
ludwik	2.2121876044039577
lueur	2.513217600067939
lufthansa	2.513217600067939
lui	0.7573427443954476
lui même	1.6101276130759954
luminance	2.513217600067939
luminescentes	2.513217600067939
lumineuse	2.513217600067939
lumineuses	2.2121876044039577
lumineux	1.9111576087399766
luminosité	2.513217600067939
luminy	2.513217600067939
lumière	1.3090976174120141
lunbeckfond	2.513217600067939
lutte	1.7350663496842953
lutter	1.513217600067939
luxe	2.513217600067939
luxembourg	2.513217600067939
luxembourgeoise	2.513217600067939
lycée	1.9111576087399766
lycéens	2.2121876044039577
lycées	2.513217600067939
lyon	1.098244252097121
lyon ecole	2.513217600067939
lyon université	2.0360963453482768
lyonbiopôle	2.2121876044039577
lyonnais	2.2121876044039577
lyonnaise	1.9111576087399766
là	0.8319763626923518
là bas	2.513217600067939
lâche	1.6681195600536822
lâche t elle	2.513217600067939
lâche t il	1.471824914909714
lâcher	2.513217600067939
lâchée	2.513217600067939
lègue	2.513217600067939
lève	2.513217600067939
léauté labrèze	2.513217600067939
légale	2.513217600067939
légende	2.513217600067939
léger	1.9111576087399766
légers	2.0360963453482768
légine	2.513217600067939
légitime	1.9111576087399766
légitimes	2.513217600067939
légitimité	2.513217600067939
légitimées	2.513217600067939
légume	2.513217600067939
légumes	1.8142475957319202
légumes quel	2.513217600067939
légumineuses	2.2121876044039577
légère	2.513217600067939
légères	2.2121876044039577
légèreté	2.2121876044039577
lésion	2.0360963453482768
lésions	1.9111576087399766
m	1.8142475957319202
m a	2.2121876044039577
m accorde	2.513217600067939
m arrive	2.513217600067939
m intéresse	2.513217600067939
m intéresser	2.513217600067939
m ont	2.0360963453482768
m s	2.513217600067939
m y	2.513217600067939
m2	1.6681195600536822
m2i	2.513217600067939
ma	1.5589750906286142
mabimprove	2.513217600067939
mace	2.513217600067939
machine	1.8142475957319202
machine réalité	2.513217600067939
machines	1.5589750906286142
machines outils	2.513217600067939
macromoléculaire	2.513217600067939
macromolécules	2.0360963453482768
macroscopique	2.513217600067939
maculaire	2.513217600067939
maculia	2.513217600067939
madagascar	2.513217600067939
madani	2.513217600067939
made	2.513217600067939
madras	2.513217600067939
madrid	2.513217600067939
madère	2.513217600067939
magasin	2.2121876044039577
magazine	2.0360963453482768
magique	2.2121876044039577
magistrales	2.513217600067939
magnifique	2.513217600067939
magnifiques	2.513217600067939
magnétique	1.6681195600536822
magnétique cryosat	2.513217600067939
magnétiques	2.2121876044039577
magnéto inertielle	2.513217600067939
magnétomètres	2.513217600067939
maguin	2.513217600067939
magéo	2.513217600067939
mai	1.3992742477611022
maia	2.513217600067939
maille	2.513217600067939
main	1.5589750906286142
mains	1.9111576087399766
maintenance	1.6101276130759954
maintenant	1.6101276130759954
maintenir	1.6101276130759954
maintien	2.513217600067939
maintient	2.513217600067939
maire	2.513217600067939
mairie	2.513217600067939
mais	0.2507665103375095
maison	2.0360963453482768
maisonnier	2.513217600067939
maisons	2.2121876044039577
majeur	1.3992742477611022
majeure	1.471824914909714
majeures	1.4340363540203143
majeurs	1.6681195600536822
majoritaire	2.513217600067939
majoritairement	2.2121876044039577
majorité	1.5589750906286142
makers	2.513217600067939
mal	1.3992742477611022
malade	2.513217600067939
malades	2.0360963453482768
malades fondation	2.513217600067939
maladie	1.367089564389701
maladies	1.133006358356333
maladies semaine	2.513217600067939
malaisie	2.2121876044039577
malbec	2.513217600067939
malbouffe	2.513217600067939
malbrunot	2.513217600067939
malfaiteurs	2.513217600067939
malgré	1.9111576087399766
mali	2.513217600067939
malier	2.2121876044039577
malléable	2.513217600067939
malvie	2.513217600067939
malymas	2.513217600067939
maman	2.513217600067939
mamba	2.513217600067939
mambas	2.513217600067939
mamirolle	2.2121876044039577
mammifère	2.513217600067939
mammifères	2.513217600067939
management	1.3992742477611022
manager	2.513217600067939
manche	2.513217600067939
manchester	2.513217600067939
mancini	2.513217600067939
mandibulaires	2.513217600067939
mandibule	2.513217600067939
manganèse	2.513217600067939
mange	2.2121876044039577
mangent	2.513217600067939
mangeons	2.513217600067939
manger	1.9111576087399766
mangeur	2.513217600067939
mangeurs	2.0360963453482768
manifestation	1.9111576087399766
manifestations	2.2121876044039577
manifeste	2.513217600067939
manifestement	2.513217600067939
manip	2.513217600067939
manips	2.2121876044039577
manipulation	2.513217600067939
manipulations	2.513217600067939
manipuler	1.471824914909714
manière	0.8797491444883525
manières	2.513217600067939
mannequin	2.513217600067939
manque	1.6681195600536822
manquent	2.0360963453482768
manquer	2.513217600067939
manques	2.513217600067939
manquons	2.513217600067939
manteau	2.513217600067939
manuel	2.513217600067939
manufacturing	2.513217600067939
manufacturées	2.513217600067939
manuscrit	2.513217600067939
manutention	2.513217600067939
map	2.513217600067939
mapi	2.513217600067939
maquette	1.9111576087399766
maquettes	2.513217600067939
marathon	2.513217600067939
maraîchage	2.513217600067939
maraîcher	2.513217600067939
marc	2.2121876044039577
marcellan	2.513217600067939
marchais	2.513217600067939
marchand	2.513217600067939
marchandises	2.0360963453482768
marche	1.8142475957319202
marché	0.7573427443954476
marchéagrene	2.513217600067939
marchés	1.23446399911511
marchés innorobo	2.513217600067939
marchés le	2.513217600067939
marcoule	2.0360963453482768
mardi	2.0360963453482768
marge	2.513217600067939
mari	2.513217600067939
maria	2.513217600067939
mariage	2.0360963453482768
mariani	2.2121876044039577
marie	1.4340363540203143
marier	2.2121876044039577
mariette	2.513217600067939
marin	1.9111576087399766
marine	2.2121876044039577
marines	1.9111576087399766
marins	2.2121876044039577
marion	2.513217600067939
maritime	2.0360963453482768
maritimes	2.2121876044039577
marius	2.513217600067939
mariée	2.513217600067939
mark	2.513217600067939
marketers	2.513217600067939
marketing	1.7350663496842953
marle	2.513217600067939
marmite	2.513217600067939
marne	2.513217600067939
marne la vallée	2.513217600067939
maroc	2.2121876044039577
marocain	2.513217600067939
marocains	2.513217600067939
maron	2.513217600067939
marquage	2.513217600067939
marquantes	2.513217600067939
marquants	2.0360963453482768
marque	1.8142475957319202
marques	2.513217600067939
marqueurs	1.8142475957319202
marqué	2.0360963453482768
marquée	2.2121876044039577
marqués	2.513217600067939
mars	1.0818538359089518
marseille	1.513217600067939
marseille provence	2.513217600067939
marteau	2.513217600067939
martin	2.2121876044039577
martin un	2.513217600067939
martèle	2.513217600067939
maruho	2.513217600067939
marx	2.513217600067939
marées	2.513217600067939
masa	2.513217600067939
masculin	2.513217600067939
masquer	2.2121876044039577
masques	2.513217600067939
massachusetts	2.2121876044039577
massard	2.513217600067939
massard izest	2.513217600067939
masse	1.6101276130759954
masses	2.513217600067939
massif	2.2121876044039577
massifs	2.513217600067939
massive	2.2121876044039577
massivement	1.9111576087399766
massy	2.513217600067939
master	1.5589750906286142
master class	2.513217600067939
master2	2.513217600067939
masters	1.9111576087399766
masticateur	2.513217600067939
mastères	2.513217600067939
masurca	2.513217600067939
mat	2.513217600067939
materials	2.513217600067939
maternel	2.513217600067939
maternelle	2.513217600067939
mathematical	2.513217600067939
mathematics	2.513217600067939
matheron	2.513217600067939
mathias	2.513217600067939
maths	2.513217600067939
mathématicien	1.9111576087399766
mathématicienne	2.513217600067939
mathématiciens	1.8142475957319202
mathématique	2.0360963453482768
mathématiques	1.6101276130759954
matin	1.9111576087399766
matinée	2.2121876044039577
matinée utiliser	2.513217600067939
matière	0.7972142564331398
matières	1.513217600067939
mato	2.513217600067939
matri	2.513217600067939
matrice	2.2121876044039577
matrices	2.513217600067939
maturation	2.2121876044039577
matures	2.513217600067939
maturité	1.8142475957319202
matérialiser	2.513217600067939
matériau	1.471824914909714
matériau 25ème	2.513217600067939
matériaux	0.9004337433482035
matériel	1.9111576087399766
matérielles	2.513217600067939
matériels	1.7350663496842953
maurice	2.513217600067939
maurille	2.513217600067939
mauritania	2.513217600067939
mauritanie	2.513217600067939
mauvais	2.2121876044039577
mauvaise	2.513217600067939
mauvaises	2.513217600067939
maux	2.513217600067939
maxi	2.513217600067939
maxillo faciale	2.513217600067939
maximal	2.513217600067939
maximale	2.0360963453482768
maxime	2.513217600067939
maximum	1.9111576087399766
maximus	2.513217600067939
maya	2.513217600067939
mayas	2.513217600067939
mayenne	2.513217600067939
mayonnaise	2.0360963453482768
mazars	2.513217600067939
maître	1.5589750906286142
maîtresse	2.513217600067939
maîtrisant	2.513217600067939
maîtrise	1.3090976174120141
maîtrisent	2.0360963453482768
maîtriser	1.6681195600536822
maîtrisé	2.2121876044039577
maîtrisée	2.513217600067939
mba	2.513217600067939
mbfh	2.513217600067939
me	1.471824914909714
measurement	2.513217600067939
mechanical	2.513217600067939
mechanics	2.513217600067939
mechatronics	2.513217600067939
med	2.513217600067939
med23	2.513217600067939
medellin	2.513217600067939
media	2.513217600067939
medias 2ème	2.513217600067939
mediazioni	2.513217600067939
medicen	2.0360963453482768
medtec	2.513217600067939
medtech	2.513217600067939
meeting	2.513217600067939
meetings	2.513217600067939
megamix	2.513217600067939
megha tropiques	2.513217600067939
megève	2.513217600067939
mehg	2.513217600067939
mehg des	2.513217600067939
meilleur	1.4340363540203143
meilleure	1.282768678689665
meilleures	2.2121876044039577
meilleurs	1.513217600067939
melbourne	2.513217600067939
mellier	2.513217600067939
meltblown	2.513217600067939
melun	2.513217600067939
membranaire	2.2121876044039577
membranaires	2.513217600067939
membrane	1.6101276130759954
membranes	1.8142475957319202
membre	1.6101276130759954
membres	1.3090976174120141
memolap	2.513217600067939
memory	2.513217600067939
menace	2.0360963453482768
menaces	2.513217600067939
menant	2.2121876044039577
mener	1.23446399911511
menons	1.9111576087399766
mensuel	2.2121876044039577
mensurations	2.513217600067939
mentalités	2.513217600067939
mention	2.513217600067939
menu	2.513217600067939
menus	2.513217600067939
mené	1.257945094964633
menée	1.282768678689665
menées	1.367089564389701
menés	1.282768678689665
mer	1.367089564389701
mercator	2.513217600067939
merck	2.0360963453482768
mercredi	2.513217600067939
mercure	2.2121876044039577
mers	2.0360963453482768
merveille	2.513217600067939
merveilles	2.2121876044039577
mes	1.7350663496842953
message	2.0360963453482768
messages	2.0360963453482768
mesurant	2.2121876044039577
mesure	1.1152775913959014
mesurent	2.513217600067939
mesurer	1.1707949192457328
mesurera	2.513217600067939
mesures	1.23446399911511
mesuré	2.513217600067939
mesurée	2.513217600067939
mesurés	2.2121876044039577
met	1.8142475957319202
metabrain	2.2121876044039577
metafun	2.513217600067939
metagenopolis	2.513217600067939
metahit	2.2121876044039577
metaquant	2.513217600067939
metop	2.513217600067939
mets	2.513217600067939
mettant	1.7350663496842953
mettent	1.7350663496842953
mettez	2.513217600067939
mettra	2.513217600067939
mettra t elle	2.513217600067939
mettre	0.78894173046715
mettrons	2.513217600067939
metz	2.513217600067939
meurent	2.513217600067939
meurtrières	2.513217600067939
meute	2.513217600067939
mexique	2.513217600067939
mgd1	2.513217600067939
mgp	2.513217600067939
mi 2014	2.513217600067939
mi chemin	2.513217600067939
mi janvier	2.513217600067939
mi octobre	2.513217600067939
micalis	2.2121876044039577
mice	2.513217600067939
micelles	2.513217600067939
michael	2.0360963453482768
michaël	2.513217600067939
michel	1.3992742477611022
michelin	2.2121876044039577
michèle	2.513217600067939
mici 5	2.513217600067939
micro	1.8142475957319202
micro algues	2.0360963453482768
micro aérée	2.513217600067939
micro environnement	2.513217600067939
micro geo	2.513217600067939
micro informatique	2.513217600067939
micro levier	2.513217600067939
micro leviers	2.513217600067939
micro obese	2.513217600067939
micro ondes	2.2121876044039577
micro satellites	2.513217600067939
microalgues	1.9111576087399766
microbe	2.513217600067939
microbien	2.2121876044039577
microbienne	2.2121876044039577
microbiennes	2.513217600067939
microbiologie	1.7350663496842953
microbiologique	2.0360963453482768
microbiologiques	2.2121876044039577
microbiote	2.0360963453482768
microbolomètres	2.513217600067939
microcapsules	2.513217600067939
microcircuit	2.513217600067939
microcrédit	2.513217600067939
microdomaines	2.513217600067939
microencapsulation	2.2121876044039577
microenvironnement	2.513217600067939
microfissures	2.513217600067939
microfluidique	2.513217600067939
microglies	2.513217600067939
micromètre	2.2121876044039577
micromètres	2.513217600067939
micrométrique	2.513217600067939
micron	2.0360963453482768
microns	2.0360963453482768
microorganisme	2.513217600067939
microorganismes	1.5589750906286142
microprocesseurs	2.2121876044039577
microsatellite	2.513217600067939
microsatellites	2.513217600067939
microscope	1.9111576087399766
microscopes	2.513217600067939
microscopie	1.8142475957319202
microscopique	2.0360963453482768
microscopiques	1.7350663496842953
microsoft	2.513217600067939
microsymbionte	2.513217600067939
microsystèmes	2.513217600067939
microsystèmes microsystèmes	2.513217600067939
microtechniques	2.2121876044039577
microélectronique	1.8142475957319202
mid	2.513217600067939
midi	2.0360963453482768
midi pyréenes	2.513217600067939
midi pyrénées	1.6681195600536822
midi pyrénées toulouse	2.513217600067939
midinnov	2.513217600067939
mieux	0.7650295730617386
migrateur	2.2121876044039577
migration	2.2121876044039577
migrer	2.0360963453482768
mil	2.513217600067939
milan	2.513217600067939
mildiou	2.513217600067939
miles	2.513217600067939
miliaires	2.513217600067939
milieu	1.212187604403958
milieux	1.6101276130759954
militaire	1.8142475957319202
militaires	1.5589750906286142
militante	2.513217600067939
militaro industrielle	2.513217600067939
millba	2.513217600067939
mille	1.8142475957319202
milles	2.513217600067939
milliard	2.0360963453482768
milliards	1.257945094964633
millier	2.0360963453482768
milliers	1.7350663496842953
millilitres	2.513217600067939
millimètre	2.2121876044039577
millimètres	2.2121876044039577
million	1.471824914909714
millionièmes	2.513217600067939
millions	0.8899683096700385
millipol	2.513217600067939
millième	2.513217600067939
millons	2.513217600067939
millénaires	2.513217600067939
mimer	2.513217600067939
mimétiques	2.513217600067939
mince	2.0360963453482768
minces	1.9111576087399766
mine	2.513217600067939
minerais	2.513217600067939
mines	1.5589750906286142
mines télécom	2.513217600067939
minet	2.513217600067939
mini	2.513217600067939
mini drones	2.513217600067939
mini protéine	2.513217600067939
mini quiz	2.513217600067939
miniaturisation	1.8142475957319202
miniaturisée	2.513217600067939
miniaturisés	2.2121876044039577
minier	2.513217600067939
miniers	2.2121876044039577
minimal	2.513217600067939
minimale	2.513217600067939
minimiser	2.513217600067939
minimum	1.8142475957319202
ministre	1.4340363540203143
ministres	2.0360963453482768
ministère	1.257945094964633
ministériel	2.2121876044039577
minière	2.513217600067939
minute	2.513217600067939
minutes	1.471824914909714
minutieux	2.513217600067939
minérale	2.2121876044039577
minérales	2.513217600067939
minéraux	2.2121876044039577
minéraux fertilisation	2.513217600067939
miracle	2.2121876044039577
miri	2.513217600067939
mirim	2.513217600067939
miroir	2.513217600067939
miroirs	2.2121876044039577
mis	0.9004337433482035
mise	0.7070376260840519
miser	2.2121876044039577
mises	1.513217600067939
missiles	2.513217600067939
mission	1.0508196021689828
missions	1.3371263410122578
mistral	2.513217600067939
mistrals	2.513217600067939
mit	1.9111576087399766
mixte	1.098244252097121
mixtes	2.2121876044039577
mk	2.513217600067939
mm	2.513217600067939
mobile	1.6101276130759954
mobiles	1.6681195600536822
mobilier	2.2121876044039577
mobilisation	2.2121876044039577
mobilise	2.0360963453482768
mobiliser	2.513217600067939
mobilisé	1.8142475957319202
mobilisée	2.513217600067939
mobilisées	2.513217600067939
mobilité	1.7350663496842953
mobilités	2.513217600067939
mobisic	2.513217600067939
modalité	2.513217600067939
modalités	2.513217600067939
mode	1.3992742477611022
modeler	2.513217600067939
modem	2.513217600067939
moderne	2.2121876044039577
modernes	2.2121876044039577
modernisation	2.513217600067939
modernité	2.513217600067939
modes	1.3992742477611022
modestie	2.513217600067939
modifiant	2.2121876044039577
modification	1.513217600067939
modifications	2.2121876044039577
modifie	2.513217600067939
modifier	1.513217600067939
modifié	1.7350663496842953
modifiée	1.7350663496842953
modifiées	2.513217600067939
modulables	2.513217600067939
modulation	2.513217600067939
module	1.6681195600536822
modulent	2.513217600067939
moduler	2.513217600067939
modules	1.8142475957319202
modèle	1.098244252097121
modèles	1.151489764050346
modélisateurs	2.513217600067939
modélisation	1.3992742477611022
modéliser	1.6681195600536822
modéré	2.2121876044039577
modérée	2.513217600067939
modérées	2.513217600067939
moelle	2.2121876044039577
mohamed	2.513217600067939
mohammad	2.513217600067939
moho	2.513217600067939
moi	1.8142475957319202
moindre	1.9111576087399766
moindres	2.2121876044039577
moins	0.6439858803369628
mois	0.7808238402449705
mois ci	2.513217600067939
moisson	2.2121876044039577
moitié	1.4340363540203143
mol	2.513217600067939
molecular	2.2121876044039577
mollard	2.513217600067939
molle	2.2121876044039577
moltech anjou	2.513217600067939
moléculaire	1.257945094964633
moléculaires	1.6101276130759954
molécule	1.282768678689665
molécule clef	2.513217600067939
molécules	1.1152775913959014
moment	1.3371263410122578
moments	1.9111576087399766
mon	1.513217600067939
monaco	2.513217600067939
monate	2.513217600067939
monde	0.5541762077468454
mondes	2.2121876044039577
mondial	1.0360963453482765
mondial l étude	2.513217600067939
mondiale	1.133006358356333
mondiale création	2.513217600067939
mondialement	1.7350663496842953
mondiales	2.513217600067939
mondialisation	2.2121876044039577
mondialisée	2.513217600067939
mondiaux	1.7350663496842953
monitoring	2.513217600067939
monnet	2.513217600067939
mono	2.513217600067939
monoclonaux	2.513217600067939
monocorps	2.513217600067939
monocouloirs	2.513217600067939
monoculture	2.513217600067939
monocytogenes	2.513217600067939
monod	2.513217600067939
monolithique	2.513217600067939
monomodes	2.513217600067939
monopolisés	2.513217600067939
monsieur	2.513217600067939
montage	2.2121876044039577
montagnardes	2.513217600067939
montagne	1.9111576087399766
montagnes	2.2121876044039577
montaient	2.513217600067939
montant	1.5589750906286142
montante	2.513217600067939
montbard	2.513217600067939
monte	2.0360963453482768
montebourg	2.0360963453482768
monteils	2.513217600067939
montent	2.513217600067939
monter	2.0360963453482768
montlouis	2.513217600067939
montpellier	1.282768678689665
montpellier 2	2.513217600067939
montpellier une	2.513217600067939
montpelliéraine	2.513217600067939
montrait	2.513217600067939
montrant	2.0360963453482768
montre	1.6681195600536822
montrent	1.8142475957319202
montrer	1.212187604403958
montré	1.133006358356333
montrée	2.513217600067939
monté	2.513217600067939
montée	2.513217600067939
monumentale	2.513217600067939
mooc	2.513217600067939
moore	2.513217600067939
morceaux	2.513217600067939
mordre	2.513217600067939
mordus	2.513217600067939
mori	2.513217600067939
morpho	2.513217600067939
morphologie	2.513217600067939
morphologique	2.513217600067939
morro	2.513217600067939
mort	2.0360963453482768
mortalité	2.513217600067939
morts	2.513217600067939
mosaïque	2.513217600067939
moscou	2.513217600067939
mosseri	2.513217600067939
mot	1.513217600067939
moteur	1.3992742477611022
moteurs	1.6681195600536822
motif	1.7350663496842953
motion	2.2121876044039577
motivantes	2.513217600067939
motiver	2.513217600067939
motivée	2.513217600067939
motorisation	2.2121876044039577
motorisations	2.513217600067939
motoriste	2.513217600067939
motoristes	2.513217600067939
motrices	2.513217600067939
motricité	2.2121876044039577
mots	1.6681195600536822
mouche	2.513217600067939
mouches	2.513217600067939
mougin	2.513217600067939
mouiller	2.513217600067939
moules	2.513217600067939
mourait	2.513217600067939
mourir	2.513217600067939
mourou	2.2121876044039577
moussantes	2.513217600067939
mousse	2.0360963453482768
mousses	2.2121876044039577
mousson	2.513217600067939
moustique	2.513217600067939
moustiques	2.513217600067939
moutons	2.513217600067939
mouvant	2.513217600067939
mouvement	1.513217600067939
mouvements	1.6681195600536822
mouvoir	2.513217600067939
moveo	2.513217600067939
moyen	1.282768678689665
moyen exploration	2.513217600067939
moyen long	2.2121876044039577
moyen orient	2.513217600067939
moyennant	2.513217600067939
moyenne	1.282768678689665
moyennes	1.9111576087399766
moyens	1.257945094964633
mozambique	2.513217600067939
moûts	2.513217600067939
mp3	2.513217600067939
mpi	2.2121876044039577
mraihi	2.513217600067939
ms	2.513217600067939
ms surveillance	2.513217600067939
msh	2.513217600067939
msl	2.513217600067939
msu	2.513217600067939
mt	2.513217600067939
mturquoise2	2.513217600067939
muhammad	2.513217600067939
mulhouse	2.2121876044039577
multi expositions	2.513217600067939
multi fonctionnels	2.513217600067939
multi ondes	2.513217600067939
multi physiques	2.513217600067939
multi sites	2.513217600067939
multi spectral	2.513217600067939
multicentriques	2.513217600067939
multiculturelle	2.513217600067939
multidisciplinaire	2.0360963453482768
multifonctionnels	2.513217600067939
multilicence	2.513217600067939
multimedia	2.2121876044039577
multimédia	2.513217600067939
multiplatforme	2.513217600067939
multiple	2.513217600067939
multiples	1.5589750906286142
multiplication	1.8142475957319202
multiplicité	2.513217600067939
multiplie	2.513217600067939
multiplient	2.0360963453482768
multiplier	1.9111576087399766
multiprotéique	2.513217600067939
multisystématisée	2.513217600067939
multitude	1.5589750906286142
multivalent	2.513217600067939
muni	2.513217600067939
munich	2.513217600067939
muon	2.513217600067939
muqueuse	2.2121876044039577
mur	2.2121876044039577
muraille	2.513217600067939
muriel	2.513217600067939
murier	2.513217600067939
murs	2.2121876044039577
muscade	2.513217600067939
muscariniques	2.513217600067939
musculaire	2.0360963453482768
musculo squelettiques	2.513217600067939
musicologie	2.513217600067939
musique	2.0360963453482768
musiques	2.513217600067939
musée	1.9111576087399766
musées	2.2121876044039577
muséographique	2.513217600067939
muséum	2.2121876044039577
mutation	2.0360963453482768
mutations	2.2121876044039577
muter	2.513217600067939
mutualisée	2.513217600067939
mutuel	2.513217600067939
mutée	2.513217600067939
mw	2.2121876044039577
myocarde	2.513217600067939
myologie	2.2121876044039577
myriade	2.2121876044039577
myriades	2.513217600067939
myrrha	2.513217600067939
myrte	2.513217600067939
myrtille	2.513217600067939
mystère	2.513217600067939
mystérieuse	2.513217600067939
mystérieux	2.513217600067939
mythique	2.513217600067939
mâcon	2.513217600067939
mâle	2.513217600067939
mâles	2.513217600067939
mène	1.6681195600536822
mènent	2.2121876044039577
mènent ils	2.513217600067939
mère	2.2121876044039577
mères	2.513217600067939
mètre	1.7350663496842953
mètre étalon	2.513217600067939
mètres	1.367089564389701
mécanique	1.3371263410122578
mécanique mixte réduction	2.513217600067939
mécaniques	1.6681195600536822
mécanisme	2.0360963453482768
mécanismes	1.098244252097121
mécatronique	2.2121876044039577
mécatroniques	2.513217600067939
méchante	2.513217600067939
méconnues	2.513217600067939
mécénat	2.513217600067939
médaille	1.471824914909714
médailles	2.513217600067939
médecin	1.8142475957319202
médecine	1.5589750906286142
médecins	1.5589750906286142
média	2.513217600067939
médiane	2.2121876044039577
médias	1.7350663496842953
médiateur	2.513217600067939
médical	1.3371263410122578
médicale	1.6681195600536822
médicale medtec	2.513217600067939
médicales	2.2121876044039577
médicament	2.2121876044039577
médicaments	1.3992742477611022
médication	2.2121876044039577
médicaux	2.0360963453482768
médicaux une	2.513217600067939
médicinales	2.513217600067939
médiocre	2.513217600067939
méditer l enfant	2.513217600067939
méditer risques	2.513217600067939
méditerranée	1.8142475957319202
méditerranéen	2.0360963453482768
méditerranéenne	2.2121876044039577
méditerranéennes	2.513217600067939
méfiance	2.513217600067939
méga projets	2.513217600067939
méga séisme	2.513217600067939
mégha	2.513217600067939
mégha tropique	2.513217600067939
mégha tropiques	2.2121876044039577
mélange	1.9111576087399766
mélanges	2.0360963453482768
mélangé	2.2121876044039577
mémoire	1.6101276130759954
mémoires	2.0360963453482768
mémorisation	2.513217600067939
mémorise	2.513217600067939
mémoriser	2.2121876044039577
mémorisé	2.513217600067939
mémorisées	2.513217600067939
ménaché	2.513217600067939
ménage	2.513217600067939
ménagers	2.513217600067939
ménagé	2.513217600067939
ménopausée	2.513217600067939
mérieux	2.513217600067939
mérite	1.8142475957319202
méritons	2.513217600067939
métabolique	2.0360963453482768
métaboliques	2.0360963453482768
métaboliser	2.513217600067939
métabolisme	1.8142475957319202
métabolome	2.513217600067939
métagénomique	2.0360963453482768
métal	2.513217600067939
métal9	2.513217600067939
métalliques	2.2121876044039577
métallurgie	2.513217600067939
métallurgique	2.513217600067939
métallurgistes	2.513217600067939
métaux	1.6101276130759954
métaux récupérer	2.513217600067939
méteo	2.513217600067939
méthane	2.513217600067939
méthanisation	1.9111576087399766
méthaniseur	2.513217600067939
méthode	1.367089564389701
méthodes	1.098244252097121
méthodologie	1.9111576087399766
méthodologies	2.2121876044039577
méthylmercure	2.513217600067939
méthylène screening	2.513217600067939
méticuleuses	2.513217600067939
métier	1.4340363540203143
métiers	1.282768678689665
métrologie	2.0360963453482768
métrologiques	2.513217600067939
métropole	2.513217600067939
métropolisé	2.513217600067939
métropolitaine	2.513217600067939
métropolitains	2.513217600067939
météo	1.8142475957319202
météo climat	2.513217600067939
météo fance	2.513217600067939
météo france	2.513217600067939
météo france cnrs	2.513217600067939
météorologie	1.9111576087399766
météorologique	1.9111576087399766
météorologiquemétéo	2.513217600067939
météorologiques	1.9111576087399766
mêlent	2.513217600067939
même	0.5541762077468454
mêmes	1.6681195600536822
mûrir	2.513217600067939
n a	1.098244252097121
n a t on	2.513217600067939
n abrite	2.513217600067939
n ai	2.0360963453482768
n allait	2.513217600067939
n allez	1.6101276130759954
n allons	2.513217600067939
n apportant	2.513217600067939
n apprend	2.513217600067939
n arrive t elle	2.513217600067939
n atteindra	2.513217600067939
n aura	2.513217600067939
n auraient	2.2121876044039577
n aurait	1.7350663496842953
n auront	2.513217600067939
n avaient	1.9111576087399766
n avais	2.513217600067939
n avait	1.513217600067939
n avanciez	2.513217600067939
n avions	2.0360963453482768
n avons	1.9111576087399766
n ayant	1.9111576087399766
n empêche	2.0360963453482768
n en	1.23446399911511
n entend	2.513217600067939
n entendent	2.513217600067939
n entraîne	2.513217600067939
n entrera	2.513217600067939
n est	0.7350663496842954
n est ce	2.513217600067939
n est elle	2.513217600067939
n est il	1.9111576087399766
n exclut	2.513217600067939
n existait	2.2121876044039577
n existe	1.513217600067939
n existent	2.2121876044039577
n explique	2.513217600067939
n exportait	2.513217600067939
n hésitant	2.513217600067939
n hésite	1.8142475957319202
n hésitent	2.2121876044039577
n hésitez	2.513217600067939
n importe	1.6681195600536822
n indiquait	2.513217600067939
n intervenons	2.513217600067939
n intéressait	2.513217600067939
n intéressent	2.513217600067939
n observe t on	2.513217600067939
n offre	2.513217600067939
n ont	1.3090976174120141
n ont ils	2.513217600067939
n oublions	2.513217600067939
n utilier	2.513217600067939
n utilise	2.513217600067939
n utilisent	2.513217600067939
n utiliser	2.513217600067939
n y	1.367089564389701
n étaient	2.2121876044039577
n était	1.7350663496842953
n étant	2.2121876044039577
n étonne	2.513217600067939
nacl	2.513217600067939
naco caractérisation	2.513217600067939
nacre	2.513217600067939
nahum	2.513217600067939
naissait	2.513217600067939
naissance	1.513217600067939
naissante	2.513217600067939
naissent	2.513217600067939
nalini	2.513217600067939
nancy	2.2121876044039577
nano	1.9111576087399766
nano ampère	2.513217600067939
nano antenne	2.513217600067939
nano antennes	2.513217600067939
nano circuits	2.513217600067939
nano composants	2.513217600067939
nano fibres	2.513217600067939
nano glycofilms	2.513217600067939
nano micro	2.513217600067939
nano moteur	2.513217600067939
nano objets	2.513217600067939
nano particules	2.513217600067939
nano satellites	2.2121876044039577
nano structuration	2.513217600067939
nano structurés	2.513217600067939
nano vectoriser	2.513217600067939
nanobiotechnologies	2.513217600067939
nanobiotix	2.513217600067939
nanochargé	2.513217600067939
nanoconstruction	2.513217600067939
nanocristaux	2.513217600067939
nanoelectromechanical	2.513217600067939
nanofils	2.2121876044039577
nanoformulation	2.513217600067939
nanoh2	2.513217600067939
nanomanipulation	2.513217600067939
nanomatériaux	1.8142475957319202
nanomètre	2.513217600067939
nanomètres	1.4340363540203143
nanomètres vers	2.513217600067939
nanomédecine	2.513217600067939
nanomédicaments cancer	2.513217600067939
nanométrique	2.0360963453482768
nanométriques	2.2121876044039577
nanoobjets	2.513217600067939
nanoparticules	1.6101276130759954
nanosatellite	2.513217600067939
nanoscale	2.513217600067939
nanoscience	2.513217600067939
nanosciences	2.0360963453482768
nanoscopiques	2.513217600067939
nanostructures	2.513217600067939
nanostructuré	2.513217600067939
nanosystems	2.513217600067939
nanosystèmes	2.513217600067939
nanotechmap	2.513217600067939
nanotechnologie	2.2121876044039577
nanotechnologies	1.7350663496842953
nanotechnologies des	2.513217600067939
nanotechnology	2.513217600067939
nanothinking	2.513217600067939
nanotube	2.2121876044039577
nanotubes	1.9111576087399766
nanoélectronique	2.513217600067939
nantes	1.6101276130759954
nao	2.513217600067939
naples	2.513217600067939
napoléon	2.2121876044039577
nappes	2.513217600067939
narbonne	2.513217600067939
nasa	2.0360963453482768
nasales	2.513217600067939
nash	2.2121876044039577
naskéo	2.513217600067939
natale	2.513217600067939
nathalie	2.513217600067939
natif	2.513217600067939
nation	2.513217600067939
national	0.9334340034511289
nationale	0.9221529930414398
nationales	2.0360963453482768
nationalités	2.513217600067939
nationaux	1.7350663496842953
nations	2.2121876044039577
natixis	2.513217600067939
naturaliste	2.513217600067939
naturalisé	2.513217600067939
nature	1.133006358356333
naturel	1.8142475957319202
naturelle	1.513217600067939
naturellement	1.257945094964633
naturellerecherche	2.513217600067939
naturelles	1.6101276130759954
naturels	1.3090976174120141
nausicaa	2.2121876044039577
nautique	2.513217600067939
nautiques	2.513217600067939
naval	2.2121876044039577
navale	2.513217600067939
navigante	2.513217600067939
navigateur	2.513217600067939
navigation	1.8142475957319202
navigations	2.513217600067939
naviguant	2.513217600067939
naviguent	2.513217600067939
naviguer	2.0360963453482768
navire	2.513217600067939
navires	2.513217600067939
naît	2.513217600067939
naître	2.2121876044039577
naïo	2.513217600067939
ncbir	2.513217600067939
ne	0.3926436688620891
necker	2.2121876044039577
necker enfants	2.513217600067939
neige	2.513217600067939
nems	2.2121876044039577
nerf	2.513217600067939
nerveuse	2.2121876044039577
nerveuses	2.2121876044039577
nerveux	1.9111576087399766
nestlé	2.513217600067939
netsis	2.513217600067939
nette	2.2121876044039577
nettement	2.2121876044039577
nettoyer	2.513217600067939
network	2.0360963453482768
networking	2.513217600067939
neuf	1.7350663496842953
neufs	2.513217600067939
neumann	2.513217600067939
neuro	2.513217600067939
neuro anatomie	2.513217600067939
neuro dsp	2.513217600067939
neurobiologie	2.0360963453482768
neurobiologiste	2.513217600067939
neurochirurgie	2.513217600067939
neurodégénérative	2.2121876044039577
neurodégénératives	1.7350663496842953
neurofpga	2.513217600067939
neurologique	2.513217600067939
neurologiques	2.0360963453482768
neurologue	2.2121876044039577
neurologues	2.2121876044039577
neuromédiateur	2.513217600067939
neuronal	2.513217600067939
neuronale	2.2121876044039577
neuronales	2.513217600067939
neuronaux	2.2121876044039577
neurone	2.513217600067939
neurones	1.7350663496842953
neuropic	2.513217600067939
neuroprotecteur	2.513217600067939
neuropsychologie	2.513217600067939
neuropsychologues	2.513217600067939
neuropsychopharmacology	2.513217600067939
neurosciences	1.9111576087399766
neurosensorielles	2.513217600067939
neurotoxicité	2.513217600067939
neurotoxicté	2.513217600067939
neurotoxiques	2.513217600067939
neurotransmetteur	2.513217600067939
neutraliser	2.513217600067939
neutre	2.513217600067939
neutrinos	2.2121876044039577
neutron	2.513217600067939
neutroniques	2.2121876044039577
neutrons	2.2121876044039577
neuve	2.513217600067939
neuville	2.513217600067939
nevers	2.513217600067939
new	1.7350663496842953
newvectys	2.513217600067939
ngl	2.513217600067939
ni	1.6681195600536822
niccolaï	2.513217600067939
nice	2.0360963453482768
niche	1.8142475957319202
niches	2.513217600067939
nicklaus	2.2121876044039577
nicklaus colloque	2.513217600067939
nicolas	1.9111576087399766
nicole	2.513217600067939
niger	2.513217600067939
nigeria	2.513217600067939
nigérian	2.513217600067939
nii	2.513217600067939
nilotica	2.513217600067939
niobium	2.513217600067939
nist	2.513217600067939
nitroglycérine	2.513217600067939
nitrure	2.513217600067939
nitry	2.513217600067939
niveau	0.6936736645260704
niveaux	1.3992742477611022
nizo	2.513217600067939
niçoise	2.513217600067939
nm	2.513217600067939
noaa	2.513217600067939
nobel	1.6681195600536822
nodosités	2.513217600067939
noeton	2.513217600067939
noetontexrank	2.513217600067939
nofima	2.513217600067939
noir	2.513217600067939
noire	2.2121876044039577
noires	2.2121876044039577
noisy le grand	2.513217600067939
nom	1.367089564389701
nombre	0.8056474239700027
nombreuses	0.9947036601900515
nombreux	0.8697649235817516
nominal	2.513217600067939
nominale	2.513217600067939
nommer	2.513217600067939
nommé	1.9111576087399766
nommée	2.513217600067939
noms	2.2121876044039577
non	0.6211229973774586
non circulantes	2.513217600067939
non destructifs	2.513217600067939
non invasifs	2.513217600067939
nontissés	2.513217600067939
norbert	2.2121876044039577
nord	1.1707949192457328
nord américain	2.0360963453482768
nord est	2.513217600067939
nord occidental	2.513217600067939
nord occidentale	2.513217600067939
nord ouest	2.513217600067939
nord sud	2.513217600067939
normal	1.8142475957319202
normale	1.6681195600536822
normalement	2.513217600067939
normales	2.513217600067939
normalisation	2.2121876044039577
normes	1.9111576087399766
norvège	2.2121876044039577
norvège coupe	2.513217600067939
nos	0.8230215200394253
nota	2.513217600067939
notable	2.513217600067939
notamment	0.49618426076915867
note	1.6101276130759954
note t il	2.513217600067939
noter	2.2121876044039577
notion	1.8142475957319202
notoires	2.513217600067939
notons	2.2121876044039577
notoriété	1.9111576087399766
notre	0.727887765057172
notz	2.2121876044039577
noté	2.2121876044039577
nouer	2.0360963453482768
nouffert	2.513217600067939
nouméa	2.513217600067939
nourricière	2.513217600067939
nourrir	1.471824914909714
nourrissant	2.513217600067939
nourrissent	2.513217600067939
nourrisson	2.2121876044039577
nourrissons	2.513217600067939
nourrit	2.2121876044039577
nourriture	2.2121876044039577
nous	0.45631274873146643
nouveau	0.8319763626923518
nouveautés	2.2121876044039577
nouveaux	0.7423655884257948
nouvel	1.257945094964633
nouvelle	0.6681195600536822
nouvelle zélande	2.2121876044039577
nouvellement	2.2121876044039577
nouvelles	0.78894173046715
noué	2.2121876044039577
novachim	2.513217600067939
novaqt	2.513217600067939
novateur	1.9111576087399766
novembre	1.212187604403958
novice	2.513217600067939
novices	2.513217600067939
nox	2.513217600067939
noyau	1.8142475957319202
noyaux	2.0360963453482768
nse	2.513217600067939
nu age	2.2121876044039577
nuage	2.2121876044039577
nuages	2.2121876044039577
nuageuse	2.2121876044039577
nuance	2.513217600067939
nucadvisor	2.513217600067939
nuclear	2.513217600067939
nucléaire	1.3992742477611022
nucléaires	1.6101276130759954
nuisibles	2.513217600067939
nuit	2.0360963453482768
nul	2.513217600067939
nullement	2.2121876044039577
numérique	1.1909983053340196
numériques	1.513217600067939
numéro	1.6101276130759954
nuptiale	2.513217600067939
nutox	2.513217600067939
nutraceutiques	2.513217600067939
nutriment	2.2121876044039577
nutriments	1.8142475957319202
nutrineuro	2.513217600067939
nutrineuromesurer	2.513217600067939
nutrition	1.257945094964633
nutritionnel	1.9111576087399766
nutritionnelle	1.7350663496842953
nutritionnellement	2.513217600067939
nutritionnelles	1.7350663496842953
nutritionnels	2.0360963453482768
nutritionniste	2.513217600067939
né	1.5589750906286142
néanmoins	1.098244252097121
nécessaire	0.9817386830256839
nécessaire entre	2.513217600067939
nécessairement	1.7350663496842953
nécessaires	0.9334340034511289
nécessitant	1.5589750906286142
nécessite	1.1152775913959014
nécessitent	1.8142475957319202
nécessitent ils	2.513217600067939
nécessiter	2.513217600067939
nécessitera	2.513217600067939
nécessité	1.0508196021689828
née	1.471824914909714
néel	2.2121876044039577
néfastes	2.513217600067939
négatif	2.0360963453482768
négatifs	2.513217600067939
négative	2.2121876044039577
négatives	2.513217600067939
négligeable	2.0360963453482768
négligeables	2.513217600067939
négliger	2.2121876044039577
négligé	2.513217600067939
négociation	2.513217600067939
négocier	2.513217600067939
négocié	2.513217600067939
négrette	2.513217600067939
nématodes	2.513217600067939
néoformés	2.513217600067939
néolithique	2.513217600067939
néon	2.513217600067939
néophytes	2.513217600067939
néovins	2.513217600067939
nés	2.2121876044039577
nîmes supagro cirad ephe ird inra	2.513217600067939
nôtre	2.2121876044039577
obasanjo	2.513217600067939
objectif	0.6681195600536822
objectifs	1.367089564389701
objective	2.2121876044039577
objet	1.6101276130759954
objets	1.471824914909714
obligataire	2.513217600067939
obligations	2.513217600067939
obligatoirement	1.9111576087399766
oblige	2.513217600067939
obligé	2.513217600067939
obligés	2.513217600067939
observable	2.513217600067939
observables	2.513217600067939
observait	2.513217600067939
observant	1.9111576087399766
observateur	2.513217600067939
observation	1.9111576087399766
observation main	2.513217600067939
observations	2.0360963453482768
observatoire	2.0360963453482768
observe	1.212187604403958
observe t elle	2.513217600067939
observe t il	1.6681195600536822
observe t il medtech	2.513217600067939
observe t il safran	2.513217600067939
observent	2.2121876044039577
observent ils	2.513217600067939
observer	1.3090976174120141
observing	2.2121876044039577
observé	1.367089564389701
observée	1.6681195600536822
observées	1.8142475957319202
observés	1.9111576087399766
obstacles	2.2121876044039577
obtenant	2.513217600067939
obtenir	1.5589750906286142
obtentions	2.513217600067939
obtenu	1.3992742477611022
obtenue	1.9111576087399766
obtenues	1.7350663496842953
obtenus	1.212187604403958
obtiendront	2.513217600067939
obtiennent	2.513217600067939
obtient	2.2121876044039577
obèses	2.513217600067939
obésité	2.513217600067939
ocari	2.513217600067939
occasion	1.3371263410122578
occasionnant	2.513217600067939
occident	2.513217600067939
occidentale	1.9111576087399766
occidentaux	2.2121876044039577
occupait	2.513217600067939
occupant	2.513217600067939
occupe	1.6101276130759954
occupent	2.0360963453482768
occuper	2.2121876044039577
occupera	2.513217600067939
occupiez	2.513217600067939
occupé	1.9111576087399766
occupée	2.513217600067939
ocean	2.513217600067939
oceanic	2.513217600067939
oceans	2.513217600067939
ockham	2.513217600067939
octapeptide	2.513217600067939
octobre	0.9817386830256839
oculaires	2.0360963453482768
oculaires ecrire	2.513217600067939
oculomoteurs	2.513217600067939
oculomètre	2.513217600067939
océan	2.2121876044039577
océanie	2.513217600067939
océanique	2.0360963453482768
océaniques	2.0360963453482768
océanographe	2.2121876044039577
océanographie	2.0360963453482768
océanographique	2.2121876044039577
océanographiques	2.2121876044039577
océans	1.7350663496842953
océans sea	2.513217600067939
odeurs	1.9111576087399766
odorantes	2.513217600067939
odorants	2.513217600067939
oeil	2.513217600067939
oem	2.513217600067939
oeuvrant	2.513217600067939
oeuvre	1.1707949192457328
oeuvrer	2.513217600067939
oeuvres	2.513217600067939
of	1.133006358356333
off	2.513217600067939
offertes	2.0360963453482768
officialisant	2.513217600067939
officiel	1.8142475957319202
officielle	2.2121876044039577
officiellement	1.471824914909714
officielles	2.513217600067939
officiels	2.513217600067939
officiers	2.513217600067939
offrait	2.513217600067939
offrant	2.513217600067939
offre	1.23446399911511
offrent	2.0360963453482768
offres	2.0360963453482768
offreurs	2.513217600067939
offrir	1.9111576087399766
offrira	2.2121876044039577
offriront	2.513217600067939
oh	1.8142475957319202
ohmi	2.513217600067939
oiseaux	2.0360963453482768
olfactifs	2.513217600067939
olfactive	2.0360963453482768
olfactives	2.513217600067939
olives	2.513217600067939
olivier	1.6681195600536822
olusegun	2.513217600067939
oléagineuse	2.513217600067939
oléagineuses	2.513217600067939
oléagineux	2.513217600067939
omar	2.513217600067939
ombistocking	2.513217600067939
omnt	2.2121876044039577
oms	2.2121876044039577
on	0.5837986743536463
onde	2.0360963453482768
ondes	1.5589750906286142
ondimba	2.513217600067939
one	2.2121876044039577
ong	2.2121876044039577
online	2.513217600067939
ont	0.2751714969391436
ont il	2.513217600067939
ont ils	1.7350663496842953
onu	2.513217600067939
onze	2.2121876044039577
onzième	2.513217600067939
onéreux	2.513217600067939
opaline	2.0360963453482768
open	1.9111576087399766
openlab	2.513217600067939
openlabs	2.513217600067939
ophtalmologues	2.513217600067939
opinion	2.513217600067939
oppenheimer	2.513217600067939
opportun	2.2121876044039577
opportunité	1.513217600067939
opportunités	1.7350663496842953
opposé	2.513217600067939
opte	2.513217600067939
opter	2.0360963453482768
optera	2.513217600067939
optifel	2.513217600067939
optimale	2.2121876044039577
optimisant	1.9111576087399766
optimisation	2.513217600067939
optimise	2.513217600067939
optimised	2.513217600067939
optimisent	2.513217600067939
optimiser	1.3992742477611022
optimiste	2.0360963453482768
optimisées	2.2121876044039577
optimisés	2.2121876044039577
optimization	2.513217600067939
option	2.0360963453482768
optionnels	2.513217600067939
optique	1.8142475957319202
optiques	1.7350663496842953
optiques une	2.513217600067939
optitec	2.513217600067939
opto mécanique	2.513217600067939
optoélectronique	2.513217600067939
opté	1.8142475957319202
opv	2.513217600067939
opérant	2.513217600067939
opérateur	2.513217600067939
opérateurs	1.6101276130759954
opération	2.0360963453482768
opérationnel	1.5589750906286142
opérationnelle	1.6681195600536822
opérationnelle déjà	2.513217600067939
opérationnelles	2.0360963453482768
opérationnels	1.8142475957319202
opérations	1.5589750906286142
opératoire	2.513217600067939
or	0.5309463670283706
orageuse	2.513217600067939
orageux	2.513217600067939
orale	2.2121876044039577
orales	2.513217600067939
orbitaux	2.513217600067939
orbite	1.6681195600536822
orbites	2.2121876044039577
ordinateur	2.0360963453482768
ordinateurs	2.0360963453482768
ordre	2.2121876044039577
ordres	2.513217600067939
oreille	2.513217600067939
oreilles	2.513217600067939
organe	1.8142475957319202
organes	1.7350663496842953
organic	2.513217600067939
organique	1.8142475957319202
organique rotations	2.513217600067939
organiques	1.6101276130759954
organisait	2.2121876044039577
organisateurs	1.8142475957319202
organisation	1.9111576087399766
organisationnelle	2.513217600067939
organisations	2.2121876044039577
organise	1.282768678689665
organisent	1.6101276130759954
organisera	2.513217600067939
organiseront	2.513217600067939
organisme	1.8142475957319202
organismes	1.212187604403958
organisé	1.3371263410122578
organisée	1.513217600067939
organisées	2.0360963453482768
organisés	1.8142475957319202
organization	2.513217600067939
organoleptique	2.0360963453482768
organoleptiques	1.9111576087399766
orient	2.2121876044039577
orientation	2.2121876044039577
orientations	2.0360963453482768
oriente	2.513217600067939
oriented	2.513217600067939
orienté	2.513217600067939
orientée	2.513217600067939
orientées	2.513217600067939
orientés	2.513217600067939
originaire	2.2121876044039577
original	1.6681195600536822
originale	1.3371263410122578
originales	1.8142475957319202
originalité	2.2121876044039577
originalités	2.2121876044039577
originaux	2.0360963453482768
originelle	2.513217600067939
origines	2.0360963453482768
orl	2.2121876044039577
orléans	2.513217600067939
ormeaux	2.513217600067939
ornementaux	2.513217600067939
oro intestinal hypothalamus	2.513217600067939
oro sensorielle	2.513217600067939
orphelines	2.513217600067939
orpheon	2.513217600067939
orsay	1.9111576087399766
orthophonistes	2.513217600067939
orthoptistes	2.513217600067939
orthopédique	2.2121876044039577
os	2.0360963453482768
oscillant	2.513217600067939
oscillations	2.513217600067939
ose	2.513217600067939
oseo	2.2121876044039577
osiris	2.513217600067939
osmotique	2.513217600067939
osmotiques	2.513217600067939
ossements	2.513217600067939
osseuse	2.0360963453482768
osseuses	2.0360963453482768
osseux	2.2121876044039577
ostéo articulaires	2.513217600067939
ostéoclastes	2.513217600067939
osé	2.2121876044039577
oséo	1.9111576087399766
otc	2.513217600067939
ou	0.25314621208286425
ou plus	2.513217600067939
ouagadougou	2.513217600067939
oublier	1.7350663496842953
oudghiri	2.513217600067939
ouest	2.513217600067939
ouf	2.513217600067939
ougadougou	2.513217600067939
oui	2.0360963453482768
ouragans	2.513217600067939
out	2.513217600067939
outcomes	2.513217600067939
outdoor	2.513217600067939
outil	1.008067621748033
outils	1.008067621748033
outre	1.0508196021689828
outre atlantique	2.513217600067939
ouvert	1.8142475957319202
ouverte	1.9111576087399766
ouvertes	1.8142475957319202
ouverture	2.0360963453482768
ouvrage	1.367089564389701
ouvrages	2.2121876044039577
ouvrant	2.2121876044039577
ouvre	1.471824914909714
ouvrent	2.2121876044039577
ouvriers	2.2121876044039577
ouvrir	2.2121876044039577
ouvrira	2.513217600067939
ouvrons	2.513217600067939
ovoïde	2.513217600067939
oxydant	2.2121876044039577
oxydatif	2.513217600067939
oxydatifs	2.513217600067939
oxyder	2.513217600067939
oxydes	2.513217600067939
oxygène	2.513217600067939
oz	2.513217600067939
ozone	2.513217600067939
où	0.6619592513488637
p g	2.513217600067939
p k	2.513217600067939
p80	2.2121876044039577
p80fw	2.513217600067939
pac	2.513217600067939
paca	1.9111576087399766
pacea	2.513217600067939
pacifique	2.513217600067939
packages	2.513217600067939
packaging	2.0360963453482768
packaging pcd	2.513217600067939
packard	2.513217600067939
packs	2.513217600067939
pacte	2.2121876044039577
pactole	2.513217600067939
page	2.2121876044039577
pages	1.9111576087399766
pain	2.2121876044039577
paindavoine	2.513217600067939
paisible	2.513217600067939
paix	2.513217600067939
palais	1.9111576087399766
palaiseau	1.9111576087399766
paleo specimens	2.513217600067939
pales	2.513217600067939
palette	1.9111576087399766
paliers	2.513217600067939
pallier	2.2121876044039577
palme	2.2121876044039577
palmier	2.2121876044039577
palmiers	2.2121876044039577
palmivore	2.513217600067939
paludisme	2.513217600067939
paléoanthropologue	2.513217600067939
paléoenvironnements	2.513217600067939
paléopathologie	2.513217600067939
paléopathologiste	2.513217600067939
pam	2.2121876044039577
pamatec	2.513217600067939
pan européenne	2.513217600067939
panache	2.513217600067939
panaches	2.513217600067939
pancréas	2.513217600067939
pancréatique	2.513217600067939
pancréatiques	2.2121876044039577
panel	2.0360963453482768
panne	2.2121876044039577
panneaux	1.8142475957319202
panoplie	2.2121876044039577
panorama	1.8142475957319202
papier	2.513217600067939
papiers	2.513217600067939
papilles	2.513217600067939
papillome	2.513217600067939
papillon	2.2121876044039577
papillons	2.513217600067939
par	0.07546703724755104
parachevant	2.513217600067939
parade	2.513217600067939
paraissait	2.513217600067939
parallèle	1.4340363540203143
parallèlement	0.8230215200394253
paralyse	2.513217600067939
paralysie	2.513217600067939
paramètres	1.7350663496842953
paramétrable	2.513217600067939
paramétrer	2.513217600067939
parasite	2.513217600067939
parasitoïdes	2.513217600067939
paraît	2.513217600067939
paraître	2.0360963453482768
parc	1.8142475957319202
parce	1.1707949192457328
parcellaires	2.513217600067939
parcelle	2.2121876044039577
parcelles	2.0360963453482768
parcourant	2.513217600067939
parcourir	2.0360963453482768
parcours	1.513217600067939
parcouru	1.8142475957319202
parcourues	2.513217600067939
parcourus	2.513217600067939
pare feux	2.513217600067939
pareil	2.2121876044039577
parentales	2.513217600067939
parentalité	2.513217600067939
parenthèse	2.513217600067939
parents	1.6681195600536822
parfait	1.8142475957319202
parfaite	2.513217600067939
parfaitement	1.133006358356333
parfaits	2.2121876044039577
parfois	1.23446399911511
parfum	2.513217600067939
parfumerie	2.513217600067939
parfumerie cosmétique	2.513217600067939
parfums	2.513217600067939
pari	2.2121876044039577
parietal	2.513217600067939
parieurs	2.513217600067939
paris	0.6558851036366705
paris diderot	2.2121876044039577
paris est	2.513217600067939
paris saclay ile de france	2.513217600067939
paris sud	1.471824914909714
paris sud cnrs	2.513217600067939
paris vi	2.513217600067939
parisien	2.513217600067939
parisienne	1.9111576087399766
paristech	1.4340363540203143
paristech upmc université	2.2121876044039577
parkinson	2.0360963453482768
parkinsoniens	2.2121876044039577
parle	1.3371263410122578
parle t elle	2.513217600067939
parle t on	2.513217600067939
parlent	2.2121876044039577
parlent ils	2.513217600067939
parler	1.367089564389701
parlera	1.9111576087399766
parlez	2.513217600067939
parlé	2.513217600067939
parmi	0.8899683096700385
paroi	2.513217600067939
parois	2.513217600067939
parole	2.513217600067939
paroles	2.513217600067939
parrain	2.2121876044039577
parrainé	2.513217600067939
part	0.9947036601900515
partage	1.7350663496842953
partageant	2.0360963453482768
partagent	2.2121876044039577
partager	1.6681195600536822
partagé	2.2121876044039577
partagée	2.513217600067939
partagées	2.513217600067939
partagés	2.513217600067939
partant	1.8142475957319202
partenaire	1.6101276130759954
partenaires	0.6743685093306837
partenariale	2.513217600067939
partenariales journées	2.513217600067939
partenariat	0.8797491444883525
partenariats	1.23446399911511
partenariats intelligence	2.513217600067939
parti	2.2121876044039577
participait	2.2121876044039577
participant	1.8142475957319202
participantes	2.2121876044039577
participants	1.3090976174120141
participants la	2.513217600067939
participation	1.8142475957319202
participations	2.513217600067939
participe	1.6101276130759954
participent	1.471824914909714
participer	1.3090976174120141
participera	2.513217600067939
participeront	1.9111576087399766
participons	2.513217600067939
participé	1.367089564389701
particularité	1.4340363540203143
particule	2.0360963453482768
particules	1.3992742477611022
particulier	0.5309463670283706
particuliers	2.0360963453482768
particulière	1.6101276130759954
particulièrement	0.9111576087399766
partie	0.9111576087399766
partielle	2.513217600067939
partielles	2.513217600067939
parties	1.9111576087399766
partir	0.8697649235817516
partition	2.513217600067939
partnering	2.513217600067939
partners	1.7350663496842953
partout	1.7350663496842953
parts	2.2121876044039577
parution	2.513217600067939
parvenir	1.0660595687257197
parvenons	2.513217600067939
parvenu	2.513217600067939
parvenus	1.513217600067939
parvient	2.513217600067939
pas	0.36708956438970103
pas de calais	2.513217600067939
pasadena	2.513217600067939
pasadéna	2.513217600067939
pascal	1.9111576087399766
pascale	2.2121876044039577
pass	2.2121876044039577
passage	1.3090976174120141
passagers	2.513217600067939
passages	2.0360963453482768
passagère	2.513217600067939
passagères	2.513217600067939
passant	1.3992742477611022
passe	1.3371263410122578
passent	2.513217600067939
passer	1.1909983053340196
passera	2.513217600067939
passeront	2.513217600067939
passif	2.513217600067939
passif suivi	2.513217600067939
passion	2.0360963453482768
passionnant	1.8142475957319202
passionnante	2.513217600067939
passionnantes	2.2121876044039577
passionnants	2.513217600067939
passionne	2.513217600067939
passionnent	2.513217600067939
passionné	2.0360963453482768
passé	1.367089564389701
passée	1.513217600067939
passées	2.0360963453482768
passés	2.2121876044039577
pastel	2.513217600067939
pasteur	1.9111576087399766
pasteurs	2.513217600067939
paternité	2.513217600067939
pathogène	2.0360963453482768
pathogènes	2.2121876044039577
pathogènes mutualistes	2.513217600067939
pathologie	1.6681195600536822
pathologies	1.513217600067939
pathologiques	2.2121876044039577
pathoquest	2.513217600067939
pathoquest pathoquest	2.513217600067939
pathways	2.513217600067939
paticipants	2.513217600067939
patient	1.513217600067939
patientes	2.513217600067939
patients	1.1909983053340196
patients deux	2.513217600067939
patrice	1.9111576087399766
patricia	2.513217600067939
patrick	2.513217600067939
patrie	2.513217600067939
patrimoine	2.0360963453482768
patronage	2.513217600067939
patrons	2.513217600067939
patte	2.513217600067939
pattes	2.513217600067939
pau	2.513217600067939
paul	2.2121876044039577
paulo	2.513217600067939
pauses café	2.513217600067939
pauvre	2.513217600067939
pauvres	2.513217600067939
pauvreté	2.513217600067939
pavillon	2.513217600067939
payantes	2.513217600067939
payraud	2.513217600067939
pays	0.7573427443954476
pays aldebaran	2.513217600067939
pays bas	1.8142475957319202
pays lorsque	2.513217600067939
paysage	1.9111576087399766
paysandisia	2.513217600067939
paysanne	2.513217600067939
paysans	2.513217600067939
pc	2.2121876044039577
pcd	2.513217600067939
pcr	2.513217600067939
pcrd	1.9111576087399766
pdcs	2.513217600067939
pdg	2.513217600067939
peau	1.9111576087399766
peaux	2.513217600067939
pech	2.513217600067939
pect	2.513217600067939
pecten	2.513217600067939
pegase	2.513217600067939
peine	1.7350663496842953
peinture	2.513217600067939
peintures	2.0360963453482768
pelco	2.513217600067939
peltier	2.513217600067939
penant	2.513217600067939
pencher	2.513217600067939
penchées	2.513217600067939
pendant	1.3090976174120141
pensait	2.513217600067939
pense	1.513217600067939
pense t elle	2.513217600067939
penser	1.6681195600536822
penserons	2.513217600067939
pensons	2.2121876044039577
pensé	2.0360963453482768
pensée	2.513217600067939
pensées	2.513217600067939
pente	2.513217600067939
pentrite	2.513217600067939
pepsine	2.513217600067939
peptide	2.2121876044039577
peptide induced	2.513217600067939
peptides	1.9111576087399766
per opératoire	2.513217600067939
perceptible	2.513217600067939
perceptibles	2.513217600067939
perception	1.6101276130759954
perceptions	2.513217600067939
perceptives	2.513217600067939
percevez vous	2.513217600067939
percevoir	2.513217600067939
percée	2.513217600067939
percées	2.513217600067939
perdent	2.2121876044039577
perdre	1.9111576087399766
perdu	2.0360963453482768
perdues	2.513217600067939
perdus	2.513217600067939
perfectionner	2.513217600067939
perforation	2.2121876044039577
performance	1.513217600067939
performances	1.1909983053340196
performant	1.7350663496842953
performantes	2.0360963453482768
performantes neuro dsp	2.513217600067939
performants	1.6681195600536822
perfumes	2.513217600067939
peri	2.513217600067939
permanence	1.6681195600536822
permanent	2.513217600067939
permanente	2.0360963453482768
permanents	2.2121876044039577
permet	0.5994037476842223
permet elle	2.513217600067939
permettait	2.2121876044039577
permettant	0.8600050862925953
permette	1.8142475957319202
permettent	0.9817386830256839
permettra	1.0360963453482765
permettraient	2.513217600067939
permettrait	1.5589750906286142
permettre	0.6936736645260704
permettront	1.3371263410122578
permettront elles	2.513217600067939
permis	0.7573427443954476
permise	2.513217600067939
perméabilité	2.513217600067939
perméable	2.513217600067939
peroxysomes	2.513217600067939
perpétuel	2.513217600067939
perpétuent	2.513217600067939
perrier cornet	2.513217600067939
persistance	2.513217600067939
persistant	2.513217600067939
persistante	2.513217600067939
persistent	2.513217600067939
personnage	2.2121876044039577
personnalisé	2.513217600067939
personnalisée	2.2121876044039577
personnalisés	2.513217600067939
personnalités	2.2121876044039577
personne	1.1909983053340196
personnel	1.7350663496842953
personnelle	2.513217600067939
personnels	1.8142475957319202
personnes	0.6558851036366705
perspective	1.9111576087399766
perspectives	1.257945094964633
perspectives l os	2.513217600067939
persuadé	2.2121876044039577
persuadés	2.513217600067939
perte	1.6101276130759954
pertes	2.0360963453482768
pertinence	2.0360963453482768
pertinente	1.9111576087399766
pertinents	2.0360963453482768
perturbation	2.513217600067939
perturbations	2.0360963453482768
perturbe	2.513217600067939
perturbée	2.513217600067939
perçoit	2.0360963453482768
perçu	2.513217600067939
perçue	2.513217600067939
perçues	2.513217600067939
pesant	2.2121876044039577
peser	2.0360963453482768
pessimisme	2.513217600067939
pessimiste	2.2121876044039577
pesticides	2.513217600067939
pesée	2.513217600067939
pesées	2.2121876044039577
petawatt	2.513217600067939
petawatts	2.513217600067939
peter	2.513217600067939
petit	1.212187604403958
petite	1.0508196021689828
petites	1.367089564389701
petits	1.3371263410122578
peu	0.6807086873617026
peugeot	2.0360963453482768
peuple	2.513217600067939
peuplent	1.8142475957319202
peupler	2.513217600067939
peuples	2.513217600067939
peuplé	2.513217600067939
peur	2.2121876044039577
peut	0.5889383140060573
peut elle	1.9111576087399766
peut il	2.513217600067939
peut on	1.6101276130759954
peut être	1.9111576087399766
peuvent	0.7972142564331398
peuvent ils	2.513217600067939
peyne	2.513217600067939
ph	2.2121876044039577
phare	1.7350663496842953
phares	2.0360963453482768
pharma	1.9111576087399766
pharmaceutique	1.5589750906286142
pharmaceutiques	2.2121876044039577
pharmacie	1.6101276130759954
pharmaciens	2.2121876044039577
pharmacologie	2.513217600067939
pharmacologique	2.513217600067939
pharmacologiques	2.513217600067939
pharmacologue	2.2121876044039577
pharmacotechnie	2.513217600067939
phase	1.1152775913959014
phases	1.9111576087399766
phenome	2.2121876044039577
phenome des	2.513217600067939
phenotyping	2.2121876044039577
philip	2.513217600067939
philippe	1.471824914909714
philippines	2.513217600067939
philosophe	2.2121876044039577
philosophes	2.513217600067939
philosophie	2.0360963453482768
phone	2.513217600067939
phosphate	2.2121876044039577
phosphates	2.513217600067939
phosphatés	2.513217600067939
phospholipid	2.513217600067939
phospholipides	2.513217600067939
photo	2.513217600067939
photo acoustique	2.513217600067939
photocoagulation	2.513217600067939
photocopie	2.513217600067939
photodetector	2.513217600067939
photodétecteurs	2.513217600067939
photographie	2.513217600067939
photographiques	2.513217600067939
photomultiplicateurs	2.513217600067939
photonics	2.2121876044039577
photonique	2.2121876044039577
photons	2.0360963453482768
photophysique	2.513217600067939
photos	2.2121876044039577
photosynthèse	2.2121876044039577
photosynthétiques	2.513217600067939
photovoltaics	2.513217600067939
photovoltaïque	1.8142475957319202
photovoltaïques	2.0360963453482768
phrases	2.513217600067939
physco chimie	2.513217600067939
physical	2.0360963453482768
physicien	1.6681195600536822
physiciens	1.513217600067939
physico chimie	1.9111576087399766
physico chimiques	2.0360963453482768
physics	2.513217600067939
physiologie	1.6101276130759954
physiologique	2.0360963453482768
physiologiques	1.8142475957319202
physionomies	2.513217600067939
physiopathologie	2.513217600067939
physiopathologies	2.513217600067939
physiopathologique	2.513217600067939
physique	1.151489764050346
physiques	1.7350663496842953
phyto chimique	2.513217600067939
phytochip	2.513217600067939
phytosanitaire	2.2121876044039577
phytosanitaire de	2.513217600067939
phénix	2.513217600067939
phénoarch	2.513217600067939
phénoliques	2.513217600067939
phénomène	1.7350663496842953
phénomènes	1.3090976174120141
phénoménale	2.513217600067939
phénotypage	2.2121876044039577
phénotype	2.513217600067939
phénotypes	2.513217600067939
phénotypiques	2.513217600067939
phéromone	2.513217600067939
phéromones	2.513217600067939
piano	2.513217600067939
pib	2.513217600067939
pic	2.513217600067939
picf	2.513217600067939
picosatellite	2.513217600067939
picosatellites	2.513217600067939
picot	2.513217600067939
picq	2.2121876044039577
picq un	2.513217600067939
picqué	2.513217600067939
pics	2.513217600067939
pied	2.0360963453482768
pieds	2.0360963453482768
piercan	2.513217600067939
pierre	1.1152775913959014
pierre georges	2.513217600067939
pierre gilles	2.513217600067939
pierrot	2.2121876044039577
pieux	2.513217600067939
pigment	2.513217600067939
pigments	2.513217600067939
pigniez	2.513217600067939
pile	2.0360963453482768
piles	2.2121876044039577
piliers	2.513217600067939
pilotables	2.513217600067939
pilotage	1.6101276130759954
pilotant	2.513217600067939
pilote	1.6101276130759954
piloter	2.0360963453482768
pilotes	1.7350663496842953
piloté	1.5589750906286142
pin	2.513217600067939
pince	2.513217600067939
pionnier	1.9111576087399766
pionniers	2.0360963453482768
pionnière	2.513217600067939
pionnières	2.513217600067939
pipe lines	2.513217600067939
piquer	2.513217600067939
piqué	2.513217600067939
piraterie	2.513217600067939
pire	2.2121876044039577
piste	2.2121876044039577
pistes	1.4340363540203143
pitié	2.513217600067939
pixels	1.9111576087399766
pizza	2.513217600067939
pièce	1.8142475957319202
pièces	1.9111576087399766
piège	2.513217600067939
piégeage	2.513217600067939
piéger	2.513217600067939
piégé	2.513217600067939
piétiné	2.513217600067939
piézométriques	2.513217600067939
pla	2.513217600067939
place	0.7003042434250835
placebo	2.0360963453482768
placer	1.9111576087399766
placera	2.513217600067939
places	2.513217600067939
placé	1.6681195600536822
placée	2.0360963453482768
placées	2.513217600067939
placés	1.7350663496842953
plaine	2.0360963453482768
plaine le	2.513217600067939
plaines	2.2121876044039577
plaisir	1.5589750906286142
plan	1.1152775913959014
planaire	2.513217600067939
planche	2.513217600067939
planchent	2.513217600067939
plancher	2.513217600067939
planches	2.513217600067939
plancton	2.513217600067939
planctonique	2.513217600067939
planctoniques	2.513217600067939
plane	2.513217600067939
planet etudiants	2.513217600067939
planification	2.513217600067939
planifier	2.513217600067939
plans	2.0360963453482768
plant	2.2121876044039577
plante	1.3992742477611022
plante hôte	2.513217600067939
planter	2.0360963453482768
plantes	1.367089564389701
planteurs	2.513217600067939
plants	2.513217600067939
plantules	2.513217600067939
plantée	2.513217600067939
plantés	2.2121876044039577
planète	1.471824914909714
planètes	2.513217600067939
planétaire	2.2121876044039577
planétaires	2.0360963453482768
planétologie	2.513217600067939
plaques	2.2121876044039577
plaquettes	2.2121876044039577
plasma	2.2121876044039577
plasmas	2.513217600067939
plasmique	2.513217600067939
plasticité	2.2121876044039577
plastilax	2.513217600067939
plastipolis	2.2121876044039577
plastique	2.0360963453482768
plastiques	1.6681195600536822
plasturgie	2.2121876044039577
plasturgiste	2.513217600067939
plat	2.513217600067939
plate	2.513217600067939
plate forme	1.471824914909714
plateau	2.2121876044039577
plateaux	2.513217600067939
plateforme	1.1152775913959014
plateforme arts	2.513217600067939
plateformes	1.5589750906286142
plates formes	1.9111576087399766
platform	2.513217600067939
plats	2.2121876044039577
plausibles	2.513217600067939
plaçant	2.513217600067939
plaît	2.513217600067939
plein	1.5589750906286142
pleine	2.2121876044039577
pleinement	1.3090976174120141
pleines	2.513217600067939
plexiglas	2.513217600067939
plomb	2.513217600067939
plonger	2.2121876044039577
plongeur	2.513217600067939
plongée	2.513217600067939
plos	2.2121876044039577
ployage	2.513217600067939
ployages	2.513217600067939
pltp	2.513217600067939
pltp knocked	2.513217600067939
pluie	2.0360963453482768
pluies	2.2121876044039577
plupart	1.367089564389701
pluri annualiser	2.513217600067939
pluri thématique	2.513217600067939
pluriannuelle	2.513217600067939
pluridisciplinaire	2.0360963453482768
pluridisciplinarité	1.8142475957319202
plurielle	2.513217600067939
plus	0.11181705928639493
plus première	2.513217600067939
plusieurs	0.5447346515140039
plutonium	2.513217600067939
plutôt	1.471824914909714
pluviométrie	2.513217600067939
pléiade	2.513217600067939
pléiades	2.513217600067939
plénière	2.513217600067939
plénières	2.2121876044039577
plénières 5ème	2.513217600067939
pléïades	2.513217600067939
pme	0.9221529930414398
pme pmi	2.2121876044039577
pmi pme	2.513217600067939
pmrc	2.513217600067939
pnas	2.0360963453482768
pnb	2.513217600067939
pneumophila	2.513217600067939
pnra	2.513217600067939
poca	2.513217600067939
poche	1.6101276130759954
poids	1.513217600067939
poignée	1.8142475957319202
poincaré	1.9111576087399766
point	0.8319763626923518
point clé	2.513217600067939
pointe	1.151489764050346
pointe héliobiotec	2.513217600067939
pointes	2.513217600067939
points	1.9111576087399766
pointu	2.513217600067939
pointue	2.513217600067939
pointues	2.513217600067939
pointus	2.513217600067939
poinçon	2.513217600067939
poisson	1.8142475957319202
poissons	2.0360963453482768
poitiers	2.2121876044039577
polaire	2.2121876044039577
polaires	2.513217600067939
polar	2.513217600067939
polarité	2.513217600067939
police	2.0360963453482768
poligny	2.2121876044039577
politique	1.3992742477611022
politiques	1.367089564389701
pollen	2.2121876044039577
pollens	2.513217600067939
polluantes	2.513217600067939
polluants	1.8142475957319202
pollution	2.0360963453482768
pollutions	2.513217600067939
polluée	2.513217600067939
pologne	1.8142475957319202
polonais	2.513217600067939
poloïdal	2.513217600067939
poly insaturés	2.513217600067939
polygones	2.513217600067939
polymorphe	2.513217600067939
polymère	2.513217600067939
polymères	1.513217600067939
polymérase	2.513217600067939
polynésie	2.513217600067939
polyphasiques	2.513217600067939
polyphenols	2.513217600067939
polyphénol	2.513217600067939
polyphénols	2.0360963453482768
polysaccharide	2.513217600067939
polystyrène silicié	2.513217600067939
polytechnicien	2.513217600067939
polytechniciens	2.2121876044039577
polytechnique	1.282768678689665
polytechnique chaire	2.513217600067939
polytechnique cnrs	2.513217600067939
polytechnique ens upmc	2.513217600067939
polythiophène	2.513217600067939
polyvalence	2.513217600067939
polyvalents	2.2121876044039577
polyéthylène	2.513217600067939
pomey	2.513217600067939
pommes	2.2121876044039577
pommier	2.513217600067939
pompage	2.513217600067939
pompe	2.2121876044039577
pompier	2.513217600067939
pompiers	2.0360963453482768
pompéi	2.513217600067939
poncelet	2.513217600067939
poncelet l encapsulation	2.513217600067939
ponchon	2.513217600067939
ponctuelle	2.513217600067939
ponctuelles	2.513217600067939
ponctuent	2.513217600067939
ponctuée	2.513217600067939
ponctuées	2.513217600067939
ponctués	2.513217600067939
pont	1.9111576087399766
pontes	2.513217600067939
ponts	2.513217600067939
population	1.1707949192457328
populations	1.471824914909714
pores	2.513217600067939
poreux	2.0360963453482768
porosité	2.513217600067939
port	2.2121876044039577
portable	2.513217600067939
portables	2.0360963453482768
portables une	2.513217600067939
portage	2.513217600067939
portail	2.513217600067939
portant	1.9111576087399766
porte	1.3992742477611022
porte ceinture	2.513217600067939
porte clés	2.513217600067939
porte t il	2.513217600067939
portefeuille	2.0360963453482768
portent	1.7350663496842953
porter	1.8142475957319202
portera	2.2121876044039577
porteront	2.0360963453482768
portes	1.7350663496842953
porteur	2.0360963453482768
porteurs	2.0360963453482768
porteuse	2.2121876044039577
porteuses	2.513217600067939
portions	2.513217600067939
portière	2.513217600067939
portraits	2.513217600067939
portugal	1.9111576087399766
portzamparc	2.513217600067939
porté	1.23446399911511
portée	1.6101276130759954
portées	2.513217600067939
portés	2.513217600067939
posant	2.513217600067939
pose	1.6681195600536822
posent	1.7350663496842953
poser	1.7350663496842953
positif	1.8142475957319202
positifs	1.8142475957319202
position	2.0360963453482768
positionnant	2.513217600067939
positionne	2.0360963453482768
positionne t il	2.513217600067939
positionnement	2.2121876044039577
positionner	1.9111576087399766
positionnée	1.8142475957319202
positionnées	2.2121876044039577
positionnés	2.513217600067939
positions	2.513217600067939
positive	2.2121876044039577
positivement	2.513217600067939
positives	2.513217600067939
positrons	2.513217600067939
possibilité	1.133006358356333
possibilités	1.8142475957319202
possible	0.8697649235817516
possibles	1.5589750906286142
possède	1.5589750906286142
possèdent	2.2121876044039577
possédant	1.9111576087399766
posséder	2.513217600067939
possédons	2.513217600067939
post	2.513217600067939
post bac	2.513217600067939
post doc	2.513217600067939
post doctoral	2.513217600067939
post doctorales	2.513217600067939
post doctorants	2.2121876044039577
post opératoires	2.2121876044039577
post opérés	2.513217600067939
postdoctoraux	2.513217600067939
poste	1.9111576087399766
posteriori	2.513217600067939
posters	2.0360963453482768
postes	2.2121876044039577
postface	2.513217600067939
postulat	2.513217600067939
postuler	2.513217600067939
postures	2.513217600067939
posé	1.7350663496842953
posée	2.0360963453482768
poséidon	2.513217600067939
posés	2.2121876044039577
pot	2.513217600067939
potentialités	1.8142475957319202
potentiel	1.212187604403958
potentielle	2.513217600067939
potentiellement	1.9111576087399766
potentielles	2.0360963453482768
potentiels	1.8142475957319202
potentiels biovision	2.513217600067939
pots	2.2121876044039577
poudre	2.2121876044039577
poudres	2.2121876044039577
poughon	2.513217600067939
pouls	2.513217600067939
poumon	2.513217600067939
pour	0.02325912064310432
pourcentage	2.513217600067939
pourquoi	1.1707949192457328
pourra	1.513217600067939
pourraient	1.0660595687257197
pourrait	0.8142475957319202
pourrait elle	2.2121876044039577
pourrait on	2.2121876044039577
pourrions	2.513217600067939
pourrons	2.2121876044039577
pourront	1.23446399911511
poursuit	1.3090976174120141
poursuit il	2.513217600067939
poursuite	2.0360963453482768
poursuivant	2.0360963453482768
poursuivent	1.7350663496842953
poursuivent elles	2.513217600067939
poursuivi	2.513217600067939
poursuivions	2.513217600067939
poursuivis	2.513217600067939
poursuivons	2.513217600067939
poursuivra	2.2121876044039577
poursuivre	1.3090976174120141
pourtant	1.3090976174120141
pourtour	2.513217600067939
pourvoyeuse	2.513217600067939
poussaient	2.513217600067939
poussant	2.2121876044039577
pousse	2.0360963453482768
pousser	2.2121876044039577
poussière	2.513217600067939
poussières	2.513217600067939
poussé	2.2121876044039577
poussée	2.2121876044039577
poussées	2.513217600067939
poutine	2.513217600067939
poutre	2.513217600067939
pouvaient	1.8142475957319202
pouvait	1.8142475957319202
pouvait il	2.513217600067939
pouvant	1.212187604403958
pouvez	2.513217600067939
pouvoir	0.7423655884257948
pouvoirs	1.7350663496842953
pouvons	1.8142475957319202
ppb	2.2121876044039577
pphd	2.2121876044039577
ppq	2.513217600067939
prace	2.513217600067939
practical	2.513217600067939
prairieartemis	2.513217600067939
prairies	2.2121876044039577
praticien	2.513217600067939
praticité	2.513217600067939
pratiquant	2.513217600067939
pratique	1.513217600067939
pratiquement	2.2121876044039577
pratiquent	1.9111576087399766
pratiquer	2.2121876044039577
pratiques	1.23446399911511
pratiqué	2.513217600067939
pratiquées	2.513217600067939
pratiqués	2.513217600067939
precisio	2.513217600067939
prefalc	2.513217600067939
premice	2.513217600067939
premier	0.5837986743536463
premiers	0.9817386830256839
première	0.471824914909714
premières	1.0660595687257197
prenant	1.7350663496842953
prenante	2.513217600067939
prenantes	2.513217600067939
prenants	2.513217600067939
prend	1.6681195600536822
prendra	2.0360963453482768
prendre	1.0360963453482765
prenez	1.8142475957319202
prenne	2.2121876044039577
prennent	2.2121876044039577
prenons	2.513217600067939
pres	2.2121876044039577
prescrire	2.513217600067939
prescrite	2.513217600067939
presentations	2.513217600067939
president	2.513217600067939
presqu île	2.513217600067939
presque	1.6681195600536822
presse	2.513217600067939
presse bouton	2.513217600067939
pressent	2.513217600067939
pressenti	2.513217600067939
pression	1.513217600067939
pressé	2.513217600067939
pressés	2.513217600067939
prestataires	2.513217600067939
prestation	2.513217600067939
prestations	2.0360963453482768
prestige	2.513217600067939
prestigieuse	1.7350663496842953
prestigieuses	2.513217600067939
prestigieux	1.6681195600536822
preuve	1.257945094964633
prides	2.2121876044039577
primaire	2.0360963453482768
primaires	2.2121876044039577
prime	2.513217600067939
primitif	2.513217600067939
primordiale	2.513217600067939
primée	2.513217600067939
prince	2.513217600067939
princeton	2.0360963453482768
principal	1.471824914909714
principale	1.7350663496842953
principalement	1.3371263410122578
principales	1.6681195600536822
principaux	1.23446399911511
principe	1.8142475957319202
principes	2.0360963453482768
printemps	1.7350663496842953
prions	2.513217600067939
priori	2.2121876044039577
prioritaires	2.2121876044039577
priorité	1.9111576087399766
priorités	2.0360963453482768
pris	1.23446399911511
prise	1.3090976174120141
prises	2.0360963453482768
private	2.513217600067939
privilège	2.513217600067939
privilégiant	2.513217600067939
privilégie	2.2121876044039577
privilégié	2.513217600067939
privilégiée	2.2121876044039577
privilégiée première	2.513217600067939
privilégiés	2.2121876044039577
privé	1.9111576087399766
privée	2.0360963453482768
privées	2.513217600067939
privés	1.5589750906286142
prix	1.0360963453482765
pro	2.513217600067939
pro actifs	2.513217600067939
probable	2.513217600067939
probablement	2.0360963453482768
probante	2.513217600067939
probiotique	2.513217600067939
probiotiques	2.2121876044039577
problème	1.133006358356333
problèmes	1.3090976174120141
problématique	1.513217600067939
problématiques	1.471824914909714
proceedings	2.2121876044039577
procervix	2.513217600067939
process	1.9111576087399766
processes	2.513217600067939
processeur	2.513217600067939
processeurs	2.0360963453482768
processing	2.513217600067939
processus	1.0660595687257197
prochain	1.1152775913959014
prochain des	2.513217600067939
prochain l esiee	2.513217600067939
prochaine	1.257945094964633
prochainement	1.7350663496842953
prochaines	1.212187604403958
prochains	1.6681195600536822
prochains innovatives	2.513217600067939
proche	1.3992742477611022
proches	1.7350663496842953
procure	2.513217600067939
procurent	2.513217600067939
procurer	2.513217600067939
procéder	1.8142475957319202
procéderont	2.513217600067939
procédure	2.0360963453482768
procédures	2.513217600067939
procédé	1.367089564389701
procédés	1.1909983053340196
procédés colloque	2.513217600067939
producteur	2.2121876044039577
producteurs	1.5589750906286142
productif	1.7350663496842953
productif tld	2.513217600067939
production	0.8600050862925953
productions	1.7350663496842953
productive	2.2121876044039577
productives	2.513217600067939
productivité	2.2121876044039577
productrice	2.513217600067939
productrices	2.513217600067939
products	2.2121876044039577
produiraient	2.513217600067939
produire	0.9221529930414398
produisant	2.2121876044039577
produisent	1.8142475957319202
produit	0.7728549105736952
produite	1.8142475957319202
produites	1.6101276130759954
produits	0.8056474239700027
professeur	0.9817386830256839
professeurs	1.7350663496842953
profession	2.2121876044039577
professionnalisation	2.2121876044039577
professionnalisme	2.2121876044039577
professionnel	1.6101276130759954
professionnelle	1.5589750906286142
professionnelles	1.9111576087399766
professionnels	1.23446399911511
profil	1.5589750906286142
profile	2.513217600067939
profilent	2.513217600067939
profils	1.9111576087399766
profit	2.0360963453482768
profitant	2.513217600067939
profitent	2.2121876044039577
profiter	1.9111576087399766
profitera	2.513217600067939
profiteront	2.513217600067939
profité	2.2121876044039577
profond	2.513217600067939
profonde	1.8142475957319202
profondes	2.2121876044039577
profondeur	1.8142475957319202
profondeurs	2.2121876044039577
profonds	2.0360963453482768
profondément	1.6681195600536822
programmable	2.513217600067939
programmables	2.513217600067939
programmation	2.513217600067939
programme	0.7423655884257948
programmer	2.513217600067939
programmes	1.257945094964633
programmée	2.513217600067939
programmées	2.513217600067939
programmés	2.513217600067939
progresse	2.513217600067939
progresser	1.7350663496842953
progression	1.7350663496842953
progressive	2.0360963453482768
progressivement	0.9450158760009439
progrès	1.6101276130759954
proie	2.513217600067939
project	2.513217600067939
projecteurs	2.513217600067939
projectile	2.513217600067939
projections	2.0360963453482768
projet	0.47579110212731535
projeter	2.513217600067939
projets	0.6619592513488637
projette	2.513217600067939
projeté	2.513217600067939
prolactine	2.513217600067939
prolifère	2.513217600067939
prolifération	2.2121876044039577
prolongement	2.2121876044039577
prolonger	2.0360963453482768
prolongée	2.2121876044039577
promesses	1.7350663496842953
prometteur	1.6681195600536822
prometteurs	1.7350663496842953
prometteurs habeat	2.513217600067939
prometteuse	1.6101276130759954
prometteuse séminaire	2.513217600067939
prometteuses	1.6101276130759954
promoteur	2.513217600067939
promotion	1.5589750906286142
promotions	2.2121876044039577
promouvant	2.2121876044039577
promouvoir	1.7350663496842953
promulguant	2.513217600067939
pronostic	2.513217600067939
propack	2.513217600067939
propagation	1.5589750906286142
propage	2.513217600067939
propagent	2.513217600067939
propager	2.2121876044039577
propagnent	2.513217600067939
propagé	2.513217600067939
propergol	2.513217600067939
propice	2.0360963453482768
proportion	1.8142475957319202
proportionnelle	2.513217600067939
propos	1.513217600067939
proposant	2.2121876044039577
propose	1.0660595687257197
proposent	2.2121876044039577
proposer	1.0660595687257197
proposera	1.8142475957319202
proposeront	2.513217600067939
proposez	2.513217600067939
propositions	2.513217600067939
proposons	2.0360963453482768
proposé	1.4340363540203143
proposée	1.6101276130759954
proposées	1.5589750906286142
proposés	1.471824914909714
propranolol	2.513217600067939
propre	1.3371263410122578
proprement	2.2121876044039577
propres	1.3992742477611022
propreté	2.513217600067939
propriétaire	2.0360963453482768
propriétaires	2.2121876044039577
propriété	1.9111576087399766
propriétés	1.0660595687257197
propulsant	2.513217600067939
propulseur	2.2121876044039577
propulsion	1.7350663496842953
propulsive	2.513217600067939
propulsé	2.513217600067939
propulsée	2.513217600067939
prose	2.513217600067939
prospecte	2.513217600067939
prospecter	2.513217600067939
prospectif	2.2121876044039577
prospection	2.2121876044039577
prospective	1.5589750906286142
prospectives	2.513217600067939
prospects	2.513217600067939
prost	1.9111576087399766
protecteur	2.513217600067939
protecteurs	2.513217600067939
protection	1.6101276130759954
protectionnisme	2.513217600067939
protections	2.513217600067939
protein	2.2121876044039577
prothèse	2.2121876044039577
prothèses	2.2121876044039577
protibis	2.513217600067939
protip	2.513217600067939
protocole	1.9111576087399766
protocoles	2.2121876044039577
proton	2.513217600067939
protons	2.513217600067939
prototypage	2.2121876044039577
prototype	1.471824914909714
prototypes	1.7350663496842953
protège	2.2121876044039577
protégeait	2.513217600067939
protéger	1.7350663496842953
protégé	2.513217600067939
protégées	2.513217600067939
protégés	2.513217600067939
protéine	1.5589750906286142
protéine protéine	2.513217600067939
protéines	1.367089564389701
protéines clés	2.513217600067939
protéique	2.513217600067939
protéolytiques	2.513217600067939
protéomique	2.513217600067939
prouesse	2.2121876044039577
prouver	2.2121876044039577
prouvé	2.513217600067939
prouvés	2.513217600067939
provenaient ils	2.513217600067939
provenance	2.0360963453482768
provenant	1.5589750906286142
provence	1.7350663496842953
provenir	2.513217600067939
provepharm	2.513217600067939
proviendraient	2.513217600067939
proviennent	2.513217600067939
province	2.2121876044039577
provinces	2.513217600067939
provoque	2.513217600067939
provoquent	2.513217600067939
provoquer	2.513217600067939
provoquera	2.513217600067939
provoquée	2.513217600067939
proximité	1.8142475957319202
proximités	2.513217600067939
près	0.7728549105736952
pré assemblage	2.513217600067939
pré clinique	2.2121876044039577
pré cliniques	2.0360963453482768
pré industrialisation	2.513217600067939
pré industriel	2.2121876044039577
pré organisés	2.513217600067939
pré programmé	2.513217600067939
pré qualifié	2.513217600067939
pré qualifiées	2.513217600067939
préalable	2.513217600067939
préalablement	1.8142475957319202
précarité	2.513217600067939
précaution	2.513217600067939
précieux	2.2121876044039577
précipitants	2.513217600067939
précipitation	2.513217600067939
précipitations	2.0360963453482768
précis	1.5589750906286142
précisant	2.513217600067939
précise	0.8319763626923518
précise t elle	1.5589750906286142
précise t elle médaille	2.513217600067939
précise t il	0.9817386830256839
précise t il designer	2.513217600067939
précise t on	2.0360963453482768
précisent ils	2.513217600067939
préciser	2.513217600067939
précision	1.23446399911511
précisions	2.2121876044039577
précisons	0.8230215200394253
précisé	2.2121876044039577
précisément	1.7350663496842953
préclinique	2.513217600067939
précliniques	2.0360963453482768
précoce	2.513217600067939
précocement	2.513217600067939
précoces	1.9111576087399766
préconisations	2.513217600067939
préconise	2.513217600067939
précurseurs	2.513217600067939
précèdent	2.513217600067939
précédemment	1.6101276130759954
précédent	1.9111576087399766
précédente	1.9111576087399766
précédentes	2.2121876044039577
précédents	2.0360963453482768
prédation	2.513217600067939
prédiag	2.513217600067939
prédiction	2.513217600067939
prédiction 12ème	2.513217600067939
prédictives	2.513217600067939
prédire	1.9111576087399766
prédisent	2.513217600067939
prédisposées	2.513217600067939
prédit	2.2121876044039577
prédomine	2.513217600067939
prédécesseur	2.513217600067939
prédécesseurs	2.513217600067939
prédéfini	2.513217600067939
préface	2.513217600067939
préfacer	2.513217600067939
préfacé	2.2121876044039577
préfet	2.513217600067939
préfigurent	2.513217600067939
préférable	2.513217600067939
préférant	2.2121876044039577
préférence	2.2121876044039577
préférences	2.0360963453482768
préférentiellement	2.513217600067939
préféré	2.513217600067939
préhistoire	2.513217600067939
préhistorien	2.513217600067939
préhistorienne	2.513217600067939
préhistoriens	2.513217600067939
préhistoriques	2.513217600067939
prélever	2.513217600067939
prélevé	2.513217600067939
prélevées	2.513217600067939
préliminaire	2.513217600067939
préliminaires	2.513217600067939
prélèvement	2.513217600067939
prélèvements	2.2121876044039577
prémice	2.513217600067939
prémices	2.513217600067939
préoccupant	2.513217600067939
préoccupante	1.9111576087399766
préoccupants	2.513217600067939
préoccupation	2.513217600067939
préoccupations	1.471824914909714
préoccupe	2.513217600067939
préoccupent	2.513217600067939
préoccupé	2.513217600067939
préparait	2.513217600067939
préparant	2.513217600067939
préparation	1.5589750906286142
préparation megha tropiques	2.513217600067939
préparations	2.513217600067939
préparatoire	2.2121876044039577
préparatoires	2.2121876044039577
prépare	2.513217600067939
préparent	2.2121876044039577
préparer	1.8142475957319202
préparons nous	2.513217600067939
préparé	2.2121876044039577
préparées	2.513217600067939
présence	1.1707949192457328
présent	0.8230215200394253
présentaient	2.2121876044039577
présentait	2.513217600067939
présentant	1.6101276130759954
présentation	2.0360963453482768
présentations	1.6681195600536822
présente	1.0660595687257197
présente t elle	2.513217600067939
présentent	1.23446399911511
présenter	1.282768678689665
présentera	1.7350663496842953
présenteront	2.0360963453482768
présentes	1.6681195600536822
présentiel	2.513217600067939
présents	1.098244252097121
présenté	1.7350663496842953
présentée	1.8142475957319202
présentées	1.7350663496842953
présentés	1.513217600067939
préservant	2.2121876044039577
préservation	2.2121876044039577
préserve	2.513217600067939
préserver	1.513217600067939
préservées	2.0360963453482768
préside	1.7350663496842953
présidence	1.9111576087399766
président	0.9334340034511289
président directeur	2.513217600067939
présidente	2.2121876044039577
présidents	2.0360963453482768
présidé	2.2121876044039577
présidée	2.2121876044039577
présure	2.513217600067939
présures	2.513217600067939
présélectionnés	2.513217600067939
prétend	2.513217600067939
prétendre	1.9111576087399766
prétraitements	2.513217600067939
prévalence	2.2121876044039577
prévenir	1.9111576087399766
préventif	2.513217600067939
préventifs	2.0360963453482768
prévention	1.513217600067939
préventives	2.2121876044039577
prévient	2.2121876044039577
prévisible	2.513217600067939
prévision	1.7350663496842953
prévisionnistes	2.513217600067939
prévisions	1.7350663496842953
prévoient	2.2121876044039577
prévoir	1.9111576087399766
prévoit	1.5589750906286142
prévoyant	2.513217600067939
prévoît	2.513217600067939
prévu	1.6101276130759954
prévue	1.9111576087399766
prévues	2.2121876044039577
prêt	2.2121876044039577
prête	2.2121876044039577
prêts	2.2121876044039577
prônaient	2.513217600067939
prônée	2.513217600067939
prôtis	2.513217600067939
psa	2.0360963453482768
pslv	2.513217600067939
psp	2.513217600067939
pspc	2.2121876044039577
psychiatres	2.513217600067939
psychiatriques	2.0360963453482768
psychologie	2.2121876044039577
psychologique	2.0360963453482768
psychologues	2.513217600067939
psychosocial education	2.513217600067939
pti	2.513217600067939
ptychographie	2.513217600067939
pu	0.850459768386365
public	1.151489764050346
public privé	2.513217600067939
publication	1.3992742477611022
publications	1.513217600067939
publics	1.23446399911511
publics privés	2.513217600067939
publie	2.0360963453482768
publient	2.0360963453482768
publier	1.5589750906286142
publiera	2.513217600067939
publique	1.1909983053340196
publique hôpitaux	2.513217600067939
publiquement	2.513217600067939
publiques	2.0360963453482768
publiques hôpitaux	2.513217600067939
publié	1.3371263410122578
publiée	2.2121876044039577
publiées	2.513217600067939
publiés	0.9817386830256839
puce	2.2121876044039577
puces	1.8142475957319202
puis	0.9691495557176634
puisqu elle	1.9111576087399766
puisqu il	1.367089564389701
puisqu ils	2.513217600067939
puisque	1.0508196021689828
puissance	1.471824914909714
puissances	1.9111576087399766
puissant	2.513217600067939
puissante	2.0360963453482768
puissantes	2.2121876044039577
puissants	2.2121876044039577
puisse	1.6681195600536822
puissent	1.471824914909714
puissions	2.2121876044039577
puits	2.2121876044039577
pulse	2.513217600067939
pulsé	2.2121876044039577
pulsée	2.513217600067939
pulvérisation	2.513217600067939
pupitre	2.513217600067939
pur	2.513217600067939
purement	1.9111576087399766
pures	2.513217600067939
pureté	2.513217600067939
purification	2.2121876044039577
purifié	2.513217600067939
puteaux	2.513217600067939
puzzle	2.513217600067939
pwr	2.513217600067939
pyrénées	2.513217600067939
pyrénées méditerranée	2.513217600067939
pythagore	2.513217600067939
pâteux	2.513217600067939
pâtisserie	2.513217600067939
pâturages	2.513217600067939
père	1.9111576087399766
pèse	2.2121876044039577
pèsera	2.513217600067939
pécresse	2.2121876044039577
pédagogie	1.7350663496842953
pédagogies	2.513217600067939
pédagogique	1.471824914909714
pédagogiques	1.7350663496842953
pédiatres	2.513217600067939
pédiatrique	2.513217600067939
pédo paysagère	2.513217600067939
pédologues	2.513217600067939
pégase	2.2121876044039577
pékin	2.513217600067939
pékin beihang	2.513217600067939
pékn	2.513217600067939
pénalisants	2.513217600067939
pénaliser	2.513217600067939
pénibilité	2.513217600067939
pénurie	2.513217600067939
pénètre	2.513217600067939
pénétration	1.9111576087399766
pénétrer	2.513217600067939
pénétré	2.513217600067939
pépinière	2.2121876044039577
pépinières	2.513217600067939
pépites	2.513217600067939
pérennes	2.513217600067939
pérennisation passer	2.513217600067939
pérennité	2.2121876044039577
péri récepteurs	2.513217600067939
périmètre	2.0360963453482768
période	1.471824914909714
périodes	2.2121876044039577
périodique	2.513217600067939
périphérie	1.8142475957319202
périphérique	2.513217600067939
périphériques	2.2121876044039577
périple	2.513217600067939
pérou	2.513217600067939
péta octets	2.513217600067939
pétaflopiques	2.513217600067939
pétri	2.513217600067939
pétrochimie	2.2121876044039577
pétrole	2.2121876044039577
pétroliers	2.513217600067939
pétrolière	1.9111576087399766
pêche	2.0360963453482768
pêches	2.513217600067939
pêché	2.513217600067939
pôle	0.6936736645260704
pôles	1.0818538359089518
qdiv	2.513217600067939
qu a	1.282768678689665
qu abrite	2.0360963453482768
qu accepter	2.513217600067939
qu accroissent	2.513217600067939
qu acteur	2.513217600067939
qu agronov	2.513217600067939
qu agroparistech	2.513217600067939
qu allenvi	2.513217600067939
qu analytique	2.513217600067939
qu apprentie	2.513217600067939
qu apprécie	2.513217600067939
qu après	2.0360963453482768
qu aquitaine	2.513217600067939
qu arkamys	2.513217600067939
qu arpège	2.513217600067939
qu attendu	2.513217600067939
qu au	1.6101276130759954
qu au delà	2.2121876044039577
qu aucun	2.513217600067939
qu augmente	2.513217600067939
qu aujourd hui	1.8142475957319202
qu aupalesens	2.513217600067939
qu autrefois	2.513217600067939
qu aux	2.0360963453482768
qu avant	2.513217600067939
qu avec	2.0360963453482768
qu elle	0.8797491444883525
qu elles	1.3992742477611022
qu emac	2.513217600067939
qu en	1.0508196021689828
qu encourager	2.513217600067939
qu ensuite	2.513217600067939
qu entraîne	2.2121876044039577
qu entraînent	2.513217600067939
qu entretient	2.513217600067939
qu environ	2.513217600067939
qu envisagent	2.513217600067939
qu esquisser	2.513217600067939
qu est	0.8899683096700385
qu est ce	2.513217600067939
qu exige	2.513217600067939
qu expert	2.513217600067939
qu explose	2.513217600067939
qu hercule	2.513217600067939
qu il	0.5494297727223838
qu ils	0.9947036601900515
qu implique	2.513217600067939
qu importe	2.0360963453482768
qu individu	2.513217600067939
qu interlocuteur	2.513217600067939
qu international	2.513217600067939
qu offraient	2.513217600067939
qu offre	2.0360963453482768
qu offrent	2.513217600067939
qu on	1.6101276130759954
qu ont	2.0360963453482768
qu opérateurs	2.513217600067939
qu organisait	2.513217600067939
qu organise	2.2121876044039577
qu outils	2.513217600067939
qu un	1.0818538359089518
qu une	1.1707949192457328
qu universitaire	2.513217600067939
qu y	2.513217600067939
qu à	1.0818538359089518
qu émerger	2.513217600067939
qu éventuellement	2.513217600067939
qu évoque	2.513217600067939
qu être	1.7350663496842953
quadrillent	2.513217600067939
quadrillion	2.513217600067939
quae	2.2121876044039577
qualifiables	2.513217600067939
qualification	2.0360963453482768
qualifications	2.513217600067939
qualifie	2.0360963453482768
qualifient	2.513217600067939
qualifier	1.9111576087399766
qualifié	2.0360963453482768
qualifiées	2.513217600067939
qualifiés	2.513217600067939
qualigras phy	2.513217600067939
qualimed	2.513217600067939
qualiment	2.513217600067939
qualitatif	2.513217600067939
qualitative	2.513217600067939
quality	2.513217600067939
qualité	0.8600050862925953
qualités	1.5589750906286142
quand	0.8697649235817516
quant	1.0218559062336663
quantifier	1.9111576087399766
quantique	2.2121876044039577
quantique des	2.513217600067939
quantiques	2.2121876044039577
quantitatif	2.513217600067939
quantitatifs	2.513217600067939
quantitative	1.8142475957319202
quantité	1.212187604403958
quantités	1.7350663496842953
quantum	2.513217600067939
quarantaine	2.0360963453482768
quarante	2.513217600067939
quart	2.513217600067939
quasi	1.8142475957319202
quasi complète	2.513217600067939
quasi totalité	2.513217600067939
quasiment	1.282768678689665
quatorze	2.513217600067939
quatre	1.133006358356333
quatre vingt	2.513217600067939
quatrième	1.367089564389701
que	0.06605956872571982
quel	1.151489764050346
quelle	1.212187604403958
quelles	1.5589750906286142
quelque	1.0508196021689828
quelques	0.6936736645260704
quelques unes	1.7350663496842953
quelques uns	1.6681195600536822
quels	1.9111576087399766
quercypôle	2.513217600067939
querleux	2.513217600067939
querleux la	2.513217600067939
question	1.0218559062336663
questionnaire	2.2121876044039577
questionnaires	2.513217600067939
questions	1.23446399911511
qui	0.043395584089775965
quid	2.513217600067939
quinolia	2.513217600067939
quinzaine	1.1707949192457328
quinze	2.0360963453482768
quitter	2.0360963453482768
quitté	2.0360963453482768
quoi	1.7350663496842953
quotidien	1.0818538359089518
quotidien bientôt	2.513217600067939
quotidienne	1.9111576087399766
quotidiennement	2.513217600067939
quotidiennes	2.2121876044039577
quotidiens	2.513217600067939
québec	2.513217600067939
quête	2.2121876044039577
qwip	2.513217600067939
r	2.513217600067939
r d	0.9817386830256839
r23ae	2.513217600067939
rac	2.513217600067939
raccourcie	2.513217600067939
rachat	2.513217600067939
rachetant	2.513217600067939
racheté	2.513217600067939
rachis	2.513217600067939
rachitiques	2.513217600067939
rachitisme	2.513217600067939
racinaire	2.2121876044039577
racinaires	2.513217600067939
racine	2.513217600067939
racines	2.513217600067939
rack	2.513217600067939
raczinski	2.513217600067939
radar	2.0360963453482768
radars	2.2121876044039577
raddiana	2.513217600067939
radeaux	2.513217600067939
radiatifs	2.513217600067939
radiation	1.8142475957319202
radiations	2.513217600067939
radiations vol	2.513217600067939
radical	2.513217600067939
radicalaire	2.513217600067939
radicalement	2.2121876044039577
radicaux	2.513217600067939
radio	2.2121876044039577
radio occultation	2.513217600067939
radioactifs	2.513217600067939
radiologiques	2.513217600067939
radiomètre	2.513217600067939
radionavigation	2.513217600067939
radioprotection	2.513217600067939
radios	2.513217600067939
radiosondages	2.513217600067939
radiotoxicité	2.513217600067939
radiotoxiques	2.513217600067939
raffolent	2.513217600067939
rafraîchissement	2.513217600067939
raft	2.513217600067939
raftomique	2.513217600067939
rafts	2.513217600067939
raid	2.2121876044039577
raisin	2.2121876044039577
raisin concevoir	2.513217600067939
raisins	2.513217600067939
raisol	2.513217600067939
raison	1.1909983053340196
raisonnable	2.513217600067939
raisonnables	2.513217600067939
raisonnement	2.513217600067939
raisonné	2.513217600067939
raisonnée	2.513217600067939
raisons	2.2121876044039577
ralenti	2.513217600067939
ralentir	2.0360963453482768
ralentissement	2.2121876044039577
ralentit	2.513217600067939
rallier	2.513217600067939
rallonge	2.513217600067939
rame	2.513217600067939
ramener	2.513217600067939
ramenée	2.513217600067939
rames	2.513217600067939
ramn	2.513217600067939
randomisé	2.513217600067939
rang	1.8142475957319202
ranjard	2.513217600067939
rapatrier	2.513217600067939
raphael	2.513217600067939
raphaël	2.2121876044039577
rapide	1.1909983053340196
rapidement	1.0360963453482765
rapides	1.5589750906286142
rapidité	2.513217600067939
rappelant	1.6681195600536822
rappeler	1.3371263410122578
rappelle	0.7573427443954476
rappelle t elle	2.513217600067939
rappelle t il	1.513217600067939
rappellent	2.513217600067939
rappelons	0.5941395076918651
rappelons le	1.1909983053340196
rappels	2.513217600067939
rappelé	1.6681195600536822
rapport	1.1909983053340196
rapporteur	2.513217600067939
rapports	2.0360963453482768
rapprochement	1.9111576087399766
rapprocher	1.9111576087399766
rapproché	2.513217600067939
rapprochée	2.513217600067939
rare	1.6681195600536822
rarement	2.513217600067939
rares	1.7350663496842953
raréfaction	2.513217600067939
rasoir	2.513217600067939
rassemblant	2.2121876044039577
rassemble	1.5589750906286142
rassemblement	2.513217600067939
rassembler	2.0360963453482768
rassemblera	2.2121876044039577
rassemblé	2.2121876044039577
rassurant	2.513217600067939
rassurer	2.2121876044039577
rat	2.2121876044039577
rater	2.513217600067939
rationaliser	2.0360963453482768
rattachement	2.513217600067939
rattaché	1.9111576087399766
rattraper	2.513217600067939
rattrapera	2.513217600067939
ravage	2.513217600067939
ravageur	2.513217600067939
ravassard	2.513217600067939
ravaud	2.513217600067939
ravie	2.513217600067939
ravis	2.513217600067939
ravitaillement	2.513217600067939
rayleigh	2.513217600067939
rayon	2.2121876044039577
rayonnement	1.7350663496842953
rayonnements	2.513217600067939
rayons	1.9111576087399766
rb3d	2.513217600067939
rcp	2.513217600067939
rcpg	2.513217600067939
rcuk	2.513217600067939
reactor	2.2121876044039577
rebaptisé	2.513217600067939
reboisées	2.513217600067939
rebondir	2.513217600067939
rebondissant	2.513217600067939
recalant	2.513217600067939
recensements	2.513217600067939
recensé	2.513217600067939
recensées	2.513217600067939
recentrage	2.513217600067939
recentrant	2.513217600067939
recentre	2.513217600067939
recentrer	2.513217600067939
receptors	2.513217600067939
recette	1.9111576087399766
recettes	1.8142475957319202
recevaient	2.513217600067939
recevait	2.513217600067939
recevoir	2.0360963453482768
recevront	2.2121876044039577
rechargement	2.513217600067939
recherche	0.2827686786896651
recherche industrie	2.513217600067939
recherche l ecole	2.513217600067939
recherchent	2.513217600067939
rechercher	2.2121876044039577
recherches	0.9221529930414398
recherché	2.2121876044039577
recherchée	2.513217600067939
recherchées	2.513217600067939
recoller	2.513217600067939
recollés	2.513217600067939
recombinants	2.513217600067939
recombinées	2.513217600067939
recommandant	2.513217600067939
recommandations	1.7350663496842953
recommandé	2.513217600067939
recommandés	2.513217600067939
reconduit	2.513217600067939
reconfigure	2.513217600067939
reconnaissables	2.513217600067939
reconnaissance	1.5589750906286142
reconnaissances	2.513217600067939
reconnaissant	2.0360963453482768
reconnaissent	2.513217600067939
reconnaît	1.6101276130759954
reconnaît il	1.9111576087399766
reconnaître	1.7350663496842953
reconnu	1.6681195600536822
reconnue	2.0360963453482768
reconnues	2.513217600067939
reconnus	2.513217600067939
reconstituer	2.513217600067939
reconstitution	2.513217600067939
reconstitué	2.513217600067939
reconstructions	2.513217600067939
reconstructrice	2.513217600067939
reconstruire	2.0360963453482768
reconstruit	2.513217600067939
record	1.7350663496842953
records	2.513217600067939
recourant	2.513217600067939
recourir	2.0360963453482768
recours	2.2121876044039577
recouverts	2.513217600067939
recouvre	2.2121876044039577
recrudescence	2.513217600067939
recrute	2.513217600067939
recrutement	2.2121876044039577
recruter	2.2121876044039577
recrutons	2.513217600067939
recruté	1.7350663496842953
recrutée	2.513217600067939
recrutés	1.9111576087399766
recréer	2.513217600067939
rectorat	2.513217600067939
recueillies	2.2121876044039577
recueillir	2.2121876044039577
recuites	2.513217600067939
recul	2.0360963453482768
reculées	2.513217600067939
recyclable	2.513217600067939
recyclage	1.8142475957319202
recyclent	2.513217600067939
recycler	2.513217600067939
recycleurs	2.513217600067939
recèlent	2.0360963453482768
rednre	2.513217600067939
redonner	2.0360963453482768
redouane	2.513217600067939
redoubler	2.513217600067939
redoutable	2.513217600067939
redressement	1.6681195600536822
redéfinies	2.513217600067939
redéfinir	2.513217600067939
redémarrage	2.513217600067939
redéveloppez	2.513217600067939
refaire	2.513217600067939
refaisait	2.513217600067939
reflet	2.513217600067939
reflow	2.513217600067939
refocalisation	2.513217600067939
reformater	2.513217600067939
reforment	2.513217600067939
reformulant	2.513217600067939
reformuler	2.513217600067939
reformulés	2.513217600067939
refrigeration	2.2121876044039577
refroidi	2.513217600067939
refroidie	2.513217600067939
refroidies renforcement	2.513217600067939
refroidir	2.2121876044039577
refroidissement	2.513217600067939
regard	1.471824914909714
regardaient	2.513217600067939
regardent	2.513217600067939
regarder	1.8142475957319202
regions	2.513217600067939
registre	2.513217600067939
regond	2.2121876044039577
regorge	2.513217600067939
regorgent	2.513217600067939
regret	2.513217600067939
regrets	2.513217600067939
regrettable	2.513217600067939
regrette	2.0360963453482768
regretter	2.513217600067939
regroupant	1.6681195600536822
regroupe	1.151489764050346
regroupement	1.8142475957319202
regrouper	1.8142475957319202
regroupera	2.513217600067939
regroupées	2.2121876044039577
regroupés	1.8142475957319202
reichhart	2.513217600067939
reims	2.513217600067939
rein	2.2121876044039577
reine	2.513217600067939
reins	2.513217600067939
rejeter	2.513217600067939
rejets	2.513217600067939
rejeté	2.2121876044039577
rejoignent	2.513217600067939
rejoindra	2.513217600067939
rejoindre	1.6681195600536822
rejoint	1.6681195600536822
relais	2.0360963453482768
relance	2.513217600067939
relancer	2.513217600067939
relargage	2.513217600067939
relarguer	2.513217600067939
relarguée	2.513217600067939
relation	1.513217600067939
relationnel	2.513217600067939
relations	1.6101276130759954
relative	1.8142475957319202
relativement	1.257945094964633
relatives	2.2121876044039577
relativité	2.513217600067939
relayés	2.513217600067939
relevant	2.513217600067939
relever	1.257945094964633
relever académie	2.513217600067939
relevons	2.513217600067939
relevé	2.0360963453482768
reliant	2.513217600067939
relie	2.2121876044039577
religion	2.513217600067939
relire	2.513217600067939
reliées	2.513217600067939
reliés	2.513217600067939
relocalisées	2.513217600067939
relâchant	2.513217600067939
relâchée	2.513217600067939
relâchées	2.513217600067939
relâchés	2.513217600067939
relève	2.2121876044039577
relèvent	2.513217600067939
remaniements	2.513217600067939
remarquable	1.6681195600536822
remarquablement	2.513217600067939
remarquables	2.0360963453482768
remarqué	2.513217600067939
remboursement	2.513217600067939
remercier	2.513217600067939
remet	2.513217600067939
remettant	2.513217600067939
remettent	2.513217600067939
remettre	1.8142475957319202
remettront	2.513217600067939
remis	1.7350663496842953
remise	1.7350663496842953
remodèle	2.513217600067939
remontant	2.513217600067939
remonter	2.513217600067939
remontons	2.513217600067939
remontées	2.513217600067939
remplacement	2.513217600067939
remplacer	1.6681195600536822
remplacé	2.513217600067939
remplacés	2.513217600067939
remplie	2.513217600067939
remplir	2.2121876044039577
remplissent	2.513217600067939
remportant	2.513217600067939
remportent	2.513217600067939
remus	2.513217600067939
renaissance	2.2121876044039577
renard	2.513217600067939
renaut	2.513217600067939
rencontre	1.212187604403958
rencontrent elles	2.513217600067939
rencontrer	1.6681195600536822
rencontres	1.4340363540203143
rencontré	1.7350663496842953
rencontrées	2.513217600067939
rencontrés	2.513217600067939
rend	1.7350663496842953
rendant	2.0360963453482768
rendement	1.7350663496842953
rendements	1.8142475957319202
rendent	1.8142475957319202
rendez vous	1.1152775913959014
rendra	2.513217600067939
rendre	1.513217600067939
rendu	1.5589750906286142
rendue	1.6681195600536822
rendues	2.513217600067939
rendus	2.0360963453482768
renessens	2.2121876044039577
renfermant	1.6681195600536822
renferme	1.471824914909714
renferment	1.7350663496842953
renfermer	2.513217600067939
renforce	2.513217600067939
renforcement	1.9111576087399766
renforcer	1.6101276130759954
renforcées	2.513217600067939
renfort	2.513217600067939
renforçant	2.0360963453482768
rennes	2.2121876044039577
renommée	1.9111576087399766
renoncer	2.513217600067939
renouveau	2.513217600067939
renouvelable	1.8142475957319202
renouvelables	1.6101276130759954
renouveler	1.9111576087399766
renouvellement	2.2121876044039577
renouvelé	2.513217600067939
renseignement	2.513217600067939
renseignement sitac	2.513217600067939
renseignements	2.2121876044039577
renseignera	2.513217600067939
rentabiliser	2.513217600067939
rentables	2.513217600067939
rentrée	1.6101276130759954
renversement	2.513217600067939
rené	2.0360963453482768
reparti	2.513217600067939
repartie	2.513217600067939
repartiront	2.513217600067939
repas	1.6681195600536822
repenser	2.0360963453482768
repeuplement	2.513217600067939
repliée	2.513217600067939
reported	2.513217600067939
reporter	2.513217600067939
repos	2.513217600067939
reposant	2.2121876044039577
repose	1.6101276130759954
reposerait	2.513217600067939
repositionnable	2.513217600067939
repositionnés	2.513217600067939
repousser	2.513217600067939
representative	2.513217600067939
repris	1.9111576087399766
reprise	2.2121876044039577
reprises	2.0360963453482768
reproducteurs	2.513217600067939
reproductibilité	2.513217600067939
reproduction	2.2121876044039577
reproductives	2.513217600067939
reproduire	1.8142475957319202
reproduisent	2.513217600067939
reproduit	2.2121876044039577
reproduits	2.513217600067939
reprogrammation	2.513217600067939
représentait	2.513217600067939
représentant	1.7350663496842953
représentante	2.2121876044039577
représentants	1.5589750906286142
représentatifs	2.513217600067939
représentation	2.2121876044039577
représentations	2.2121876044039577
représentatives	2.513217600067939
représentativité	2.513217600067939
représente	1.0818538359089518
représente t il	2.2121876044039577
représentent	1.257945094964633
représenter	1.6101276130759954
représenterait	2.513217600067939
représenté	2.513217600067939
repérer	2.513217600067939
repérions	2.513217600067939
requalifier	2.513217600067939
requis	2.513217600067939
requise	2.513217600067939
requises	2.2121876044039577
rer	2.513217600067939
research	1.513217600067939
resif	2.513217600067939
respect	2.0360963453482768
respectant	2.0360963453482768
respecte	2.513217600067939
respectent	2.2121876044039577
respecter	2.0360963453482768
respectif	2.513217600067939
respectifs	2.513217600067939
respectivement	2.2121876044039577
respectives	2.513217600067939
respectueuse	2.513217600067939
respectueuses	2.513217600067939
respecté	2.513217600067939
respirent	2.513217600067939
respirer	2.513217600067939
responsabilisation	2.513217600067939
responsabiliser	2.513217600067939
responsabilité	1.5589750906286142
responsabilités	2.513217600067939
responsable	1.098244252097121
responsables	1.151489764050346
resqme	2.513217600067939
ressemblant	2.513217600067939
ressemble	2.0360963453482768
ressembler	2.513217600067939
ressent	2.513217600067939
ressentions	2.513217600067939
ressentir	2.513217600067939
ressortir	2.513217600067939
ressource	2.2121876044039577
ressourcer	2.513217600067939
ressources	1.133006358356333
restait	1.5589750906286142
restant	2.2121876044039577
restants	2.513217600067939
restaurant	2.2121876044039577
restauration	2.0360963453482768
restaurer	2.2121876044039577
restauré	2.513217600067939
reste	0.8797491444883525
reste t il	2.2121876044039577
restent	1.471824914909714
rester	1.471824914909714
restera	1.8142475957319202
restes	2.513217600067939
restituer	2.513217600067939
restitution	2.513217600067939
restreint	2.513217600067939
restrictions	2.513217600067939
restructurer	2.513217600067939
restructurée	2.513217600067939
resté	2.2121876044039577
restée	2.513217600067939
restés	2.2121876044039577
resvératrol	2.513217600067939
retard	1.8142475957319202
retarde	2.513217600067939
retardée	2.513217600067939
retenir	2.513217600067939
retentissants	2.513217600067939
retenu	1.8142475957319202
retenue	2.2121876044039577
retenus	1.9111576087399766
retiendra	2.2121876044039577
retient	2.513217600067939
retirée	2.513217600067939
retombées	1.9111576087399766
retorik	2.513217600067939
retour	1.3371263410122578
retournement	2.513217600067939
retourner	2.513217600067939
retours	2.0360963453482768
retraite	1.9111576087399766
retraité	2.513217600067939
retranchements	2.513217600067939
retravailler	2.513217600067939
retrouvant	2.513217600067939
retrouve	1.513217600067939
retrouver	1.8142475957319202
retrouverait	2.513217600067939
retrouveront	2.513217600067939
retrouvé	2.2121876044039577
retrouvés	2.513217600067939
revanche	1.3371263410122578
revellin falcoz	2.513217600067939
revendeurs	2.513217600067939
revendiquer	2.513217600067939
revenir	2.0360963453482768
revenu	2.513217600067939
revenue	2.2121876044039577
revenus	2.513217600067939
reverse phi	2.513217600067939
revienne	2.513217600067939
reviens	2.513217600067939
revient	2.513217600067939
review	1.9111576087399766
revisite	2.513217600067939
revisiter	2.2121876044039577
revisitions	2.513217600067939
revisité	2.513217600067939
revitaliser	2.513217600067939
revivre	2.2121876044039577
revoir	2.2121876044039577
revue	1.1152775913959014
revues	2.0360963453482768
revêt	2.513217600067939
revêtement	2.2121876044039577
rexiaa	2.513217600067939
reçoit	2.513217600067939
reçoivent	1.9111576087399766
reçu	1.282768678689665
reçue	2.0360963453482768
reçues	2.2121876044039577
reçus	2.0360963453482768
rff	2.513217600067939
rfid	2.513217600067939
rhenepi	2.513217600067939
rhenovia	2.2121876044039577
rhepach	2.513217600067939
rhepatch	2.513217600067939
rhizotron	2.513217600067939
rhizotrons	2.2121876044039577
rhodia	2.513217600067939
rhônalpin	2.513217600067939
rhônalpine	2.513217600067939
rhônalpines	2.513217600067939
rhône	2.0360963453482768
rhône alpes	2.2121876044039577
rhône alpin	2.513217600067939
rhônes alpes	2.2121876044039577
ribereau gayon	2.513217600067939
ribon	2.513217600067939
richard	1.9111576087399766
riche	1.5589750906286142
riches	1.9111576087399766
richesse	2.0360963453482768
ricin	2.513217600067939
ride	2.513217600067939
rien	1.4340363540203143
rifler	2.513217600067939
rift	2.513217600067939
rigide	2.513217600067939
rigides	2.513217600067939
rigidité	2.513217600067939
rigoureuse	2.513217600067939
rigueur	2.513217600067939
rihb	2.513217600067939
riken	2.513217600067939
rillieux la pape	2.513217600067939
riment	2.513217600067939
risque	1.1909983053340196
risques	1.3371263410122578
risqué	2.513217600067939
risquées	2.513217600067939
rivages	2.513217600067939
rival	2.513217600067939
rivaton	2.513217600067939
rivière	2.513217600067939
rivières	2.513217600067939
riz	2.513217600067939
rizlene	2.513217600067939
rjh	2.513217600067939
rmn	2.513217600067939
rmt	2.513217600067939
rncp	2.513217600067939
road	2.513217600067939
robert	1.9111576087399766
robot	1.5589750906286142
robotic	2.513217600067939
roboticien	2.2121876044039577
robotics	1.8142475957319202
robotique	1.5589750906286142
robotiques	2.513217600067939
robotiser	2.513217600067939
robotisée	2.513217600067939
robotisés	2.513217600067939
robots	1.8142475957319202
robusta	2.2121876044039577
robuste	2.2121876044039577
robustes	2.2121876044039577
robustesse	2.513217600067939
roca	2.513217600067939
rockefeller	2.513217600067939
rodin	2.513217600067939
rogeaux	2.513217600067939
roger	2.0360963453482768
rogers	2.513217600067939
roi	2.513217600067939
roma	2.513217600067939
romain	2.2121876044039577
romainville	2.513217600067939
rome	2.513217600067939
romeo	2.513217600067939
ronde	1.471824914909714
rondes	1.6681195600536822
rondonopolis	2.513217600067939
rongeurs	2.0360963453482768
room	2.513217600067939
roquecourbe	2.513217600067939
roquette	2.0360963453482768
rosa	2.513217600067939
roses	2.513217600067939
rosé	2.513217600067939
rotation	2.2121876044039577
rotations	2.513217600067939
rothschild	2.2121876044039577
rotor	2.2121876044039577
rotule	2.513217600067939
roubaix	2.2121876044039577
roucairol	2.2121876044039577
roues	2.513217600067939
rouge	1.7350663496842953
rouges	1.9111576087399766
roukes	2.513217600067939
roulage	2.2121876044039577
roulant	2.513217600067939
roulants	2.513217600067939
roule	2.513217600067939
rouler	2.513217600067939
roumanie	2.513217600067939
route	1.6101276130759954
routes	2.0360963453482768
routine	2.513217600067939
routière	2.513217600067939
rover	2.513217600067939
royal	2.513217600067939
royale	2.513217600067939
royant	2.513217600067939
royaume	2.513217600067939
royaume uni	2.513217600067939
rt	2.513217600067939
rt2012	2.513217600067939
rubis	2.513217600067939
ruche	2.0360963453482768
rude	2.2121876044039577
rues	2.513217600067939
rumeurs	2.513217600067939
ruminants	2.2121876044039577
rupestre	2.513217600067939
rupestres	2.513217600067939
rupture	1.3371263410122578
rupture fissures	2.513217600067939
ruptures	2.2121876044039577
rurales	2.513217600067939
russe	1.9111576087399766
russel	2.513217600067939
russes	1.9111576087399766
russie	1.6101276130759954
rutherford	2.513217600067939
ruthénium	2.513217600067939
rvvs	2.513217600067939
rwth	2.513217600067939
rythme	2.513217600067939
rythment	2.513217600067939
rythmeront	2.513217600067939
rythmée	2.513217600067939
règle	2.0360963453482768
règles	2.0360963453482768
règne	2.513217600067939
règnent	2.513217600067939
ré industrialisation	2.513217600067939
ré ingénierie	2.513217600067939
ré échantillonnées	2.513217600067939
réacteur	1.9111576087399766
réacteurs	1.6681195600536822
réactifs	2.2121876044039577
réaction	1.7350663496842953
réactions	1.9111576087399766
réactives	2.513217600067939
réactivité	1.9111576087399766
réactivé	2.513217600067939
réactivée	2.513217600067939
réagir	1.7350663496842953
réagissent	2.513217600067939
réagissent ils	2.513217600067939
réagit	2.513217600067939
réalisant	1.7350663496842953
réalisation	1.282768678689665
réalisations	1.8142475957319202
réalise	1.6101276130759954
réalisent	1.6101276130759954
réaliser	0.9111576087399766
réaliserons	2.513217600067939
réaliseront	2.513217600067939
réalisions	2.513217600067939
réalisons	2.0360963453482768
réaliste	1.9111576087399766
réalistes	2.2121876044039577
réalisé	1.0360963453482765
réalisée	1.3090976174120141
réalisées	1.513217600067939
réalisés	1.1909983053340196
réalité	1.513217600067939
réalités	2.2121876044039577
réapparaître	2.513217600067939
réassurance	2.513217600067939
récemment	1.1707949192457328
récente	2.2121876044039577
récentes	1.4340363540203143
récents	2.513217600067939
récepteur	1.9111576087399766
récepteurs	1.6101276130759954
réception	2.2121876044039577
réceptive	2.513217600067939
réchauffant	2.513217600067939
réchauffement	1.7350663496842953
réchauffer	2.513217600067939
réclame	2.513217600067939
récolte	2.2121876044039577
récolter	2.513217600067939
récoltes	2.2121876044039577
récompense	1.9111576087399766
récompenser	2.513217600067939
récompenses	2.513217600067939
récompensé	2.0360963453482768
récompensée	2.0360963453482768
récompensées	2.513217600067939
récompensés	2.513217600067939
récupère	2.513217600067939
récupérer	1.9111576087399766
récurrente	2.513217600067939
récurrentes	2.513217600067939
rédaction	2.513217600067939
rédactions	2.513217600067939
rédigé	2.2121876044039577
rédigés	2.513217600067939
réduction	1.471824914909714
réductions	2.513217600067939
réduire	1.1909983053340196
réduisant	2.513217600067939
réduisent	2.513217600067939
réduit	1.9111576087399766
réduite	1.8142475957319202
réduits	2.513217600067939
réel	1.3371263410122578
réelle	2.2121876044039577
réelle caractéristiques	2.513217600067939
réellement	2.2121876044039577
réelles	1.9111576087399766
réels	2.2121876044039577
réeuropéanisation	2.513217600067939
réeuropéaniser	2.513217600067939
réflexion	1.1909983053340196
réflexions	1.6681195600536822
réfléchir	1.7350663496842953
réfléchiront	2.513217600067939
réfléchissant	2.2121876044039577
réfléchissent	2.0360963453482768
réfléchissent ils	2.513217600067939
réfléchissons	2.0360963453482768
réfléchit	2.2121876044039577
réformant	2.513217600067939
réforme	2.513217600067939
réfractive	2.513217600067939
réfrigérateur	2.513217600067939
réfrigérateurs	2.2121876044039577
référence	1.4340363540203143
références	2.513217600067939
références tumeurs	2.513217600067939
référentiel	2.513217600067939
régal la	2.513217600067939
régale	2.513217600067939
régime	1.9111576087399766
régimes	2.0360963453482768
région	0.7972142564331398
régional	1.1707949192457328
régionale	1.3992742477611022
régionales	1.7350663496842953
régionaliser	2.513217600067939
régionaux	1.471824914909714
régionaux midinnov	2.513217600067939
régions	0.8319763626923518
régis	2.513217600067939
régissent	2.513217600067939
réglage	2.0360963453482768
réglages	2.513217600067939
réglementaire	2.513217600067939
réglementaires	1.9111576087399766
réglementation	1.9111576087399766
réglementations	2.0360963453482768
régler	2.2121876044039577
régresse	2.513217600067939
régularité	2.513217600067939
régulateur	2.513217600067939
régulation	1.6681195600536822
régule	2.513217600067939
régulent	2.0360963453482768
réguler	2.513217600067939
régulier	2.513217600067939
réguliers	2.2121876044039577
régulièrement	1.8142475957319202
régulières	2.513217600067939
régénération	2.2121876044039577
régénérative 6 8	2.513217600067939
réhabilitation	2.513217600067939
réhabiliter	2.513217600067939
réindustrialisation	2.513217600067939
réinjecter	2.2121876044039577
réinsertion	2.513217600067939
réintégré	2.513217600067939
réinvestir	2.513217600067939
réjouir	2.513217600067939
réjouit	2.2121876044039577
rémi	2.2121876044039577
rémunéré	2.513217600067939
rémy	1.9111576087399766
rénovation	2.513217600067939
rénové	2.513217600067939
rénovée	2.513217600067939
réorganisant	2.513217600067939
réorganisation	2.513217600067939
réorganise	2.513217600067939
réorganiser	2.513217600067939
réorganisé	2.513217600067939
répandu	2.513217600067939
répandue	2.513217600067939
réparation	1.9111576087399766
réparer	2.513217600067939
réparti	2.513217600067939
réparties	1.6101276130759954
répartis	1.7350663496842953
répartissent	2.513217600067939
répartition	2.2121876044039577
répartitions	2.513217600067939
répercussions	2.513217600067939
répertorier	2.513217600067939
réplique	2.513217600067939
répond	1.6101276130759954
répondant	1.6681195600536822
répondent	1.9111576087399766
répondre	0.9569150993006518
répondront	2.513217600067939
répondu	1.9111576087399766
réponse	1.257945094964633
réponses	1.471824914909714
république	2.2121876044039577
réputation	2.2121876044039577
réputé	1.6101276130759954
réputée	2.0360963453482768
réputées	2.0360963453482768
réputés	1.6681195600536822
répète	2.513217600067939
répéter	2.513217600067939
répétition	2.513217600067939
répété	2.513217600067939
répétée	2.513217600067939
réseau	0.9947036601900515
réseaux	1.4340363540203143
réseaux télécommunications	2.513217600067939
résection	2.2121876044039577
réserve	2.2121876044039577
réserver	2.513217600067939
réservoir	2.2121876044039577
réservoirs	2.2121876044039577
réservée	2.2121876044039577
réside	2.0360963453482768
résident	2.513217600067939
résidentiel	2.513217600067939
résidu	2.513217600067939
résidus	2.0360963453482768
résilience	2.513217600067939
résine	2.513217600067939
résines	2.513217600067939
résistance	1.513217600067939
résistances	2.513217600067939
résistant	2.2121876044039577
résistante	2.513217600067939
résistantes	2.2121876044039577
résistants	2.2121876044039577
résiste	2.513217600067939
résistent	2.513217600067939
résister	2.0360963453482768
résolue	2.513217600067939
résolument	2.513217600067939
résolution	1.3371263410122578
résonance	2.0360963453482768
résonnante	2.513217600067939
résorbable	2.513217600067939
résorbables	2.513217600067939
résorber	2.513217600067939
résoudre	1.7350663496842953
résultant	2.2121876044039577
résultat	1.282768678689665
résultats	0.6211229973774586
résultent	2.513217600067939
résumant	2.513217600067939
résume	0.9450158760009439
résume t elle	2.2121876044039577
résume t il	1.282768678689665
résument	2.2121876044039577
résument ils	2.513217600067939
résumer	2.2121876044039577
résumé	2.2121876044039577
résumée	2.513217600067939
réséda	2.513217600067939
rétine	2.513217600067939
rétinienne	2.513217600067939
rétinopathie	2.513217600067939
rétorque t il	2.513217600067939
rétorqueront	2.513217600067939
rétractable	2.513217600067939
rétrocontrôle	2.513217600067939
rétrospective	2.513217600067939
rétrospectivement	2.513217600067939
rétrospectives	2.2121876044039577
réuni	2.0360963453482768
réunion	2.0360963453482768
réunir	2.2121876044039577
réunira	2.513217600067939
réunira t il	2.513217600067939
réuniront	2.2121876044039577
réunis	1.7350663496842953
réunissant	1.9111576087399766
réunit	2.513217600067939
réussi	1.151489764050346
réussie	2.513217600067939
réussir	1.3371263410122578
réussissant	2.513217600067939
réussissent	1.9111576087399766
réussit	2.2121876044039577
réussite	1.513217600067939
réutilisation	2.513217600067939
réutiliser	2.513217600067939
réversible	2.2121876044039577
révolution	1.6681195600536822
révolutionnaire	2.513217600067939
révolutionnaires	2.513217600067939
révolutionner	2.0360963453482768
révolutionné	2.513217600067939
révolutions	2.513217600067939
révèlent	2.2121876044039577
révélateurs	2.513217600067939
révélatrice	2.513217600067939
révélatrices	2.513217600067939
révélé	2.2121876044039577
révélées	2.513217600067939
rééducation	2.513217600067939
réémettre	2.2121876044039577
rêvait	2.513217600067939
rêve	2.2121876044039577
rêvons	2.513217600067939
rêvé	2.513217600067939
rôdé	2.513217600067939
rôle	0.9334340034511289
s 100b	2.513217600067939
s a	2.513217600067939
s abstraire	2.513217600067939
s accompagne	2.0360963453482768
s accompagnent	2.513217600067939
s accrocher	2.513217600067939
s accroître	2.2121876044039577
s accélérer	2.513217600067939
s achever	2.513217600067939
s achève	2.513217600067939
s achèvera	1.7350663496842953
s adapte	2.513217600067939
s adaptent	2.2121876044039577
s adapter	1.7350663496842953
s adresse	1.8142475957319202
s adresser	2.513217600067939
s affichent	2.513217600067939
s affranchir	2.0360963453482768
s agira	1.513217600067939
s agirait	2.513217600067939
s agissait	1.3992742477611022
s agisse	1.6681195600536822
s agit	0.7573427443954476
s agit il	2.513217600067939
s ajoute	2.513217600067939
s ajoutent	2.513217600067939
s ajouter	2.513217600067939
s alarme t il	2.513217600067939
s amusant	2.513217600067939
s apparente	2.513217600067939
s appelait	2.513217600067939
s appelle	2.2121876044039577
s applique	2.513217600067939
s appliquent	2.513217600067939
s appliquer	2.513217600067939
s approprier	2.513217600067939
s appuie	1.7350663496842953
s appuiera	2.513217600067939
s appuieront	2.513217600067939
s appuyant	1.9111576087399766
s appuyer	2.0360963453482768
s arrangent	2.513217600067939
s arranger	2.513217600067939
s arrête	2.2121876044039577
s arrêter	2.2121876044039577
s articulant	2.2121876044039577
s articule	1.6681195600536822
s articule t elle	2.513217600067939
s articulent	2.2121876044039577
s articulera	1.8142475957319202
s articuleront	2.513217600067939
s assembler	2.2121876044039577
s associer	2.513217600067939
s assurer	2.513217600067939
s attache	2.2121876044039577
s attaquer	2.513217600067939
s attarder	2.513217600067939
s attend	2.513217600067939
s auto assemblent	2.513217600067939
s auto organiser	2.513217600067939
s avère	1.5589750906286142
s avère t il	2.513217600067939
s avèrent	2.2121876044039577
s avérait	2.2121876044039577
s avérant	2.513217600067939
s avérer	1.9111576087399766
s effectuant	2.513217600067939
s effectue	2.513217600067939
s effectuer	2.0360963453482768
s effondre	2.513217600067939
s empile	2.513217600067939
s empresse t il	2.513217600067939
s en	1.4340363540203143
s enflamme	2.513217600067939
s engage	2.513217600067939
s engageant	2.513217600067939
s engager	2.513217600067939
s enthousiasme	1.3090976174120141
s enthousiasme t elle	2.513217600067939
s enthousiasme t il	2.0360963453482768
s entourer	2.513217600067939
s entretenir	2.513217600067939
s esquisse	2.513217600067939
s est	0.7650295730617386
s est elle	2.513217600067939
s est l	2.513217600067939
s estompent	2.513217600067939
s exclame t il	2.2121876044039577
s exprimer	2.513217600067939
s extraire	2.513217600067939
s il	1.257945094964633
s ils	1.9111576087399766
s imaginer	2.513217600067939
s immiscent	2.513217600067939
s implante	2.513217600067939
s implanter	2.2121876044039577
s implique	2.513217600067939
s impliquer	2.0360963453482768
s imposer	2.513217600067939
s informer	2.513217600067939
s inscrirait	2.513217600067939
s inscrire	2.513217600067939
s inscrit	1.3371263410122578
s inscrivait	2.513217600067939
s inscrivent	2.513217600067939
s inspirant	2.2121876044039577
s inspirer	2.513217600067939
s installer	2.0360963453482768
s insérer	2.513217600067939
s intensifier	2.2121876044039577
s interroge	2.2121876044039577
s interroge t il	2.2121876044039577
s interrogeant	2.513217600067939
s interrogent	2.2121876044039577
s interroger	2.2121876044039577
s interrogera	2.513217600067939
s intègre	2.513217600067939
s intégrant	2.513217600067939
s intégrer	2.0360963453482768
s intéressait	2.513217600067939
s intéressant	2.0360963453482768
s intéresse	1.3992742477611022
s intéressent	1.5589750906286142
s intéresser	1.513217600067939
s intéressera	1.9111576087399766
s intéresseront	2.513217600067939
s inverse	2.513217600067939
s obtenait	2.513217600067939
s occupe	2.513217600067939
s occupent	2.513217600067939
s occupera	2.513217600067939
s opèrent	2.513217600067939
s organisent	2.2121876044039577
s orientent	2.2121876044039577
s orienter	2.2121876044039577
s ouvrir	2.513217600067939
s seb	2.513217600067939
s unir	2.513217600067939
s urbanise	2.513217600067939
s y	1.151489764050346
s échelonnent	2.513217600067939
s échelonneront	2.513217600067939
s écoule	2.513217600067939
s écrit	2.513217600067939
s écroule	2.513217600067939
s élabore	2.513217600067939
s élevant	2.513217600067939
s éloignent	2.513217600067939
s élève	2.0360963453482768
s élèvent	2.513217600067939
s équipe	2.513217600067939
s étaient	2.0360963453482768
s était	2.0360963453482768
s étant	1.9111576087399766
s éteindre	2.513217600067939
s étendant	2.2121876044039577
s étendent	2.513217600067939
s étonne	2.2121876044039577
s étonne t il	2.513217600067939
s étonnera	2.513217600067939
s évacuer	2.513217600067939
s être	1.8142475957319202
sa	0.44133559276181367
sabatier	2.0360963453482768
sabatier inp	2.513217600067939
sable	2.2121876044039577
sables	2.513217600067939
saccades	2.513217600067939
saccadées	2.513217600067939
sachant	1.6101276130759954
sachets	2.513217600067939
sachez	2.513217600067939
saclay	1.6101276130759954
sacrifier	2.513217600067939
sadron	2.513217600067939
saf agriculteurs	2.513217600067939
safire	2.513217600067939
safran	1.6681195600536822
sagem	2.0360963453482768
sahara	2.2121876044039577
sahélosahariens	2.513217600067939
saida	2.513217600067939
sailing	2.513217600067939
sain	1.8142475957319202
saine	2.0360963453482768
sains	2.513217600067939
saint	2.2121876044039577
saint etienne	2.2121876044039577
saint gobain	2.513217600067939
saint jacques	2.513217600067939
saint louis	2.0360963453482768
saint nazaire	2.513217600067939
saint priest	2.513217600067939
saint quentin en yvelines	2.513217600067939
sainte	2.513217600067939
saisie	2.2121876044039577
saisir	1.9111576087399766
saison	2.2121876044039577
saisonnières	2.513217600067939
sait	1.3090976174120141
salaires	2.513217600067939
salaisons	2.513217600067939
salarié	2.513217600067939
salariés	1.7350663496842953
salem	2.513217600067939
salinité	1.6681195600536822
salins	2.513217600067939
salivaire	2.513217600067939
salle	1.7350663496842953
salles	1.7350663496842953
salmonella	2.513217600067939
salon	1.3090976174120141
salon de provence	2.513217600067939
salons	2.2121876044039577
salpêtrière	2.513217600067939
salsifis	2.513217600067939
saluer	2.513217600067939
saluée	2.513217600067939
salzbourg	2.513217600067939
salé	2.513217600067939
salée	2.513217600067939
samedi	2.2121876044039577
san	2.513217600067939
sandra	2.513217600067939
sandy	2.513217600067939
sang	1.7350663496842953
sanguin	2.513217600067939
sanguine	2.513217600067939
sanguins	2.0360963453482768
sanitaire	1.9111576087399766
sanitaires	1.7350663496842953
sanofi	2.2121876044039577
sans	0.6211229973774586
santa	2.0360963453482768
santé	0.8411197421322215
santé bien être	2.513217600067939
santé environnement handicap	2.513217600067939
santé ingénierie	2.513217600067939
santé lutte	2.513217600067939
santé un	2.513217600067939
sao	2.513217600067939
sapeurs	2.513217600067939
sapeurs pompiers	2.513217600067939
saphir	2.513217600067939
saragosse	2.513217600067939
saral	2.2121876044039577
sarcob	2.2121876044039577
sarcopénique	2.2121876044039577
sarix	2.513217600067939
sarkozy	2.513217600067939
sarments	2.2121876044039577
sarnak	2.513217600067939
sas	2.513217600067939
satellitaire	2.2121876044039577
satellitaires	2.0360963453482768
satellite	1.4340363540203143
satellites	1.5589750906286142
satellites pléiades	2.513217600067939
satisfaction	1.6101276130759954
satisfaire	1.8142475957319202
satisfaisant	2.2121876044039577
satisfaisante	2.0360963453482768
satisfait	1.8142475957319202
satisfaite	2.2121876044039577
satisfaites	2.513217600067939
satisfaits	1.9111576087399766
satiété	2.513217600067939
satt	2.0360963453482768
sauces	2.513217600067939
sauf	2.2121876044039577
saumure	2.513217600067939
saura	2.513217600067939
saurait	2.513217600067939
saut	2.513217600067939
sautelet	2.513217600067939
sauter	2.2121876044039577
sauvegarde	2.513217600067939
sauver	2.513217600067939
sauveteur	2.513217600067939
sauvignon	2.513217600067939
sauvé	2.513217600067939
savait	2.2121876044039577
savants	2.513217600067939
savent	1.9111576087399766
savety	2.513217600067939
saveur	2.0360963453482768
saveurs	1.9111576087399766
savez vous	2.513217600067939
savions	2.2121876044039577
savoie	1.9111576087399766
savoir	0.9947036601900515
savoir faire	1.23446399911511
savoirs	2.0360963453482768
savon	2.513217600067939
savons	1.9111576087399766
sayette	2.513217600067939
saône	2.2121876044039577
saône et loire	2.513217600067939
sc13	2.513217600067939
sca	2.513217600067939
scale	2.513217600067939
scalpel	2.513217600067939
scandium	2.513217600067939
scanner	2.2121876044039577
scanners	2.513217600067939
scanné	2.513217600067939
scar	2.513217600067939
scarab	2.513217600067939
scarabées	2.513217600067939
scepticisme	2.513217600067939
sceptique	2.513217600067939
scharfmann	2.513217600067939
schiste	2.2121876044039577
schneider	2.2121876044039577
scholarship	2.513217600067939
school	2.0360963453482768
schuller	2.513217600067939
schwartz	2.513217600067939
schéma	1.8142475957319202
schémas	2.2121876044039577
sciatique	2.513217600067939
scid	2.513217600067939
science	1.098244252097121
sciences	0.727887765057172
scientifique	0.7138770506143574
scientifiquement	2.0360963453482768
scientifiques	0.7728549105736952
sck cen	2.513217600067939
sclérose	2.2121876044039577
scolaire	2.0360963453482768
scolaires	2.513217600067939
scolarité	2.513217600067939
scorpion	2.513217600067939
scorpions	2.2121876044039577
screening	2.2121876044039577
scrupule	2.513217600067939
scrupuleusement	2.2121876044039577
sculpture	2.513217600067939
scène	1.9111576087399766
scénarii	2.0360963453482768
scénario	1.7350663496842953
scénarios	1.6101276130759954
sds nice	2.513217600067939
sdsc	2.513217600067939
se	0.21002154264745013
sea	2.513217600067939
seb	1.6681195600536822
sec	2.2121876044039577
second	1.0508196021689828
secondaire	2.513217600067939
secondaires	2.2121876044039577
seconde	0.8600050862925953
secondes	1.9111576087399766
seconds	2.513217600067939
secours	2.2121876044039577
secrets	2.2121876044039577
secrétaire	2.2121876044039577
secrétariat	2.513217600067939
secteur	0.727887765057172
secteurs	0.9569150993006518
section	2.513217600067939
sectionner	2.513217600067939
security	2.2121876044039577
seee	2.513217600067939
segalen	2.2121876044039577
segard	2.513217600067939
segment	2.0360963453482768
sein	0.3959463044121747
seine	2.2121876044039577
seine et marne	2.513217600067939
seine saint denis	2.2121876044039577
seins	2.2121876044039577
sel	1.8142475957319202
selenide	2.513217600067939
selles	2.513217600067939
selon	0.9450158760009439
selongey	2.513217600067939
semaine	2.0360963453482768
semaines	1.471824914909714
semblable	2.2121876044039577
semblait	2.513217600067939
semblant	2.513217600067939
semble	1.23446399911511
semble t il	2.0360963453482768
semblent	2.0360963453482768
semblerait	2.2121876044039577
semblé	2.513217600067939
semenciers	2.513217600067939
semi conducteur	2.513217600067939
semi conducteurs	2.2121876044039577
semi perméable	2.513217600067939
semi perméables	2.513217600067939
semis	2.513217600067939
semrev	2.513217600067939
semée	2.513217600067939
senegal	2.513217600067939
senior	2.2121876044039577
seniors	1.6681195600536822
senoble	2.2121876044039577
sens	1.513217600067939
sens eau	2.513217600067939
sensation	2.2121876044039577
sensations	2.513217600067939
senseur	2.513217600067939
sensibiliser	1.9111576087399766
sensibilité	1.9111576087399766
sensible	1.6101276130759954
sensibles	1.8142475957319202
sensilles	2.513217600067939
sensing	2.513217600067939
sensofat	2.513217600067939
sensoriel	1.6681195600536822
sensorielle	1.7350663496842953
sensorielles	1.7350663496842953
sensoriels	2.0360963453482768
sensostat	2.513217600067939
sensée	2.513217600067939
sent	2.513217600067939
sentez vous	2.513217600067939
sentinel	2.513217600067939
sentinel1	2.513217600067939
sentinelles	2.2121876044039577
sentions	2.513217600067939
sentir	2.513217600067939
sept	2.0360963453482768
septembre	1.0360963453482765
septembre 4ème	2.513217600067939
septentrionaux	2.513217600067939
sera	0.6211229973774586
sera t il	2.2121876044039577
seraient	1.7350663496842953
serait	1.513217600067939
serait ce	2.513217600067939
serait il	2.513217600067939
serein	2.513217600067939
sereine	2.513217600067939
sereinement	2.513217600067939
serenade	2.513217600067939
serge	2.2121876044039577
series	2.513217600067939
serions	2.513217600067939
serono	2.513217600067939
serons	2.513217600067939
seront	0.850459768386365
seront elles	2.513217600067939
serpents	2.2121876044039577
serrage	2.513217600067939
serre	1.6101276130759954
serres	2.0360963453482768
serré	2.513217600067939
sert	2.0360963453482768
servadou	2.513217600067939
servant	2.513217600067939
servent	1.9111576087399766
servi	1.9111576087399766
service	1.0360963453482765
services	1.133006358356333
servir	1.6101276130759954
serviront	2.513217600067939
servizi	2.513217600067939
ses	0.3861128017031314
sessile	2.513217600067939
session	2.513217600067939
sessions	1.6681195600536822
seuil	2.2121876044039577
seul	1.1152775913959014
seule	1.0508196021689828
seulement	0.8697649235817516
seules	1.9111576087399766
seuls	1.4340363540203143
seurin sur l isle	2.513217600067939
seventure	2.2121876044039577
sevrage	2.2121876044039577
sexuel découverte	2.513217600067939
sgu	2.513217600067939
sham	2.513217600067939
shampoings	2.513217600067939
shanghai	2.2121876044039577
shanghaï	2.513217600067939
shasta	2.513217600067939
shaw	2.513217600067939
shna	2.513217600067939
shom	2.513217600067939
show	2.0360963453482768
shs	1.9111576087399766
si	0.4487596108410205
sicard	2.513217600067939
sicoval	2.513217600067939
sidérurgique	2.513217600067939
siens vitagora	2.513217600067939
sig	2.2121876044039577
sigle	2.513217600067939
signal	1.6101276130759954
signale	2.513217600067939
signalisation	2.0360963453482768
signature	1.8142475957319202
signaux	1.9111576087399766
signe	2.0360963453482768
signer	1.513217600067939
signifiant	2.513217600067939
significatif	1.8142475957319202
significatifs	2.0360963453482768
signification	2.513217600067939
significative	1.367089564389701
significativement	2.0360963453482768
significatives	2.0360963453482768
signifie	1.9111576087399766
signé	1.367089564389701
signée	2.0360963453482768
signés	2.513217600067939
silencieuses	2.513217600067939
silencieux	2.2121876044039577
silice	1.9111576087399766
silicium	1.7350663496842953
silico	2.513217600067939
silicon	2.2121876044039577
sillage	2.513217600067939
sillonner	2.513217600067939
silver	1.8142475957319202
silvereco fr	2.513217600067939
similaire	2.0360963453482768
similaires	2.2121876044039577
similarités	2.513217600067939
simili viandes	2.513217600067939
simon	2.513217600067939
simple	1.212187604403958
simplement	1.5589750906286142
simples	1.8142475957319202
simplicité	2.2121876044039577
simplifie	2.513217600067939
simplified	2.513217600067939
simplifiée	2.2121876044039577
simulateur	2.2121876044039577
simulateurs	2.513217600067939
simulation	1.3371263410122578
simulations	1.8142475957319202
simule	2.2121876044039577
simulent	2.513217600067939
simuler	1.9111576087399766
simultanée	2.513217600067939
simultanément	1.9111576087399766
singapour	2.2121876044039577
singapour contrer	2.513217600067939
singes	2.2121876044039577
sinon	1.6101276130759954
sir	2.513217600067939
sirat	2.513217600067939
sirat imagerie	2.513217600067939
sisine	2.513217600067939
sismicité	2.513217600067939
sismiques	2.513217600067939
sismologie	2.2121876044039577
sismologique	2.513217600067939
sismomètres	2.513217600067939
sita suez	2.513217600067939
site	1.1152775913959014
sites	1.282768678689665
sitges	2.513217600067939
situ	2.513217600067939
situaient	2.513217600067939
situant	2.2121876044039577
situation	1.212187604403958
situations	1.9111576087399766
situe	1.7350663496842953
situé	1.513217600067939
située	1.9111576087399766
situées	2.0360963453482768
situés	1.9111576087399766
six	1.513217600067939
siècle	1.4340363540203143
siècles	1.9111576087399766
siège	1.7350663496842953
siègent	2.513217600067939
sièges	2.513217600067939
skies	2.513217600067939
slicom	2.513217600067939
slovaque	2.513217600067939
smart	2.513217600067939
smarter	2.513217600067939
smartox	2.513217600067939
smartphone	2.513217600067939
smartphones	2.0360963453482768
smos	2.513217600067939
sncf	2.2121876044039577
snecma	2.2121876044039577
soa	2.513217600067939
social	1.513217600067939
sociale	1.6681195600536822
sociale création	2.513217600067939
sociales	1.3371263410122578
sociales 3ème	2.513217600067939
sociales science	2.513217600067939
sociaux	1.7350663496842953
society	2.2121876044039577
socio économique	2.2121876044039577
socio économiques	2.2121876044039577
sociologique	2.513217600067939
sociologue	2.513217600067939
sociologues	2.513217600067939
sociétal	2.513217600067939
sociétale	2.513217600067939
sociétales	1.9111576087399766
sociétaux	2.2121876044039577
société	1.008067621748033
société soeur	2.513217600067939
sociétés	1.6101276130759954
sodexo	2.513217600067939
sodium	2.2121876044039577
sofimac	2.513217600067939
sofiproteol	2.513217600067939
sofradir	2.2121876044039577
soft	2.513217600067939
software	2.513217600067939
soi disant	2.513217600067939
soient	1.3090976174120141
soignants	2.513217600067939
soigner	2.2121876044039577
soin	2.513217600067939
soins	1.8142475957319202
soirée	2.513217600067939
soit	0.727887765057172
soit elle	2.513217600067939
soixantaine	1.6681195600536822
soixante	2.513217600067939
sol	1.257945094964633
sol cipan désherbage amendements	2.513217600067939
solaire	1.6101276130759954
solaires	1.5589750906286142
solary	2.513217600067939
soldat	2.2121876044039577
soldats	2.513217600067939
soldées	2.513217600067939
soleil	1.6681195600536822
soler	2.513217600067939
soliage	2.513217600067939
solidages	2.513217600067939
solidaire	2.2121876044039577
solide	1.282768678689665
solidement	2.2121876044039577
solides	1.6681195600536822
solitaire	2.513217600067939
sollicitations	1.9111576087399766
solliciter	2.513217600067939
sollicité	2.513217600067939
sollicitée	2.2121876044039577
sols	1.4340363540203143
sols cartographier	2.513217600067939
solteiro	2.513217600067939
solubles	2.513217600067939
solution	1.098244252097121
solutions	0.8797491444883525
solvants	2.513217600067939
somatostatine	2.513217600067939
sombrer	2.513217600067939
somme	2.0360963453482768
sommeil	2.2121876044039577
sommes	0.9947036601900515
sommes nous	1.9111576087399766
sommet	2.0360963453482768
sommets	2.513217600067939
son	0.2957336558540327
sonde	2.0360963453482768
sonder	2.0360963453482768
sondes	2.2121876044039577
sondeur	2.513217600067939
sonne	2.513217600067939
sonore	2.2121876044039577
sonores	2.513217600067939
sont	0.2057215621547261
sont elles	1.9111576087399766
sont ils	1.8142475957319202
sophia	2.513217600067939
sophia antipolis	2.513217600067939
sophie	2.2121876044039577
sophistiqué	2.513217600067939
sophistiquées	2.2121876044039577
sophistiqués	1.9111576087399766
soplagy	2.513217600067939
sorafenib	2.513217600067939
sorigny	2.513217600067939
sorption	2.513217600067939
sort	2.2121876044039577
sortants	2.513217600067939
sorte	1.212187604403958
sortent	2.513217600067939
sortes	1.9111576087399766
sortie	2.2121876044039577
sorties	2.513217600067939
sortir	1.9111576087399766
sortirez	2.513217600067939
sortis	2.513217600067939
soubresauts	2.513217600067939
souche	2.513217600067939
souches	1.9111576087399766
souchothèque	2.513217600067939
souci	1.9111576087399766
soudainement	2.2121876044039577
soudan	2.513217600067939
souffert	2.513217600067939
soufflantes	2.513217600067939
souffler	2.2121876044039577
soufflerie	2.513217600067939
souffrance	2.513217600067939
souffrant	1.9111576087399766
souffrantes	2.513217600067939
souffre	2.513217600067939
souffrent	1.9111576087399766
souhait	1.6681195600536822
souhaitaient	2.513217600067939
souhaitait	2.2121876044039577
souhaitant	1.7350663496842953
souhaite	1.1909983053340196
souhaite t il	2.513217600067939
souhaitent	1.367089564389701
souhaiter	2.0360963453482768
souhaitera	2.513217600067939
souhaiterions	2.0360963453482768
souhaiteront	2.513217600067939
souhaitions	2.513217600067939
souhaitons	1.5589750906286142
souhaits	2.513217600067939
souhaité	1.471824914909714
soulagement	2.513217600067939
soulevées	2.513217600067939
souligine t il	2.513217600067939
souligne	1.008067621748033
souligne t elle	1.9111576087399766
souligne t il	1.471824914909714
souligne t il dès	2.513217600067939
souligne t on	2.0360963453482768
souligner	1.4340363540203143
soulignons	1.9111576087399766
soulignons le	2.2121876044039577
souligné	1.6101276130759954
soulève	2.513217600067939
soumettre	2.2121876044039577
soumis	2.0360963453482768
soumise	2.513217600067939
soumises	2.513217600067939
souple	2.513217600067939
souples	1.8142475957319202
souplesse	1.9111576087399766
soupçonnais	2.513217600067939
source	1.4340363540203143
sources	1.3992742477611022
souris	1.6101276130759954
sous	0.6267268748954572
sous critique	2.513217600067939
sous critiques	2.513217600067939
sous disciplines	2.513217600067939
sous ensemble	2.513217600067939
sous jacente	2.513217600067939
sous marin	2.513217600067939
sous marine	2.513217600067939
sous marins	2.2121876044039577
sous officiers	2.513217600067939
sous population	2.513217600067939
sous produits	2.513217600067939
sous sol	1.7350663496842953
sous tendent	2.513217600067939
sous titre	2.513217600067939
sous traitance	2.2121876044039577
sous traitantes	2.513217600067939
sous types	2.513217600067939
sous unités	2.2121876044039577
sous utilisé	2.513217600067939
sous vêtements	2.513217600067939
souscrite	2.513217600067939
soutenir	1.9111576087399766
soutenu	1.6681195600536822
soutenue	1.7350663496842953
soutenues	2.2121876044039577
soutenus	2.2121876044039577
soutien	1.0660595687257197
soutiendra	2.513217600067939
soutiennent	2.513217600067939
soutiens	2.0360963453482768
soutient	2.0360963453482768
souvenirs	2.513217600067939
souvent	0.9450158760009439
souvent resif	2.513217600067939
souvient	2.0360963453482768
souvient il	2.513217600067939
soviétique	2.513217600067939
soyons	2.2121876044039577
soyouz	2.0360963453482768
spa	2.513217600067939
space	1.8142475957319202
spaghetti	2.513217600067939
spatial	1.513217600067939
spatiale	1.367089564389701
spatiales	1.6101276130759954
spatialisée	2.513217600067939
spatiaux	2.2121876044039577
spatio temporelle	2.2121876044039577
spc	2.513217600067939
speakers	2.513217600067939
spectrale	2.513217600067939
spectre	2.0360963453482768
spectro imageur	2.2121876044039577
spectromètre	2.513217600067939
spectroscopie	2.2121876044039577
spectroscopiques	2.513217600067939
speech	2.513217600067939
speed	2.513217600067939
sphériques	2.513217600067939
spie	2.513217600067939
spin	2.513217600067939
spin off	1.9111576087399766
spin orbite	2.513217600067939
spinale	2.513217600067939
spintronique	2.513217600067939
spiral	2.0360963453482768
spiral2	2.513217600067939
spirit	2.513217600067939
spiritueux	2.513217600067939
spo	2.513217600067939
sponsorisé	2.513217600067939
spontanée	2.2121876044039577
spontanément	1.9111576087399766
sporadiquement	2.513217600067939
sporaltec	2.2121876044039577
sport	1.8142475957319202
sport loisirs santé	2.513217600067939
sportif	2.513217600067939
sportifs	2.0360963453482768
sportive	2.513217600067939
sportives	1.9111576087399766
sports	2.513217600067939
spot	2.0360963453482768
spunbond	2.513217600067939
spé	2.513217600067939
spécial	2.2121876044039577
spéciale	2.0360963453482768
spéciales	2.513217600067939
spécialisation	2.0360963453482768
spécialiste	1.6681195600536822
spécialistes	1.1707949192457328
spécialisé	1.7350663496842953
spécialisée	1.3090976174120141
spécialisées	2.0360963453482768
spécialisés	2.0360963453482768
spécialité	1.9111576087399766
spécialités	2.2121876044039577
spéciation	2.513217600067939
spéciaux	2.513217600067939
spécifications	2.513217600067939
spécificité	2.2121876044039577
spécificités	2.513217600067939
spécifique	1.0508196021689828
spécifiquement	2.2121876044039577
spécifiques	1.151489764050346
spécimens	2.513217600067939
spéculateur	2.513217600067939
squelette	2.513217600067939
sriharikota	2.513217600067939
srl	2.2121876044039577
stabilisation	2.513217600067939
stabilise	2.513217600067939
stabilisent	2.513217600067939
stabiliser	2.0360963453482768
stabilité	2.0360963453482768
stable	1.8142475957319202
stables	2.2121876044039577
stade	1.8142475957319202
stades	2.513217600067939
stage	1.8142475957319202
stages	2.0360963453482768
stagiaire	2.513217600067939
stand	2.2121876044039577
stand alone	2.513217600067939
standard	2.513217600067939
standardisation	2.2121876044039577
standards	2.0360963453482768
stands	2.2121876044039577
stanislas	2.2121876044039577
staphylococcus	2.513217600067939
staps	2.513217600067939
start	2.513217600067939
start up	1.23446399911511
start up l innovation	2.513217600067939
start upface	2.513217600067939
start ups	2.0360963453482768
statines	2.513217600067939
station	2.2121876044039577
stationnaire	2.513217600067939
stationnaires	2.513217600067939
stationné	2.513217600067939
stations	2.513217600067939
statique	2.2121876044039577
statistique	2.2121876044039577
statistiques	2.0360963453482768
stator	2.513217600067939
statut	1.9111576087399766
steady state	2.2121876044039577
steve	2.513217600067939
sti2d	2.513217600067939
stigmatiser	2.513217600067939
stilla	2.513217600067939
stimulant	2.0360963453482768
stimuli	2.513217600067939
stimulus	2.2121876044039577
stipule	2.513217600067939
stmicroelectronics	2.513217600067939
stockage	1.5589750906286142
stockent	2.513217600067939
stocker	1.7350663496842953
stocké	2.0360963453482768
stockée	2.513217600067939
stockées	2.2121876044039577
stockés	2.513217600067939
stopper	2.513217600067939
stoppée	2.513217600067939
strasbourg	1.6101276130759954
strasbourgeois	2.513217600067939
strasse	2.513217600067939
stratification	2.513217600067939
stratobus	2.513217600067939
stratosphère	2.513217600067939
stratosphérique	2.513217600067939
stratrobus	2.513217600067939
stratégie	1.1152775913959014
stratégies	1.5589750906286142
stratégique	1.471824914909714
stratégiques	1.9111576087399766
stress	1.6681195600536822
stressantes	2.513217600067939
stricte	2.513217600067939
strictes	2.513217600067939
structural	2.513217600067939
structurale	2.513217600067939
structurales	1.9111576087399766
structurant	2.0360963453482768
structurantes	2.513217600067939
structurants	2.0360963453482768
structuration	2.0360963453482768
structure	1.008067621748033
structurellement	2.2121876044039577
structurelles	2.513217600067939
structurer	2.0360963453482768
structures	1.212187604403958
structuré	1.8142475957319202
structurée	2.513217600067939
structurés	2.513217600067939
study	2.513217600067939
sturio	2.513217600067939
style	2.513217600067939
stéarique	2.513217600067939
stéato hépatite	2.513217600067939
stéphane	2.0360963453482768
stériles	2.513217600067939
su	1.4340363540203143
sub exawatt	2.513217600067939
sub surface	2.513217600067939
subatomique	2.513217600067939
subi	2.513217600067939
subir	1.8142475957319202
subis	2.513217600067939
subissait	2.513217600067939
subissent	2.2121876044039577
subit	2.513217600067939
subject	2.513217600067939
subsistait	2.513217600067939
subsistance	2.513217600067939
subsistances	2.513217600067939
subsiste	2.513217600067939
subsistent	2.0360963453482768
substances	1.7350663496842953
substantiel	2.513217600067939
substantielles	2.513217600067939
substantiels	2.513217600067939
substituant	2.513217600067939
substitue	2.513217600067939
substitution	2.2121876044039577
substituts	2.513217600067939
substrats	2.513217600067939
subtil	2.513217600067939
subtilement	2.2121876044039577
subtilisant	2.513217600067939
subvention	2.2121876044039577
succession	2.2121876044039577
successivement	1.8142475957319202
successives	2.0360963453482768
succinct	2.513217600067939
succède	2.513217600067939
succès	1.1707949192457328
succédé	2.513217600067939
succédées	2.513217600067939
sucre	1.7350663496842953
sucres	2.0360963453482768
sucré	2.513217600067939
sucrés	2.513217600067939
sud	1.1707949192457328
sud africain	2.513217600067939
sud cnrs	2.513217600067939
sud est	2.0360963453482768
sud occidental	2.513217600067939
sud ouest	2.0360963453482768
suez	2.513217600067939
suffiront	2.513217600067939
suffisait	2.513217600067939
suffisamment	1.7350663496842953
suffisante	2.0360963453482768
suffisantes	2.513217600067939
suffit	1.471824914909714
suggère	2.0360963453482768
suggèrent	2.2121876044039577
suis	1.4340363540203143
suis je	2.513217600067939
suisse	1.8142475957319202
suissedes	2.513217600067939
suit	2.2121876044039577
suite	1.0360963453482765
suivaient	2.513217600067939
suivant	1.7350663496842953
suivante	1.6681195600536822
suivantes	2.2121876044039577
suivent	2.513217600067939
suiveur	2.513217600067939
suivi	1.257945094964633
suivies	2.513217600067939
suivis	2.0360963453482768
suivons	2.513217600067939
suivra	2.2121876044039577
suivre	1.3371263410122578
suivront	2.513217600067939
sujet	1.282768678689665
sujets	1.257945094964633
sunaero	2.0360963453482768
sunaéro	2.513217600067939
sunlabob	2.513217600067939
sup	2.513217600067939
supaero	2.513217600067939
supagro	2.2121876044039577
super	2.513217600067939
super cocotte	2.513217600067939
supercalculateur	2.513217600067939
supercalculateurs	2.0360963453482768
supercomputing	2.513217600067939
superficie	1.9111576087399766
superficielle	2.513217600067939
superficielles	2.513217600067939
superficiels	2.513217600067939
superior	2.513217600067939
supermarché	2.513217600067939
superposant	2.513217600067939
superposition	2.513217600067939
supervise	2.513217600067939
supméca	2.513217600067939
supply	2.513217600067939
suppléer	2.513217600067939
supplément	2.513217600067939
supplémentaire	1.9111576087399766
supplémentaires	2.513217600067939
supplémentant	2.513217600067939
support	1.6681195600536822
supportant	2.513217600067939
supports	2.513217600067939
supposaient	2.513217600067939
supposant	2.513217600067939
suppose	1.8142475957319202
supposer	2.513217600067939
supputons	2.513217600067939
supra	2.513217600067939
supraconducteur	2.513217600067939
supramoléculaire	2.513217600067939
supranational	2.513217600067939
supranucléaire	2.513217600067939
supélec	2.513217600067939
supérieur	1.0218559062336663
supérieure	1.3090976174120141
supérieures	1.8142475957319202
sur	0.09657709272965807
surclasse	2.513217600067939
surexploitation	2.513217600067939
surface	1.0508196021689828
surfaces	1.8142475957319202
surfaciques	2.513217600067939
surfer	2.513217600067939
surgi	2.513217600067939
surgical	2.513217600067939
surgissent	2.513217600067939
surhumains	2.513217600067939
surmonte	2.513217600067939
surmonter	2.513217600067939
surnommé	2.513217600067939
surnommée	2.513217600067939
surprenant	2.0360963453482768
surprend	2.513217600067939
surprendre	2.513217600067939
surpris	2.513217600067939
surprise	2.513217600067939
surproducteur	2.513217600067939
surtout	1.282768678689665
surveillance	1.5589750906286142
surveiller	1.7350663496842953
survenant	2.513217600067939
survenu	2.513217600067939
survenus	2.513217600067939
survie	1.8142475957319202
survienne	2.513217600067939
survivre	1.9111576087399766
sus	2.513217600067939
susceptible	2.2121876044039577
suscite	1.8142475957319202
suscitent	2.2121876044039577
susciter	1.7350663496842953
suspension	2.2121876044039577
sustainability	2.513217600067939
sustainable	2.0360963453482768
suède	2.0360963453482768
suédoise	2.513217600067939
svi	2.513217600067939
swarm	2.2121876044039577
swot	2.513217600067939
sydney	2.513217600067939
sylvain	2.2121876044039577
sylvaine	2.513217600067939
sylvestre	2.513217600067939
sylviculture	2.513217600067939
sylvie	2.513217600067939
symbiose	2.2121876044039577
symbiotique	2.513217600067939
symbiotiques	2.513217600067939
symboliquement	2.2121876044039577
symbolisé	2.513217600067939
sympathique	2.2121876044039577
symphonie	2.513217600067939
symposium	2.513217600067939
symptômes	2.2121876044039577
synapcell	2.513217600067939
synchrotron	1.8142475957319202
syndicat	2.2121876044039577
syndromes	2.2121876044039577
syndromiques	2.513217600067939
synergie	2.0360963453482768
synergies	2.0360963453482768
syngenta	2.513217600067939
synthèse	1.4340363540203143
synthèses	2.513217600067939
synthétiques	1.9111576087399766
synthétiser	1.7350663496842953
synthétisée	2.2121876044039577
syphilis	2.513217600067939
syphilitique	2.513217600067939
syrota	2.513217600067939
sysfera	2.513217600067939
sysiass	2.513217600067939
sysnav	2.513217600067939
system	1.6681195600536822
systematic	2.2121876044039577
systeme	2.513217600067939
systems	1.9111576087399766
systerra	2.513217600067939
système	0.850459768386365
systèmes	0.7497896065050017
systèmess	2.513217600067939
systématique	2.0360963453482768
systémiques	2.513217600067939
sytis	2.513217600067939
sèche	2.2121876044039577
sème	2.513217600067939
séances	2.513217600067939
sécheresse	1.8142475957319202
sécheresses	2.0360963453482768
sécrétera	2.513217600067939
sécrétée	2.513217600067939
sécurisation	2.0360963453482768
sécuriser	2.2121876044039577
sécurisées	2.513217600067939
sécurité	1.212187604403958
sédimentation	2.513217600067939
sédiments	2.513217600067939
séduire	1.8142475957319202
séduit	2.0360963453482768
ségalen	2.513217600067939
séisme	2.2121876044039577
séismes	2.0360963453482768
séjour	1.9111576087399766
séjourner	2.513217600067939
séjours	2.513217600067939
sélectif	2.2121876044039577
sélectifs	2.513217600067939
sélection	1.8142475957319202
sélectionne	2.513217600067939
sélectionner	1.7350663496842953
sélectionné	1.7350663496842953
sélectionnés	2.2121876044039577
sélective	2.513217600067939
sélectivité	2.513217600067939
sélénium	2.513217600067939
séminaire	1.7350663496842953
séminaires	2.513217600067939
sénagral le	2.513217600067939
sénart	2.513217600067939
sénartaise	2.513217600067939
sénartaises	2.513217600067939
sénat	2.2121876044039577
sénégal	2.2121876044039577
sénégalais	2.513217600067939
séoul	2.513217600067939
séparation	2.513217600067939
séparatives	2.513217600067939
sépare	2.513217600067939
séparer	2.2121876044039577
séparées	2.2121876044039577
séparément	2.513217600067939
séquence	2.0360963453482768
séquences	2.0360963453482768
séquenceurs	2.513217600067939
séquençage	2.513217600067939
séquestration	2.513217600067939
série	1.3371263410122578
séries	2.513217600067939
sérieuse	2.513217600067939
sérieuses	2.513217600067939
sérieux	2.0360963453482768
sérotonine	2.513217600067939
sévère	1.7350663496842953
sévères	1.9111576087399766
sévérité	2.513217600067939
sûr	2.513217600067939
sûre	1.9111576087399766
sûrement	2.0360963453482768
sûreté	1.9111576087399766
t2	2.513217600067939
tabagisme	2.513217600067939
table	1.3090976174120141
tableau	1.8142475957319202
tableaux	2.513217600067939
tables	1.6681195600536822
tables rondes	2.513217600067939
tablettes	2.0360963453482768
tactile	2.513217600067939
tactiles	2.2121876044039577
tahiti	2.513217600067939
taille	1.0360963453482765
tailles	2.513217600067939
tailleurs	2.513217600067939
tajima	2.513217600067939
talence	2.2121876044039577
talent	2.513217600067939
talents	2.2121876044039577
talon	2.513217600067939
tamarindus	2.513217600067939
tandis	2.2121876044039577
tango	2.513217600067939
tanin	2.513217600067939
tank	2.2121876044039577
tant	0.8899683096700385
tantale	2.513217600067939
tanzanie	2.513217600067939
tapissant	2.513217600067939
tara	2.513217600067939
taranis	2.513217600067939
tard	1.23446399911511
tarde	2.513217600067939
tarder	2.513217600067939
tardive	2.513217600067939
tardivement	2.513217600067939
tardives	2.513217600067939
tardé	2.513217600067939
targuer	1.7350663496842953
tarn	2.513217600067939
tarn et garonne	2.513217600067939
tarses	2.513217600067939
tarte	2.513217600067939
tas	2.513217600067939
tata	2.513217600067939
taux	1.7350663496842953
taxibot	2.513217600067939
tcf4	2.513217600067939
tchad	2.513217600067939
tcr	2.513217600067939
tech	1.6101276130759954
techforum	2.513217600067939
technicien	2.513217600067939
techniciens	1.9111576087399766
technicité	2.513217600067939
technico économie	2.513217600067939
technique	0.8697649235817516
techniques	0.8411197421322215
technocampus	2.513217600067939
technolac	2.2121876044039577
technolgique	2.513217600067939
technolgy	2.513217600067939
technologie	0.7497896065050017
technologie arts	2.513217600067939
technologies	0.6807086873617026
technologies chimie	2.513217600067939
technologies une	2.513217600067939
technologique	0.8142475957319202
technologiques	1.0360963453482765
technologue	2.513217600067939
technologues	2.513217600067939
technology	1.513217600067939
technopole	2.2121876044039577
technopôle	1.9111576087399766
tecnalia	2.513217600067939
tecnica	2.513217600067939
tectonique	2.513217600067939
teigne	2.513217600067939
teillet	2.513217600067939
teindre	2.513217600067939
tekes	2.513217600067939
tel	1.0218559062336663
telecom	2.2121876044039577
telescope	2.2121876044039577
telit	2.513217600067939
telle	1.1909983053340196
tellement	2.2121876044039577
telles	1.257945094964633
tellure	2.513217600067939
telluriques	2.0360963453482768
tels	1.23446399911511
temporaire	2.513217600067939
temporel	2.513217600067939
temporelle	2.513217600067939
temps	0.6381563366762389
température	1.257945094964633
températures	1.6101276130759954
tempéré	2.513217600067939
tempérées	2.513217600067939
tempête	2.513217600067939
tenace	2.2121876044039577
tenaces	2.513217600067939
tenant	2.513217600067939
tend	2.513217600067939
tendance	1.367089564389701
tendances	1.8142475957319202
tendent	2.513217600067939
tendre	2.513217600067939
tenerrdis	2.513217600067939
teneur	1.6681195600536822
teneurs	2.513217600067939
tenir	1.9111576087399766
tensioactifs	2.513217600067939
tensioactive	2.513217600067939
tensioactives	2.513217600067939
tension	2.2121876044039577
tentant	2.2121876044039577
tentatives	2.513217600067939
tentent	1.9111576087399766
tenter	2.2121876044039577
tenté	2.0360963453482768
tenu	1.5589750906286142
tenue	2.0360963453482768
tequi	2.513217600067939
tera octets	2.513217600067939
teratec	2.2121876044039577
terifiq	2.2121876044039577
terme	0.6619592513488637
terme inscrire	2.513217600067939
termes	0.9569150993006518
terminait	2.513217600067939
terminale	2.513217600067939
terminaux	2.2121876044039577
termine	2.2121876044039577
terminer	2.2121876044039577
terminera	2.0360963453482768
terra	2.513217600067939
terrain	1.212187604403958
terralia	2.513217600067939
terre	1.1707949192457328
terrena	2.513217600067939
terreo	2.513217600067939
terres	1.6681195600536822
terres là	2.513217600067939
terrestre	2.2121876044039577
terrestres	2.0360963453482768
territoire	1.282768678689665
territoires	1.3992742477611022
territorial	2.513217600067939
territorial quatre	2.513217600067939
territoriale	2.2121876044039577
territoriales	2.513217600067939
territoriaux	2.2121876044039577
terroirs	2.2121876044039577
tertiaire	2.513217600067939
test	1.5589750906286142
teste	2.513217600067939
testent	2.513217600067939
tester	1.212187604403958
testeurs	2.513217600067939
tests	1.257945094964633
testé	2.0360963453482768
testée	2.2121876044039577
testées	2.2121876044039577
testés	2.0360963453482768
tetis	2.513217600067939
tev	2.513217600067939
textes	2.513217600067939
textile	1.9111576087399766
textiles	1.8142475957319202
texturation	2.513217600067939
texture	1.7350663496842953
textures	2.513217600067939
tgcc	2.513217600067939
tgu	2.513217600067939
thales	1.5589750906286142
thaliana	2.513217600067939
the	1.513217600067939
theodorus	2.513217600067939
thermique	1.7350663496842953
thermiques	1.6681195600536822
thermographie	2.513217600067939
thermomagnétiques isolants	2.513217600067939
thermonuclear	2.2121876044039577
thermonucléaire	2.513217600067939
thermonucléaires	2.513217600067939
thermoplastique	2.513217600067939
thermorégulation	2.513217600067939
thermoélectricité	2.513217600067939
thermoélectriques	2.513217600067939
thiengoli	2.513217600067939
thierry	1.513217600067939
thin	2.513217600067939
think	2.2121876044039577
thinking	2.513217600067939
thomas	2.513217600067939
through	2.513217600067939
thème	1.8142475957319202
thèmes	1.7350663496842953
thèse	1.3090976174120141
thèse arrivée	2.513217600067939
thèses	1.8142475957319202
thé	2.513217600067939
thématique	1.3992742477611022
thématique phare	2.513217600067939
thématiques	1.212187604403958
théorie	1.7350663496842953
théories	2.513217600067939
théorique	1.7350663496842953
théoriques	1.8142475957319202
théorème	2.513217600067939
théorèmes	2.513217600067939
thérapeutique	1.5589750906286142
thérapeutiques	1.6101276130759954
thérapie	2.513217600067939
thérapie implantation	2.513217600067939
thérapies	2.0360963453482768
thésame	2.513217600067939
thésards	2.513217600067939
thétys	2.513217600067939
théâtre	2.2121876044039577
tianjin	2.513217600067939
tic	2.2121876044039577
tiendra	1.3090976174120141
tienne	2.2121876044039577
tiennent	2.513217600067939
tient	1.3992742477611022
tient elle	2.513217600067939
tient il	2.2121876044039577
tiers	1.9111576087399766
timbre	2.513217600067939
timidité	2.513217600067939
tince	2.513217600067939
tinctoriales	2.513217600067939
tir	2.0360963453482768
tirant	2.2121876044039577
tirent	2.2121876044039577
tirer	2.0360963453482768
tirs	2.513217600067939
tirées	2.513217600067939
tison	2.513217600067939
tissu	2.0360963453482768
tissulaire	2.513217600067939
tissus	1.8142475957319202
titan	2.513217600067939
titane	1.9111576087399766
titanesque	2.513217600067939
titrant	2.513217600067939
titre	1.6101276130759954
titres	2.513217600067939
titulaire	2.513217600067939
titulaires	2.2121876044039577
tivmi	2.513217600067939
tld	2.513217600067939
tlrs	2.513217600067939
tm	2.513217600067939
tms	2.513217600067939
tnt	2.513217600067939
to	2.513217600067939
together	2.513217600067939
tohoku	2.513217600067939
toile	2.513217600067939
tokamak	2.2121876044039577
tokyo	2.513217600067939
toll	2.513217600067939
toll like	2.513217600067939
tolérance	1.9111576087399766
tolérant	2.513217600067939
tolérantes	2.2121876044039577
tolérer	2.513217600067939
tomber	2.513217600067939
tombé	2.513217600067939
tomographie	2.513217600067939
tonal	2.513217600067939
tonalité	2.513217600067939
tonne	2.2121876044039577
tonnes	1.6101276130759954
top	2.513217600067939
topex poséidon	2.513217600067939
topographie	2.2121876044039577
topographiques	2.513217600067939
topography	2.513217600067939
topologiques	2.513217600067939
tore	2.513217600067939
toroïdal	2.513217600067939
torpiller	2.513217600067939
tort	2.513217600067939
toshiki	2.513217600067939
total	2.513217600067939
totale	1.6101276130759954
totalement	1.212187604403958
totales	2.513217600067939
totalise	2.513217600067939
totalisent	2.513217600067939
touchant	2.0360963453482768
touche	1.6681195600536822
touche à tout	2.2121876044039577
touchent	2.2121876044039577
toucher	2.2121876044039577
touches	2.513217600067939
touché	2.513217600067939
touchés	2.513217600067939
toujours	0.8600050862925953
toulon	2.2121876044039577
toulon var	2.513217600067939
toulousain	2.0360963453482768
toulousaine	2.2121876044039577
toulousains	2.2121876044039577
toulouse	1.151489764050346
toulouse cnrs	2.513217600067939
toulouse wisea	2.513217600067939
tour	1.3090976174120141
tourbillons	2.513217600067939
tourbières	2.513217600067939
tourin	2.513217600067939
tourisme	2.513217600067939
tourisme evaluer	2.513217600067939
touristes	2.513217600067939
touristique	2.513217600067939
touristiques	2.513217600067939
tournante	2.513217600067939
tourne	2.2121876044039577
tourner	2.0360963453482768
tournesol	2.513217600067939
tournesol identification	2.513217600067939
tournis	2.513217600067939
tourné	2.2121876044039577
tournés	2.513217600067939
tours	1.9111576087399766
tours minute	2.513217600067939
tourte	2.513217600067939
tous	0.5787191488243713
tousse	2.513217600067939
tout	0.4340363540203142
toute	0.9817386830256839
toutefois	1.7350663496842953
toutes	0.850459768386365
toxicité	2.0360963453482768
toxicological	2.513217600067939
toxicologie	2.2121876044039577
toxine	2.513217600067939
toxines	2.2121876044039577
toxique	1.9111576087399766
toxiques	1.6681195600536822
toyota	2.513217600067939
tpe	2.0360963453482768
tpe pme	2.513217600067939
tracer	2.513217600067939
traces	2.513217600067939
trachéale	2.513217600067939
trachéotomie	2.513217600067939
tracker	2.2121876044039577
tracteur	2.513217600067939
tracteurs	2.513217600067939
tractus	2.2121876044039577
tracté	2.513217600067939
tracée	2.513217600067939
tradition	2.0360963453482768
traditionnel	1.9111576087399766
traditionnelle	2.2121876044039577
traditionnellement	2.2121876044039577
traditionnelles	2.2121876044039577
traditionnels	2.2121876044039577
traditions	2.0360963453482768
tradmatik	2.513217600067939
traduction	2.513217600067939
traduira	2.513217600067939
traduire	1.8142475957319202
traduisaient	2.513217600067939
traduisent	2.513217600067939
traduit	1.8142475957319202
traduite	2.2121876044039577
trafic	2.2121876044039577
trail	2.513217600067939
train	1.367089564389701
training	2.513217600067939
trains	2.2121876044039577
trait	2.513217600067939
traitant	2.0360963453482768
traite	1.9111576087399766
traitement	0.9569150993006518
traitements	1.8142475957319202
traiter	1.3992742477611022
traitera	2.2121876044039577
traiteront	2.513217600067939
traits	2.513217600067939
traitée	2.513217600067939
traitées	2.2121876044039577
traités	1.9111576087399766
trajectoire	2.513217600067939
trajectoires	2.2121876044039577
trajet	2.513217600067939
trajets	2.513217600067939
trame	2.513217600067939
tramontane	2.513217600067939
tramway	2.513217600067939
tranche	2.513217600067939
tranchées	2.513217600067939
tranquille	2.513217600067939
transaction	2.513217600067939
transactions	2.513217600067939
transcontinentale	2.513217600067939
transcription	2.513217600067939
transcriptionnelle	2.513217600067939
transcriptomes	2.513217600067939
transcrits	2.513217600067939
transdermique	2.513217600067939
transdisciplinaire	2.513217600067939
transfer	2.513217600067939
transfert	1.212187604403958
transferts	1.6681195600536822
transformant	2.513217600067939
transformateurs	2.513217600067939
transformation	1.8142475957319202
transforme	2.513217600067939
transformer	1.8142475957319202
transformé	2.0360963453482768
transfère	2.513217600067939
transférant	2.513217600067939
transférer	1.5589750906286142
transféré	2.513217600067939
transférée	2.513217600067939
transférés	1.9111576087399766
transgéniques	2.513217600067939
transistor	2.2121876044039577
transistors	2.2121876044039577
transit	2.513217600067939
transition	1.6681195600536822
transitoire	2.513217600067939
transitoires	2.513217600067939
translationnelle	2.513217600067939
transmettre	2.2121876044039577
transmis	2.2121876044039577
transmises	2.513217600067939
transmission	1.513217600067939
transmitted	2.513217600067939
transmutation	2.513217600067939
transmuter	2.513217600067939
transparence	2.2121876044039577
transpiration	2.513217600067939
transplantait	2.513217600067939
transplantation	2.513217600067939
transplanté	2.513217600067939
transport	1.367089564389701
transporte	2.513217600067939
transportent	2.2121876044039577
transporter	1.6101276130759954
transporteur	2.513217600067939
transporteurs	2.513217600067939
transports	1.5589750906286142
transposable	2.2121876044039577
transposer	2.513217600067939
transversales	2.513217600067939
transversaux	2.513217600067939
transverse	2.2121876044039577
transverses	1.9111576087399766
traquer	2.513217600067939
traqués	2.513217600067939
traumatisme	2.513217600067939
traumatismes	2.2121876044039577
traumatisé	2.513217600067939
traumatisés	2.513217600067939
travail	0.6558851036366705
travail droit	2.513217600067939
travaillaient	2.0360963453482768
travaillait	2.2121876044039577
travaillant	1.4340363540203143
travaille	1.098244252097121
travaillent	1.212187604403958
travailler	0.9111576087399766
travailleront	2.2121876044039577
travaillons	1.5589750906286142
travaillé	1.4340363540203143
travaux	0.5309463670283706
travaux 33èmes	2.513217600067939
travers	1.008067621748033
traversant	2.2121876044039577
traversants	2.513217600067939
traverser	1.9111576087399766
traversée	2.0360963453482768
traversées	2.513217600067939
traçabilité	2.2121876044039577
traînée	2.513217600067939
tremblement	2.513217600067939
tremblements	2.513217600067939
tremplin	2.513217600067939
trentaine	1.3371263410122578
trente	2.0360963453482768
trentenaire	2.2121876044039577
tri	1.9111576087399766
triarylamines	2.2121876044039577
tribologie	2.513217600067939
tribune	2.513217600067939
tributaire	2.513217600067939
tricycle	2.513217600067939
tridimensionnels	2.513217600067939
trie	2.513217600067939
trilingues	2.513217600067939
trimatec	2.513217600067939
trimestre	2.513217600067939
trimestres	2.513217600067939
trimouv green	2.513217600067939
trinitrotoluène	2.513217600067939
trip	2.513217600067939
triplement	2.513217600067939
triplé	2.513217600067939
tritium	2.513217600067939
triturer	2.513217600067939
triées	2.513217600067939
troie	2.513217600067939
trois	0.5736983474493205
troisième	1.151489764050346
trompe	2.513217600067939
tromper	2.2121876044039577
tronc	2.513217600067939
trop	1.1152775913959014
trophée	2.513217600067939
trophées	2.0360963453482768
tropical	2.513217600067939
tropicale	2.0360963453482768
tropicales	2.513217600067939
tropicaux	2.513217600067939
tropiques	2.513217600067939
trossat	2.513217600067939
trou	2.2121876044039577
trouble	2.0360963453482768
troubles	1.7350663496842953
troupeaux	2.513217600067939
trouvait	2.513217600067939
trouvant	2.513217600067939
trouve	1.367089564389701
trouvent	1.9111576087399766
trouver	1.0818538359089518
trouvera	2.513217600067939
trouveraient	2.513217600067939
trouverez	2.2121876044039577
trouvons	2.513217600067939
trouvé	2.2121876044039577
trouvées	2.513217600067939
trouvés	2.513217600067939
trustinsoft	2.513217600067939
try	2.513217600067939
trystram	2.513217600067939
très	0.3578815626028772
trésorerie	2.2121876044039577
trésorier	2.513217600067939
tseu	2.513217600067939
tsinghua	2.513217600067939
tsinghua partenariat	2.513217600067939
tsunami	2.0360963453482768
tsunamis	2.513217600067939
tsv	2.513217600067939
ttc	2.513217600067939
tube	2.2121876044039577
tuberculeuses	2.513217600067939
tuberculose	2.513217600067939
tubes	2.2121876044039577
tue	2.513217600067939
tulipes	2.513217600067939
tumeur	1.9111576087399766
tumeurs	2.513217600067939
tumoral	2.513217600067939
tumorales	2.513217600067939
tungsten	2.513217600067939
tungsten w	2.513217600067939
tungstène	2.2121876044039577
tunisie	2.2121876044039577
tunisiens	2.513217600067939
tunnel	1.9111576087399766
tunnels	2.513217600067939
turbidité	2.513217600067939
turbine	2.2121876044039577
turbines	2.513217600067939
turbomeca	2.513217600067939
turboméca	2.513217600067939
turboréacteur	2.513217600067939
turbulent	2.513217600067939
turbulentes	2.513217600067939
tutelle	2.2121876044039577
tutelles	2.513217600067939
tuyau	2.513217600067939
tué	2.513217600067939
type	0.7208259105696851
types	1.212187604403958
typhimurium	2.513217600067939
typique	2.513217600067939
typologies	2.513217600067939
tâche	1.9111576087399766
tâches	1.9111576087399766
télescope	1.9111576087399766
télescopes	2.2121876044039577
télé épidémiologie	2.513217600067939
télécom	2.2121876044039577
télécommunications	1.5589750906286142
télécoms	2.2121876044039577
téléphone	2.2121876044039577
téléphones	1.9111576087399766
téléphonie	2.2121876044039577
téléphoniques	2.513217600067939
téléviseurs	2.513217600067939
télévision	2.513217600067939
télévisions	2.513217600067939
témoignage	2.513217600067939
témoignages	1.7350663496842953
témoignent	2.0360963453482768
témoigner	2.0360963453482768
témoin	1.8142475957319202
téraflops	2.513217600067939
téraoctets	2.513217600067939
térawat	2.513217600067939
téssékéré	2.513217600067939
tétée	2.513217600067939
tête	1.471824914909714
têtes	2.2121876044039577
tôt	1.6101276130759954
u	2.513217600067939
u v	2.513217600067939
uag	2.513217600067939
uas	2.513217600067939
uc	2.513217600067939
uc3	2.513217600067939
ujf	2.513217600067939
uk	2.513217600067939
ulcérations	2.513217600067939
ulis	2.513217600067939
ulm	2.513217600067939
ultime	2.2121876044039577
ultra	2.513217600067939
ultra minces	2.513217600067939
ultra pure	2.513217600067939
ultra sensible	2.513217600067939
ultrasons	2.2121876044039577
ultraviolet	2.513217600067939
ultérieurement	2.513217600067939
umi	2.2121876044039577
umi ess	2.513217600067939
umr	1.6101276130759954
umt	2.2121876044039577
un	0.05081960216898292
une	0.053825112308708144
unes	2.2121876044039577
unies	2.513217600067939
uniformes	2.513217600067939
union	2.2121876044039577
unique	0.8230215200394253
uniquement	1.3090976174120141
uniques	1.9111576087399766
unitaire	2.513217600067939
unitaires	2.513217600067939
united	2.513217600067939
unité	1.257945094964633
unités	1.6681195600536822
univers	1.7350663496842953
universel	2.513217600067939
universelles	2.513217600067939
universitaire	1.471824914909714
universitaires	1.6101276130759954
universiteit	2.513217600067939
university	2.0360963453482768
université	1.1707949192457328
universités	1.1707949192457328
unmanned	2.513217600067939
unrpa10	2.513217600067939
uns	2.0360963453482768
up	2.2121876044039577
up tex	2.2121876044039577
upec	2.513217600067939
upmc	2.2121876044039577
upmc cnrs	2.513217600067939
ur10	2.513217600067939
urbain	2.0360963453482768
urbaine	1.9111576087399766
urbaines	2.513217600067939
urbains	2.513217600067939
urbanisation	2.513217600067939
urbanistes	2.513217600067939
urbanisé	2.513217600067939
urbanisée	2.513217600067939
urbano	2.513217600067939
urgence	2.0360963453482768
urgences	2.513217600067939
urgent	1.6101276130759954
urgentiste	2.513217600067939
urgentistes	2.513217600067939
urgents	2.513217600067939
usage	1.6681195600536822
usages	1.5589750906286142
usagée	2.513217600067939
use	2.513217600067939
usine	1.9111576087399766
usines	2.0360963453482768
utile	1.5589750906286142
utiles	2.0360963453482768
utilisable	1.8142475957319202
utilisables	2.513217600067939
utilisait	2.513217600067939
utilisant	1.1909983053340196
utilisateur	1.8142475957319202
utilisateurs	1.367089564389701
utilisation	1.6101276130759954
utilise	1.6101276130759954
utilisent	1.6681195600536822
utiliser	1.3090976174120141
utilisera	2.513217600067939
utilisé	1.1152775913959014
utilisée	1.367089564389701
utilisées	1.1909983053340196
utilisés	1.212187604403958
utilité	2.513217600067939
uv	2.513217600067939
va	0.5687349279177704
va t elle	1.8142475957319202
va t il	2.2121876044039577
vacccin	2.513217600067939
vaccin	2.2121876044039577
vaccination	2.513217600067939
vaccins	1.9111576087399766
vague	2.2121876044039577
vagues	2.2121876044039577
vaimos	2.2121876044039577
vain	2.513217600067939
vaines	2.513217600067939
vaison la romaine	2.513217600067939
vaisseau	2.513217600067939
vaisseaux	2.2121876044039577
val	1.9111576087399766
val de marne	2.2121876044039577
valence	2.2121876044039577
valencia	2.513217600067939
valenciennes	2.513217600067939
valeur	1.4340363540203143
valeurs	1.9111576087399766
validation	1.513217600067939
valider	1.5589750906286142
validité	2.2121876044039577
validé	1.9111576087399766
validée	2.2121876044039577
validés	1.9111576087399766
valise	2.513217600067939
valises	2.513217600067939
vallette	2.513217600067939
valley	2.0360963453482768
vallée	1.9111576087399766
valo	2.513217600067939
valoir	2.513217600067939
valorial	2.513217600067939
valorisant	2.2121876044039577
valorisation	1.471824914909714
valoriser	1.5589750906286142
valorisé	2.2121876044039577
valorisée	2.513217600067939
valorisées	2.513217600067939
valrose	2.513217600067939
valu	2.513217600067939
valves	2.513217600067939
valérie	2.2121876044039577
van	2.513217600067939
vante	2.513217600067939
vapeur	2.0360963453482768
vapeurs	2.513217600067939
var	2.513217600067939
variabilité	1.5589750906286142
variable	2.513217600067939
variables	2.0360963453482768
variant	2.513217600067939
variation	2.0360963453482768
variation sélection	2.513217600067939
variations	2.0360963453482768
varie	2.0360963453482768
varier	1.9111576087399766
variée	2.513217600067939
variées	2.2121876044039577
variés	1.513217600067939
variétale	2.2121876044039577
variétaux	2.513217600067939
variété	2.0360963453482768
variétés	1.8142475957319202
varsovie	2.513217600067939
vasculaire	2.513217600067939
vasculaires	2.513217600067939
vassal	2.513217600067939
vassivière	2.513217600067939
vaste	2.0360963453482768
vastes	2.2121876044039577
vaucluse	2.513217600067939
vaudra	2.0360963453482768
vaut	2.513217600067939
vaut il	2.513217600067939
veau	2.2121876044039577
vecteur	2.513217600067939
vecteurs	2.513217600067939
vectorisée	2.513217600067939
vega	2.2121876044039577
vegepolys	2.513217600067939
veille	1.9111576087399766
veiller	2.513217600067939
veillet	2.2121876044039577
velléité	2.513217600067939
venaient	2.513217600067939
venait	2.0360963453482768
venant	1.8142475957319202
vendanges	2.2121876044039577
vendangés	2.513217600067939
vendre	2.513217600067939
vendu	2.2121876044039577
vendus	2.2121876044039577
vendée	2.513217600067939
venez	2.0360963453482768
venimeux	2.513217600067939
venin	2.0360963453482768
venins	2.2121876044039577
venir	1.3371263410122578
venir climat	2.513217600067939
venons	2.0360963453482768
vent	1.8142475957319202
vente	2.513217600067939
ventes	1.8142475957319202
vents	1.9111576087399766
venture	2.2121876044039577
ventures	2.513217600067939
venu	1.8142475957319202
venue	2.513217600067939
venues	2.513217600067939
venus	1.471824914909714
veolia	2.2121876044039577
verbaliser	2.513217600067939
verbe	2.513217600067939
vercherand	2.513217600067939
vercueil	2.513217600067939
veritas	2.513217600067939
verne	2.2121876044039577
vernejoul	2.513217600067939
vernissage	2.513217600067939
verra	2.0360963453482768
verrait	2.513217600067939
verre	1.7350663496842953
verres	2.2121876044039577
verront	2.2121876044039577
verrou	2.513217600067939
verrous	2.513217600067939
vers	0.850459768386365
versailles	2.513217600067939
version	1.9111576087399766
versions	2.513217600067939
versés	2.513217600067939
vert	2.0360963453482768
verte	1.8142475957319202
vertes	1.9111576087399766
vertical	2.2121876044039577
verticalement	2.513217600067939
verticaux	2.513217600067939
vertigo	2.513217600067939
vertueux	2.2121876044039577
vertus	2.2121876044039577
vertébrale	2.513217600067939
verwaerde	2.513217600067939
very large scale integration	2.513217600067939
vestiges	2.513217600067939
veulent	2.513217600067939
veurey voroize	2.513217600067939
veut	1.8142475957319202
veux	2.2121876044039577
vi	2.513217600067939
via	0.9691495557176634
viable	2.2121876044039577
viables	2.513217600067939
viagora	2.513217600067939
vialou	2.513217600067939
viande	1.9111576087399766
vias	2.513217600067939
vibration	1.9111576087399766
vibrations	2.0360963453482768
vibratoire	2.513217600067939
vibreurs	2.513217600067939
vice	2.513217600067939
vice président	1.6681195600536822
vice présidents	2.513217600067939
vice recteur	2.513217600067939
victimes	1.9111576087399766
victoire	2.513217600067939
vidar	2.513217600067939
vide	2.513217600067939
vidéo	2.0360963453482768
vidéos	2.513217600067939
vidéosurveillance	2.513217600067939
vie	0.8411197421322215
vieillir	1.9111576087399766
vieillissement	1.4340363540203143
vieillit	2.513217600067939
viendra	2.2121876044039577
viendront	1.9111576087399766
vienne	2.513217600067939
viennent	1.0508196021689828
vient	0.7070376260840519
vies	2.513217600067939
vigne	1.6101276130759954
vigneron	2.513217600067939
vignerons	2.513217600067939
vignes	2.0360963453482768
vignoble	1.9111576087399766
vignobles	2.513217600067939
vignon	2.513217600067939
vikings	2.513217600067939
vilarem	2.513217600067939
vilhena	2.513217600067939
village	2.2121876044039577
villages	2.513217600067939
villain	2.513217600067939
villani	1.9111576087399766
ville	1.3371263410122578
villeneuve	2.513217600067939
villes	2.0360963453482768
villette	2.513217600067939
vilvorde	2.513217600067939
vin	1.7350663496842953
vinci	2.513217600067939
vingt	1.471824914909714
vingtaine	1.0818538359089518
vini viticole	2.513217600067939
vinicoles	2.513217600067939
viniculture	2.513217600067939
vinification	2.2121876044039577
vinneo	2.513217600067939
vinnova	2.513217600067939
vins	1.8142475957319202
violents	2.2121876044039577
violette	2.513217600067939
virage	2.513217600067939
virages	2.513217600067939
viral	2.513217600067939
virale	2.513217600067939
virales	2.513217600067939
vircopal	2.513217600067939
virey	2.513217600067939
virginie	2.0360963453482768
virtual	2.513217600067939
virtuel	2.0360963453482768
virtuelle	1.9111576087399766
virtuellement	2.0360963453482768
virtuelles	2.2121876044039577
virtuels	2.2121876044039577
virus	1.9111576087399766
vis	2.513217600067939
vis à vis	1.4340363540203143
visage	2.513217600067939
visant	1.0818538359089518
visco élastiques	2.513217600067939
viscosité	2.513217600067939
vise	1.0660595687257197
visent	2.0360963453482768
visibilité	2.0360963453482768
visible	1.6101276130759954
visiblement	2.2121876044039577
visibles	2.0360963453482768
vision	1.212187604403958
visionnaires	2.513217600067939
visions	2.513217600067939
visite	2.0360963453482768
visiter	2.2121876044039577
visites	1.6681195600536822
visiteurs	1.6101276130759954
visitées	2.513217600067939
visités	2.513217600067939
vissière	2.513217600067939
visualisation	2.513217600067939
visualiser	1.5589750906286142
visuelle	2.0360963453482768
visé	2.513217600067939
visée	2.2121876044039577
visées	2.513217600067939
vit	2.0360963453482768
vitagora	0.8899683096700385
vitagora une	2.513217600067939
vitale	2.513217600067939
vitales	2.513217600067939
vitalité	2.513217600067939
vitamine	2.513217600067939
vitamines	2.2121876044039577
vite	1.3371263410122578
vitesse	1.4340363540203143
vitesses	2.2121876044039577
viti vinicole	2.513217600067939
viticole	2.2121876044039577
viticoles	2.2121876044039577
viticulteurs	2.513217600067939
viticulture	1.9111576087399766
vitivinicole	2.513217600067939
vitre	2.513217600067939
vitres	2.513217600067939
vitreuse	2.513217600067939
vitreuse un	2.513217600067939
vitrine	2.2121876044039577
vitro	2.2121876044039577
vivant	1.4340363540203143
vivante	2.0360963453482768
vivantes	2.0360963453482768
vivantes détecter	2.513217600067939
vivants	2.513217600067939
vivent	1.9111576087399766
viveris	2.2121876044039577
vivifiant	2.513217600067939
vivo	1.9111576087399766
vivons	2.513217600067939
vivrait	2.513217600067939
vivre	1.6681195600536822
vivrières	2.513217600067939
vivrons nous	2.513217600067939
vième	2.513217600067939
vladimir	2.513217600067939
vlsi	2.513217600067939
vocabulaire	2.513217600067939
vocal	2.513217600067939
vocale	2.513217600067939
vocation	1.5589750906286142
voeux	2.513217600067939
voie	1.4340363540203143
voies	1.7350663496842953
voile	1.9111576087399766
voilier	1.9111576087399766
voiliers	2.513217600067939
voilure	2.513217600067939
voilà	2.2121876044039577
voir	1.0660595687257197
voire	0.7573427443954476
voiron	2.513217600067939
voisine	2.513217600067939
voit	1.7350663496842953
voiture	2.0360963453482768
voitures	2.513217600067939
vol	1.513217600067939
volant	2.2121876044039577
volants	2.513217600067939
volatiles	2.513217600067939
volatils	2.513217600067939
volcaniques	2.513217600067939
volcans	2.513217600067939
volent	2.2121876044039577
voler	2.0360963453482768
volet	1.5589750906286142
volets	2.513217600067939
volgograd	2.513217600067939
volontairement	2.2121876044039577
volontaires	2.0360963453482768
volonté	1.282768678689665
vols	1.9111576087399766
voltage	2.513217600067939
volts	2.513217600067939
volume	2.0360963453482768
volumes	1.9111576087399766
volumineux	2.513217600067939
volée	2.513217600067939
von	2.2121876044039577
vont	0.7350663496842954
vos	2.2121876044039577
votre	2.0360963453482768
voulais	2.513217600067939
voulez	2.513217600067939
vouliez	2.513217600067939
voulions	2.513217600067939
vouloir	2.2121876044039577
voulons	2.513217600067939
voulu	2.2121876044039577
vous	1.1707949192457328
voyage	1.8142475957319202
voyager	2.2121876044039577
voyages	2.513217600067939
voyageurs	2.2121876044039577
voyez	2.513217600067939
voyons	2.513217600067939
vrai	1.6681195600536822
vraie	1.6681195600536822
vraies	2.513217600067939
vraiment	1.5589750906286142
vrais	2.0360963453482768
vrillage	2.513217600067939
vtt	2.513217600067939
vu	1.6101276130759954
vue	1.4340363540203143
vues	2.513217600067939
vulnérabilité	1.8142475957319202
vulnérable	2.2121876044039577
vulnérables	2.2121876044039577
vécu	2.2121876044039577
vécues	2.513217600067939
vécus	2.513217600067939
végétal	1.6101276130759954
végétale	1.8142475957319202
végétales	1.9111576087399766
végétation	2.0360963453482768
végétaux	1.5589750906286142
véhiculant	2.513217600067939
véhicule	1.9111576087399766
véhicules	1.9111576087399766
véhiculée	2.513217600067939
vélique	2.513217600067939
vélo	2.513217600067939
véolia	2.513217600067939
vérification	2.0360963453482768
vérifications	2.513217600067939
vérifier	2.0360963453482768
vérifions	2.513217600067939
vérifiée	2.513217600067939
vérins	2.513217600067939
véritable	0.9111576087399766
véritablement	1.5589750906286142
véritables	1.6681195600536822
véronique	2.513217600067939
vétérinaire	1.9111576087399766
vétérinaires	2.513217600067939
vêtements	2.513217600067939
vôtres	2.513217600067939
waard	2.513217600067939
wafers	2.513217600067939
wageningen	2.513217600067939
wagner	2.513217600067939
waldenström	2.513217600067939
walllois ceti	2.513217600067939
wallois	2.513217600067939
walter	2.513217600067939
wany	2.513217600067939
water	2.2121876044039577
watier	2.513217600067939
watt	2.513217600067939
watts	2.513217600067939
waynas	2.513217600067939
wdi	2.513217600067939
weak	2.513217600067939
web	2.2121876044039577
webb	2.513217600067939
webrest	2.513217600067939
weil	2.513217600067939
welience	2.0360963453482768
welienceprojet	2.513217600067939
well	2.513217600067939
wellington	2.513217600067939
west	2.0360963453482768
westinghouse	2.513217600067939
what	2.513217600067939
white	2.513217600067939
whylot	2.513217600067939
widou	2.513217600067939
win	2.513217600067939
windows	2.2121876044039577
winrest	2.513217600067939
wipak	2.513217600067939
wisea	2.513217600067939
wollongong	2.513217600067939
wolton rencontres	2.513217600067939
work	2.513217600067939
workshop	2.513217600067939
workshops	2.513217600067939
world	2.513217600067939
wrsc	2.513217600067939
www epos eu org	2.513217600067939
www metahit eu	2.513217600067939
wymelbeke	2.513217600067939
x	1.6681195600536822
xavier	2.2121876044039577
xerox	2.513217600067939
xiwrite	2.513217600067939
xix	2.2121876044039577
xixème	2.2121876044039577
xvième	2.513217600067939
xxième	2.0360963453482768
xxème	2.2121876044039577
y	0.45251975971432734
yachts	2.513217600067939
yannick	2.2121876044039577
yaourts	2.513217600067939
yeux	2.0360963453482768
yonne	2.513217600067939
york	2.513217600067939
yunus	2.513217600067939
yves	2.2121876044039577
zefiro z23	2.513217600067939
zefiro z9a	2.513217600067939
zetta exawatt	2.513217600067939
zimmer	2.513217600067939
zirconium	2.513217600067939
ziziphus	2.513217600067939
zodiac	2.513217600067939
zonal	2.513217600067939
zone	1.5589750906286142
zones	1.4340363540203143
zoologie	2.513217600067939
zoologique	2.513217600067939
zuckerberg	2.513217600067939
zébus	2.513217600067939
zéro	2.513217600067939
zérodur	2.513217600067939
à	0.0
âge	2.2121876044039577
âges	2.2121876044039577
âgé	2.0360963453482768
âgée	2.0360963453482768
âgées	1.5589750906286142
âgées epilepsie	2.513217600067939
âgés	2.2121876044039577
âme	2.513217600067939
ça	2.2121876044039577
ère	2.2121876044039577
ébauche	2.513217600067939
ébauches	2.513217600067939
ébauché	2.513217600067939
ébloui	2.513217600067939
écarts	2.513217600067939
échange	1.9111576087399766
échangeant	2.513217600067939
échangent	2.513217600067939
échanger	1.8142475957319202
échanges	1.23446399911511
échangés	2.513217600067939
échantillon	2.0360963453482768
échantillonnage	2.2121876044039577
échantillons	1.9111576087399766
échappent	2.513217600067939
échappez	2.513217600067939
échecs	2.2121876044039577
échelle	1.5589750906286142
échelles	1.8142475957319202
échelons	2.513217600067939
éclairage	2.513217600067939
éclairer	2.513217600067939
éclairés	2.513217600067939
éclater	2.513217600067939
éclore	2.513217600067939
éco efficients	2.513217600067939
école	1.4340363540203143
écoles	1.4340363540203143
écolo	2.513217600067939
écologie	2.2121876044039577
écologique	1.7350663496842953
écologique tara	2.513217600067939
écologiques	1.9111576087399766
écologiste	2.513217600067939
écologistes	2.513217600067939
économe	2.513217600067939
économes	2.513217600067939
économie	1.8142475957319202
économie les	2.513217600067939
économies	2.513217600067939
économique	1.212187604403958
économique novaqt	2.513217600067939
économiquement	1.8142475957319202
économiques	1.23446399911511
économiser	2.513217600067939
économiste	2.2121876044039577
économistes	1.9111576087399766
écophysiologiste	2.513217600067939
écosystème	2.2121876044039577
écosystèmes	1.7350663496842953
écotechnologies	2.513217600067939
écotoxiques	2.513217600067939
écoulement	2.2121876044039577
écoute	2.2121876044039577
écran	2.513217600067939
écrans	1.9111576087399766
écrire	2.513217600067939
écrit	2.2121876044039577
éditeurs	2.513217600067939
édition	0.8142475957319202
éditions	1.9111576087399766
éducateurs	2.513217600067939
éducation	2.2121876044039577
éducative	2.513217600067939
éduquées	2.513217600067939
égale	2.0360963453482768
également	0.36708956438970103
égales	2.513217600067939
égalé	2.513217600067939
égalés	2.513217600067939
élaborent	2.513217600067939
élaborer	2.0360963453482768
élan	1.9111576087399766
élargi	2.513217600067939
élargie	2.513217600067939
élargir	2.513217600067939
élastographie	2.513217600067939
élastomère	2.513217600067939
élection	2.2121876044039577
électrique	1.3090976174120141
électrique 1er	2.513217600067939
électriquement	2.513217600067939
électriques	1.513217600067939
électrochimie	2.513217600067939
électrodes	2.2121876044039577
électroluminescente	2.513217600067939
électroluminescentes	2.513217600067939
électrolyseur	2.513217600067939
électromagnétique	2.513217600067939
électromagnétiques	2.2121876044039577
électromécaniques	2.513217600067939
électroménager	2.513217600067939
électron	2.513217600067939
électronique	1.8142475957319202
électronique micro	2.513217600067939
électroniques	1.6101276130759954
électrons	2.0360963453482768
électronucléaire	2.513217600067939
élevages	2.2121876044039577
éleveurs	2.513217600067939
élevé	1.8142475957319202
élevée	1.9111576087399766
élevée améliorer	2.513217600067939
élevées	2.0360963453482768
élevés	1.7350663496842953
élimination	2.513217600067939
éliminé	2.513217600067939
élites	2.2121876044039577
élitiste	2.513217600067939
éloigné	2.513217600067939
éloignés	2.2121876044039577
élu	2.2121876044039577
élucider	2.513217600067939
élus	2.2121876044039577
élève	1.9111576087399766
élève ingénieur	2.513217600067939
élèves	1.1909983053340196
élégance	2.513217600067939
élégant	2.513217600067939
élément	1.6681195600536822
élémentaire	2.513217600067939
élémentaires	2.2121876044039577
éléments	1.282768678689665
éléphants	2.513217600067939
élévation	2.2121876044039577
émanation	2.513217600067939
émerge	2.0360963453482768
émergence	2.0360963453482768
émergent	2.2121876044039577
émergente	2.513217600067939
émergentes	2.513217600067939
émergents	2.2121876044039577
émerger	1.4340363540203143
émergé	1.7350663496842953
émergées	2.2121876044039577
émet	2.2121876044039577
émettant	2.0360963453482768
émettent	2.513217600067939
émetteurs	2.513217600067939
émeutes	2.513217600067939
émis	2.513217600067939
émise	2.0360963453482768
émises	2.0360963453482768
émissions	1.6101276130759954
émotion	2.2121876044039577
émotion vircopal	2.513217600067939
émotionnel	2.513217600067939
émotionnelle	2.513217600067939
émotions	2.513217600067939
émulation	2.513217600067939
émulsionne	2.513217600067939
émérite	2.0360963453482768
émérites	2.513217600067939
énergie	1.3992742477611022
énergie microalgues	2.513217600067939
énergies	1.6681195600536822
énergies physique	2.513217600067939
énergivores	2.513217600067939
énergétique	1.367089564389701
énergétiques	1.7350663496842953
énorme	1.5589750906286142
énormément	2.0360963453482768
énumère	2.513217600067939
éolienne	2.0360963453482768
éoliennes	2.0360963453482768
épaves	2.513217600067939
éphémère	2.513217600067939
épidémies	2.513217600067939
épidémiologique	2.513217600067939
épigénétique	2.513217600067939
épileptiques	2.513217600067939
épingle	2.513217600067939
épinière	2.513217600067939
épisode	2.513217600067939
épisodes	2.0360963453482768
épithéliales	2.513217600067939
époque	2.0360963453482768
époxyde	2.513217600067939
épreuves	2.513217600067939
épuration	2.513217600067939
équation	2.513217600067939
équations	1.9111576087399766
équatorial	2.2121876044039577
équatoriale	2.513217600067939
équestres	2.2121876044039577
équilibre	2.0360963453482768
équilibré	2.513217600067939
équilibrés	2.513217600067939
équine	2.513217600067939
équipage	2.513217600067939
équipe	0.8600050862925953
équipement	1.7350663496842953
équipements	1.6101276130759954
équipent	2.513217600067939
équiper	1.9111576087399766
équipes	0.7003042434250835
équipé	1.5589750906286142
équipée	2.0360963453482768
équipés	2.0360963453482768
équivalent	1.7350663496842953
équivalente	2.2121876044039577
équivalents	2.2121876044039577
éruptions	2.513217600067939
établi	1.8142475957319202
établie	2.2121876044039577
établir	1.7350663496842953
établis	2.513217600067939
établissaient	2.513217600067939
établissant	2.2121876044039577
établissement	1.1909983053340196
établissements	1.367089564389701
établissent	2.2121876044039577
établit	2.513217600067939
étage	2.2121876044039577
étages	2.513217600067939
étaient	1.3371263410122578
étaient elles	2.513217600067939
était	0.8142475957319202
étalant	2.513217600067939
étalés	2.513217600067939
étanche	2.513217600067939
étanchéité	2.513217600067939
étant	0.5494297727223838
étape	1.0818538359089518
étapes	1.3090976174120141
état	1.6101276130759954
états	1.8142475957319202
étendu	2.2121876044039577
étendues	2.2121876044039577
éternelle	2.513217600067939
éthique	2.513217600067939
éthiques	2.513217600067939
étions	1.6681195600536822
étiquettes	2.513217600067939
étoile	2.513217600067939
étoiles	2.513217600067939
étoiles lancement	2.513217600067939
étoilé	2.513217600067939
étonnant	1.6681195600536822
étonnante	2.513217600067939
étonne	2.513217600067939
étonnement	2.2121876044039577
étrange	2.513217600067939
étrangers	1.5589750906286142
étranges	2.513217600067939
étrangère	2.2121876044039577
étrangères	2.2121876044039577
étroit	2.0360963453482768
étroite	2.2121876044039577
étroitement	2.513217600067939
étroits	2.2121876044039577
étude	1.1707949192457328
études	1.0660595687257197
étudiant	1.6681195600536822
étudiantes	2.2121876044039577
étudiants	0.9817386830256839
étudie	2.0360963453482768
étudier	1.4340363540203143
étudié	1.6101276130759954
étudiée	2.2121876044039577
été	0.2827686786896651
évacuation	2.0360963453482768
évaluation	2.0360963453482768
évaluations	2.513217600067939
évaluer	1.6681195600536822
évalué	2.513217600067939
évaluée	2.2121876044039577
évapotranspiration	2.513217600067939
éventail	1.7350663496842953
éventuelle	2.513217600067939
éventuellement	2.0360963453482768
éventuels	1.8142475957319202
évidemment	0.8697649235817516
évidence	1.3090976174120141
évident	2.513217600067939
évitant	2.0360963453482768
évite	2.2121876044039577
éviter	1.6681195600536822
évocateur	2.513217600067939
évoluant	2.513217600067939
évolue	2.0360963453482768
évoluent	2.513217600067939
évoluer	1.6681195600536822
évolutif	2.513217600067939
évolution	1.471824914909714
évolutions	1.6101276130759954
évolutive	2.513217600067939
évolué	1.8142475957319202
évolués	2.513217600067939
évoquant	1.7350663496842953
évoque	1.6681195600536822
évoquer	2.2121876044039577
évoqueront	2.513217600067939
évoqué	2.2121876044039577
évoquée	2.2121876044039577
évoquées	2.513217600067939
évoqués	2.513217600067939
évènements	2.513217600067939
événement	1.0660595687257197
événementielle	2.513217600067939
événements	1.5589750906286142
êtes	2.0360963453482768
être	0.37020279981384396
îles	2.2121876044039577
îlots	2.513217600067939
œil	2.513217600067939
