    token	freq	docs
nous	458	70921,67939,73434,67938,71357,68638,74749,75457,74167,72933,73184,70923,69533,72113,73432,71621,69534,72114,75069,76206,76213,76207,73431,73182,67068,72115,68274,73683,69817,76507,68275,72629,68881,72398,67795,76511,74449,70161,68276,67794,67555,68882,73685,73875,70165,75790,72940,73684,68273,68887,68885,69812,73876,70166,75793,67383,75792,73877,67553,70749,72392,69177,74457,68283,72393,71842,72634,70745,69821,73879,68281,74455,75788,75789,68643,72394,67799,70420,74450,74451,76508,70421,67798,72630,70422,68279,72396,72631,70914,75461,75065,75064,71835,71612,70915,75462,76209,75066,68383,71836,70916,71359,74745,68387,75063,67937,74744,71614,71358,75458,74168,74169,75459,71617
projet	414	70921,67939,73186,71357,71619,74749,75457,73185,72933,73190,74172,74748,70923,69537,74176,73433,76211,72936,72937,73432,72116,69534,72114,70918,73183,73430,75069,76212,75068,67557,73683,69817,70163,76512,67386,76513,70162,76507,69816,69180,68275,68883,68277,69814,76511,67385,75794,74449,70161,69815,68276,72400,67555,69178,69811,73691,73685,73875,75790,70164,73684,69179,70428,69541,68885,73876,70166,75793,67383,75792,69813,73687,68884,67553,70749,68645,72392,69177,71842,72634,70745,73879,68281,74455,75789,70168,67945,72633,72394,67799,70420,69818,76509,74450,67388,76508,70421,72395,67798,67940,70743,68642,67942,68279,67943,72631,68641,71363,69538,72118,70914,75461,75065,72939,75064,71835,71612,75460,71360,75066,76208,75067,68383,75463,70916,71359,74751,68387,68393,75063,68392,71614,71358,72121,74746,75458,74752,73438,74169,68385,75465
chercheur	386	68388,67939,74170,73186,73435,73434,67938,68389,70922,74173,73436,72933,72932,73184,74172,71618,69533,72113,69537,73433,76210,73432,72116,69534,73183,75069,76206,72934,76213,75068,73431,74174,67068,70919,72115,67557,69181,69817,70163,76512,67386,76513,69816,68275,67556,67554,72401,69182,69814,67391,67390,75794,74449,69815,69183,68276,67555,68882,69540,68886,69178,69811,67800,75790,72940,75791,76515,70164,67801,70428,68887,70748,69812,69184,67383,75792,70167,67802,73877,70749,72635,70744,68645,71843,72392,70426,74457,72393,71842,67946,68644,70745,70753,70747,68646,70425,69821,75788,73878,68280,73688,70424,67945,71841,70746,68643,67558,72394,70420,67389,69819,70421,67940,72632,70743,72630,67942,72397,68278,70423,74452,70422,73881,72631,68641,70914,67071,75065,72939,72938,75070,71835,71612,69539,72119,70917,75462,71837,75067,75463,70916,71615,68387,73189,73188,67937,74750,72121,75464,75458,74752,68390,74168,68385,68391,75459
pas	369	70921,73434,67938,68389,71357,68638,74749,75457,74167,74173,73185,72933,72932,74172,70923,69533,72113,69537,71620,74176,72937,76210,73432,69534,72114,73183,73430,76206,72935,72934,76213,76207,73431,73182,67068,69535,72115,68274,73683,67386,76507,72629,68881,67795,76511,67391,75794,74449,70161,69183,68276,67794,67555,68882,69540,69178,73685,73875,75790,72940,76515,67801,73684,68273,68887,68885,69184,73876,70166,75793,67383,75792,73877,69813,73687,67553,70749,72635,70744,72392,69177,74457,72393,71842,68644,72634,70745,72636,67561,71840,69821,73879,74455,75789,74454,73688,68643,72394,67941,70420,74450,67388,74451,76508,69819,70421,67798,67940,72632,72630,70423,74453,70422,67943,72396,72631,70914,72939,71835,71612,70915,69539,72119,70917,71837,76209,68383,70916,71359,74745,75063,67937,74744,71614,75458,74752,68390,74168,74169,75459,71617
entreprise	354	73435,73434,73187,74171,67938,71357,71619,74749,75457,74167,73185,72933,73184,73190,74172,74748,72113,72117,74176,76211,72937,72114,74175,73430,75069,76212,72935,76213,75068,76207,73182,71839,67068,69535,67796,68274,76513,76507,72629,67795,68277,76511,67385,76510,70161,69815,72400,73691,73685,73875,70165,68273,69541,73686,73876,70166,75793,67383,75792,73687,68884,67553,73884,71842,67946,72634,70753,68646,67561,71840,73689,73879,74455,70169,70168,74454,73878,67945,71841,68643,72633,71845,72394,69818,76509,74450,74451,76508,70421,72395,72630,68278,74453,70422,72396,72118,70914,75071,75065,72939,72938,71360,75066,76208,75067,68383,71359,68387,68393,75063,68392,74744,75466,71614,72121,71616,74746,75458,74752,73438,74747,75465
aller	324	67939,74170,73434,67938,71357,68638,74749,75457,74167,73185,72933,72932,70923,69533,73432,72116,69534,72114,73183,73430,75069,76206,72935,76213,73431,73182,67068,69535,73683,69817,67387,70162,68275,72629,68881,67554,67795,68277,76511,67385,67390,76510,70161,69815,68276,67794,67555,68882,69178,73685,73875,67800,75790,76515,73684,68273,70748,73686,69812,73876,70166,75793,67383,75792,67802,73877,69813,68884,70749,72635,70744,71843,72392,73884,72393,71842,72634,70745,68646,71840,70425,73689,74455,75788,70168,70424,67945,68643,67558,72394,70420,74450,74451,70421,67798,72630,72397,70423,68279,72631,75461,75065,72938,75064,75070,71835,71612,75460,69539,71362,71360,70917,75462,71837,76209,76208,75067,68383,71836,70916,71359,74751,74745,73189,75063,67937,74744,71614,71358,74746,75458,74752,74168,75459
innovation	320	70921,74170,73186,73187,74171,67938,70920,75457,74167,72933,73190,74172,74748,69533,72113,68639,69537,71620,74176,73433,76211,72937,69536,70918,71838,73430,75069,76212,72935,72934,76213,75068,73182,71839,67068,70919,69535,67557,67796,68274,69181,70163,67386,67387,75797,70162,76507,69816,69180,67797,67556,68883,67795,68277,69814,67385,76510,70161,69815,68276,72400,68882,70165,76514,75790,75791,70164,68273,70748,69543,68885,73686,73876,67383,73687,68884,70744,72392,74456,72393,67946,70751,70753,67561,71840,73689,73879,74455,75789,70168,74454,70424,71841,70752,72633,67941,70420,73883,69818,76509,74451,73882,72395,67940,72632,70743,68642,68640,72630,67942,73880,68278,70423,74453,74452,68279,68641,71363,69538,70914,67071,75071,75065,72938,75460,71360,70917,76209,75066,76208,68383,71361,72122,71359,71615,68393,68386,74744,74750,75466,71616,74752,68384,73438,68385,74747,71617,75465,72120
ne	315	70921,67939,73434,67938,68389,71357,68638,74749,75457,74167,74173,73185,73436,72933,72932,74172,71618,70923,69533,72113,72117,71620,73433,72937,76210,73432,71621,69534,72114,73183,73430,75069,76206,72935,72934,76213,76207,73431,73182,67068,69535,72115,73683,67386,70162,72629,68881,68883,67554,67795,76511,67391,75794,74449,70161,69183,68276,67794,67555,68882,70429,73875,75790,67801,73684,68273,68887,68885,69812,69184,73876,70166,67383,75792,67802,73877,69813,73687,67553,70749,72635,70744,72392,69177,74457,72393,71842,68644,72634,70745,70747,72636,69821,73879,74455,75788,75789,71841,68643,67558,72394,67941,70420,76509,74450,67389,67388,74451,76508,70421,67798,67940,67942,70423,74453,70422,67943,72396,72631,69538,75065,72938,71835,70915,69539,70917,76209,68383,71836,70916,71359,74745,68387,75063,67937,74744,74750,71614,74746,75458,74752,74168,74169,75459,71617
année	309	67939,74170,73435,73434,74171,68389,70920,71357,68638,75457,74167,73185,73436,72933,72932,73184,71618,69533,72113,71620,76211,72937,73432,71621,69536,69534,73183,73430,76206,73431,73182,67068,72115,68274,73683,76512,67387,76507,72629,68881,72398,67795,76511,67385,70161,69815,68276,67794,72400,68882,69178,69811,73685,73875,67800,76514,75791,70170,70164,67801,73684,69179,68887,68885,73876,67803,75793,75792,70167,67802,73877,69185,69542,70744,72392,69177,74457,68283,72393,71842,68888,68646,71840,69821,68281,74455,75788,75789,74454,73878,73688,67945,72394,76509,74450,76508,70421,72395,72632,72630,73880,70423,74452,70422,73881,72396,72631,68641,75461,75071,75065,72939,75064,71835,71612,70915,69539,72119,71362,70917,75462,71837,76209,76208,68383,71836,70916,71359,74745,68387,75063,67937,68392,74744,75466,71614,71358,74746,75458,74168,74169,68385,68391,75459,74747,75465
alors	259	68388,67939,73434,67938,71357,68638,75457,74167,73185,72932,73184,69533,72113,72117,69537,73432,72116,69536,69534,70918,73183,73430,75069,76206,72934,76213,73182,67068,69535,72115,68274,69181,73683,76507,72629,68881,68883,67554,69182,76511,67385,67390,75794,74449,70161,69183,67794,67555,68882,69540,69178,69811,73685,73875,75790,72940,75791,67801,73684,68887,69812,73876,70166,75793,75792,67802,73877,68884,67553,70749,70744,68645,71843,70426,69177,71842,68644,72634,70747,72636,74455,75788,75789,74454,73688,70424,68643,72633,67558,72394,67941,70420,74450,67389,76508,69819,73882,70421,67798,72632,72630,72397,70423,70422,68279,72631,71363,75461,75065,72939,75064,75070,71835,71612,69539,72119,75462,71837,76209,75067,70916,71359,74751,74745,68387,73188,67937,74744,71614,71358,75458,68390,74168,74169,75459,71617
y	256	73434,73187,67938,68638,75457,74167,73185,72933,72932,73184,73190,74172,72113,69537,73433,76210,73432,71621,72114,73183,73430,75069,76206,76213,76207,73431,73182,74174,67068,70919,69535,68274,73683,69817,70163,70162,76507,68275,67554,72401,67795,69182,69814,75794,70161,69183,68276,67794,68882,69178,73875,76514,75790,75791,73684,68887,68885,69812,73876,70166,75793,67383,75792,73877,73687,67553,69177,72393,71842,68644,72634,70745,72636,69821,74455,75789,73688,70424,71841,68643,72394,74450,67389,73882,70421,72395,67798,72630,70422,68279,72396,72631,71363,69538,75461,75065,72939,72938,75064,75070,71835,71612,70915,71362,70917,75462,71837,76209,75066,68383,70916,72122,71359,74745,68387,68393,75063,73188,67937,68386,74744,74750,75466,71614,71358,74746,75458,74752,68384,74168,74169,75459
n	235	67939,73434,73187,67938,71357,74749,75457,74167,73185,72932,74172,69533,72113,69537,76210,73432,69534,72114,73183,73430,76206,72935,76213,76207,73431,73182,67068,69535,68274,73683,67386,76507,72629,68881,67795,67391,75794,74449,70161,68276,68882,69540,68886,69178,69811,73685,72940,76515,67801,73684,68273,68887,69184,73876,70166,75793,67383,75792,73877,69813,73687,67553,70749,72635,70744,71843,69177,71842,68644,72634,70745,72636,71840,68281,74455,75789,74454,73688,68643,72394,74450,67389,76508,69819,70421,67798,72632,70743,68642,68640,72630,72397,70422,72631,70914,75065,72939,75070,71835,71612,70915,70917,71837,76209,75066,68383,75463,70916,71359,74751,74745,68387,73189,75063,67937,71614,75458,68390,74168,74169
technologie	231	70921,73435,68638,71619,75457,74167,73185,73436,73184,73190,70923,72113,72117,76210,73432,72116,69534,70918,71838,75069,72935,72934,76213,76207,73431,73182,74174,71839,67068,69535,72115,67557,67796,75796,69180,67797,72629,68881,67554,69814,75795,67390,70161,69815,68276,72399,70429,69811,73691,69179,68273,68885,73686,73876,75792,68884,67553,72392,70426,69177,74456,68283,73884,72393,70751,70753,71840,73879,68281,75789,70168,74454,73878,72633,67388,74451,76508,70421,68642,68640,72630,72397,70422,72118,70914,75461,75065,72938,75064,71612,70915,75462,76209,75066,76208,75067,75463,70916,71359,74745,74744,71614,74746,74168,74747
on	229	68388,73435,73434,71357,68638,75457,74167,73185,72933,72932,73190,71618,72113,74176,76210,73432,71621,72116,73183,73430,76206,72934,73431,73182,67068,69535,72115,68274,73683,69817,76512,67387,76513,76507,69816,72629,67795,76511,67391,69815,68276,67555,69811,76514,75790,67801,73684,69179,73876,70166,67383,75792,73877,73687,70749,72635,71843,72392,74457,72393,71842,70745,72636,68646,71840,70425,69821,73879,75789,74454,70424,67945,71841,70746,67558,70420,76509,74450,67388,76508,73882,70421,67798,72632,70743,68642,72630,67942,72397,73880,70422,72631,71363,72938,71835,72119,70917,75462,71837,76209,68383,71359,68387,75063,73188,67937,74744,74750,71614,74746,75458,74752,68390,74168,74169,68391,75459
industriel	213	70921,73434,75457,74167,73436,72933,73190,74172,70923,72113,76211,72936,72937,73432,72116,69534,72114,73183,73430,76213,75068,76207,74174,71839,67068,69535,67557,68274,69817,75796,67392,67386,68275,72629,68881,67554,76511,67385,75795,75794,70161,69815,68276,72399,67555,68882,73685,73875,76514,75790,75791,70170,69179,68273,69541,70748,68885,73876,70166,75793,67383,75792,67553,70749,72392,70426,74456,73884,72393,67946,68888,72634,70753,71840,73879,74455,68280,67945,70752,67558,72394,70420,69818,74450,67388,76508,69819,73882,67798,68642,68278,70422,72396,68641,71363,70914,75071,75065,72938,70915,71362,71360,70917,75462,68383,71361,71359,71615,68393,73188,68392,74744,71614,71358,75464,74746,68390,74168,74747,75465
qu	209	70921,68388,67939,74170,73434,68389,71357,74749,75457,74167,74173,73185,72932,73184,74172,69533,72113,76210,73183,76206,72935,76213,73431,73182,67068,69535,72115,68274,73683,70162,76507,72629,68881,67795,68277,76511,74449,70161,69183,67794,67555,69540,68886,69178,70165,75790,72940,70170,67801,73684,68887,69541,69812,73876,75793,75792,73877,69813,73687,67553,70749,70744,68645,69177,73884,72393,71842,72634,70745,70753,70425,69821,73879,68281,74455,74454,71841,68643,72394,67941,74450,67389,67388,76508,70421,70743,68640,72630,70423,70422,72631,70914,75065,75064,75070,71835,71612,70915,70917,76209,76208,68383,75463,70916,71359,74745,68387,75063,67937,71614,71358,74746,75458,74752,68390,74168,74169,75459
an	205	67939,73434,71357,74749,75457,74167,73185,72933,72932,73437,73184,70923,72113,73433,73432,69536,69534,72114,74175,73430,76213,75068,76207,73182,67068,67557,68274,73683,69817,70163,76512,76507,68275,68881,72398,67795,76511,67391,74449,67794,67555,69811,73685,73875,75790,70164,69186,73684,70428,69812,75793,67383,75792,73877,69813,70749,68645,70426,69177,68888,72636,68646,71840,74455,75789,74454,67945,71841,72637,68643,72394,67799,76509,74450,67389,74451,72395,67798,70743,72630,72397,74453,70422,68279,68641,72118,70914,75071,75065,72939,71362,71360,71837,75066,76208,68383,71836,70916,71359,74751,74745,68393,75063,67937,68392,74744,71614,71358,71366,74746,75458,74752,68384,74168,74169,75459
france	190	67939,73435,73434,73187,67938,71357,68638,74749,75457,74167,74173,73185,72933,72113,69534,71838,75069,76206,76213,76207,73431,73182,69535,68274,69181,73683,75796,76513,76507,69816,68275,72629,67795,69182,76510,70161,67804,68276,72399,73875,70165,76515,70164,73684,69179,68273,69543,68885,67383,75792,67802,69185,73687,69542,67553,68645,72392,74456,72393,71842,68888,70745,70753,72636,68646,67944,73689,68281,74454,70424,71841,72637,70752,71845,67799,74450,67388,73882,72632,68642,72630,74453,74452,70422,68279,70914,67071,75065,75064,71835,71612,70915,70917,76209,75066,76208,68383,71836,70916,67937,71614,71358,71366,71616,74746,75458,74168,75459
notre	187	70921,67939,73186,67938,74749,74167,72933,73184,74172,72113,73432,69534,72114,73430,75069,76213,76207,73431,67068,67386,76507,68275,72629,68881,67554,72401,72398,67795,76511,75794,70161,67794,70429,69811,73685,73875,72940,73684,68273,69812,73876,70166,67383,75792,73877,69813,67553,70749,72392,74457,71842,70745,70753,73879,74455,70746,68643,72394,70420,74450,67389,70421,72630,70422,72396,70914,75461,67071,75065,75070,71835,70915,75462,76209,76208,68383,71836,71359,74745,68387,67937,74744,71614,71358,74752,74168,74169,71617
système	179	68388,67939,73434,73187,74171,70922,73185,73190,69533,71620,72937,72116,71838,76213,76207,71839,70919,69535,67557,67796,68274,73683,69817,70163,75796,67387,70162,76507,69180,67556,68881,68883,68277,69814,76511,67385,67390,75794,68276,68882,68886,70165,75791,69179,68887,73686,67383,73877,72635,70744,70426,69177,74456,68644,70425,73879,75788,75789,70168,69820,70424,67945,72633,70420,69818,70421,74453,68279,72631,71363,69538,67071,75071,75064,71362,75067,71836,75463,70916,74751,68393,73189,67937,71358,71366,74746
depuis	176	67939,73434,74749,75457,74167,73436,72933,72932,73184,69537,71620,76211,73432,71621,72114,71838,73183,76206,72935,72934,73431,73182,72115,68274,73683,69817,76512,76507,68275,72629,68881,68883,67795,69814,76511,67385,70161,68276,67794,67555,68882,69811,73685,73875,67800,76514,75791,69186,73684,70428,68885,69812,73876,70166,75793,67383,75792,70167,67802,73877,69813,70749,70744,72392,69177,74457,70745,72636,71840,73879,74455,70169,74454,67945,68643,72394,70420,76509,74451,73882,70421,72630,68279,72396,72631,68641,70914,72939,69539,71362,70917,75462,71837,68383,71836,71359,74745,68387,67937,74744,75466,71366,71616,74746,68384,68385,75459,74747,71617
devoir	175	67939,73435,68389,70920,68638,74167,73185,72933,69533,74176,76211,76210,73432,71621,72114,73430,75069,72935,76213,75068,73431,68274,69181,73683,69817,70163,67386,67387,70162,76507,68275,68881,67795,69814,76511,75795,67391,75794,74449,70161,69183,68276,72399,67794,68886,70165,72940,70164,67801,73684,69812,69184,75793,75792,69185,69813,68884,67553,72392,69177,74457,71842,72634,70747,71840,70425,73689,75789,73688,72637,72394,67941,76509,67388,70421,67798,67942,73880,74453,70422,68279,72396,69538,70914,67071,75071,75065,71835,71612,71362,75462,71837,76208,68383,75463,70916,71359,74745,68387,75063,73188,67937,74744,75466,71614,71358,75464,75458,74169,68391
utiliser	174	68388,67939,73435,73434,71357,68638,70922,73436,72933,72932,73184,69533,69537,69534,72114,70918,72934,76207,72115,67796,69181,73683,67386,67387,70162,76507,67797,68881,68883,67554,76511,67385,67390,75794,69183,69540,70429,69178,69811,67800,70165,75791,69186,69812,70166,75792,76516,70167,73877,70744,68645,71843,70426,69177,72393,68644,72634,70747,68646,75788,75789,73878,68280,67558,71845,67941,70420,74450,67388,69819,70421,72632,68642,67942,72397,70423,68641,70914,75065,75070,71612,69539,71837,75066,76208,75067,70916,71359,74745,73189,73188,67937,74744,74750,71616,68390,74168,68385,71617
scientifique	172	67939,74170,73186,73434,68638,75457,72932,69533,72113,68639,71620,72936,69536,69534,72114,73183,76206,72934,76213,71839,67068,70919,72115,67557,73683,69817,76512,67387,69816,69180,68275,72398,68277,76511,74449,70161,69815,67794,67555,69811,73685,75790,72940,76515,73690,69812,69184,67803,75793,67383,67802,73877,69813,68884,70749,74457,72393,72634,73689,75789,69820,70424,68643,72633,72394,70420,73883,74450,67388,68642,67942,73880,74453,68279,67943,72396,71363,70914,67071,72939,71612,75460,70917,75462,71837,68383,70916,71361,71359,68387,75063,67937,68386,71614,71358,72121,75464,71616,68384,74168,75459
français	171	67939,73186,67938,71357,68638,71619,74167,72933,72932,73437,69533,72113,69537,72936,69536,69534,72114,71838,73430,75069,72935,72934,73431,73182,71839,67068,69535,68274,69181,73683,69817,70163,76512,67392,69816,69180,72629,68881,69814,70161,68276,73875,70165,67801,73684,69179,70748,68885,69812,75792,73687,67553,72392,68283,72393,68888,70751,70753,69821,74455,75788,70424,70752,72633,70420,69818,73880,74453,74452,70422,68279,67943,72396,68641,70914,72938,71835,71612,75460,76209,76208,68383,71836,71359,71615,74745,71614,71358,71366,74746,75458,74752
université	168	68389,70920,70922,75457,73185,72932,73184,69533,72117,71621,72116,69536,72114,74175,73430,76206,76212,73431,73182,67068,73683,75796,67386,69816,69180,68275,68881,68883,68277,69182,69814,76511,70161,69183,68276,69540,69178,73685,67800,69179,70748,69812,73876,70166,73877,68884,71842,68644,68888,72634,67561,67944,73689,73879,75788,73878,70424,67945,71841,72394,67799,76509,67389,67940,68278,70422,73881,72631,70914,67071,75065,72938,75070,75460,69539,72119,71362,71360,75067,71361,73189,75063,73188,67937,68392,71614,72121,75464,71616,74746,75458,74752,68384
pôle	166	70921,73434,68638,71619,74749,73184,74172,74748,73433,72116,69534,75069,75068,73431,71839,69817,75796,70162,76507,67795,68277,76511,75795,74449,67555,73691,73685,73875,70428,68273,68885,69812,70166,75793,75792,73877,73687,68884,69542,71842,67946,72634,70745,67561,73879,74455,75789,70752,68643,71845,72394,67799,70420,69818,76509,67388,76508,70421,67798,74453,68279,72396,72631,72938,70915,71360,75462,76209,71359,68387,68393,71358,74746,74169,75465
institut	162	68388,71357,68638,70922,74173,73436,72933,72932,71620,76211,69534,73183,73430,75068,76207,67068,70919,72115,76512,69180,68275,67556,68881,72398,68277,69814,67390,75794,70161,69183,68276,72399,67794,68886,69178,69186,68273,68887,70748,68885,73686,73876,75792,70167,67802,73877,73687,72635,70744,68283,72393,70751,72634,70745,70753,70747,68646,67561,71840,70168,73688,70424,67945,67799,73883,67389,67388,74451,69819,67940,72397,74453,74452,73881,72396,68641,75065,72939,75064,75070,71835,71612,69539,71362,71360,75463,70916,71615,73189,68392,71614,71358,72121,71616,75458,74168,74169,68391,75459
différent	159	70921,68388,67939,67938,71357,75457,73185,72933,72932,72113,72937,69534,72114,71838,73430,76213,73431,73182,70919,69535,70163,70162,76507,68275,72629,67554,72398,67795,69182,76511,67390,75794,74449,70161,67794,67555,68882,68886,69178,73691,73685,75790,76515,73684,73690,69541,73876,75793,67383,75792,76516,73877,69813,68884,68645,72392,69177,68283,72393,70751,72634,70745,73879,74455,75788,75789,70168,68643,72633,72394,76509,67389,76508,69819,67798,70743,68640,72397,73880,68278,70422,68279,72631,69538,72939,69539,75462,76209,75067,70916,71361,72122,71359,74751,74745,68387,75063,71358,74746,68390,71617
cadre	157	70921,73186,73435,74171,68638,74749,73184,69533,72117,69537,73433,73432,69536,70918,72935,72934,75068,76207,73431,73182,74174,69535,73683,69817,67386,76513,70162,69816,68275,72629,72398,67795,68277,69814,76511,67385,75794,74449,68882,69178,69811,73685,73875,75790,70164,73684,69179,69541,68885,69812,73876,75793,73877,73687,70749,69177,72634,70745,70753,68646,73879,75789,74454,68280,70424,71841,68643,72394,67799,70420,73883,69818,67388,70421,67940,70743,72630,67942,74453,70422,73881,72631,71363,69538,75064,71612,75460,71362,71360,76209,68383,71359,74751,68387,68393,74744,74750,71358,75464,71616,74746,75458,74752,68384,74168,68385,75459
autant	156	67939,73434,68389,68638,74749,75457,74167,73185,72933,72932,73184,74172,72113,69537,76210,71621,72116,72114,74175,73183,73430,72935,72934,76213,73182,67068,67557,69181,73683,67386,69816,72629,68883,72401,76511,75794,70161,69183,67794,73685,73875,72940,67801,69812,69184,73876,75793,67383,75792,73877,69813,73687,67553,70749,70744,69177,74457,72393,71842,72634,70745,72636,71840,73879,70169,74454,69820,73688,67558,70420,69818,76509,76508,67798,70422,72631,70914,75461,75065,72938,75070,71835,71612,70915,71837,76209,75066,68383,75463,70916,74745,75063,73188,67937,74744,71614,75464,74746,74752,68390,74168,74169,68391,75459
encore	156	73434,73187,74171,67938,71357,68638,75457,73185,73436,72932,72113,68639,69534,73183,73430,75069,72935,76213,73182,67068,67557,68274,73683,70163,75796,75797,69816,68275,72629,67554,67795,69182,69814,76511,67391,74449,70161,67555,68882,69540,69178,69811,73685,73875,70165,72940,69186,73684,68887,73686,70166,75792,69813,73687,67553,70749,72635,70744,68889,71843,72392,68283,72393,71842,70745,72636,68646,73879,74455,74454,70424,68643,67941,70420,74450,67389,70421,67798,67940,72632,72397,73880,75071,75065,71612,71360,76209,76208,75067,68383,71836,75463,71359,71615,74751,74745,68387,73189,74750,71614,71358,71366,75458,74169,75459,71617
notamment	154	70921,67939,73434,74749,75457,74167,74173,73185,73436,73184,73190,69533,72113,76211,72937,73432,72116,69536,72114,75069,76207,73431,72115,73683,76512,67387,76507,69816,69180,67556,72629,67554,72401,76511,67385,75794,68276,67794,73685,73875,76514,75790,69186,73684,70428,68273,68887,70748,73876,70166,67383,75792,67802,68884,69542,67553,69177,72393,71842,68644,70751,70745,71840,69821,73879,75788,75789,70424,71841,70420,74450,67798,67940,70743,67942,70423,74452,73881,72396,72631,70914,67071,75064,71612,70917,76209,76208,75067,68383,71836,75463,70916,71361,72122,68387,75063,67937,74750,71358,71616,74746,75458,74752,75459
celui	153	73186,73434,74171,68389,71357,68638,74749,75457,74167,73185,73436,72932,73190,74748,69533,72113,69537,72937,73432,72116,69536,72114,73430,75069,76206,72934,76213,75068,73431,67068,67557,73683,69817,69816,68275,67554,72401,67795,76511,67391,74449,68276,67794,69540,68886,69811,73875,70164,73684,68273,68887,68885,67383,70167,69185,73687,70749,69177,68644,72634,70745,70425,69821,73879,75789,70168,69820,68280,70424,68643,72633,72394,70420,76509,67389,69819,70421,72397,70423,70422,73881,68279,72631,72118,70914,67071,75065,71835,69539,70917,76209,75067,75463,71359,71615,68387,75063,67937,74744,74746,74168,75459
travailler	152	73434,68638,75457,73185,72933,72932,74172,69533,72113,72936,73432,72116,72114,76206,73431,67068,72115,73683,76507,68881,67554,76511,67385,75795,74449,70161,68886,73685,73875,75790,75791,73684,68273,69541,68885,69812,73876,70166,75793,67383,75792,67802,73877,67553,72393,71842,72634,70745,72636,67944,71840,75788,75789,68643,72394,76509,74450,74451,76508,70421,72395,67940,72630,67942,74453,70422,68279,72631,68641,75064,71835,71612,75067,68383,71361,71359,68387,68393,75063,67937,71614,71358,74752,74168,74169,75459
afin	152	70921,74170,73186,70920,71619,74749,75457,72933,72932,73184,76211,72937,69534,72114,73183,75069,76213,75068,76207,72115,67557,69181,73683,70163,67386,67387,70162,69816,68275,67797,72629,75794,74449,70161,67794,68882,69540,70429,69178,69811,73691,75790,75791,70170,73684,68887,73876,70166,75793,67383,75792,73877,69813,68884,67553,70749,72635,69177,73884,71842,72634,70425,75788,75789,74454,67558,71845,72394,74450,67389,76508,69819,70421,67940,72630,72397,73880,74452,70422,68279,69538,72118,75065,75064,75070,71612,69539,72119,76209,75066,70916,71359,75063,74744,71366,75458,74168,74169,74747,71617,75465
particulier	148	68388,67939,73434,71357,71619,75457,73185,72932,73437,73184,74172,69533,72113,72936,73432,71621,72116,69536,69534,73183,73430,75069,76206,72934,76213,73431,73182,72115,73683,76507,72629,68881,67795,69814,76511,70161,68276,72399,67555,68882,68886,69178,69811,73691,73875,67800,70164,73684,68273,68885,69184,73876,75793,67383,75792,76516,73877,69813,73687,67553,70749,68645,69177,72393,71842,72634,70745,74455,70169,75788,75789,73878,69820,70420,74450,67389,70421,70422,72396,71835,71612,71360,68383,71836,70916,71359,68387,74744,74750,71614,71358,74746,75458,74752,74168,74169,75465,72120
européen	148	70921,67939,73434,70920,74749,74167,72113,73432,69534,72114,71838,73430,75069,72934,71839,67557,68274,69181,73683,69817,70163,75797,72629,67554,68277,69815,67804,72400,67555,69178,69811,70164,69179,69812,67803,75792,68884,68645,72392,69177,73884,72393,70751,72636,67944,69821,68281,70424,67945,71841,70752,70420,76508,68642,72630,73880,68278,67943,69538,70914,75065,75064,71835,70917,68383,75463,71361,75063,68386,75466,71358,74746,74168,74169,68385,71617
or	147	73186,68389,68638,75457,74173,72932,73184,74172,69533,72113,73433,71621,69534,72114,73183,73430,75069,72935,72934,76207,73431,72115,70163,67387,76507,67556,72629,67554,67795,67390,75794,74449,76510,70161,72399,67794,68886,69811,73684,68273,68887,67383,75792,70167,67802,73877,68884,67553,70749,72635,69177,68644,70745,70747,72636,70425,69821,68281,74455,75788,73878,73688,70746,68643,67558,70420,69818,67388,70421,67798,70743,68642,72630,70423,74452,68279,67943,72396,72631,68641,69538,70914,75065,72939,75070,71612,75460,72119,75462,70916,71361,71359,74745,73189,67937,75458,74169,68385
déjà	146	70921,68388,74170,67938,68389,70920,74167,73185,72933,72932,73184,71618,73432,71621,69534,72114,70918,73430,76206,72935,76207,73431,73182,70919,72115,69181,69817,76512,70162,69816,72629,68881,67554,67795,76511,67385,74449,70161,69815,67555,70429,69811,73685,73684,69179,68273,73876,75792,69813,67553,70749,72635,70744,71843,72392,74457,71842,72634,70745,68646,75788,68643,72633,70420,76509,74450,67389,74451,76508,69819,70421,72395,67798,70743,72630,73880,68279,72631,69538,72118,70914,75065,75070,71362,76209,75067,68383,71836,71359,71615,74745,75063,67937,68392,74746,75458,68390,74168,75459
personne	145	73435,73187,71357,74749,74173,72933,73184,73190,72113,76211,73432,69534,72114,75069,76206,76207,67068,72115,76507,72629,68881,75795,74449,69815,67794,73691,73685,73875,70165,67801,73684,68273,69812,73876,70166,75793,67802,69813,67553,70749,70744,68645,72393,71842,72634,70745,68646,71840,73879,71841,68643,72633,67799,74450,67389,74451,76508,67798,67940,72630,74453,70422,70914,75065,71612,71837,71361,71359,71615,68387,75063,75466,71614,71366,71616,74746,75458,74752
international	142	70921,67939,68638,71619,74167,72932,73184,73190,69533,72113,74176,72936,73432,72934,76207,73431,75796,69180,72629,67795,75795,74449,70161,67794,72400,73875,70170,76515,70164,73684,69179,68273,70748,68885,69812,67803,76516,69813,73687,69542,67553,70749,69177,68283,72393,67944,71840,73878,69820,67945,70752,67799,70420,73883,72630,67942,68278,70422,67943,72396,70914,75071,75065,72938,75064,71835,71362,71837,76208,70916,72122,74745,68387,75063,67937,68392,75466,71614,71358,72121,75458,68384,74168,73438
résultat	139	68388,68389,70920,71357,74167,74173,73436,73184,74748,69533,72117,76210,71621,72114,70918,76206,72934,73431,70919,69535,76512,69816,67556,72629,76511,67385,67391,75794,74449,69183,67555,69540,68886,70429,69811,73685,67801,73684,70428,68887,68885,69184,70167,67802,70749,72635,71843,72392,70751,72634,75788,74454,68280,73688,70746,72633,67558,74450,67388,76508,69819,70421,72632,72630,67942,72397,72631,75065,72939,75460,70915,69539,70917,71837,76209,76208,75463,68387,73189,75063,73188,67937,74750,71614,75458,74752,68390,74168,74169,75459,71617
certain	139	73434,74171,70920,71357,68638,74167,73185,73436,72932,73184,73190,71618,71621,69534,72114,73183,75069,76207,73431,73182,67068,70919,73683,67392,76507,69816,67556,68881,67795,76511,67391,75794,74449,70161,67794,68882,73685,73875,75790,68273,69184,73876,70166,75793,73877,69813,67553,70749,71843,72392,74457,72393,71842,72634,70745,69821,73879,75788,75789,69820,70746,68643,67558,70420,67389,67388,70421,67798,70422,68279,67943,72631,70914,71835,71612,75460,71362,75462,76209,71836,70916,71359,68387,75063,67937,75466,71358,74746,75458,74752,74169,68385,75459
environnement	139	68388,67938,71357,69533,76211,72937,76210,73432,71621,72116,71838,73431,70919,69535,70163,76513,69816,68275,68881,72398,76511,67385,75795,70161,67804,67794,70429,69811,73875,70165,76514,70170,70164,73684,73690,68885,69812,75792,73877,69813,73687,68645,72392,69177,68283,72393,71842,70745,70425,73879,68281,70169,70746,68643,70420,69818,67389,70421,70743,73880,71363,69538,67071,75071,75064,75070,70915,71362,75462,76209,75067,75463,68387,73188,75458,71617
dire	139	68388,67939,67938,74749,75457,74167,73185,73184,69533,72113,76210,73432,73183,73430,75069,72934,76213,73431,73182,67068,69535,72115,73683,70162,67556,68881,67554,67795,69814,76511,67391,75794,74449,70161,72400,68882,68886,69178,67800,75790,73684,73876,75793,67383,75792,70167,73877,73687,67553,70749,72635,72392,73879,75789,74454,70424,68643,67558,67799,70420,76509,67389,67388,76508,70421,72632,70743,67942,68279,72631,75065,72938,75064,75070,71835,69539,71837,76209,75067,75463,71359,71615,74745,68387,67937,74750,75458,74168,74169,68391
région	138	70921,67939,73186,73435,73434,74171,68389,68638,74749,72933,73190,74172,74748,72113,72117,69537,74176,72114,73183,73430,76206,75068,73431,73683,69817,76512,76513,70162,76507,68275,69182,76511,67391,68276,67794,70170,76515,73684,70428,69543,68885,70166,75792,73877,73687,67553,74457,73884,71842,70745,71840,74455,75789,73878,68643,69818,74450,70421,72395,67798,70743,72630,68279,67943,72396,69538,72118,75461,75071,72938,70915,71360,75066,75067,75463,70916,71361,68387,68393,71614,71358,75458,68384,74169,68391
centre	138	70921,73435,71357,71619,75457,72932,73184,74172,71618,68639,69537,73433,76211,73432,71621,72116,69534,70918,76206,75068,71839,72115,69181,73683,69817,67387,70162,69816,67797,67795,68277,67391,74449,69815,68276,67794,67555,69178,73685,73875,75790,70170,76515,70164,67801,70428,68885,75792,67802,68884,70749,70744,68889,69177,73884,72393,67946,68644,68888,70751,72634,68646,71840,73689,73688,70424,67945,70746,69818,73882,70421,67798,67940,72630,68278,70423,74452,70422,67943,71363,70914,72939,72938,75064,71612,75460,75067,71836,70916,71359,74745,68387,68393,75063,74744,71358,75464,74752,68384,74168
important	138	68389,71357,68638,74167,73185,74748,72113,72117,76211,73432,71621,69534,72114,71838,73183,75069,72935,76213,73431,73182,69181,69817,67387,67795,67391,75794,74449,70161,69815,69183,68276,67794,68882,68886,69811,73685,73875,70165,75790,69186,67801,73684,68887,68885,69812,69184,73876,75793,67383,73877,69813,72392,69177,72393,72634,71840,74455,70169,74454,73878,73688,70424,70746,68643,70420,69818,67388,70421,72632,70743,67942,74453,70422,72396,68641,69538,70914,75070,71835,75460,70915,71360,71837,75067,71836,75463,70916,74745,68387,73188,67937,71614,75458,74168,74169,68385,75459
monde	137	70921,67939,74170,67938,70920,71357,68638,75457,74167,73185,73436,72933,72932,71618,72113,69537,74176,73433,76211,73432,71621,72116,69534,73183,73430,72935,76213,75068,76207,73431,73182,69535,72115,68274,69181,73683,69817,75796,67387,75797,76507,72629,68881,72401,67795,67391,70161,68276,67794,70429,69811,76515,69179,70748,67383,67802,69813,72635,71843,72392,74455,74454,73878,69820,70420,74450,70421,70743,68640,73880,70422,72396,72631,70914,75065,72939,71835,71612,71837,68383,70916,71359,74745,67937,68392,74744,71358,71366,74752,74168,74169,75459
produit	136	70921,67939,73187,74749,74167,72933,74748,72113,69534,72114,75069,72935,75068,76207,67068,67557,68274,75797,76513,76507,72629,67555,68882,69811,70165,76514,68273,68885,73876,70166,75793,67383,75792,69813,72393,72634,73879,71841,72633,67558,67799,74450,67388,74451,76508,70421,72395,67798,68642,72630,68278,68279,72396,68641,69538,72939,69539,71362,71359,68387,67937,74744,71616,68390,68391,74747
-	136	68388,67939,67938,68389,68638,72932,76210,71621,69534,75796,68881,72398,67795,67391,70161,68276,72400,69178,72940,70170,70166,69185,69177,72393,71842,72634,70420,69818,70421,67940,68642,68279,72119,75066,68383,71836,71615,75063,74750,68390,71617
marché	134	70921,73435,67938,71357,71619,74749,74167,73436,74748,72114,75069,76207,69535,72115,68274,73683,76512,72629,68881,76511,75795,73685,70165,76514,69179,68273,73876,67383,67553,70749,72392,69177,73884,70751,72634,70753,71840,74455,73878,68643,72633,69818,74450,67388,74451,76508,72395,68279,72396,72118,75065,72938,75070,71360,75462,76209,75066,75067,68383,72122,71359,74745,75063,68392,71614,71616,74169
ingénieur	134	67939,74170,73434,67938,74749,75457,73185,72933,74172,70923,72113,72936,73430,76206,76212,75068,73431,74174,67068,72115,69181,68883,67554,72398,67795,70161,68276,68886,73685,73684,68273,69541,70748,69185,68645,70426,68888,72634,67944,73689,73879,74455,72633,72394,74450,73882,70743,67071,75071,75064,71612,71362,68383,70916,71361,71615,74751,68393,75063,71614,71358,74747
créer	134	70921,73435,74171,67938,68638,71619,74749,75457,73185,74172,72113,68639,72117,74176,73433,76211,72936,72937,73432,71621,73430,76207,73182,67068,70919,69181,76512,70162,76507,69180,72629,68881,72398,67795,69814,67804,69540,73691,73685,68273,69541,70748,73686,69812,73876,67803,70166,67383,75792,73687,67553,72392,68888,68646,67944,71840,73879,74454,70424,71841,72637,68643,72633,73883,69818,76509,74450,74451,67798,68642,72630,74453,70422,72118,67071,75065,72939,75064,71362,71360,76208,75067,68383,74751,74745,68393,75063,68392,74744,71614,71358,71616,74746,75458,74752,68384,74169,74747
science	133	68388,73434,68638,73436,72932,73184,74748,69533,72113,72117,71620,76210,69536,69534,71838,73183,76206,73431,73182,67557,73683,69180,67556,72401,72398,67795,75795,70161,69815,68276,67794,67555,68882,68886,73685,75790,75791,76515,70428,69184,75793,69813,70749,68889,68645,69177,68283,72393,68280,72394,67799,76509,67388,72630,70422,70914,67071,72939,75064,71835,71612,75067,75463,71359,73189,75063,67937,68386,74744,71614,71358,71616,75458,68390,68391,75465
même	132	70921,67939,74170,73434,67938,74167,73185,72932,74748,72113,76210,73432,72116,73183,73430,76206,76212,75068,73182,70919,73683,67386,67387,70162,72629,68881,68883,67554,76511,75795,70161,68276,67794,68886,73685,67800,70165,73684,68273,68887,69184,73876,67383,75792,73877,68884,67553,70744,71843,72392,74457,71842,72634,70745,70747,72636,73689,74455,75789,74454,73878,68280,68643,67558,72394,67941,70420,74450,67389,67388,69819,70421,73880,72631,75064,71835,71612,70915,71362,76209,76208,75463,70916,71359,74751,74745,67937,74744,74750,71614,71358,75458,74168,74169
formation	132	71619,75457,74167,73437,72113,76211,72116,69536,72114,75068,73182,70163,70162,72398,67795,70161,68276,67555,76514,73684,70748,68885,69184,73876,69185,73687,69542,70749,69177,73884,72393,71842,68888,72636,67944,72637,67558,72394,70420,73883,76509,74451,69819,70421,70422,72631,75071,72938,75064,71362,75066,70916,71361,74751,68393,75063,68392,71358,68390,75459,71617
leur	129	70921,67939,73434,68389,68638,71619,75457,74167,72933,71618,69533,71621,72116,69536,69534,73183,73430,75069,76212,73431,73182,74174,69535,72115,68274,73683,70163,75796,67387,75797,76513,70162,69816,68275,72629,68881,72401,68277,69814,67391,69183,67794,72400,67555,68886,73691,73685,73875,72940,69186,68273,75792,73877,68645,74456,70753,67561,71841,70746,72394,76509,74450,67389,76508,72395,67798,67940,72632,72630,70422,72631,75461,72939,75070,72119,71837,75067,68383,71836,75463,72122,71359,74751,74750,71614,75458,68384,74169,68391,75459,75465
terme	127	70921,74170,73186,73187,68638,74167,74173,73184,69533,72937,73432,72116,69534,72114,70918,73430,75069,76206,76213,75068,70919,69535,68274,73683,69817,72629,68881,68883,67554,68277,69814,76511,67391,67390,75794,70161,69183,67794,68882,69540,68886,70429,69178,70165,73684,68273,68887,69812,73876,75793,75792,69813,68884,67553,70749,70744,71843,71842,72634,70745,70753,70747,73879,74455,75788,75789,74454,68280,70420,76509,67388,74451,69819,70421,72395,69538,75461,75064,71835,70915,76209,75067,68383,70916,71361,73189,75063,73188,74744,71358,71366,75458,74752,68390,75459
étude	127	68388,67939,73186,68389,70920,68638,75457,73185,73184,74748,72113,72117,69537,73433,69536,73183,76206,72935,73431,72115,69181,73683,69816,67556,68277,75794,68276,67555,68886,69178,73685,70165,69186,69179,68885,73686,69812,75793,73877,69185,72393,70751,72634,70745,68646,73879,68281,75789,74454,71841,68643,72633,67389,67798,67942,70422,75065,72938,75064,71612,76209,75463,68387,67937,71366,75464,75458,74169,75459
groupe	127	73434,71357,74172,69533,72113,68639,76211,69534,72114,75069,72935,73182,71839,68274,67387,70162,69816,72629,67554,72398,70161,69183,67804,67555,69540,73875,69541,70748,68885,73876,70166,75793,73687,67553,72392,70426,69177,73884,68888,72634,68646,73879,68281,70168,68280,72633,72394,69818,76509,74450,67388,67940,75461,67071,75065,71360,70916,71361,71359,71615,74751,74745,68387,67937,74744,71614,71358,74746
secteur	127	70921,74749,74167,73185,74172,74748,72113,72937,72116,72114,76206,72934,76213,76207,73182,67068,68274,70163,75796,67386,75797,76507,72629,75795,75794,74449,76510,70161,69815,73685,73875,70165,68273,69541,68885,67803,70166,75793,67383,73877,73687,67553,70749,68889,69177,74456,73884,72393,72634,70753,72636,73689,73879,74455,70169,68280,72637,70752,68643,67558,72394,74450,76508,73882,70421,72395,67798,68642,68279,70914,75461,75065,75462,76208,75067,68383,71359,75063,73188,68392,74744,74750,71614,74746,75458,74169,74747
technique	123	70921,67939,73186,73434,74171,68638,70922,74749,73185,72933,72113,72936,69536,70918,71838,72934,75068,73431,73182,67068,72115,73683,75796,70162,72629,67554,67795,72399,73685,67801,73690,69179,68885,69812,73876,67383,73877,73687,68884,67553,72392,73884,72393,70751,70747,72636,67561,73689,73879,75788,69820,68643,72394,67389,67388,76508,69819,67940,72632,68642,70423,68279,67943,69538,75071,72939,71835,69539,70917,70916,74745,73189,75464,74746,74168,68391,74747
fois	123	67939,74170,73434,74171,70920,71357,68638,75457,74167,73190,69533,76211,76210,73432,69534,74175,73430,75069,76206,72934,76213,76207,67068,69535,69817,70163,76507,72629,68881,67554,72401,76511,75794,74449,70161,69815,68276,67555,69540,68886,73685,70170,76515,67801,68885,69812,73876,70166,67383,70167,67802,69813,67553,72635,69177,74456,73884,71842,68644,70745,70747,68281,75789,69820,70746,67558,67799,67389,67388,76508,69819,70421,70743,68642,72630,72397,73881,67943,70914,71835,72119,76208,75067,71359,71614,71358,71366,72121,75458,74168,68385
agir	122	70921,68388,67938,70920,74749,75457,73185,73436,73184,68639,76210,69536,69534,73183,76206,73431,72115,67796,68274,69817,67386,70162,72629,68881,67554,72401,67795,69814,67385,67390,76510,70161,67794,67555,69178,69811,73685,67800,75790,69186,73876,75793,67383,75792,69185,69813,67553,68889,71843,72392,69177,72393,70745,70747,68646,67944,71840,75788,75789,74454,72637,68643,71845,67941,74450,67388,72395,67798,70743,68278,70423,73881,68279,72396,72118,67071,75064,71835,70915,71362,71837,75067,68387,67937,71614,75458,74752,68390,74168,74169,75459
autour	122	70921,67938,70920,71357,68638,71619,74749,73185,73184,74172,74748,68639,71620,74176,73432,72116,69536,72114,73430,76212,76213,73431,73182,67068,69535,73683,67392,68881,69814,76511,70161,67794,72400,67555,68882,73685,73875,70170,70164,68273,68885,73876,67803,75793,73877,70749,70426,69177,74456,73884,72393,71842,67946,70751,72634,70745,73879,69820,70424,67558,70421,70743,68642,68640,72630,68279,72396,70914,75065,72939,72938,71612,75462,68383,71361,71615,74745,75466,71358,72121,74746,74752,68384,74168,74169,68385,75459,71617,75465,72120
ecole	120	73186,68638,71619,75457,72932,73190,68639,76211,72936,74175,73183,73430,72934,73431,73182,67068,73683,75796,76513,69180,72398,70161,69540,73685,68885,73686,73876,69185,69542,68889,70426,68888,70747,73879,74455,70168,69820,68280,72633,73883,67940,70743,71363,75071,75462,76208,68383,71361,74751,71614,71358,75464
plusieurs	120	67939,73186,73435,73187,68638,70922,75457,74167,74173,72932,73184,74172,69533,69537,72937,73432,71621,72116,69534,76213,73431,73182,67068,72115,68274,73683,69817,70163,76512,76513,69816,69180,72629,68881,68883,72398,67795,76511,67385,74449,69183,68882,70165,75790,76515,69179,68273,68887,68885,69184,73876,67803,70166,75793,75792,76516,70167,67802,69813,68645,71843,74457,71842,72634,70745,73878,70424,72633,72394,70420,76508,72395,72630,67942,74453,70422,68279,72396,72631,75065,71835,71612,75460,70917,75462,76209,70916,71359,67937,71616,74746,68390
bien	119	67939,73186,73434,71357,68638,74167,73185,72932,74172,72116,69534,70918,73430,75069,76213,73182,67068,69535,72115,73683,69817,70163,67386,72629,68881,76511,74449,70161,68276,67794,70429,67800,75790,76515,69186,73684,68273,69812,69184,70166,67383,69813,70749,70744,72392,74457,68283,70745,74455,72637,67389,67388,76508,70421,72632,70422,72396,70914,72938,75064,71835,71612,70915,70917,76209,76208,68383,75463,71359,74751,67937,75466,71614,71358,75458,74169,68391,75465
trois	118	67939,73434,68389,74749,75457,74167,72933,72932,71618,69533,72113,74176,69536,69534,72114,73430,76213,76207,67068,68274,73683,67386,70162,76507,68881,72398,67795,69182,74449,70161,69183,68276,67555,69811,73685,75790,70164,73684,73690,69179,67383,73877,67553,68645,72393,71842,68888,72634,73689,74455,75788,75789,69820,70424,70746,72637,68643,69818,67388,73882,72395,68642,68640,72630,72397,73880,74453,74452,70422,73881,68279,70914,72119,71362,70916,71361,71615,75063,67937,75466,71614,71366,75464,71616,74169,68391,74747
outil	118	70921,73434,74171,74167,72932,71618,68639,69537,69536,69534,76207,73431,73182,72115,75796,76513,70162,76507,68275,67554,76510,70161,69815,69183,67555,68882,69811,73685,76514,72940,70170,68885,69812,73876,70166,73877,69813,72392,73879,68281,75788,69820,72637,68643,70420,70421,67798,68279,70914,75064,75070,76208,71359,74751,74745,74744,74168,75459
énergie	116	67939,73434,68638,73185,73436,72933,73190,76210,71621,72934,76213,67557,67797,72629,72398,69814,68882,69540,69178,67800,70165,72940,73684,70166,68884,72393,68644,75789,73688,70424,69818,74450,69819,70743,68640,72397,71363,69538,75071,72939,69539,72119,71362,75066,75067,68383,75463,74751,75063,73188,72121,74168,68385,71617
sans	116	68389,71357,70922,74749,75457,74167,73185,72933,72932,71621,73430,76206,72934,76213,76207,73431,73182,69535,72115,73683,67386,69816,72629,76511,75794,70161,67794,68882,70429,73875,70165,75791,69186,68273,73876,70166,75793,67802,73877,69813,68884,67553,70749,72393,71842,72634,69821,74455,75789,68280,68643,72394,67941,69818,74450,74451,70421,67798,72631,72938,71835,75462,71837,76209,75066,76208,75067,68383,75463,70916,71359,67937,74750,75458,74752,68390,68391,75459
proposer	114	73434,74171,67938,68638,71619,75457,73436,72933,73437,72937,69534,72114,75069,76212,72934,76213,75068,73431,67068,69535,68274,75796,75797,76513,76507,72629,67554,72398,67795,74449,76510,68276,67794,68882,69540,70165,67801,68273,69541,69543,68885,73876,70166,75792,76516,73877,67553,70744,68645,72392,70751,72634,71840,73689,69821,73879,74455,70169,72637,68643,72394,69818,76509,74451,70421,70422,68279,72118,75071,76208,75067,68383,72122,71359,74745,68387,75063,68392,71366,74746,75458,74752,74168,74747,71617
technologique	113	74170,74171,68638,75457,74167,72933,73190,74748,69533,72113,68639,72116,69534,76213,75068,76207,73182,71839,75796,67797,68881,68883,67554,76510,70161,68276,72400,68882,73685,76514,75790,69179,68273,68885,70166,75792,73687,67553,72392,72393,71842,72634,68281,74455,75789,70168,69820,70752,67799,73883,67388,74451,72395,67940,72630,74453,71363,70914,75071,71835,71362,71360,71837,75066,68383,71359,68393,75466,71358,74746,74168
application	112	70921,74170,73434,68638,73190,69533,72113,68639,73433,76210,72116,72934,76207,73431,73182,71839,67068,67796,75796,67392,75797,76507,68881,67554,76511,75795,67390,70161,72399,70429,67800,70170,69179,73876,70166,70744,69177,68644,73879,70169,75788,69820,68280,71841,72633,72394,76509,74450,74451,76508,70421,72630,70423,74453,74452,70422,68641,75461,75071,71835,69539,76208,75067,71836,72122,71359,68393,75063,67937,68392,74744,74750,71616,68390,68384,75459
pari	112	73186,70922,74749,75457,72932,73184,73190,74172,72113,71620,76211,72936,70918,73430,72935,76213,73431,67068,73683,70163,70162,76507,67556,67795,68277,76510,69815,67804,72399,73875,69186,73684,70748,68885,69184,67803,69185,70426,74456,72393,70747,72636,68646,73879,70169,75788,70168,68280,70424,71841,72633,67941,73883,74451,76508,70421,67942,70422,72396,70914,75071,72939,71360,71837,74751,75063,74750,71358,72121,74746,74752,68384,72120
directeur	110	74171,68638,71619,75457,72933,72932,74172,72113,73433,72936,73432,71621,73183,73430,76213,76207,67068,70919,67796,73683,69817,76513,68275,68881,72398,67795,76511,70161,68276,70165,76515,68273,69812,73876,67383,67802,73877,69813,72392,74457,67946,70745,73879,75788,74454,70420,72630,70423,74453,68279,72396,67071,72939,71835,75462,71837,76209,70916,74745,67937,74744,71366,71616,75458,74169,75459
industrie	109	71619,74167,72933,73190,74172,74748,72936,76210,73430,73182,67068,69535,72115,72629,67554,67795,75795,74449,70161,72399,72400,68882,73691,73685,73875,70165,73690,68273,69543,68885,75792,70167,73877,67553,72392,73884,72634,71840,73879,70168,69820,68280,70746,67558,72394,73883,74450,67388,74451,69819,73882,72396,72118,70914,75461,75071,72938,71360,68383,71361,72122,68387,74750,75466,71358,75464
partenaire	109	74170,73434,70920,74749,72933,73184,73190,74748,70923,76211,69536,69534,72114,73183,75069,69817,76513,69180,72629,68881,67554,69182,67385,74449,67555,69178,73875,70164,69179,68273,69812,73876,70166,75793,69813,68884,72392,73884,71842,67946,68888,72634,70753,67944,73879,75789,70168,73878,67945,72637,67388,70421,67940,68642,72630,68278,68279,72396,69538,75461,75071,75064,71360,71837,71359,71615,74745,68393,74744,71358,72121,75458,74168,75465
quelque	109	70921,73434,68389,71357,68638,75457,74167,72933,72932,73184,70923,72113,72937,73432,71621,73430,76206,72934,73431,73182,70919,69535,68274,73683,70163,67386,75797,76507,72629,76511,75795,67390,70161,68276,67555,73685,75791,67801,73684,69179,70166,75793,70167,73877,70744,71842,68644,71840,70425,69821,73879,68281,70169,75789,73878,68280,73688,67558,72394,70420,70421,67942,72397,72396,75065,71835,71612,75462,71837,76208,68383,71836,70916,73189,67937,74744,74750,71358,75458,74752,74168,73438,74169,68391,74747
mener	105	68389,71357,74749,72933,73184,74172,69533,72113,69537,76210,69536,69534,72114,73183,72935,73182,67068,72115,73683,70163,69816,72398,67795,76511,67391,75794,76510,70161,67555,69178,73685,70165,75790,75791,73876,70166,75793,69813,70749,71843,72392,68283,71842,72634,70745,70753,73879,75789,73688,67945,71841,72637,72394,70420,67389,69819,67940,70743,72630,72397,70422,68279,72396,72631,75065,72939,75064,71612,69539,71360,75462,76208,75463,68387,68393,73189,75063,67937,74750,75464,75458,68390,74168,68385
pays	105	74170,67938,68638,71619,74749,74167,73185,72933,72113,72117,72936,69534,73430,75069,73182,69181,70163,76512,75797,76507,69180,72629,67391,67794,67555,73691,70164,73684,68273,69813,69542,67553,72393,68646,68281,73878,67945,72633,70743,68642,72630,70422,72396,72631,69538,70914,71362,76209,75067,68383,70916,73188,68392,68386,71614,71358,74746,75458,74169
national	105	68389,74749,74167,72933,69533,72936,73432,71621,69536,71838,73430,76207,73182,69535,72115,69181,67386,76507,69816,68275,67795,67385,75794,74449,67794,68886,73685,76514,75790,72940,70164,70428,68885,73686,69812,69184,73876,67803,73877,69185,73687,69542,67553,70749,68889,70426,72393,71840,74455,75788,73878,67945,70420,69818,70421,68642,72630,67943,71363,70914,67071,75460,71362,75462,68383,70916,71361,75063,68392,71614,71358,72121,71616,74746,68384
sou	105	70921,67939,70920,68638,71619,75457,74173,72932,73190,74748,72113,68639,74176,76210,72114,70918,74175,75068,76207,73182,72115,67796,68274,69181,73683,69817,70163,76512,68881,68883,67554,72401,68277,76511,74449,69815,67555,69540,70429,70165,76515,73684,68273,68885,73686,70167,67802,68884,67553,72635,74456,73884,68644,72634,70425,74455,75788,68280,68643,67558,70420,67388,67798,68279,72939,71612,69539,75462,75067,68383,75463,70916,71358,72121,74746,74752,75465
temps	105	67939,73434,74171,68638,70922,74749,75457,74167,73436,72933,72932,74172,74748,71618,70923,69537,72937,72116,72114,75069,72934,67068,68274,73683,70162,68275,72629,68883,67385,76510,70161,67794,72400,67555,68882,69811,73875,75791,76515,69812,67383,75792,67553,70744,69177,74457,68646,71840,73689,73879,74455,75788,70424,70752,76509,76508,69819,67798,72630,73881,68279,72396,70914,71835,69539,71837,70916,71359,67937,74750,75466,72121,73438,75459,71617
savoir	104	67939,68389,68638,74749,75457,74167,74173,72932,69533,72113,73432,76206,72935,76213,76207,72115,73683,70163,67386,70162,76507,69816,67795,76511,70161,69815,69811,73875,73684,68273,69541,70748,69812,75793,67383,73877,69813,73687,67553,74457,72393,71842,72634,71840,69821,73879,74455,70746,72394,76509,74450,76508,70421,67798,73881,69538,70914,70915,71362,75462,76208,71359,74751,74745,75063,74744,71614,71358,74168,75459
1	104	70921,68388,73187,74171,71619,74749,74173,73185,73184,72117,76210,69534,75069,72934,73431,72115,73683,67387,68881,68277,69182,69814,75794,68882,69540,69178,67801,73684,69179,68273,69541,68885,75793,67802,73687,68889,72392,72634,68646,70425,73689,71841,68643,72394,76509,67388,76508,67940,70743,68640,72397,74453,68279,72631,68641,67071,75065,75064,70915,71362,71360,75067,68383,70916,73189,72121,75458,68390,68391
disposer	103	67939,73434,67938,68638,74749,74167,73185,70923,69533,72113,73432,72116,69534,72114,76206,76212,76213,73431,73182,73683,69817,67386,70162,76507,69816,72629,68881,67554,69182,76511,74449,70161,67794,69178,73875,70165,69186,67801,69179,69812,73876,70166,67383,75792,73877,69813,69542,72392,69177,68888,70425,73689,69821,68281,74455,75788,75789,73878,68643,67941,70420,74450,76508,69819,70421,72395,67798,68640,72631,70914,75461,75070,71612,75462,71836,70916,71359,67937,74744,71614,71358,75459
type	103	73186,73434,70920,71357,74749,74173,73185,73436,72113,69537,73432,69534,73430,76206,76207,73182,70919,68274,73683,69817,67386,67387,68275,68881,68883,67795,67390,75794,74449,69183,69540,69178,76515,73684,70166,75793,67802,69813,67553,72635,72392,69177,72393,68644,72634,70425,73879,75789,73688,68643,72394,70420,76509,74450,67388,76508,70421,67940,68640,72631,72118,70914,75065,71612,69539,76209,75067,70916,71359,68387,67937,74744,74750,74168,71617
programme	103	67939,73186,71619,74749,74748,69533,72113,68639,72117,74176,71621,73183,73430,76207,74174,69181,73683,67386,75797,72629,68881,69814,74449,68882,76515,73684,73690,70428,69543,76516,69813,69542,70749,68889,69177,74456,73884,72393,67946,70751,67944,69820,70424,70752,72394,67941,74450,67940,72630,70422,72118,75071,75065,72938,71835,75460,71362,75067,70916,71359,71615,75063,74744,71616,74168,73438,75459
niveau	102	73434,71357,68638,75457,72933,72932,73184,69537,72936,71621,69536,69534,72114,75069,76206,72935,67796,67556,68881,68883,67554,72398,67795,76511,74449,70161,72399,67794,72400,67555,68882,68886,69811,67800,75790,73690,68887,69812,75793,73877,69813,67553,68645,68888,72634,70425,68281,75789,68643,72394,70420,69818,76508,72397,73880,68279,72631,72118,70914,72938,70915,69539,71360,68383,71836,70916,67937,71614,71358,75458,68390
produire	101	73435,73434,71357,68638,74173,73436,72933,72932,73184,72114,76206,72934,76213,73431,70919,69535,68274,69181,76513,70162,68881,67795,76511,67385,67391,67794,69178,72940,67801,73684,69179,68887,69184,75792,67802,73877,69813,68884,70744,69177,74456,68644,72634,69821,74455,70169,75789,73878,73688,70424,72633,67558,70420,74450,67388,69819,70421,72630,67942,72397,67943,75461,75070,75460,71837,74745,68387,67937,74744,75458,68390,74168,68385,68391
celer	101	70921,68388,67939,67938,71357,68638,74749,75457,74167,73185,69533,73432,71621,69534,72114,73430,76206,76213,73182,67068,69535,72115,68274,73683,76507,72629,67795,69814,67385,67391,75794,70161,67794,67555,68882,75790,67801,73684,70166,75792,73877,70749,72392,69177,74457,69821,73879,74455,75789,72637,68643,67558,72394,70420,74450,67388,72632,72630,67942,74453,70422,68279,75065,71835,69539,72119,70917,71837,68383,71836,75463,71359,68387,75063,67937,74750,71614,75458,74752,74168,75459
tel	101	74170,73187,67938,70920,71357,75457,74167,73436,73184,72937,76210,73432,71621,72114,71838,73430,75069,76206,76213,73182,69535,73683,75796,69816,68275,68883,69182,69814,74449,70161,69183,67794,67555,68882,68886,67800,75791,68887,70166,67383,73877,72392,69177,72393,68888,72634,70745,70747,70425,69821,74455,68280,73688,70420,74450,67388,72630,67942,70423,70422,69538,75065,71612,70917,75462,76209,68383,71359,71615,74745,68387,75063,71366,71616,74168
place	101	73434,67938,70920,71357,71619,74749,75457,74167,73185,72113,69537,76211,72936,73432,71621,72116,72114,71838,73430,76213,76207,73182,73683,70162,76507,69816,68275,72629,67795,67385,70161,68276,72399,67555,68882,75790,70164,73684,68273,68887,70748,68885,69812,75793,69813,70749,70426,72393,67941,70420,69818,74450,71363,70914,75065,75070,76209,68383,71361,75063,71358,74746,75458,74169,68385
moins	99	70921,67939,67938,68389,71357,74167,74173,72932,73437,73184,69533,72117,74176,76210,73432,71621,69534,76206,72934,76213,73683,68881,68883,67554,69814,76511,75794,70161,67794,68886,69178,69811,70165,75790,67801,73684,70166,73877,67553,70744,71843,72393,70747,73879,74455,75789,70424,71841,68643,69818,69819,68640,72397,68279,72631,75064,71835,75460,72119,75462,71837,76208,75067,68383,71836,71359,71615,74745,71614,74752,74168,74169,75459,71617
peu	98	74170,73434,67938,68389,68638,74749,74167,73436,72932,72113,71621,72114,73183,73430,76206,76213,76207,73431,73182,67068,68274,69181,69817,76507,68275,67391,74449,67555,68882,73875,75790,67801,73684,68887,70166,73877,70744,74457,71842,72634,70425,69821,73879,75788,68280,73688,68643,72394,76509,74450,70421,72395,68640,70422,68279,72631,72939,71835,75460,75067,71836,70916,68387,67937,71614,68390,74169,75459
non	98	67939,73434,74171,67938,71357,68638,75457,74167,73185,73436,72932,72113,72117,76211,72936,76210,72116,73430,75069,76213,76207,73431,73182,67557,69817,76512,67386,70162,68275,67556,72629,76511,75794,70161,69815,72399,67555,69178,73685,72940,73684,69541,70748,68885,73876,70166,75792,69813,73687,68884,70744,74457,68646,69821,74455,72394,69818,67389,67388,74451,76508,70421,67798,68642,72630,70423,73881,72396,72631,70914,67071,71835,70916,74751,68384,74168,74169,71617
concevoir	97	67939,74170,73187,74171,68638,71619,74749,74167,71620,76210,72114,73183,75069,72934,76213,76207,73431,67557,68274,73683,70163,76512,70162,76507,68881,68883,67554,67795,69814,67385,67390,76510,68276,69540,73684,67383,75792,72635,70744,72392,69177,68644,72634,70747,70425,73879,74455,74454,68280,70420,74450,74451,76508,67798,68640,72630,70423,69538,70914,67071,72939,75070,69539,75066,76208,71836,71359,74751,74745,75063,68392,74744,75466,71614,74746,74169
enfin	97	67939,73434,71357,75457,74167,72932,69533,68639,74176,72937,72114,71838,73430,76212,75068,73182,74174,69535,69817,76512,75796,75797,70162,68275,67795,76511,75795,74449,68276,72400,67555,68882,76514,69812,70166,67383,76516,67802,73877,69813,67553,69177,74456,73884,72393,70751,70745,71840,73879,69820,74450,72395,68642,74453,70422,72396,72631,68641,71363,67071,75071,72939,72938,71835,75462,71837,70916,71361,71615,73189,74744,74750,71358,75464,74746,74168,72120
activité	97	68388,71619,74749,69533,72937,72116,69536,72114,73183,76212,75068,73182,71839,69535,72115,68274,72629,72398,75795,76510,70161,68276,68882,69178,73875,67800,69186,69179,68885,69812,70166,67553,72392,70426,70745,70753,73879,75789,73878,73688,68643,72394,74450,67389,76508,73882,67942,70422,75461,72938,71612,75460,70915,75462,68383,71361,68387,68392,71614,75458,74168,74169,68385,75459
intéresser	95	67939,68389,68638,74749,74167,73185,72932,69533,72113,72114,73183,73430,75069,76206,76213,73431,73182,67068,68274,69817,67556,72629,76511,67390,69178,67800,70165,75790,68273,69812,73876,70166,75793,67383,76516,67553,70745,68646,69821,73879,75788,75789,68643,70420,74450,73882,70421,72630,72396,72631,75065,72939,71835,71612,75462,71836,71361,68387,67937,68392,75466,74746,75458,74168,75459,71617
petit	95	68388,73434,74749,72933,72932,73433,73432,73430,76206,72934,73431,68274,73683,76507,72629,68881,69182,76511,67390,67794,67555,69540,70429,73685,67800,70165,67801,69179,68887,69812,70166,75792,71843,69177,74457,68283,71842,72634,70747,71840,70425,73689,74455,70169,71841,72633,67558,70420,74450,70421,72395,67798,72630,70423,72939,75070,72119,71837,76208,71359,71614,71358,71366,75458,74169,68391
rappeler	94	67939,73434,74171,67938,71357,74167,73185,72933,72932,74172,69533,72113,72117,73432,73430,76213,76207,73182,73683,72629,68881,68883,76511,75794,67555,73875,75790,73684,69179,68273,69541,73876,75793,67383,73877,69185,73687,72392,69177,68644,68646,67944,71840,73879,75788,68643,72630,72396,72631,72118,70914,71835,71612,70915,75462,68383,71836,71359,74745,67937,74744,71614,71358,75458,74752,74169,75459
expliquer	94	70921,67939,73187,68389,68638,74749,74173,72932,76210,73432,71621,72116,69534,73183,75069,73431,73182,73683,69817,67392,67386,76513,76507,68275,76511,75795,67390,75794,74449,67794,67555,68882,73685,70165,75790,73684,69812,69184,70166,75792,73877,69813,72392,72393,72634,70745,71840,73879,74455,73878,68643,67558,72394,70420,67389,70421,67798,72630,74453,68279,72631,72118,75461,75065,75064,69539,71837,76209,68383,71359,74745,74744,71614,74746,75458,74168,74169
présent	94	73187,68389,71357,68638,74167,73184,73190,74172,71618,72117,69537,76210,69534,72114,73183,72934,76213,73182,70919,73683,70162,76507,72629,68881,69182,67390,75794,68886,69811,73875,73684,68273,68887,69541,68885,69184,70166,75792,70167,73877,69542,72635,70744,71843,69177,73884,72634,72636,70425,70169,73878,73688,68643,67389,67388,69819,73882,67798,72397,70423,70422,68279,72631,75065,71837,76209,75066,70916,71359,68387,73189,73188,74744,71614,72121,75458,68390,68391
ensemble	93	67939,73186,74171,71357,74749,69533,72113,76211,73432,69534,74175,75069,76213,74174,69535,72115,69181,73683,70162,68275,68881,68277,67391,74449,70161,67794,73685,73875,70170,70428,68273,70748,69812,67383,75792,73877,73687,67553,72392,69177,73884,72393,68644,70751,67561,74455,75788,75789,70424,72637,67388,76508,72395,74452,70914,75071,72939,72938,76209,70916,71359,74745,71614,71358,75458,74168,68391,74747
général	93	74171,68638,75457,72933,74172,72113,69537,76211,76210,72114,73183,73430,76207,73431,73182,70162,68275,67556,72629,68881,72398,67795,68277,76511,74449,70161,70165,70170,70164,68273,68885,67383,69813,73687,67553,72392,69177,68646,73879,74454,73688,67941,74450,67388,76508,72632,74453,68279,70914,67071,75065,71360,67937,71614,71358,71366,71616,74746,74169
chez	93	68388,71357,74749,75457,74167,74173,73184,70918,75069,72935,73431,67796,70162,68881,76511,67391,74449,69815,67555,67800,70164,68887,73686,69184,75793,67802,70749,68645,71843,72634,70745,72636,68646,73879,74455,75789,74454,71841,68643,67799,70420,67389,74451,76508,72632,72631,72118,75065,71837,68383,71359,68387,67937,71614,75458
vitagorer	93	74749,73184,74172,72116,69534,75069,69817,76507,67795,76511,74449,67555,73685,70428,68273,68885,69812,70166,75793,70749,71842,72634,70745,73879,74455,68643,72394,70420,76509,67388,67798,68279,72396,72631,75462,76209,71359,68387,75063,74169,75459
solution	92	70920,74749,75457,74167,73185,72933,68639,72117,71621,72934,76213,73182,69535,75796,76513,70162,76507,69816,67385,74449,68276,68882,69178,73685,72940,70170,68273,73686,73876,70166,67383,70167,68884,67553,72392,70426,73884,70751,71840,73879,74455,70169,75789,74454,69818,74450,76508,72118,67071,71612,75462,75066,76208,71359,75063,74750,71614,71366,74746,68390,68384,71617,75465
grâce	92	67939,73186,73435,74171,70922,74167,72933,73437,74748,70923,73432,71838,75069,75068,71839,67068,69817,70163,67392,70162,76507,68881,67554,69182,67385,75794,76510,70161,67555,69540,69178,69811,67800,75791,67801,73684,68273,70748,73686,70166,75792,67802,69813,73687,70744,70751,75788,71841,72633,70420,67389,70421,72395,70423,67943,72631,69538,70914,72939,75064,69539,71362,71837,76208,71836,74745,73189,67937,71614,75464,75458,74168,68391
matériau	92	74167,68639,76210,74174,67557,73683,75797,76513,67554,69814,67390,69183,68886,70429,76514,69186,68273,69541,75792,70167,72393,68644,70751,72634,70425,69820,68280,72394,69819,70421,70423,70914,75070,71612,72119,75462,75066,71836,71361,75464,74752,68390,68391
observer	92	68388,73434,67938,68389,70922,74167,74173,73185,73184,74172,70923,69533,72113,69534,75069,73182,67068,69535,70163,76511,74449,67794,67555,68886,69811,73875,68273,75793,70167,73877,69813,67553,72634,70745,75788,73688,70424,70746,67558,70420,74450,67389,74451,76508,69819,70421,67942,72631,72939,75070,69539,76209,75067,68383,70916,68387,75458,68390,75459
impliquer	91	67939,73186,73434,71357,68638,74749,72932,73184,74172,69533,72937,72116,69534,72114,75069,76207,73182,74174,67557,69181,73683,69817,76512,76507,67556,69814,76511,67390,70161,67555,75790,70164,68885,69812,75793,75792,69813,70749,68645,72392,70745,74455,70424,67945,70420,74450,67389,68642,72630,73880,74453,68279,72631,70914,71835,69539,71359,68387,71358,72121,74746,75458,68390,74168,74169,75459
beaucoup	91	67938,71357,68638,74749,75457,74167,73185,72932,74172,73433,73432,71621,72116,73430,76206,76213,73182,73683,67554,75794,70161,68276,67555,73685,73875,67800,68885,73876,70166,75793,67383,67553,69177,74457,72393,70745,74455,75788,73878,70424,72633,72394,76509,74450,70421,70743,73880,74452,72396,71835,68383,70916,68387,73188,67937,74744,71614,71358,74752,74169,74747
chaque	91	73435,73434,73187,68389,70920,74749,75457,74173,72932,73437,74748,71618,70923,69536,73430,72934,76207,76512,76507,68881,67554,69182,76511,69815,69183,68276,67794,72400,67555,69540,69178,70165,72940,67801,73684,68273,68885,67803,73877,69185,67553,68889,68644,68646,73689,74454,67389,70421,67798,72630,70423,74452,73881,70914,75064,71835,70915,71362,76208,68383,70916,68387,67937,68392,71358,75458,74752,73438,74747
donnée	90	67939,73434,74749,74167,70923,69533,73183,75069,72935,73431,73182,69535,67557,69181,67387,76507,68275,67797,68883,69182,76511,74449,67794,67555,69811,73685,72940,70170,69179,70428,69812,67553,70749,68889,72392,71840,75788,70424,71845,69819,72630,73880,74452,71837,70916,71359
eau	89	67939,74170,73434,73190,69537,73433,76210,71621,70918,73183,67387,69816,68275,68883,69182,67390,72399,69540,73685,73875,69812,69813,68884,69542,72392,73688,70746,67558,72394,69818,72397,73880,71363,67071,75460,70917,75462,68383,70916,68387,74750,75458,68390
long	89	70921,67939,74170,73434,73187,74749,74167,74173,73185,72932,72116,69534,70918,76213,73182,73683,70162,72629,68881,68883,76511,75794,68882,70429,69178,73875,76515,73684,68273,68887,70167,70744,72392,72393,72634,70747,70425,73879,75789,74450,67940,72396,72631,72939,75064,71835,71837,70916,71366,75458,74752,74169,75459,71617
comprendre	89	67939,73434,68638,70922,72932,71620,73432,73183,73430,75069,76206,72934,76213,73182,67068,72115,67557,69181,70163,69816,68277,76511,70161,68276,67555,68886,69811,67800,75790,72940,69186,69812,75793,67802,73877,69813,70749,68889,68645,70745,68281,73878,73688,70424,72394,74451,76508,72397,73880,67943,72631,71835,71612,69539,71359,73189,75063,67937,75458,74752,74168,75459
second	89	70921,68388,67939,68389,70920,71357,68638,74173,74748,69533,68639,72935,72934,67068,69535,69817,76507,72629,67385,75794,70161,67794,67555,68882,69540,73685,76514,75790,68273,68887,73686,75793,67383,76516,70167,67802,70749,69177,72393,71842,70751,70745,68646,73879,70169,75789,74454,70424,70420,76508,73882,70421,67942,72397,72118,75064,71360,76209,76208,75067,70916,71361,72122,71616,74752,74168,74169,71617
compte	88	70921,73435,74171,68638,74749,74167,72933,71618,69533,72113,76211,72936,72114,72935,76213,76207,67068,70163,67386,67387,70162,76507,72629,70161,69815,68886,73685,73875,73684,68885,69812,73876,70166,69813,67553,68645,72392,69177,68646,73879,74455,73878,73688,71841,72633,74450,74451,70421,68642,72630,70422,69538,70914,67071,71835,71362,70916,71361,68387,75063,68386,74744,71614,71358,71616,75459
collaboration	88	70921,68388,70922,74749,74173,72932,73184,71618,72113,76211,76210,69536,72114,71838,73430,76212,75068,76207,67387,70162,69180,68881,76511,67385,67391,69540,68886,69178,70165,68885,69812,73876,70167,67802,73877,68884,71843,72392,68644,72634,70425,71841,72394,76508,69819,70421,72397,68278,70422,68279,67943,75064,75070,71612,69539,75463,72122,68387,73189,75063,73188,74750,71358,75458,68390,68384,68391,75459
dès	88	68388,73434,68638,75457,73185,73432,73430,72934,76207,73431,67068,73683,69817,76512,67386,76513,70162,76507,69816,68881,67554,67795,76511,70161,69540,69178,70164,73684,69541,69812,73876,75793,75792,69813,70749,69177,70751,71840,70746,72633,67558,70420,74450,67798,72630,70423,72396,72631,72938,71362,70917,71837,71836,74744,71616,74746,75458,74168,74169,68391,75459
après	88	70921,67939,73435,73434,74171,74173,73185,72932,73437,72114,74175,73430,76206,76213,68274,73683,72629,68881,74449,70161,69815,67555,69540,69178,69811,75790,67801,68887,70166,69185,70744,72392,71842,68888,68646,68281,74455,74454,71841,72633,72394,76509,67798,72632,72630,70422,72396,68641,75461,75071,71835,71612,70915,75462,71837,68383,71836,71359,68387,75063,67937,71614,71358,74752,68390,75459
mission	88	67939,74170,73434,74172,70923,72113,76211,69534,73430,76207,70163,72629,68881,68883,67795,69811,70170,69179,68885,68884,68645,69177,72393,75789,73688,70424,72394,74450,67940,67942,73880,70422,75064,71362,71359,68393,74746
compétitivité	88	70921,71619,74749,73184,74172,74176,72116,69534,73430,75069,75068,69817,75796,70162,76507,67795,76511,75795,74449,67804,67555,73691,73685,70428,68885,69812,70166,73687,68884,71842,67946,72634,70745,67561,73879,74455,75789,72637,70752,68643,71845,67799,69818,76509,76508,70421,74453,68279,72396,72631,70914,72938,71360,75462,76209,71359,68387,68393,74744,71358,74746,73438,74169,75465
présenter	87	70921,68388,71357,71619,73436,73184,73190,74748,69537,74176,76210,71621,72114,75069,75068,73431,74174,69535,72115,73683,70162,67556,67554,67385,67391,74449,72399,72400,69811,73691,76514,70164,69186,67801,70428,69541,73877,67553,70749,74456,72393,70751,72634,75788,70168,68280,73688,70752,67558,71845,67941,67389,67388,76508,72630,70423,74452,70422,68279,72118,72939,70915,68383,74744,75464,74746,74169,68385,75459,75465
exemple	87	70921,74170,71357,74167,73185,72933,72932,68639,69537,71621,72116,73430,73431,67068,70919,69535,72115,69181,69817,67386,67387,69816,68275,72629,68881,67554,67795,76511,67385,74449,69815,67794,68886,69811,73685,70165,75790,68273,73876,70166,67383,75792,73877,72392,69177,72393,70751,70745,70753,72636,75788,68643,67558,70420,74450,70421,67798,72632,72630,74452,70915,75462,71836,71359,74745,68387,74744,71614,74752
école	87	74170,73185,73437,70923,76211,69536,72114,73430,67068,76513,68883,67795,70161,68276,67555,69541,69185,70168,71841,72394,74450,70743,70422,75071,74751,71614,71358
édition	86	73435,72933,72932,73190,74748,71620,74176,72937,71621,72116,74175,76212,73431,67068,75796,75797,76511,75795,72400,73691,70170,70164,69541,69543,70167,69542,68889,74456,73884,72393,67946,73689,70169,70168,67945,70752,72633,76509,73881,72396,72939,71835,71612,75462,76209,75066,72122,68387,75466,75464,74746,75458,74752,73438,75459,75465
matière	86	73434,70920,71357,68638,74167,72113,68639,73432,71621,69536,69534,72114,76206,68274,69817,75797,76507,68881,75794,74449,70161,69183,68882,68886,73685,75790,68273,68885,75792,76516,73877,68645,72634,69821,68280,73688,70424,70746,72637,70420,74450,72632,72397,68279,72118,67071,71612,75460,70915,76209,75066,76208,71836,73188,68392,74750,71358,75458,68385
étudiant	86	75457,73437,73190,70923,74176,76211,72936,74175,73430,76212,75068,73431,73683,76513,68881,67795,70161,68276,69179,69541,70748,69185,69177,67944,73689,68281,70168,74454,72637,73882,68640,68278,70422,75071,71362,68393,67937,68392,71358
lancer	86	67939,73434,74171,67938,75457,73436,73184,69537,73433,73432,72114,75068,76207,73182,67557,69181,73683,69817,70163,76512,67795,67555,69811,70164,73684,73686,69812,70166,75793,69813,68645,72392,69177,72634,68646,74455,70424,72394,67941,76509,74450,67388,72395,72630,67942,73880,70422,68279,67943,72396,68641,69538,72118,75461,75065,71835,75460,71362,68383,71836,70916,71615,75063,74744,71614,75458,74168
commencer	86	73434,67938,68389,74749,73185,72933,69533,69536,73430,76213,67068,68274,73683,69817,68881,76511,70161,68882,69178,73685,73875,75790,73684,69812,70166,75793,75792,69813,70749,69177,68644,72634,73879,74455,73878,68643,72394,70420,70421,67940,72630,70422,68279,72396,72631,72118,71835,71612,71837,68383,70916,71359,71614,72121,71616,75458,74752,74168,74169,75459
falloir	85	67938,71357,74749,74167,73185,72933,69533,73432,72114,73430,75069,76213,73182,67068,70919,69535,73683,76512,72629,68881,67795,76511,70161,69815,67794,67555,68882,69178,67801,73684,73876,67383,67553,72392,69177,74457,71842,72634,70424,71841,70746,67558,72394,74450,70421,75461,75065,71835,70915,75462,71837,75066,68383,71359,75458,74752,74168
filière	85	73434,67938,71357,71619,75457,74748,72113,73433,74174,76512,75797,68275,67554,70161,68882,73690,68273,68885,73687,72392,74457,73884,70745,73689,75789,72637,71845,69818,74450,67388,67942,71363,70914,75071,75065,75064,75460,71837,75067,75466,71358,75464,74746,74169
4	85	68388,67939,74170,73434,73185,73436,72932,73184,74748,72117,71620,69534,72935,73431,74174,69535,72115,67557,70163,76512,75796,67387,72629,67795,68277,74449,72399,67555,68882,69178,70165,70170,70164,68273,69543,68885,69812,67803,70166,69813,67553,70749,69177,73884,72393,68646,70169,75789,68643,67941,74450,67388,74451,72395,67940,72397,68278,68279,72396,70914,75461,72939,75460,71362,76209,75067,71836,71615,75458,74168
prochain	85	70921,74170,73434,74171,68389,70920,75457,74167,72932,69533,73432,72116,69534,70918,73430,73431,69535,73683,69817,76512,67386,76513,68883,67795,67794,67555,70429,69811,73875,69186,70428,69543,73876,75793,73687,70749,70744,72392,71842,67944,71840,70420,76509,67389,67388,76508,73880,72396,71363,75071,72939,71835,71612,75460,72119,75462,71837,76209,70916,74745,67937,71614,71616,74168,74169,75459
alimentation	85	68388,71357,74749,73184,74172,69537,73433,69534,75069,76206,76213,68275,67795,76511,67385,74449,67794,67555,68882,73685,75790,70428,75793,70749,71842,70746,67798,68279,72396,67071,75462,76209,68387,75458,71617
prendre	85	67939,73186,73434,67938,71357,71619,74749,75457,74167,73185,72933,72932,71618,69533,72113,71620,71621,73430,72935,73182,68274,70163,67386,76507,72629,68883,69182,76511,75794,70161,69540,73685,75791,73684,73876,75792,69813,73687,67553,68889,68645,72392,69177,74456,70424,70421,72630,67942,73881,72396,72631,69538,75064,71835,71362,71837,71361,71359,74745,68387,67937,74744,74750,74169,75459,72120
nombreux	85	67939,74170,68638,74749,73185,73436,69533,72113,76210,72116,75069,68274,67387,76507,68275,72629,68883,72401,72398,67795,76511,75794,74449,69815,70429,69811,73685,67800,72940,73684,69812,75792,67802,73877,67553,68645,71843,72392,69177,74457,72393,68644,74455,70169,73878,68280,70424,67945,67558,67799,74451,70423,68279,67943,68641,70914,75064,71835,69539,71360,70917,75066,76208,68383,74751,75063,68392,74746,75458,68390
voir	85	68638,71619,74749,75457,74167,72933,72932,74172,76211,72116,69534,72114,75069,76213,75068,73431,73182,67068,70919,69535,67557,73683,69814,76511,74449,67794,72400,68882,69540,68273,73686,73876,70166,75793,69813,67553,72392,69177,74457,72393,71842,70745,70747,72636,69821,68643,74450,67388,70421,72632,72630,70422,72939,71835,70915,70916,68387,74744,71614,75458,74168,74169,68391
partenariat	84	70921,74170,73434,70920,71357,73185,74172,74748,68639,71621,69536,73430,75068,74174,68883,72398,67795,70161,69815,68276,73691,76515,73684,70748,73876,70166,75793,69813,68888,70751,70745,70753,67561,67944,73689,74455,67945,70420,70421,68642,72630,68278,70422,72396,71363,72938,71612,71360,72122,68393,68392,74744,71358,72121,75464,68384,75465
forme	83	67939,71619,75457,74167,74173,72932,74172,74748,74176,76210,72114,70918,75068,73182,69535,68274,73683,76512,67556,67554,72401,76511,67390,74449,70161,69815,68276,67555,70429,76515,69179,68273,68887,70166,68884,72635,73884,68644,68888,72634,73879,74455,75788,67558,72939,69539,68383,75463,71358,72121,75459,75465
cnrs	83	73186,68389,74173,72932,69533,73183,73431,67068,69181,73683,69816,69180,68883,67795,69182,67385,67390,69178,67800,72940,68887,67383,67802,70744,68645,71843,70426,70745,68280,70424,67945,71841,67558,72632,68642,68278,74452,67943,68641,70914,67071,72939,75460,70916,71615,75063,67937,74750,72121,75458,74752,68384
passer	83	67939,73187,74171,71357,74167,73185,72932,73437,73190,69533,73432,69534,74175,73430,72934,75068,73431,73182,67068,72115,73683,70163,67386,67387,67554,67795,69814,76511,67385,75795,70161,67794,69540,73685,67801,73684,68273,73876,70166,69185,72635,72392,72634,72636,71840,69821,68281,70168,68280,73688,67945,68643,72633,72394,74450,76508,73882,70421,72395,72397,68641,67071,75065,72939,75070,71612,75066,71359,75459
lors	83	70921,67939,68638,71619,72933,72932,74172,69533,72937,73432,69534,72935,72934,73431,73182,73683,70163,76513,67797,68881,68883,76511,72400,68882,69811,73691,73684,68887,73686,69184,75793,67383,73687,68884,67553,70749,69177,74456,67944,71840,75788,75789,70168,73688,71841,70746,68643,76509,67388,72632,70743,73880,74452,72396,75064,71360,75462,76209,70916,67937,74744,75459,71617,72120
préciser	83	68388,67939,74171,67938,71357,68638,74749,75457,72933,73184,72113,72117,69537,76210,69534,73430,72935,76213,75068,67068,70919,72115,73683,69817,67386,72629,68881,76511,68882,73875,69179,68887,69541,68885,73686,69812,73876,67802,67553,70749,70426,69177,71842,70745,67944,70425,75789,72633,71845,70420,67388,76508,70421,70743,73880,74452,72396,72631,70914,75071,75065,75462,76209,76208,70916,71361,71359,68387,68393,71358,72121,75458,74752,74168
santé	82	74749,73184,74748,71618,73432,72116,69534,72935,69535,75796,70162,76507,72401,76511,69815,69183,68882,70429,73691,67801,69813,68645,72393,70745,73689,74455,73878,71841,70746,76509,67798,67940,72396,72118,75461,75071,71612,75462,76209,75067,68387,75466,71366,74746,75458,74752,68384,75459,75465
rappelon	82	68388,74170,73186,73435,73437,73190,74748,72113,71620,72936,76210,69536,73430,76212,72935,76207,67796,73683,75796,68275,67554,75795,74449,69815,72399,69811,67800,70165,69186,67801,73684,70428,70748,73876,67802,69542,68889,69177,72393,68644,68646,71840,70425,70169,67945,67558,67799,69818,67389,67388,73882,70743,67942,73880,74453,68279,67943,75071,75065,72938,75460,69539,71360,70917,75462,76208,75067,71836,70916,72122,71615,67937,68392,72121
cellule	81	68388,70922,74173,73436,72117,73432,72116,72114,72935,70919,70162,67556,68277,76511,67801,68887,69541,69184,70167,67802,70747,72636,75789,70746,67389,74451,68642,70423,74453,75065,69539,75067,68387
avant	81	74170,73434,68389,74749,74167,72932,70923,73432,71621,74175,73430,76206,76213,73431,73182,73683,76507,67797,72629,68881,67385,75795,69183,68276,67794,67555,73685,73684,69179,68273,69541,68885,73877,72392,69177,71842,68888,72634,70745,72636,69821,71841,76509,74450,67389,67388,67942,70422,72396,72118,75071,75065,75064,71835,69539,70917,71836,71359,74751,67937,74168,75459
obtenir	81	70920,75457,73436,72933,73184,69533,69537,76210,73432,71838,76206,76212,73431,67068,68274,73683,67797,67554,69182,76511,67385,67390,75794,74449,69183,67555,67801,73684,69184,70167,67802,70749,70744,70426,68280,67558,72394,67799,74450,67388,69819,72630,72397,72631,75065,75070,71612,75460,71362,70917,71836,70916,73189,74744,74750,71358,74168,75459
nécessaire	81	68388,73186,73187,67938,68638,74749,75457,74167,73185,70923,73432,72116,75069,76213,73182,73683,67387,70162,69816,67797,68883,67795,76511,70161,67794,68882,69540,73685,67800,73684,67383,75792,73877,70749,70744,72392,72634,75788,74454,70424,68643,72394,70420,69818,74450,67798,68642,72630,74453,68279,71363,70914,75065,75064,71837,76209,75067,75463,74745,75063,74744,71614,75458,74168,68391,75459
occasion	81	70921,67939,71357,68638,75457,72933,73190,74748,72113,72936,73432,73183,75069,67068,73683,69817,70162,70161,67804,72399,72400,67555,69811,73685,73875,70165,76514,70170,70164,69186,67801,70428,73877,69542,70749,69177,74456,68283,72393,67946,68888,70751,67561,70168,67945,70752,71845,67941,73883,67388,73882,72396,72939,72938,75064,71612,70917,75462,71837,70916,72122,75464,74746,75458,74752,75459,75465,72120
luire	81	67939,73434,74749,74167,72932,74172,72936,72935,75068,73182,67068,72115,68274,73683,72629,68883,69815,69811,73875,73684,69812,67383,67802,72392,69177,72636,68281,74455,74454,73878,70746,67558,72394,67941,69818,76509,67389,67388,70421,72395,67798,72632,72630,70422,68279,72631,70914,75461,71835,71612,71360,71359,67937,71614,71358,74752,74168
maladie	80	73187,74171,74173,73184,73432,72116,69534,73431,70919,67556,68277,76511,69815,76515,73686,67802,73877,69813,68645,68646,73878,67798,74453,70914,71360,68387,67937,75459
aide	80	73187,74167,73185,72933,69537,69534,72934,73431,70919,73683,67387,70162,68881,67554,69182,76511,74449,76510,69183,72400,69540,69811,73685,67800,70166,73877,70744,69177,75788,73878,70424,67945,67799,70420,76509,74450,76508,70421,67940,70422,75065,72939,75064,69539,72119,71837,71359,74744,74750,71614,74746,74168,74169,68391
jour	79	67939,73187,70920,68638,74167,74173,72932,73190,74748,73433,72936,72937,71621,74175,73183,72934,73182,72115,69817,76511,75795,76510,69183,67794,67555,70429,69811,73691,73875,69179,68273,68885,70166,73877,69813,67553,70749,68889,71842,72634,72636,70169,70168,73878,76509,74450,74451,76508,73882,72395,67798,72630,70422,73881,71363,71360,70916,71359,73189,71614,71358,74168
conduire	79	73186,73435,73434,71357,68638,74749,73185,73436,73184,72113,72937,76210,73432,72114,73430,75069,76206,72934,76213,75068,71839,72115,73683,67556,72398,76511,75794,74449,67555,68882,69179,69812,73876,75793,75792,67802,70749,71843,72634,70745,69821,73878,72633,67389,72395,72630,74453,68279,71363,69538,75064,71362,70917,68387,75063,73188,67937,74752,68390,74168
alimentaire	79	68388,73432,72116,69534,75069,76213,67557,76511,74449,67794,67555,68882,73685,76514,75790,70428,68885,70166,75793,70749,72393,72634,70745,70746,72394,67798,72632,72630,72631,69538,76209,68387,74750,71366
modèle	79	68388,67939,67938,70922,75457,73185,73184,71618,69533,76211,72936,72116,72114,76213,69535,67387,76507,69816,68277,69182,67385,67390,70161,68882,73875,69184,73877,72635,68645,70426,74456,68888,70745,70425,70421,67798,73881,68279,75065,75064,71837,75463,70916,74751
million	79	68638,74749,73432,69534,72114,73183,72935,72934,73431,72115,67557,69181,67387,76507,68275,68277,75795,76510,69815,73875,70164,73684,73686,69812,67802,69813,70747,73878,70424,72633,67799,74450,74451,76508,68279,72631,69538,72118,70914,75461,75065,71360,71837,70916,71361,71359,75466,71616,74746,74169
public	78	74170,74171,71357,72933,72113,72114,75068,73182,67068,69535,73683,75796,70162,68275,72401,75795,69183,67794,69178,73875,70164,67801,73690,70748,69812,67803,70166,76516,69813,68884,68645,72392,74457,72393,67946,70753,75788,71841,72633,73883,73882,67940,68642,75071,75065,72939,72938,71835,71612,70915,71360,71615,71366,74746,74752,68384,75465
humain	78	67938,71619,73185,73184,74748,69533,72113,73433,73432,72116,69534,73183,72935,73431,67068,73683,67386,76507,69815,67794,68882,70429,73875,70165,76515,69812,67802,69813,70744,73879,74454,73878,72394,76509,70421,67942,74452,69538,72939,75064,71361,71359,74745,75063,67937,68386,71366,75458,68384
souhaiter	78	70921,68638,74749,75457,74748,71618,75069,76206,75068,76207,73431,73182,74174,67068,68274,73683,72629,72401,67795,70161,73685,73875,67800,70165,73684,68273,69812,73876,75792,73877,73687,67553,70749,72635,72392,70425,74455,68643,70420,69819,70421,72395,68642,72630,70422,75461,72938,71835,71612,75462,71359,74746,74752,74168,74747
qualité	77	74749,73185,72116,69534,73430,75069,76206,76207,73182,72115,69816,68881,68883,67554,76511,75794,70161,69183,72399,67794,67800,76514,73684,68273,69541,68885,75793,73877,68645,68283,72634,70745,67945,68643,72394,74450,67388,69819,67798,70422,68279,67071,72938,71835,70917,76209,71361,67937,75458,74169
seul	77	71357,68638,70922,74749,74167,74173,72932,74748,72113,70918,76213,73182,69535,72115,69817,72629,68883,67390,75794,70161,69183,67804,67794,69540,67801,73684,68887,70166,75793,67383,70744,72392,69177,71842,70747,68646,67944,71840,74455,73878,68643,72394,70420,69818,76508,70421,67940,70422,68279,70914,75065,75070,71612,70917,71837,70916,74745,67937,74168,74169
idée	77	70921,68638,74167,73185,72933,72932,73184,74172,72113,69537,71621,76206,75068,73431,74174,67068,72115,68274,73683,68881,67554,73685,67801,73876,75793,67383,75792,73877,67553,70744,68644,72634,69821,70424,76508,70421,72395,68642,70423,71363,75461,75065,72939,75063,74750,71614,75458,74752,74169,75459
3	76	70921,68388,73434,73184,72936,69534,73183,75069,76212,72935,67387,67556,76511,69815,68276,72400,67555,69811,75791,69179,68887,69541,68885,73686,75793,67802,73687,68884,67553,70749,68889,69177,68888,70751,72634,67944,72633,73883,74450,70743,68642,72397,68279,69538,75071,75065,75462,75067,68387,75063,67937,75458,74168,75459
plante	75	68389,71618,73433,76213,69817,67387,69182,76511,67794,67800,73684,76516,68645,74457,68643,70420,72630,68279,67071,68387
service	75	67939,73434,71357,74167,73185,73190,74748,68639,72937,73430,75069,74174,69535,75796,67392,67387,70162,76507,76510,70161,67555,69811,70170,67801,68885,75792,69813,68889,72392,74456,73879,70169,75789,74454,70746,74450,76508,70421,72397,68279,72118,75461,68383,72122,71359,74745,75466,74746
production	75	70920,73185,73436,73184,73433,74174,67796,76507,68881,67385,67391,67390,67794,68882,67800,73684,68273,68887,69541,68885,69184,75792,67802,73877,73687,71843,70426,68283,72393,71842,74455,67945,69819,73882,72630,73881,68279,69538,70914,75064,71362,75463,75063,71366,75458,74168,74169,68385
molécule	75	73187,70922,73436,73433,72116,76206,70919,72115,76512,76511,67390,69183,67800,70167,71843,72634,70747,68646,70425,73878,73688,67558,72394,72118,70914,75065,75070,69539,68387,68390,75459
coeur	74	70921,73435,73434,74172,74748,72113,72117,72116,73430,75068,73182,67068,69817,76512,68277,69182,76511,68276,69178,69186,73684,68887,68885,69184,73876,70166,75792,68283,71842,70745,71840,73879,74455,73878,70746,72637,68643,76508,72395,67798,68279,67943,72118,70914,75461,75065,71612,69539,75462,75066,75067,71361,71359,68387,75458,74168,75459
mieux	73	67939,70922,74749,72932,74172,72113,73432,73183,73430,75069,76206,76213,73182,72115,67557,69181,73683,67387,75794,70161,67794,67555,68886,69811,73685,67800,75790,72940,70164,68885,69812,73877,69813,70749,72634,70745,74455,75788,73878,73688,70420,74451,72397,73880,70423,67943,72396,67071,75462,75066,70916,73189,67937,74750,75458,75459
fin	73	67939,73435,73434,71357,75457,74167,74172,74748,69533,76211,69534,72114,73183,76213,73182,67068,70163,72629,68881,68883,75794,74449,70161,73875,67800,73876,75792,73877,69542,67553,70749,72392,72634,67944,70168,68643,67558,74450,76508,72395,67940,67942,73880,70422,68279,72396,72118,75461,72938,71612,71359,68393,67937,74744,71614,74746,74168,74169,75459
enseignement	72	70920,71357,75457,73185,70923,72113,71620,72936,72937,69536,74175,73430,76206,73182,67068,69181,76513,72398,67795,68277,70161,68276,70748,73876,69185,70426,72636,67944,72637,72394,74450,70743,70422,70914,67071,75071,72938,71835,71362,71837,68383,74751,68393,75063,68392,74746
exister	72	67939,67938,70920,75457,74173,73185,72932,73184,74172,71618,72117,71620,76210,72935,72934,76213,72115,67386,70162,75794,74449,70161,69815,69183,67555,73685,68273,75792,69813,70749,74457,71842,70425,75788,73878,68643,76509,74450,67388,68279,67943,72631,75065,71835,75462,68383,71359,71615,67937,71614,71358,68390,74168,68391
mondial	71	67939,73186,73435,68638,71619,72933,69533,72117,76211,72935,72934,75068,76207,69535,67557,67796,69181,68881,67795,69814,67391,69815,69178,69811,70170,76515,70164,69179,69812,67383,70426,72393,71840,74454,72633,67941,67798,74453,67943,71363,69538,70914,67071,72939,72938,75064,71360,70917,68383,71359,74745,67937,74744,71614,74746,75465
publier	71	68388,67938,68389,70922,74167,74173,73436,73184,74748,70923,69533,72113,76210,71621,72934,76213,73431,73182,67068,69816,67556,72401,72398,75794,74449,68276,67794,68882,69540,68886,70429,72940,68887,69184,70167,67802,72635,71843,70753,70747,68280,73688,70746,67558,76508,69819,72632,72397,67071,71835,72119,68383,75463,71361,68387,73189,73188,67937,74750,74752,71617
europe	71	73435,70920,71357,68638,74167,71618,72113,72117,70918,73430,73182,67557,75796,75797,75795,67391,76510,69815,67804,67794,73875,67383,75792,73687,68645,72392,69177,72393,70425,74454,73878,69820,70424,72394,76508,72632,68642,67942,69538,70914,75065,72939,70917,68383,71836,75463,71615,68386,71358,71366,71616,74746,74169
contexte	71	67939,73434,71357,74749,75457,73184,72113,76211,69534,76206,76207,73431,73182,69535,67557,70162,76507,68275,72629,68881,67554,69814,67390,75794,67794,68882,70429,69178,67801,69184,73876,75793,76516,73877,69813,67553,72635,72392,70426,69177,70745,73688,70746,69818,67388,76508,67798,72632,68642,68278,74452,72631,71363,69538,72938,75066,68383,75463,70916,71359,74751,75063,74169,68385,74747
mois	70	68388,74170,74171,75457,74167,73185,72933,72932,74172,70923,72114,73183,73430,75069,73431,73182,68274,70162,72629,75794,70161,73875,67801,68273,68887,67802,69185,67553,69177,71842,73879,75788,75789,71841,67558,70420,67388,74451,70421,72395,70743,72630,70422,68279,72396,75065,71612,72119,71359,75063,67937,71614,71616,75458
2	70	70921,67939,73435,71357,73437,73184,74748,69533,74175,69817,76512,75796,67387,72398,69182,70161,69815,68276,67794,67555,69540,67800,69186,68273,68885,69812,67802,73877,69813,73687,69542,72635,69177,72393,70746,72633,74450,67388,67940,68279,72631,75071,70915,72119,71360,75066,71836,70916,74751,68392,72121,74746,75458,72120
structure	70	67939,73434,74749,74167,74173,73436,73184,68639,69537,73433,76210,69534,73430,72629,68881,67390,75794,68886,73685,75790,68885,70167,71842,70745,70425,69820,70424,68643,67558,67941,73883,72632,68642,70423,70422,68279,67943,72396,75065,75462,71836,71614,75458,68391,75459
jeune	70	73435,74171,71357,73185,72932,72113,76207,73431,73182,73683,72629,74449,70161,69815,67555,73685,75790,70164,73684,73686,70166,67553,70426,69177,72636,73879,73878,68643,74450,67388,74451,74453,70422,73881,68279,75461,71835,71612,70917,75462,71837,76208,67937,75466,75458,74747
acteur	70	70921,73435,73434,70922,71619,75457,73185,74172,76211,73183,75068,76207,74174,69535,69817,76512,75796,67386,70162,68275,72629,76511,70161,70170,70164,73690,68273,67803,70166,75792,67802,72392,74457,73884,72393,71842,67946,72634,69821,74455,70169,72637,71845,69818,74450,67388,67798,68641,74751,75466,71358,74746,74169
président	68	73434,74171,71357,74172,72113,72936,72114,74175,73183,73182,76507,72629,68881,76511,75795,76510,67794,73875,70165,73684,69813,72392,69177,71842,72634,74454,73878,68643,74453,70914,67071,75066,76208,67937,68386,74744,71358,71616,75458
métier	68	75457,72932,70923,72114,67068,69535,72115,70161,68276,70165,75791,69812,73877,73687,72392,72636,73879,72637,73882,70421,70422,68393,74744,71614,74752
2013	68	75457,73190,74748,70923,69533,74176,72937,72116,69534,74175,75068,73182,74174,73683,76513,68881,68277,72399,72400,69811,73691,73685,70164,73690,73687,72635,73884,72393,72634,71840,73689,70169,73878,71845,73883,73882,72395,73880,68279,72396,72938,71612,71362,70916,72122,71359,74745,74750,71614,72121,74746,72120
constituer	68	70921,73434,68389,71357,68638,74167,69537,73432,72114,76213,70919,73683,70163,67387,70162,67797,67795,68277,67390,74449,68882,69178,72940,73684,69179,68885,70167,70426,72393,71842,72634,67944,70425,75789,74454,73878,68280,70746,67558,67941,70420,72632,68642,72397,74453,67071,75065,75070,71612,72119,71836,68387,73188,67937,74746,68390,75459,74747,75465
répondre	68	67938,70920,71619,74749,72932,73184,74748,72117,72936,71621,75069,76212,76213,69535,73683,76512,76513,70162,76507,68275,72629,70161,72399,67794,73685,75790,73684,69541,73876,75792,73877,73687,69177,70751,73689,74455,70169,72637,68643,72394,76509,74450,74453,68279,75064,71835,70915,71836,71359,71615,75063,73188,74744,71617
fort	67	70921,67939,67938,71357,68638,73185,72933,73184,74176,72936,72937,73430,72934,76213,69535,67796,69181,73683,70163,69816,69182,76511,75795,72400,69811,73691,73685,76515,69186,69813,69177,74457,68283,69821,75788,67945,70752,67389,74451,76508,70421,70743,72630,70914,75461,76209,76208,75067,74750,75466,71614,71358,72121,75458,74752,73438,71617
organiser	67	70921,74170,68638,73437,74172,74748,70923,71620,72114,74175,76212,73182,67392,70162,72629,74449,67804,72399,68882,70170,76515,69186,73690,70428,68887,69541,69543,76516,67802,67553,68889,74456,73884,72393,67946,70751,67561,73689,75788,67945,71845,67941,73883,67940,73880,72396,71363,67071,75071,72939,72938,72122,75466,72121,75464,74746,68384,71617,72120
euro	67	74749,69534,72114,72935,72934,67557,68274,69181,73683,68275,68277,75795,76510,69815,73875,70164,67801,68273,69541,73686,69812,70166,73878,72633,67799,69818,74450,74451,76508,69538,72118,75461,75065,71360,71837,75066,68383,71361,71359,75466,71616,74746,74169,74747
cea	67	73186,68638,69533,73183,76207,71839,72115,70163,70162,69816,72629,67554,75795,69178,67800,75792,76516,68884,68645,72392,73879,75789,70424,67558,70421,68640,67943,70914,75064,75070,70915,75463,74745,74744,74168,68385
unique	66	70921,68638,71619,73432,69534,72114,73183,67068,70919,73683,69817,75797,76513,70162,72629,68881,67795,69182,69815,69178,75790,75793,69185,73687,68884,67553,71842,72634,67944,73879,74455,75788,68643,67941,67799,70420,69818,69819,70421,67798,72397,74453,68279,72631,72939,75070,70915,76208,70916,72122,67937,71616,74168,73438,74169
connaître	66	67939,73434,75457,74167,74172,71618,72113,72116,72114,73183,73430,75069,76206,73431,73182,70919,72115,67387,76507,67556,68881,72401,70161,67794,69540,68886,73685,73875,67800,67801,68885,69184,73876,70166,70744,74457,73884,73879,74455,70169,75788,73878,68643,69819,70421,72632,72630,72397,72396,71835,70916,68387,67937,74752,68390
durable	66	70920,73185,74172,71621,74175,69181,76513,72398,76511,68882,76514,70164,69812,67803,69185,74456,71842,70745,67561,70169,72637,70752,70420,68279,67071,75463,71366,75458,71617
inrer	66	68389,71357,71618,69537,73432,69534,75069,76213,69817,69816,69182,67385,69815,67794,67555,68882,67800,75790,73690,70428,68885,69812,70749,70746,67558,67799,70420,67388,72632,72630,72396,69538,67071,71360,71837,72121,68384,74169
devenir	66	71357,68638,70922,74167,74173,72113,73432,71621,72114,73430,72934,76213,75068,73182,69535,68274,73683,76513,67556,68883,75795,74449,76510,70161,69183,68882,70429,73685,76514,70166,73687,74456,71840,69820,73688,71841,70746,72633,72394,76509,67389,68642,72630,73881,72631,71835,68383,71359,68387,74744,74750,75466,71614,71358,74746,74168,75459
mesure	65	67939,74170,73434,74171,69533,69537,71620,72114,71838,73430,69817,68275,68881,68883,67554,67390,74449,67794,69811,70165,75791,69813,67553,72635,72392,70426,67946,73688,70424,70420,76508,70422,70914,75064,75460,75067,70916,71361,71359,75063
réseau	65	68638,74167,73185,76211,71838,72934,69535,69181,67386,70162,69180,68881,76510,68276,76514,68273,68887,68885,69812,73876,73877,68884,72635,70753,75789,73878,68280,70746,68642,70423,74452,70422,71363,69538,75461,70916,71615,68393,75063,74750
point	65	70921,67939,71357,72933,74176,73432,69534,72114,75069,76206,76213,74174,70919,75796,67386,70162,67554,68277,76510,70161,69183,67555,68882,67800,75791,68273,68885,75793,69813,74457,72634,70747,70425,75788,69820,73883,74450,70743,73880,74453,74452,71363,72118,70914,71612,68383,71836,75063,74744,75464,68384,74168
mise	65	67939,73434,71357,75457,74167,73185,73432,69536,69534,72114,74175,75069,69181,73683,76512,76507,72629,68881,68277,67385,75795,74449,69183,67800,73684,68887,68885,73876,70166,75793,67383,69177,72393,72634,68643,72394,74450,76508,67798,70743,70422,72631,72118,70914,75065,71612,71836,71615,75063,68386,71358,68384
établissement	65	71357,74749,74172,70923,72113,72936,74175,73430,75068,67068,69181,76513,70162,76507,68881,72398,67795,74449,70161,69183,68276,69178,73876,67383,72392,69177,72393,68888,67944,72637,70743,70422,75071,70915,71362,75063,71358,74746
2012	65	74170,73435,70920,68638,71619,73184,74748,71620,73432,69534,72114,73183,73430,76213,72115,68881,69540,73685,73875,70170,70164,69543,69542,67553,68889,72392,69177,72393,70751,73879,70169,70168,74454,69820,70752,72633,67798,72396,71363,75065,71835,71837,75463,70916,72122,74752
dispositif	64	73186,73435,74171,69537,76210,73430,68274,69181,69817,70162,68881,67554,68277,69814,76510,69540,73876,75792,72635,70744,70753,68646,70425,74454,70420,76508,72395,67798,67940,72397,75064,75070,72119,71836,74750,71616,74746
viser	64	70921,73435,70922,75457,74173,74748,68639,69537,71620,73432,72114,71838,76206,74174,68274,67386,69816,68881,69814,76511,74449,68882,75790,69541,68885,69813,68884,70426,69177,72634,70745,68646,74455,71845,72394,69818,67388,70421,67798,68642,68279,72939,75064,75067,70916,71615,71614,75464,68384,74168,68385
durer	64	74170,74171,73185,72932,72113,69537,72937,73432,69534,74175,73430,72935,72934,73182,68274,72629,68881,68883,70161,67794,73685,67801,73684,69179,68273,75793,70749,69821,73879,70169,75788,72394,76509,74450,73882,67798,72630,74453,73881,71363,72939,71835,76208,68383,71836,71359,68387,67937,75464,75458,74752,74168,75459
analyse	64	74171,70920,74173,73185,71618,69533,72113,73432,76206,76207,70919,73683,67387,68275,67797,68881,67795,68277,67555,68886,73685,68885,75793,76516,73877,70749,72635,68645,68644,74455,75788,72637,71845,70420,67388,74452,76208,75067,73189,68392,74168
partir	64	71357,72932,69533,72113,69537,73183,76206,76213,75068,76207,73431,73182,67068,69535,72115,73683,70162,69816,67554,67795,69814,76511,69815,67794,68886,72940,67801,67383,70749,70425,73878,68280,71841,68643,67558,74450,76508,69819,72630,72397,70423,72396,72939,71612,71360,70917,76208,68383,70916,71614,71366
montrer	63	70921,68388,68389,74749,74173,73184,69533,72113,69534,76206,72934,73431,70919,68274,67387,69816,67554,76511,67390,75794,74449,67794,68882,68886,67800,68887,72635,70744,71843,70753,73689,68281,70746,67558,71845,72632,67942,70423,72631,70914,75065,70915,75463,72122,68387,67937
concerner	63	67939,73187,74167,69533,71621,69536,76213,76207,73431,73182,69535,73683,67387,70162,76507,69816,67556,76511,67385,69815,67555,69178,73875,69186,73684,70428,68273,69813,70749,68889,72393,70745,70169,67388,67942,68279,72396,70914,67071,71835,70915,71360,68383,71361,71615,74751,74745,67937,75464,75458,74169,71617
capable	63	73187,68638,72933,72932,73432,72114,76207,70919,67557,76507,68883,69182,75794,70167,67553,70744,70747,70425,75789,68280,70746,68643,67941,70420,69818,74450,70421,67798,72397,68278,70423,70914,75065,75460,76208,75067,71836,71359,74745,68387,75063,71614,68390,75459
près	63	73186,73435,74749,72932,73184,74172,74748,72113,72935,72934,75068,67796,68274,73683,67556,75795,76510,73691,73875,72940,73684,69179,69812,69813,69542,68645,72392,72393,68646,69821,73879,75788,71841,72394,73883,76508,73882,72632,70743,72630,68641,70914,75065,72119,71360,70916,68387,67937,75466,71358,71616,74746,75458,68384,73438
vie	63	67939,73435,67938,71357,74167,72933,72932,71620,72116,76213,73182,67068,69535,68274,72629,68277,75795,70429,69178,69811,67801,73684,75793,67383,75792,72392,69177,67944,69821,73688,71845,72394,67799,67798,67071,75071,75065,71835,69539,71362,71836,74751,75063,67937,75464,74746,74169,75465
aliment	62	69534,75069,76206,76213,67557,76507,76511,74449,67555,68882,73685,76514,75790,70166,71843,72634,70745,67798,74453,72396,72631,67071,71360,76209,71366
nombre	62	67939,73434,73187,70920,71357,71618,72113,72936,73430,67068,72115,73683,69817,67387,70162,67795,69182,70161,69540,73875,75790,67801,70166,75793,75792,67553,72635,72392,70745,70753,70425,68280,70420,67388,76508,67798,68642,70422,68279,70914,76209,70916,71359,74751,74745,68387,75063,74744,71358,74752,75459
question	62	67939,68638,74749,72932,73184,74748,69533,74175,75069,76206,73182,70163,68275,72401,72398,70161,67794,67555,68882,72940,75793,75792,73877,67553,70749,74457,69821,68643,67389,76508,70421,68642,72630,71363,72938,71835,71837,76209,68383,75463,71359,74751,73188,67937,74752
fait	62	67939,73434,67938,74749,72932,73184,74172,72113,76206,76213,73182,68274,73683,76513,70162,72629,76511,74449,70161,67794,67555,69540,73685,72940,68887,75793,67383,67553,72635,70744,72392,71842,73879,74455,75788,70424,68643,70421,72397,70423,72631,75065,72939,70917,75066,71836,71359,68387,75063,74746,75458,74168,68385
supérieur	62	75457,74173,72932,70923,72113,71620,72936,76210,74175,73183,73430,72935,73182,67068,69181,76513,69180,67795,68277,70161,69540,68273,70748,73876,70167,69185,67944,74455,70168,69820,68280,72637,72633,67940,70743,72397,71363,70914,67071,72938,70915,71362,70917,71837,75066,68383,71361,71358,74168
besoin	62	73434,68638,71619,74749,75457,74167,73436,72113,72117,69537,73432,71621,72114,73430,75069,72935,76213,69535,72115,67557,69816,67554,72398,76511,70161,68276,67794,70164,69812,73876,67383,73877,67553,72635,69177,68281,67799,70420,74450,72395,70422,75064,69539,76209,71836,74751,74745,74744,75458,71617
sol	61	68388,67939,73434,69537,76213,67797,69182,76510,73684,69812,68645,69177,71840,75788,75789,68643,73880,68279,69538,67071,71837,75066,71836,75458,71617
satellite	61	67939,73434,69537,71839,70163,68275,69811,70170,69179,69813,69177,68644,75789,67942,73880,71836
étape	61	73434,67938,70920,70922,74167,73436,72933,74176,76210,75069,72115,76512,67556,72629,67554,76511,67385,75794,70165,75793,75792,70167,67802,70744,72392,70745,71840,74455,75788,68643,71845,67388,76508,67798,72630,68279,72118,70914,75065,75070,72119,67937,74168,74169,71617
nucléaire	61	71619,72113,72937,76207,72629,69178,75792,72392,73883,72397,67943,70915,71837,68383,74168
traitement	61	68388,73435,73434,73187,74173,72117,73433,73432,72935,73431,67796,76512,68883,67554,69814,73691,73685,73684,73686,69813,72392,69177,68646,73879,70424,72637,67799,69819,72630,74453,74452,75065,71360,76208,75067,71616,75458
prix	61	73435,73185,72933,72932,73190,67068,72115,68274,75797,68881,68882,75790,68273,76516,70751,72634,70168,72633,76509,74450,72630,68641,71835,71612,75066,76208,67937,74746,73438,74169
quand	61	67939,67938,73432,72114,76207,73431,73182,70919,72115,68274,70163,76507,69816,72629,67795,76511,74449,70161,67555,73685,75790,73684,73876,70166,75792,73877,69813,68884,67553,72393,71842,71840,72394,70421,70422,71835,70915,71359,74745,67937,74750,71614,75458,74168
patient	61	73435,73187,74171,74173,72117,70918,72935,70919,76507,67556,68881,67801,73686,75793,68646,74454,71841,67941,76508,74453,74452,75065,76208,75067,68387,75459
désormais	61	70920,74749,72932,74172,70923,76211,73432,71621,72116,73430,76206,72934,76207,71839,69535,72115,67795,69183,69540,69178,73685,73684,68273,70166,67802,73877,69813,67553,70749,71843,69177,73879,72633,72394,70421,67798,70422,73881,72631,70914,75461,75064,71835,69539,75462,71836,74751,74745,75063,68392,71358,75458
enfant	61	72932,73431,68881,72401,67555,70428,70749,68645,70745,71841,76509,74453,72396,75063,75458
unité	61	68388,74170,73184,71618,73432,75069,73431,67068,73683,69180,67556,68883,68882,76515,68885,69812,69184,75793,67802,73877,73687,70426,72393,71842,70745,70425,70746,72633,72394,67941,70420,67389,67388,70743,72630,68278,72631,71612,71837,71836,70916,68387,75063,75458,68384,74169,68385,75459
pme	61	73435,74749,74167,74172,74748,72114,73430,76512,70162,76511,75795,73691,68273,69541,70166,73687,67553,71842,72634,71840,74455,75789,67945,67388,76508,72395,72396,70914,71612,75066,75063,71614
climatique	61	67939,73434,68389,71618,69533,71621,73183,76213,69535,69817,67387,69816,69182,69814,67794,68882,73684,67803,73877,69813,68645,71842,70745,73688,71363,67071,72939,71837,75463,70916,75458
côté	60	67938,74749,75457,73185,72932,74172,68639,71838,73183,73430,75069,76213,72115,68274,73683,70162,68881,68276,67794,67555,73685,73684,69179,70748,69812,75793,72635,68645,72634,73879,74455,75789,67945,72637,67799,69818,67388,76508,67940,68640,72630,74453,72396,75461,75070,70915,71362,75462,76209,70916,71359,74746,68391
trouver	60	68388,73434,72933,72932,73437,76210,71621,69534,67068,69535,72115,73683,76507,68882,72940,73684,68273,67383,75792,73687,70749,70744,73884,70745,68646,75788,75789,72394,70420,74450,67389,70421,67798,72630,72631,72118,75461,75065,70915,76208,71359,74745,71614,71358,74746,75458
spatial	60	67939,73434,72113,69537,71839,70163,68275,69811,70170,69179,69812,69177,73884,70424,70746,69819,73880,70914,75066,71836,73189,68392,71358
possible	60	70921,68388,73435,73434,71357,74167,73184,73432,71838,72934,67068,69535,72115,73683,67386,70162,67554,67795,69182,67385,76510,69183,67794,68882,69540,69178,69811,67801,73876,67383,67553,70744,70746,67558,67798,70743,72397,68279,70914,75071,75065,72939,75070,76208,75067,71836,70916,74168,75459,71617
représenter	59	74749,72933,74172,72114,73182,69535,67557,73683,67387,76513,67556,67795,75795,67391,75794,69815,68882,69178,73875,72940,70166,75792,67802,69813,68645,72392,69177,70745,75788,73878,69820,68280,70424,70420,70421,74452,72396,72631,72938,75070,71360,76208,75067,73188,74746,74169,74747,75465
site	59	70921,75457,76210,71838,75068,67386,70162,67797,67795,74449,69178,67800,68885,69184,75792,67802,69813,68884,69542,72392,74457,71842,69821,75788,67941,70420,74450,69819,70743,68279,70914,75064,76208,75463,71358,68384
dijon	59	73184,72116,69534,76206,69817,76511,74449,67555,73685,75790,70428,69812,75793,73877,70749,71842,72634,68643,72394,70420,67798,68279,72396,72631,75462,76209,68387,74169
haute	59	73435,68638,72933,72932,73184,76210,70918,71838,72934,73431,71839,67796,75796,68275,68277,75794,69178,69811,67553,72635,72392,70426,69177,68644,69820,73688,70424,71841,74451,70743,68642,74452,70914,72939,71362,75066,75067,71836,67937,68391
spécifique	58	74171,71619,74749,73432,72116,75069,76213,73431,70162,69816,67556,67554,72398,76511,67390,69183,72399,67555,68882,69186,68885,73876,75792,67802,69813,67553,70425,75788,70424,67558,70420,74450,67388,76508,67798,72630,72631,75065,75064,76209,76208,71359,74751,68387,74168,68385,75459
vers	57	68389,68638,74749,75457,72932,73184,69533,72117,72937,76210,71621,74175,73430,75069,72935,76213,73182,72115,67557,73683,76507,75794,76510,69540,75791,68884,69542,72635,72392,74457,70753,72633,74450,67798,70422,68279,69538,70914,67071,75070,71837,75067,75463,71358,74752,74169
5	57	74749,74167,73185,69533,74176,73430,76212,69817,70163,76512,68275,75795,69815,69811,73691,69186,73684,68273,69541,69543,73876,69185,73687,67553,68889,69177,74456,72634,71840,70169,75789,74451,73882,72630,70423,75071,75462,70916,71359,74751,74745,68393,74746,75458,75465
conférence	57	75457,72932,74176,72937,74175,76512,67392,68881,72398,67804,73685,70170,76515,70164,69543,76516,68889,69177,74456,73884,72393,70169,69820,70752,73883,76509,67940,73880,72631,70914,67071,71835,71837,72122,68387,74752,73438,75465,72120
objet	57	73186,73435,74173,73436,72117,72936,74175,75068,67068,70919,72115,67796,68274,73683,70163,68881,67391,67804,67555,68882,70429,70165,75791,75792,73877,70744,71843,72392,72634,73879,75788,72637,74450,67388,70421,67942,68279,75071,75065,70917,68383,71836,67937,68390,68391
changement	57	67939,67938,68389,69533,71621,72116,73183,73430,76213,70919,69535,69817,67387,69816,69182,70161,67794,68882,67803,75793,73877,68645,72393,70745,72637,72395,67942,71363,67071,69539,71837,75463,70916
utilisation	56	67939,73434,73436,69533,76210,72116,75069,73431,74174,70919,69535,72115,67386,68881,69182,69814,67385,67390,75794,69183,70170,68273,75792,76516,73877,67553,72635,69177,68646,75788,69820,70746,67558,74450,74451,76508,70914,75067,71836,70916,68392,75464,71616,75458,68390
responsable	56	67939,72933,73437,70923,71620,74176,75069,73431,68274,73683,69817,76512,76513,70162,67556,72629,72401,76511,67391,67800,67801,69179,68885,73876,73877,69813,67553,74456,72393,67946,71840,69821,75788,75789,72637,72394,76508,68279,72396,72631,75064,69539,76209,71836,71359,75063,74744
quel	56	70921,74749,72932,74748,76210,74175,73183,75069,76206,76213,73182,69816,68881,67554,72401,67795,67390,70161,67794,68882,69540,75790,72940,73684,69813,68645,72392,68283,70745,70425,68643,74450,67388,70422,75064,71835,70915,69539,76209,75463,67937,71358,71366,74168
toujours	56	67939,68389,68638,74167,73185,72932,73432,73183,76206,76213,73182,67068,73683,67386,75797,76507,72629,67554,70161,68276,70429,69812,70166,67383,73877,67553,74457,72393,73879,74455,68643,74450,76508,70423,70422,72396,72939,71835,71612,75066,74745,73189,74744,71614,74746
régional	56	70921,67939,73434,74749,72933,74172,74748,74176,73430,69535,69817,68277,69182,67391,67804,72400,68885,73687,68884,67553,70749,71842,70745,67561,73879,74455,75789,71841,70420,67388,76508,72395,67798,70743,72630,70422,72396,72938,75066,70916,68393,68385,71617
évidemment	55	68389,71357,68638,74749,75457,72932,73437,69533,73431,73182,69535,68274,67386,70162,70161,67794,68882,73685,76515,73684,68887,67383,67553,75788,75789,70420,67388,72630,72397,72396,71363,72939,71612,71836,71359,73189,75063,74744,71614,75458,74168,74169
instrument	55	67939,74171,67068,70919,69181,70163,69811,69177,74455,73688,70424,74451,70914,72119,71836,70916
création	55	73434,68638,72933,72936,72114,73430,72934,67068,73683,76512,70162,69180,67795,72400,68882,73875,70748,73876,75792,67802,73687,67553,70426,69177,72393,68888,73879,73878,72637,70420,74450,67798,72630,68279,71362,70917,67937,75466,71614,75464,74752
apporter	55	67939,71357,73185,73184,69533,72937,73432,72116,75069,73182,73683,75796,76507,67556,72401,69182,76511,70429,67801,68273,70166,75793,73884,74455,75788,68280,73688,68643,67389,74451,73882,70422,71612,76209,76208,68383,71359,67937,74744,71614,71358,75458,74752,68391
reste	55	70921,73187,74167,73185,73436,73433,76210,72114,76213,73182,67068,72115,67557,73683,70163,72629,67554,67795,69182,75794,67555,68273,68887,69184,70167,69813,67553,72634,72636,70425,75789,68643,74450,67389,67388,76508,71835,71612,76209,68383,71614,74168,68391,74747
art	55	74749,75457,70923,72115,70161,68276,70165,75791,73876,72393,75788,73882,72630,70422,71835,71361,68393,74752
participer	54	68388,68638,74167,73185,73184,73190,71620,73432,69536,73430,76207,73431,67556,72398,67385,76510,70161,73685,69543,68885,73686,69812,67383,73687,69542,67553,70749,72634,67944,73689,67799,67798,67940,72630,67942,73880,74453,70422,70914,75065,68383,70916,72122,74751,68387,68386,75466,71614,75458,73438
événement	54	74170,73190,74748,74176,72937,72116,74175,76212,68274,73683,75796,75797,70162,72629,75795,74449,72400,76514,76515,70164,69541,70166,69177,74456,73884,72393,67946,70751,69820,67945,70752,76509,73882,73880,73881,72939,72938,70916,67937,73438,72120
innovant	54	70921,74167,73437,73184,74748,74176,72936,69536,72114,70918,67068,69535,69817,75797,76513,72400,73691,76514,70164,73876,67553,69177,73884,71842,70751,69821,70169,74454,73878,70420,74452,68279,68641,75461,69539,68383,71359,75466,71614,71366,71616,74746,75465
agriculture	54	71357,76213,69182,67804,67794,68882,68273,69812,72393,71842,70745,69821,73879,70420,74450,68279,69538,71837,71836
défi	54	74176,71621,72114,76213,73182,70919,75796,76507,67554,72398,67795,69814,76511,67804,67794,68882,73684,69541,75793,75792,70744,72392,69177,74456,72393,71842,72634,68280,68640,74453,70914,67071,71359,75466,74746,75458,74168
environ	54	68388,73435,74173,73436,73184,72117,73433,73432,69536,73430,72934,72115,67554,75794,74449,67794,67555,68882,68886,69186,67801,73684,69813,72635,70744,69177,68646,70425,68281,73878,70424,67799,69818,72395,72397,74453,70422,68279,75065,72939,71612,71362,76208,71359,68387,73188
souligner	54	67939,71357,73185,72933,74172,72113,73433,71621,73430,76213,73182,69817,70162,69816,72629,72398,76511,73685,73875,75790,73684,69812,67383,75792,69813,70749,69177,74451,70421,68279,70914,75461,75065,71835,70915,75066,76208,68383,74745,67937,74744,74746,75458,74169
rôle	53	70921,68388,73434,73185,72932,73184,72116,76206,68274,69181,73683,67556,68881,76511,70161,69815,68882,69540,68886,73691,73685,67800,69184,67803,70749,67946,72634,73878,72631,70914,75070,72119,76209,68387,67937,74744,74746,75459
comment	53	70921,67939,67938,68638,70922,72932,72113,74176,69534,74175,73183,70163,70161,67555,75790,72940,73876,67803,75793,73877,68884,72392,74457,70745,70420,67389,70421,72631,69538,71835,69539,76209,74751,67937,74744,74752,74168,75465
parallèlement	53	68388,73186,68638,73437,74748,69533,69537,69536,69534,72114,76206,72935,73182,68274,69181,70162,72629,72398,67795,76510,70161,67555,68882,73691,67801,69541,68885,75793,73687,67553,70425,73879,75788,74454,68643,72394,67389,76508,69819,67940,72630,73880,70422,69539,68387,71614,74746,68384,74168
expérience	53	68388,68638,74167,73185,72932,72113,72937,73432,76206,70919,73683,72629,72399,69540,69178,73875,72940,73684,73690,70748,73876,75792,69813,70749,72392,75789,68643,71845,72394,67389,76508,72397,70914,68383,75063,71614,74746
là	53	73434,67938,75457,74167,73436,72932,73184,72113,68639,73430,76213,73182,68274,76507,72629,67795,70161,67555,69178,69811,73875,75790,69812,69185,69813,69177,71842,72634,73879,74454,70424,68643,70421,67798,67940,70743,70422,68279,75065,71360,68387,75063,71614,71358,75458,74752,74168,71617
2011	53	68638,74749,73432,73431,73182,67392,67556,68881,68883,76510,69815,67804,68276,68882,69811,72940,73684,69541,70166,69177,68283,72393,67946,67561,73879,70169,70424,67945,67941,74450,68640,73880,68279,72938,75460,70915,71836,70916,68387,67937,71358,68390
ensuite	53	67939,70920,71357,73185,72932,73432,69534,72934,76213,73182,72115,73683,67554,69182,76511,67385,74449,69183,68882,69540,69811,67802,73877,69813,68884,68645,68643,67558,72394,74450,76508,72630,72397,70422,75065,71835,68383,71359,68387,72121,75458,68391
méthode	53	74173,70923,68639,69537,73432,71838,75068,76207,73431,73683,69817,67392,68275,69814,74449,69183,73685,67800,68885,73876,69813,68643,76509,69819,72395,72630,72397,72118,70914,75460,71359,74751,74744,74750
homme	53	71357,74749,73185,72937,72116,73430,76213,73182,72115,76511,74449,67794,70429,73685,72940,75791,73684,71843,68283,71842,70745,72636,73879,74454,67941,76508,69819,72631,72939,71835,75460,71837,68387,67937,75458,74752
société	53	71357,72113,72117,71620,76211,70918,74175,73183,76213,76207,73431,73182,69535,69816,72629,68276,73875,72940,70164,68273,70748,69543,75793,75792,74457,70745,74454,68279,70914,75461,72939,71835,75066,76208,75067,70916,71366,75458,75465
manière	52	74171,70920,74167,73185,72932,73184,71618,69533,69537,73430,75069,76206,76213,72115,69817,67387,70162,67795,67390,75794,67794,68882,69178,67800,75790,68885,73876,69813,67553,71843,72393,70745,70753,70747,68646,68280,70421,67798,67942,75067,71359,71366,71617
condition	52	68388,67939,73435,68389,73185,72933,73432,69534,72934,76213,69817,72629,69182,67385,70161,69183,67794,73684,68887,70748,76516,73877,73687,69821,75789,68643,72394,70420,76508,70421,70743,72631,72939,75067,70916,74744,74168,68385,71617
moyen	52	70920,71357,68638,74167,73185,70923,68639,72934,75068,73431,70163,70162,68883,69540,68273,69541,69812,75793,69185,69177,74456,74457,69821,68281,74455,68643,70420,72395,72630,70914,75461,71835,70916,74745,68387,74744,71614,71366,75458
fruit	52	67939,73434,74167,72117,73430,75069,76213,69535,69817,70162,68881,67391,67555,68882,69178,73685,68273,68884,72393,68888,69821,67941,70421,70422,67943,70914,72939,75462,68383,71359,68387,68393,75063,71614,71358,75458,74752,75459
journée	52	70921,72932,73437,73190,74748,74174,67392,75797,76511,76514,76515,70164,69186,73690,69541,67803,76516,70749,72393,68888,70751,70168,69820,70752,72938,75462,75063,72121
problème	52	73434,75457,74167,72113,76210,71621,73182,68274,73683,67386,72629,68881,68883,70161,68276,67801,68885,73876,67383,68645,69177,74457,72634,70425,68643,72394,76509,70421,70423,71835,69539,68383,74744,75458,74168,75465
véritable	52	67939,73186,73187,75457,74167,73185,73436,74172,70923,72113,73433,76211,71621,75068,73182,75797,76507,68275,72401,67795,70161,72400,70170,68885,73876,67383,69813,67553,72635,71842,70745,72636,72633,72394,67941,70421,72630,74453,67071,75065,71835,75066,68387,74169,74747
6	52	67939,74170,73185,73190,74176,72114,73183,76212,67557,73683,70162,68881,67555,70164,68273,73687,70749,68889,70426,69177,68888,70745,72636,73879,70169,75788,75789,67558,70420,73882,67940,70743,72630,70423,72938,70917,71836,70916,71359,68386,74746,74168,75465,72120
poursuivre	51	74170,73434,75457,73436,72932,70918,73430,76206,67068,72629,76511,76510,73685,73875,70166,67383,70749,72635,72634,71840,70425,74454,72394,67388,72395,67798,72630,73880,72396,70914,75065,70915,71362,71360,70917,68383,70916,74745,68392,74746,74752
10	51	70921,73434,68638,71619,74173,72933,72117,72937,70918,76212,72934,73182,72115,73683,70163,76512,75797,68881,69814,75795,67390,67555,68882,69811,73684,69179,68273,69541,68885,69185,72635,70751,70747,68281,73688,72633,76508,70743,75065,71360,68383,71359,68392,75464,75458
heure	51	74170,73187,72932,73184,74176,73430,76212,72115,68881,67385,74449,76510,69811,67801,69541,75792,73877,69177,70425,73689,75789,67558,72394,74450,67388,76508,67940,68640,67942,72397,70423,71835,75460,70916,74745,71614
effectuer	51	73434,74749,75457,73185,71618,69533,69537,69534,73183,76206,75068,73683,69817,70162,68275,72629,68881,68883,67554,67800,70165,68887,68885,68888,70424,72394,70420,67389,70421,68640,70422,72939,71837,76208,71836,68390,74168
façon	50	67939,73435,73434,73187,71357,74173,72932,74172,74748,71618,76210,72114,67068,69181,67392,67797,72629,68881,67554,72401,74449,69815,69183,68882,70429,73685,75790,70164,73684,68887,73876,71843,69177,70425,73879,68643,73882,70421,72397,74453,75064,71835,70916,74751,68387,75063,71617
risque	50	73435,71618,72113,73432,70918,73183,73430,75069,72935,73431,69181,68883,74449,68276,70429,70165,76514,67801,73684,69813,68645,68283,74455,72395,74453,72631,70914,67071,71612,70915,70916,75459
toulous	50	73434,73185,74748,72935,76512,67386,69180,69814,73691,70170,69542,72635,69177,73884,69819,72630,70914,71612,71362,71615,72121,73438
capacité	50	68638,74167,74173,73436,72932,73184,71618,69533,72113,73432,76213,75068,69535,72115,67796,67386,74449,70161,68273,69812,75793,72635,69177,70753,73879,75789,74454,70424,67388,74451,76508,70743,72397,70423,70914,71836,70916,71359,74745,68392,75458,75459
je	50	72932,73184,72114,73430,76206,76213,73182,67068,72115,68274,73683,72629,67795,74449,70161,68276,75790,73876,67383,70749,69177,71842,72636,69821,74455,72394,72631,70914,71835,71612,68387,75459
évolution	50	67938,71357,71618,70923,69533,72113,69537,73183,76213,73182,76512,70162,69816,68881,67795,70161,67794,68882,73690,67553,68889,68645,74457,70745,70424,76508,73880,69538,71835,70916,74752
information	50	74167,69537,69536,69534,76206,73431,67068,67386,70162,69816,68275,67554,74449,68276,72400,69540,75790,72940,75791,68887,70166,68283,67561,75788,70168,67945,72637,68642,73880,70423,74452,75071,71359,74744,71614,74746,68391,74747
durée	50	67939,74170,73187,74749,74167,73185,73437,69536,69534,73183,75069,76213,67557,70162,76511,67555,69811,70164,73684,68645,71843,70426,69177,72634,73689,69821,75789,72637,74451,70421,68642,72118,70914,75065,75064,69539,71362,71836,70916,74751,75464,74168
particulièrement	50	67938,68389,72932,71621,75069,67068,72115,68274,70162,69816,76511,75795,68276,73875,75790,68273,69812,69185,67553,71842,70745,69821,74455,75789,70420,74450,74453,72396,70914,75065,72938,71612,68383,71836,75063,67937,74744,75466,75464,74746
démarche	50	73435,71357,75457,73185,74172,69533,76211,73430,76207,73182,68274,68275,67795,76511,70161,73876,67383,73877,69813,67553,72392,72634,74455,68643,71845,76508,70421,72395,68279,72396,68641,72118,75461,70915,76209,76208,68383,71359,74745,74746,75459
direct	50	68388,68389,70922,74167,74173,73436,74748,71618,76210,69816,72401,67391,67390,75794,69183,69540,68886,67800,67801,68887,69184,70167,67802,72635,68645,71843,67946,68644,70753,70747,68646,68280,73688,70746,67558,67389,69819,72630,72397,75070,69539,72119,75463,73189,73188,74750,68390,68391
image	50	71357,72932,69537,73431,67068,67796,69816,72629,67554,69182,69540,69811,69177,73879,70424,67945,70420,74450,76508,69819,68641,71612,71836,73189,75063,75458,74752,68391
découvrir	50	73434,75457,73185,73190,74176,72116,76206,76213,67068,72115,68274,73683,75797,67556,70161,68276,72399,75790,68885,69184,68283,73884,69821,75788,67389,74452,72631,72939,71612,76209,76208,67937,71614,75464,74752,68390,74168,75459
nécessiter	49	74167,73185,73436,72932,73432,69534,72934,69535,67386,67795,68277,74449,70161,69183,72399,67794,69540,68886,67801,68273,73877,68884,72635,72392,69177,72634,73879,75789,72633,67558,74451,70743,74452,68279,75065,72119,71836,74744,71358,75458
tenir	49	72933,74748,72116,69534,73183,73430,73431,69535,70162,72629,75795,74449,67804,72400,67555,69540,73875,70165,72940,70170,73684,69541,67803,69542,70749,74456,73884,72393,72634,70169,70168,69820,74450,73882,70421,67942,73881,72939,71612,70916,72122,71358,74746,75458,73438,75465,72120
intérêt	49	74171,72932,73184,71618,72117,71621,72116,69536,76206,73683,76511,69183,67555,68882,67801,73684,68885,69812,68884,67553,72392,74457,70745,74455,71845,70420,70421,72630,72397,68279,75065,71360,76208,68387,75063,68386,75458,68391,75459
start-up	49	76211,75068,76207,67068,72629,68881,75795,73691,67802,71842,73878,68643,67799,74450,74451,74452,75461,75066,76208,71359,71616,75465
académie	49	73434,72932,72113,76213,73182,72401,70429,73687,72630,67937
procédé	49	70920,73436,76210,72114,75069,76207,73683,68881,67554,69814,67385,72399,68882,70166,75792,72635,70426,72393,67561,73878,71845,72394,69819,72630,75065,71362
futur	49	70921,73186,71357,68638,74167,74748,69533,72936,73183,76212,76213,75068,76513,67797,69182,70161,67804,68882,69178,70170,69543,75792,72392,69177,73884,70751,70745,69821,67945,72394,70421,72119,71837,75066,71359,72121,74752,71617
professeur	49	73434,72932,73437,70918,73431,73182,68881,68277,76511,70161,68276,75791,76515,73876,70426,68646,67944,73879,68281,75788,74454,68280,67945,72394,76508,67798,72631,72938,71835,69539,71360,75462,71361,68387,67937,75458,75459
associer	49	73434,74167,72932,71618,73431,70163,68275,72629,68277,74449,67555,68887,69184,73876,67803,75793,73877,70744,71842,68644,71840,73879,74454,68280,70420,76509,74450,67940,72630,70423,74452,69538,75064,75460,71360,76209,76208,71836,71359,75063,75458,68390
rd	49	74749,74167,74172,72113,74176,71621,72114,76212,73182,76513,72398,73875,73876,70166,73877,69813,72392,71842,67946,72634,71840,70425,74455,72394,74450,72118,75065,68383,71615,75063,72121,74752,68384,74168
scénario	49	71357,69533,69535,70162,67554,69182,67794,75463,70916
tant	48	67938,74167,72932,72113,73430,76206,67068,69535,72115,73683,68275,67797,67795,70161,72399,67794,73685,70165,70170,68273,75793,67802,69185,68283,72393,72634,72636,74455,69820,70746,72394,74450,67388,70421,73880,70422,68279,72396,75064,71366,74168,75459
réussir	48	73434,73185,72933,72932,68639,73432,71621,75069,69535,73683,76507,72398,76511,75794,67794,68882,69178,73684,69179,70166,70167,69177,68283,71842,72634,74450,67389,69819,72397,73880,72396,75065,71612,70915,72119,68383,71836,71359,74745,67937,74168
seulement	48	67939,73434,74171,71357,74167,73436,72113,76211,76210,72116,75069,76213,67557,76512,68275,70161,72399,69178,73684,68273,69541,70748,68885,73876,69813,68884,67553,71840,69821,69818,67389,67388,74451,70421,67798,70423,73881,70914,67071,74745,68384,74168,74169,71617
vin	48	76206,76512,73684,76516,73877,68387,74169
naturel	48	67938,68389,73184,69533,71621,69535,69181,68881,76511,67390,67794,68882,75792,76516,71843,68283,75788,75789,67558,71845,72394,67799,70420,72630,67942,67943,70914,67071,70917,76209,71836,75463,67937,68390,68385
test	48	73186,70923,69534,76207,70163,67386,75797,67554,76511,69815,73685,67801,73684,69179,73686,70744,72634,70425,68643,76508,67940,75064,68387,74168,74169
bon	48	73187,71357,73185,72932,73432,72114,73183,75069,76207,73182,73683,70163,67386,76513,72629,68881,67385,70161,68882,69811,67800,75790,73684,75792,70749,69177,72634,67558,69819,70421,67798,70422,70914,75461,75070,71835,70915,71359,67937,74750,71616
protéine	48	68388,74173,73184,72116,75069,76213,72115,67556,67801,73878,72394,70420,72630,72631,69539,71837,68390,75459
ici	48	70921,70920,71357,68638,72933,70923,69533,76211,72114,73430,75069,67068,69181,69817,67387,69816,68881,67795,69182,75795,67794,69178,73684,70748,68885,72392,71842,70745,75789,72394,74451,70422,68279,69539,71362,68383,75463,75063,71614
approche	48	73187,75457,69533,72116,74175,73183,68275,72629,67554,76511,67390,70161,67800,75790,73684,73686,69812,73876,67802,73877,69813,69177,67944,73881,72118,70914,75460,75462,71359,74744,71617,75465
thématique	48	74172,74748,72937,72116,76212,76213,73431,72398,67795,70161,72400,76514,69543,75793,72393,67946,70751,70745,69820,68642,70422,68279,72631,67071,72938,75064,71359,71615,72120
installer	47	73186,73185,72932,72114,73430,76207,69535,68274,76513,67797,68881,68883,67795,68277,73875,73684,73876,73687,68884,69821,73879,75789,68643,67799,70421,67798,72630,68278,70422,72396,75461,75064,75066,70916,68387,71614,71358,74746,75458,74168,68385
social	47	70920,71357,74167,73185,73190,74748,69533,71620,73432,74175,76213,73431,69535,67557,73683,72398,70161,68276,68882,70748,75793,69813,68283,72393,72637,73882,67798,75461,72939,76208,70916,75063,68386,74746
parmi	47	68388,69537,76211,73432,73182,69181,75797,67556,67554,72398,67795,74449,67800,67801,73684,69179,68885,67383,73877,70744,72392,72393,70745,70425,73879,75788,70420,70422,72939,75064,71612,71837,76209,75066,76208,68383,71615,67937,74744,74746,75458,74752
simulation	47	71618,69533,75796,70162,69182,69814,69540,72392,69820,67945,70421,68279,70914,72939,75064,75463,70916,74745,74744
regrouper	47	70921,67939,73434,73187,74171,67938,68638,73184,72113,68639,72934,75068,69181,69817,75796,68275,68276,68885,73877,73687,67553,71842,72634,67388,68642,68279,70914,67071,75065,71837,71361,71359,71615,74746,74168,68385,74747
décider	47	75457,72933,73433,76211,69534,72114,76207,72115,68274,76512,70162,76507,72629,68883,72398,70161,67794,73685,73684,70166,69813,72392,69177,74455,75788,72394,76509,74450,76508,70422,68279,71612,68383,71615,67937,71614,74746
résumer	46	70921,74749,75457,74167,72933,74172,69533,75069,76206,73431,72115,69817,68881,76511,73875,73684,69179,70166,70749,74457,74455,75788,74454,68643,70420,72631,70914,75065,75064,71612,76209,75066,68383,74745,67937,71358,75458,74752,74168,74169
population	46	73435,67938,74749,71618,73183,75069,76213,70162,67556,67385,74449,69815,67794,73684,75793,69813,68645,68646,69821,74453,70422,72396,69538,67071,75064,75460,70917,70916,74746,75458,75465
connaissance	46	73185,76211,73432,69536,69534,76206,76213,69816,68275,72629,68881,72398,67795,67794,68886,70429,75790,72940,70170,69541,70748,67383,75792,69813,69821,68281,70424,67945,71845,72395,72632,72630,73881,75460,71359,74751,75063,67937,71614
professionnel	46	74749,75457,73430,76212,75068,73182,69535,68274,75797,76513,72629,69815,67794,70165,76514,68885,67803,67383,73877,68889,73884,71842,70753,67944,73689,70169,67940,68641,72122,75063,68392,71614,74746,74169,72120
baser	46	73435,73187,74171,75457,73184,73433,72935,75068,76207,73431,69535,67796,67387,69180,68881,69815,72940,68273,68885,73686,70744,71840,73879,67945,70420,74451,76508,74453,72118,71360,71836,68386,71614,71358,74746,75458
base	46	67939,74749,73185,73436,76210,72114,75069,76207,72115,67557,67387,67554,69814,67390,69811,70164,69812,67802,72635,72392,68644,72634,73879,75788,75789,68280,68640,72630,70423,68279,72631,68383
souvent	46	74167,73185,72932,72113,70918,75069,73182,69181,67386,72401,67390,70161,67794,69186,68887,68885,73876,67383,75792,67553,74457,68283,72634,69821,74455,68643,67558,76508,74453,70422,72396,71363,75461,71835,75462,71837,74750,71614
horizon	46	71357,71619,74749,73437,70923,69533,76211,72936,72114,73430,69535,76513,72398,70161,73685,69541,70748,69185,70426,68888,72636,67944,68281,75789,73878,72637,67941,67942,72396,69538,67071,71362,76209,75463,71615,74751,68393,68392,74746,74169,71617
espace	46	73434,71357,72933,72932,74748,71618,70923,71621,75068,69535,68277,68882,73876,73687,72635,69177,73884,68644,70751,67389,72939,75064,71836,71615,68392,68386,71614,71358
meilleur	46	70920,71357,68638,73185,76211,69535,72115,67557,70163,75796,69816,72629,67795,76511,67385,74449,69811,73684,70748,73876,70167,72636,67944,73879,68281,75789,70168,69820,73883,69819,73882,71837,76209,76208,68383,71361,73189,67937,68391,71617
phase	46	72117,72935,72934,75068,68881,76511,67385,67555,70164,69179,75793,75792,69813,69177,72393,75788,75789,74454,73878,67388,74451,67798,68642,75461,75065,71360,70916,71616,74168
physique	46	74170,73186,68638,69536,72934,67068,69180,68883,67390,75794,69540,69178,72940,75791,70167,68645,68280,73688,70424,72637,70421,67798,70422,67943,70914,75070,74745,73188,74168
bourgogne	46	74749,73184,74172,72116,76206,69817,67795,73685,73877,67553,70749,71842,72634,70745,73879,74455,72394,70420,68279,72396,71359,68387,74169
taille	46	74749,74167,73185,76210,72114,72934,70919,68274,67387,76507,67554,67390,74449,76510,67801,69179,69541,72635,70747,70425,72633,70420,72395,70423,67071,75070,71835,71358,74168,74169,75465
via	45	68388,67939,73434,68389,74167,74172,70923,72116,76207,73431,68274,70162,67554,76511,70161,67555,75791,69179,75793,67553,71842,70745,73878,73688,70420,76509,69819,68279,72396,71362,76208,68383,68387,71358,75459
fonction	45	71357,72932,73184,72116,76212,76213,70919,67387,70162,67556,67795,68277,67390,70161,69183,67794,68882,75790,69812,69184,71843,73879,67389,70421,72631,69539,70916,71359,74751,68392
ajouter	45	70921,67939,67938,71357,73436,72933,72932,72935,67068,69535,76512,67386,76507,72629,68881,76511,68276,67555,75791,73684,68273,69184,73876,70166,69177,69821,70424,67558,70421,72396,70914,75071,71835,70917,68383,75063,67937,71358,75458,74752
20	45	67939,73190,70923,72113,69535,67557,68274,76512,67556,75795,67391,68276,73875,70165,76515,70164,73684,69542,68645,67561,68281,75789,74454,73878,67558,67941,70743,70423,72396,71363,70914,75071,76208,68383,70916,71615,68387,75063,74752
complexe	45	73187,72932,69533,68639,72937,76210,76213,73182,73683,75796,67386,67556,75794,70161,75790,75792,67802,73877,70426,74457,68283,75788,75789,73878,71845,67389,74451,74452,70914,67071,75064,71835,76209,75067,71836,74751,68393,74744,75458,68391
2014	45	74749,75457,72933,72932,73190,74748,74176,76211,72936,73432,74175,76212,75068,75796,75797,75795,76514,76515,76516,69813,74456,72634,75788,67941,74450,75071,71612,75466,71614,75464,73438,74169,75465
octobre	45	70921,68388,67939,68389,71357,74173,69537,70918,75069,76212,75068,75795,67804,73691,73690,69179,70428,67803,70749,69177,70751,67944,73689,74454,67945,72394,73883,74450,73882,68640,72396,71612,68387,67937,68386,68385
assurer	45	73186,73185,72113,71621,75068,73683,70163,70162,76507,68881,67390,69811,73875,69179,68885,69184,75792,73877,69542,67553,72392,70425,75789,70746,68643,72394,69818,70743,68642,69538,70914,76209,76208,75067,71836,74169,75459
conception	45	71839,67796,70163,76512,67554,76511,68276,69178,73875,70165,76514,69541,68885,67383,72393,70747,75789,69820,71845,73882,68640,68279,69538,70914,75064,75070,71835,69539,72119,71362,71361,74751,71614,75464,74168,71617
septembre	45	74170,70922,75457,74172,68274,73683,67392,67386,76513,68883,67795,76514,76515,76516,73687,73884,67561,73879,70752,73880,73881,71362,70917,70916,71615,74745,67937,71358,73438,71617
élève	45	75457,73185,73437,70923,73430,68881,72398,70161,68276,69541,73876,69185,68888,73689,68281,74450,70421,70422,75071,74751,68393,71614,71358,75458
partie	45	68388,67939,73185,73184,71618,73432,69534,76206,72934,69817,70162,68881,68882,73685,69184,67802,73877,67553,70745,70425,73879,68281,70424,70420,76508,70421,67798,72630,68279,72631,71835,71612,69539,76209,75463,74745,68392,71614,71358
échelle	45	67939,71619,73185,73436,69533,69534,76207,69535,67557,73683,72629,67554,68886,69812,67803,75792,69813,72392,70426,72634,70745,70424,70421,68642,72397,70423,69538,75461,72939,75064,70915,70917,76208,75463,70916,74168,71617
adapter	45	67939,67938,68389,76211,72116,72114,75069,76512,76507,67554,72399,75790,73684,68273,68887,69813,70425,73879,68281,70420,74451,76508,70421,68642,72630,72397,70914,71835,75462,71837,75066,75067,68387,75063,74168,68391
terre	44	67939,76210,71621,76213,69181,67794,69811,69812,75792,67553,68645,69177,68644,70745,70424,70420,68642,67942,73880,67943,71836,75463,70916,68387,74168
3d	44	73437,72114,73431,76512,76513,70162,67554,75795,72635,72392,75788,69819,70421,70914,75064,75066,73189,68391
ailleurs	44	70921,71357,68638,74749,75457,74167,70923,72113,73432,73430,76206,67068,72115,76507,68883,67795,76511,74449,76510,68273,68885,69185,73687,70749,68645,69177,72393,67944,71840,75788,70421,67798,68279,75065,71360,71836,70916,71359,68387,74746,68390
actuel	44	73187,75457,71621,72935,73431,73182,74174,72115,68881,67795,69814,72399,67794,68882,73875,73690,68273,69543,75792,70167,68884,72635,70751,70425,73879,74455,68643,74450,72397,68279,72631,75065,69539,68383,71614,71366
majeur	44	73434,69533,72113,74176,72116,73183,75069,72934,76213,69535,69181,70163,75796,70162,67556,72629,72398,75795,69815,67794,68882,69178,69179,69543,73876,75793,72635,71842,75789,74454,74450,68279,70914,71836,74751,74744,74746,72120
indique	44	68638,75457,70923,72113,73432,72116,76213,73182,68274,73683,76507,68881,74449,68273,68885,73876,75793,69813,70749,71842,70745,74455,75788,75789,67799,70420,76509,67388,76508,70421,72630,68279,75065,75064,71835,71836,70916,71361,75458
global	44	67939,73434,74167,73436,69533,74176,73183,69535,67557,73683,67387,67554,76511,68886,69811,75793,69813,67553,72393,71840,73879,75788,75789,70424,76508,68279,72938,75463,71361,75458,74169
vous	44	67938,72933,72932,72114,73430,67068,68274,67795,70161,67794,67555,73684,73876,73877,74455,68643,74450,72632,72397,72396,75458,74752
porter	44	71357,71618,69537,73432,76206,76213,73431,67386,68275,67554,72398,68277,74449,69178,73685,73684,68887,76516,74457,71842,72634,75789,70752,72394,67941,69818,76509,73882,70421,72395,74453,70914,72939,72938,75067,68393,75466,74168,75459,75465
transfert	44	72117,69534,75068,73431,73182,71839,67392,68881,67554,69815,72392,70426,71842,70745,70753,73878,70746,72394,74451,72938,71612,71362,75067,71614,74746,75459
recevoir	43	67939,73186,72933,72932,73437,72113,76206,73182,75790,67801,69185,70749,68888,72634,72636,69821,70169,73878,76509,74450,67389,72396,75065,71837,75066,76208,68387,75063,67937,71358,74746
propriété	43	67939,73436,69537,70163,76511,67390,76510,75790,69186,70167,67802,71843,68644,72634,71840,73878,68280,70424,70746,67558,67389,67388,70421,75070,71612,69539,74751,74750,71614,71616,68390
chimie	43	74173,69536,76206,67068,72115,68881,69183,68885,70166,75792,70167,72634,67561,68280,68643,72630,68278,72118,70914,75461,67071,75070,71612,71362,75067,68387,73189,74744,74750
climat	43	67939,68389,69533,71838,73183,69816,68275,72398,72940,73684,69813,68645,69177,70745,72394,73880,69538,67071,71837,75463,70916
rester	43	67938,70920,68638,74173,72933,72113,75069,76213,73431,69535,73683,67387,67556,67795,67385,67390,67794,69540,70429,69811,75791,75793,70749,68644,72634,69821,75789,76508,72630,72397,70914,75071,70915,68383,75463,74745,71614,74746,75459
rendre	43	70921,73434,68389,72932,73437,69533,72936,76210,71621,73430,72934,76207,73182,67068,67387,72629,67795,75794,70161,67555,73685,69541,69542,70744,73879,75788,67941,67798,72630,70422,68279,72396,70914,75065,71835,75460,69539,76209,71836,71359,74744,75458,75459
principal	43	67939,67938,68389,71619,72114,73430,76213,69535,75796,70162,72629,67795,69815,67804,68276,68886,69178,67800,68273,69177,72393,72634,69821,74455,68643,69818,67388,72395,68642,74453,71363,70914,67071,71360,68383,75466,75458
déclarer	43	70921,67939,68638,73185,72933,74172,70923,72114,75069,70919,67796,70163,72629,68881,68883,72398,70161,69815,67794,73685,72392,69177,74456,70745,68646,68281,74451,70421,74453,70914,67071,68383,71836,75063,67937,74744,71358,74752
certes	43	74167,73185,72932,72113,73432,69534,72114,76206,76213,76511,70161,67794,68882,69540,73875,72940,73684,73876,70166,74457,71842,72634,68643,67798,70423,70422,67937,75458,74168,74169,68391,75459
parvenir	43	70921,73187,70922,74173,72113,72114,75069,76213,67068,68274,76512,68275,75794,70161,69183,69178,67800,75791,75792,73877,70749,70744,68644,70425,68280,67558,69818,69819,68640,72630,70422,67071,75065,70916,74744,74750,74168,74169
économique	43	70920,71357,74749,73185,69533,72113,74176,73183,73430,76213,69535,67557,75796,76507,67795,67391,70161,72940,70164,73684,73690,67803,67383,68645,72392,74456,68283,73884,70751,72637,73882,68642,72396,67071,72938,76208,70916
atteindre	42	73187,68638,72933,69533,72117,73432,70918,73183,72934,68274,67556,68883,68886,75790,73684,73686,72635,70744,68646,70425,68281,74454,73878,67940,70743,70422,69538,72118,75065,69539,74751,71358,74746,74169,71617
aéronautique	42	74167,72113,72937,76207,67068,76510,75792,73687,73884,68888,72636,71840,73879,68280,68642,70914,75066,68383,71615,74751,74745,68393,68392,71358
espèce	42	67938,68389,71618,73433,73183,72115,67387,69816,69182,76511,68645,73878,70746,69819,74452,72631,75460,70917,75458,68385
animal	42	68389,71357,73433,72116,76213,72115,76511,67794,76515,69813,71843,73878,67389,67388,72631,69538,73189,67937,75458,68384
culture	41	68388,67938,74167,74173,73185,71620,76211,72936,76206,76213,73431,73182,73683,67385,67391,69183,67794,73876,76516,67802,74457,68643,70420,74450,68279,72396,69538,76209,68383,68385
ouvrage	41	67938,73185,71621,73683,70163,72629,72401,72398,68276,67794,68882,70429,70165,72940,68283,70753,69821,71835,68383,71836,71366,74752
central	41	76211,72936,73430,69181,67556,68886,73876,70426,71842,68888,70747,73879,69820,67940,70743,74453,68383,74751,67937,68391
chacun	41	71357,73185,73184,70923,69536,76212,72934,76213,67554,69182,67794,67555,72940,69541,69812,73876,67553,72635,70744,75788,73878,72394,74450,67388,67798,70743,72630,68279,71363,71835,76209,71836,70916,71361,74751
plateforme	41	75457,73190,70923,73432,72116,69817,70162,76507,69180,67391,69812,76516,70420,74452,72939,76208,71836,71359,68393,75063,74168,68385
identifier	41	73432,76206,76212,70919,72115,67556,67795,69182,67391,74449,67555,68882,70164,69812,67553,73884,70745,71840,72637,68643,72395,68279,67071,70915,69539,71837,76209,67937,74746
contre	41	68388,72933,69536,73430,72935,76207,69816,76511,74449,76510,73877,69813,72635,70746,67798,72632,74453,71835,75067,67937,74746,75458
étudier	41	68388,67939,73186,73434,75457,71618,73430,70919,72115,70163,69182,67391,69178,67800,69812,69184,70167,68645,69177,70745,68646,73878,67558,67942,73880,67943,72631,75460,69539,71837,67937,68390,68385,68391
appeler	41	70921,73435,71357,69533,70919,67387,76511,74449,68276,67555,75790,67801,73877,69813,72635,68645,71842,70745,73879,75789,70746,68643,67558,72394,67388,73882,72632,68642,73880,67943,71837,71359,75063,74750,74746,75458
extrêmement	41	68388,68638,73185,72932,76210,73432,72934,76213,73431,72115,67554,74449,72400,69540,67800,76515,69184,67383,75792,73877,72392,70745,70747,70425,72394,74450,76508,75065,71836,71359,68387,74744,71358,75458,74168
sujet	41	74167,72932,76211,72937,72116,73183,76212,76213,73182,72115,68881,67385,67794,72940,69812,73877,70744,72393,70751,73689,70169,75789,69820,68643,67940,67942,71363,72938,71612,71359,68387,67937,75464
agroalimentaire	41	74749,74172,75069,73685,75790,68273,68885,70166,75793,72634,70745,73879,74455,72637,67388,67798,72396,71360,75462,71837,75066,76208,75067,71359,74750
donner	40	67939,68638,71619,75457,72936,72937,71621,73182,75796,68881,67390,74449,69183,67794,67555,68882,69540,73875,75790,73684,75793,67553,72635,69177,73884,70424,72394,67389,72630,68279,71835,74168,74747
numérique	40	67939,70923,69533,68639,76207,73431,73182,75796,72401,67385,70161,69540,75791,73876,70426,73879,69820,70421,67940,74452,70914,75064,76209,70916,71359,74745,75063,74744
accompagner	40	74749,74167,73184,74172,74748,72117,76210,74175,73430,73182,68274,67556,72401,67795,67555,73685,76515,68885,73876,73877,72634,74455,71845,67941,76509,74451,72395,70422,72396,69538,75461,72938,75064,71359,74745,71614
issu	40	67939,74749,72113,72114,75068,76207,76512,67392,67387,70162,67554,67795,70161,72400,73684,68885,72634,72637,68643,67558,69818,72395,72630,70423,75064,75066,76208,70916,71615,75063,67937,68392,68386
quotidien	40	74167,72932,73190,72113,71621,73431,69817,76507,67554,75794,70429,73875,67801,73684,70166,67383,75792,68283,70745,70753,73879,70746,70420,67798,70422,75070,71835,75462,71836,71359,75458,75459,74747
goût	40	72932,73184,72116,69534,75069,76206,76512,76511,74449,67555,73685,75790,70428,70166,73877,70749,72634,74455,72394,76509,72396,72631,75462,76209,74169,75459
virtuel	40	73437,70162,70421,75064,75063,74168
moléculaire	40	73436,73184,69534,70919,72115,67556,69183,67800,75790,69812,67802,70426,72634,68280,68643,72631,68641,75070,72119,71837,74750,74752
etats-unis	40	73187,68638,70922,74749,74167,72117,71838,73183,76207,68274,70163,68881,69815,67383,75792,72393,71840,73879,68281,69820,76508,67942,74452,70422,67943,75065,75064,71837,76209,71614,71616,74168
offrir	40	74171,69537,73432,73431,68274,70163,69180,68275,69540,73691,68273,69184,75792,69813,68644,70745,70747,73879,68281,75788,75789,74454,70421,72395,67940,72632,74452,73881,70914,75461,71359,74744,74750,71616,68390,74747
surface	40	67939,74170,73434,73190,69537,76210,72114,72934,76213,69817,68883,67554,69182,75794,67794,68886,69178,69811,69186,69184,72392,70425,70746,75461,75070,72119,75462,75067,74744,74750,68385
voire	40	70921,74749,72932,69533,73432,71621,72114,75069,72115,76511,67390,70161,68886,73685,73875,73684,67383,73687,70749,70744,71843,68283,75789,68280,70424,70420,74450,69819,70421,70743,70422,72396,72939,71835,71359,74751,74750
dédier	40	67939,68638,71619,75068,69181,73683,76507,72398,68277,69814,69178,73691,70165,76514,71842,67946,73879,67799,68640,67942,68278,67943,69538,75461,75460,71361,72122,71359,71614,68384,74169,75465
local	40	71357,74167,73185,72113,73433,72114,75068,73182,69535,76507,70161,67794,68885,69184,67803,75792,76516,71843,71842,73878,67798,69538,75461,72939,76209,71836,75463,68387,75458
laser	40	68638,72932,72934,76513,75795,69540,69179,68641,75067
améliorer	40	74171,71619,73436,74176,73430,67387,69816,67554,74449,68886,68885,68884,70749,70426,69177,70425,68281,70746,76508,67798,72630,68279,72938,75460,69539,75067,70916,71359,75458
part	40	73434,68389,75457,76206,72935,76207,68274,76513,70162,68881,70161,72940,69179,68885,73876,75792,72392,70753,71840,70169,73878,70420,73883,74450,70421,72397,74453,69538,72118,71360,68383,71836,67937,71616,68385
selon	39	67939,73434,74171,68389,68638,74749,74167,73185,73436,69533,72935,69535,70162,67556,72629,68883,76511,75794,76510,67794,73684,69812,69184,67383,73878,73688,71841,67558,67388,68279,72631,75064,71835,75067,75463,74744,74746
suivre	39	70922,75457,74167,70923,72113,72114,71838,72115,67392,70162,72398,69182,70161,70164,75793,76516,69185,70744,69177,72636,68643,70420,70421,68640,73880,70422,72631,72119,70917,68393,73188,67937
contrôler	39	73435,73187,76210,72115,69817,69182,67390,75794,69178,67800,68273,68885,76516,72635,70747,67558,70420,70423,72119,71837,75067,68390,74168,75459
croissance	39	71618,73433,76210,72114,73431,67385,75795,69811,73685,67802,69177,71840,73879,72633,74450,72396,75461,71360,70917,71837,68383,75466,74746,75458,68390,73438,68385,71617,75465
performance	39	73434,74749,73436,74748,73430,70163,75796,67556,68883,67554,69179,69541,75792,72635,69177,70425,70752,72633,70743,72397,70423,74452,70914,71836,74751,74745,75464,74168
électrique	39	68638,73185,73436,72114,70918,72934,67797,67554,69814,75794,76510,70167,68884,73884,74450,67940,68640,72397,71363,75066,71615,73188
2010	39	73185,73183,67557,68275,69814,70161,68276,67555,68882,69178,69811,73684,70748,73686,75793,70167,69542,68646,70169,73878,73688,70420,69818,74451,67942,68279,72396,67071,72939,75064,71835,71837,70916,71614
compétence	39	71619,75457,73185,73184,74748,70923,68639,72116,71839,69817,67795,69814,70161,73875,68885,70166,71842,72634,70745,74455,69820,72637,72394,70420,76509,68279,75461,71837,71359,74745,68392,72121
bénéficier	39	67939,74167,73185,70923,73433,72114,76207,67557,68275,67554,69814,69540,73685,68273,70748,68885,69812,67553,70426,67944,73879,68280,68643,72394,70420,74450,76508,70422,75461,71360,71837,76209,71359,74746,68385,71617,75465
territoire	39	67939,71357,72933,74172,74748,72113,72937,74175,69535,69181,68275,73875,69812,68889,74455,70422,68279,69538,67071,72939,76209,75066,74746
lancement	38	67939,68638,72936,73432,69534,72114,73183,75069,70163,68275,69179,75793,70749,72392,69177,72394,74450,74451,76508,68279,67943,71836,70916,71359
émergence	38	71357,68638,71620,72116,69534,72934,74174,69535,72629,68881,70429,73877,69813,72635,72392,71842,70745,70747,73878,69820,70424,70423,68279,72396,72631,75064,75063,68386,74168,74169,72120
kilomètre	38	67939,68389,73183,76212,73683,68883,76510,69811,70170,69179,69812,71840,75789,67941,74450,68640,67942,71837,71836,75458
accord	38	67939,68638,74172,72117,69536,71838,71839,67796,68274,67795,76511,70161,70166,76516,72392,72393,68888,73878,72396,67937,74168
précise-t-il	38	67938,71357,74167,73185,72933,73432,69534,72114,76206,76207,67068,76507,72629,75790,73684,68885,69812,73876,70166,75793,75792,67553,75788,74450,76508,70421,67798,72630,68279,71835,71837,71836,74744,75459
rencontre	38	70921,67939,74748,74176,74175,73182,74174,67068,68274,75797,68881,75795,68886,73685,76515,67383,76516,73877,68889,74456,70751,72634,70752,70743,71612,71837,68392,72121,74752,75465
suite	38	73434,68389,72113,72117,73432,71621,73182,68274,70162,67556,69815,67804,69179,68887,73876,70166,72393,71840,74454,67389,70421,72632,68640,68279,75065,71835,70915,71837,71836,67937
8	38	73436,72932,69534,74175,73183,67557,69181,75796,67391,67390,76510,68276,69540,70164,68887,69541,70749,69177,75789,70168,74450,68279,75071,71612,71837,68383,70916,75458
communauté	38	67939,73434,68389,68638,74172,69533,73432,72934,74174,73683,68275,70161,69811,70170,67803,70420,68642,67942,70914,72939,75460,71837,68387,75466,75458
centaine	38	73186,68389,68638,72933,72937,72934,67068,72115,69181,73875,72940,73684,68885,70167,69813,70744,68644,73878,69820,74450,76508,70421,72630,70422,71835,71837,72122,71615,74751,75464,73438
environnemental	38	72113,71621,72116,75069,76213,69535,67387,68275,69182,68882,68887,69812,75792,69813,72637,71845,70420,74453,67071,71362,71837,70916,74745,75458,71617
rapidement	38	74167,74173,72932,69533,73432,75068,68274,73683,72629,76510,69183,73876,70166,75792,67553,70747,73879,70424,71841,72633,72394,70420,76509,72632,72630,71612,75460,68387,74168,71617
stratégie	38	71357,74749,74167,74173,73184,74172,76211,74175,73430,75069,76206,69535,69816,72398,68277,76511,74449,73875,69812,73876,67803,69813,68884,71842,70746,72637,73883,72395,67798,68642,75066,70916,71616
organisme	38	73434,74748,71618,72116,71838,76207,69181,75796,67795,76511,67794,67800,75790,68887,68885,69184,76516,67802,73884,70745,73688,70420,71836,71361,68386,74746,68385
avenir	38	70921,71357,74167,73184,70923,72117,74176,73432,71621,72114,70919,69535,69181,69817,76507,69816,67385,67804,69178,72940,67801,69812,69177,70420,70421,72938,75070,75067,71359,71358
paristech	38	75457,70923,68639,73182,70161,68276,69186,73882,70422,71612,68393,74750
lier	38	74173,69534,76206,72935,67556,67390,69815,67555,70429,70170,69812,75793,73877,73687,68645,74456,68644,68646,67942,74453,73881,71835,70915,71360,75067,68387,68392,74750,74746,72120
réduire	38	73435,76210,69534,73182,69535,67557,67554,76510,68882,69540,69178,75790,75791,69179,68887,72635,72392,69177,70745,71840,68278,72118,70917,75066,71836,74745,74169,71617
direction	37	73186,73434,71357,68638,74749,72932,68639,72114,73430,76207,72115,70162,67554,68277,70165,70164,73876,67553,72392,69177,74455,72394,67941,74450,70421,72938,71612,71836,74744,75458,75459
auquel	37	67939,74167,73184,69534,73182,70162,76507,72398,67385,76510,69183,68882,67801,73684,69179,69543,73686,69812,75792,73687,70749,70744,69821,67799,70420,76509,70421,67798,67071,75064,70916,75063,75458,74168,68391
mécanisme	37	68388,67938,70922,73184,69533,73432,72116,70919,68881,76511,67555,69811,67800,76514,75790,69813,70746,68643,69819,67942,74453,72631,70914,75065,71837,71836,67937,68385
7	37	74170,73435,73187,74167,73436,74748,74176,69534,72114,74175,73183,76213,69817,68276,67794,70164,67801,68885,69185,69177,68888,71840,73879,74455,72633,68279,71612,75063,74746,74168,72120
état	37	73190,72937,73183,75069,67386,69182,76511,74449,70161,68882,69540,67801,73876,73877,67553,72392,72393,70751,69820,68280,70424,74450,67940,68642,68279,67943,71835,75462,68383,75063,71366
dizaine	37	74167,76211,73432,76207,73431,72115,67386,67794,69178,73685,68273,68885,70167,70749,74455,68643,72394,67388,76508,72397,68279,72396,72119,71837,76208,68383,74751,67937,74744,68385,68391
réponse	37	67939,71357,68638,69533,72116,76212,72935,73182,69535,69181,73683,76507,69816,75790,72940,73684,68887,69184,73689,67389,76209,76208,68383,73188,67937,75458,74752
quant	37	68389,74749,69533,73433,73183,76213,73683,72401,69182,76511,70161,68882,70429,69178,69811,69179,67553,70169,75789,70424,76509,70421,73880,68279,70915,76209,75067,70916,71361,74169,71617
cycle	37	67939,71619,74167,73437,69533,72936,72934,67387,72629,69540,73684,68889,72392,68888,71845,73880,67071,75071,71362,70916,72122,74751,72120
contact	37	70921,74749,74173,73185,72932,74172,68274,67556,67390,69183,76514,75791,70167,67553,69819,70421,72397,70422,72396,67937,74750,74168
intégrer	37	75457,72932,69533,76211,72936,73430,69535,69181,76513,70162,67554,69814,70161,69183,73876,70167,67802,68884,67553,68889,68888,73879,75789,67945,76509,74450,76508,70422,75064,71837,74751,71358,75458,74747
tester	37	74171,68638,73184,71618,69534,73182,67797,68883,73876,75793,75792,67802,68884,72634,68646,70425,74451,70421,72395,67798,67940,70743,72397,75064,71836,70916,71359,74751,74168
composant	37	70921,71619,71620,72116,72114,76213,71839,67068,70919,68881,67554,76510,68882,69179,67383,72635,74454,70424,69818,70914,75064,75070,72119,74168
action	37	70921,73435,67938,71357,73185,74172,74748,72113,69536,73182,67795,76511,68882,70164,73690,70748,69184,70167,67553,68645,68280,70746,71845,74450,76508,72395,70914,75462,68386,71366,74746,75458
nutrition	37	74749,73184,72116,69534,76511,74449,69815,70749,74455,67799,76509,72396,72631,71360,75462,76209,68387,75459
mer	36	73434,71621,73183,68883,69811,70164,67940,70743,72397,73880,67071,75460,70917,70916
essentiel	36	67939,72933,76211,71621,69534,76206,73431,67796,68274,72398,75794,70161,73875,70170,75792,76516,73877,67553,73884,73881,72396,69538,70914,75065,75064,68387,75063,71358,75459
onde	36	67939,72932,72934,67068,70163,67386,75794,68886,70747,70420,67942,73880,68641,75067,74744
30	36	68388,74749,72932,74748,72114,76212,69535,67392,68881,75795,75794,76510,69178,76514,74456,72393,70751,68646,70425,75789,76508,70743,72397,74453,72396,71837,71359,74745,75063,71358,74746,74752,74168
travers	36	70921,67939,74749,73184,74748,72936,69536,69535,67796,68275,67554,67555,68882,76515,70164,70748,70745,67561,70169,70424,73883,70421,67798,72630,72631,71363,75070,75460,71362,68383,74751,74744
lieu	36	70921,72932,74748,72113,71621,70162,68881,75795,74449,76510,73684,69179,73876,69820,67945,70420,74450,67389,68642,68279,70917,71358,71366,74752
j	36	70921,73185,72932,73430,76213,67068,72115,68274,76507,72629,67795,76511,70161,69812,70166,69813,69821,72394,74450,72631,71835,71612,67937
est-à-dire	36	73435,68638,75457,76210,72114,75069,72934,73431,73683,69817,70163,68881,68883,67554,67391,67390,75794,70161,67794,67555,70165,68273,75792,67802,68643,67941,67388,72631,69539,76209,74745,68387,71614,68390,74168
innover	36	67938,75457,74167,72933,74748,72114,73430,67068,70161,67794,70164,67383,73689,74455,72118,72939,68383,71359,74745,74746,73438,74169
entraîner	35	72933,72116,69534,72934,67797,67795,76511,75794,68882,67801,73684,68887,69184,73876,75793,75792,67802,70744,69177,68646,75789,72394,67799,72632,73880,72631,71363,75460,75067,75463,75458,74168,74169
investissement	35	72933,73184,72117,73432,73182,69535,69181,69817,72629,68277,76510,72400,69812,70420,74451,70421,70914,75065,72938,75067,71359,75466,71614,71616
consommateur	35	69534,75069,76206,67557,76512,76511,75795,68882,76514,75793,74457,72393,72637,68642,76209,74744,74169
rapide	35	73435,74171,74167,71618,73433,72937,76212,67556,67385,69183,69540,68886,69178,69811,67383,74457,67389,69819,70421,68640,71836,70916,74750,75466,68385,71617
janvier	35	74170,68638,73185,73184,74748,72113,67068,70162,69180,68881,67555,73685,68887,68885,69812,69184,68884,72635,72392,69177,74456,71842,68888,70745,71840,70169,72633,71845,72396,72119
expert	35	71619,71618,69533,72936,76206,73182,75796,67392,72629,68882,70429,73691,76514,75791,69543,73686,75793,68645,70169,75788,71363,67071,70915,75066,76208,70916,71359,71358
début	35	73434,70920,71619,74749,73436,73432,75069,75068,73182,71839,72115,73683,76507,67555,73875,69541,73876,75793,67383,75792,68281,67798,72396,71612,69539,70917,71837,74745,71614,74168,74169
informatique	35	72932,73190,76207,73431,73182,69182,69540,67383,68889,70168,72633,70421,74453,74452,70914,75071,74751,75063
au-delà	35	73186,73434,71357,68638,73184,72117,73183,67068,73683,69816,76511,68273,75792,70749,75789,68280,67558,76509,70423,72396,69538,72939,71362,76209,71359,73189,75063,67937,71358,75459
actuellement	35	70920,74167,74173,73436,72113,72117,73432,71838,72115,67557,73683,68881,68883,76511,69183,68882,69186,73684,72636,68646,75789,74454,69819,70743,68642,67942,72397,73880,67943,72119,71360,74168,74169
mouvement	35	74171,70162,75794,70161,68276,70744,68646,73688,70746,67941,70421,75064,72119,71614,74746
difficile	35	67939,74167,73185,73436,76210,73432,73431,73182,72115,73683,69817,67387,70162,69816,72629,74449,68276,72940,73684,73877,69177,69821,72394,76509,76508,70421,74452,72396,75461,71614
consommation	35	71357,69534,75069,69535,67557,76512,67386,76507,67554,69814,67794,67555,68882,70428,75793,75792,68884,69818,75460,71615,68387,73188,71366,71617
intituler	35	67938,71357,73184,74748,72113,71620,74176,72937,74175,76213,74174,69535,67392,72401,67804,68276,68882,70429,72940,67803,76516,74457,68283,67561,71845,68641,71363,68383,74746,74752,75459,71617
autrement	35	67939,67938,75457,74167,76210,73183,75069,67554,76511,74449,69178,75790,73684,73876,69821,68643,70420,76508,70421,70743,70422,68279,72631,75065,75064,75070,71615,68393,74168,68391
doute	35	67939,68389,71357,74167,72932,71621,73430,73182,72115,67794,68882,73875,73876,70166,75793,73877,70749,71842,74455,75789,72394,71835,71359,74752,74168,75459
mon	35	67938,73185,72932,74172,73430,76213,67068,72115,68274,70161,69812,73876,67383,72394,71835,71612,74752,75459
jamais	35	67938,68638,74167,72933,69537,73430,73431,67068,70163,68883,68276,69540,69811,70166,67802,70744,71843,71842,72634,72636,69821,70424,70421,73880,71363,70915,69539,73189,67937,75458,74169
potentiel	35	74167,74748,71618,72113,73433,67068,72115,69181,67797,68881,72401,76511,67555,73875,67383,75792,73879,75788,73878,76508,70421,68279,72118,76208,75067,74750,71614,75458,75465
biologique	35	71618,71620,73183,76213,69180,68277,76511,68887,73877,73688,70746,68643,70420,67798,74453,68279,69539,75067,74750,75458,68385
robot	35	74170,73190,68883,75791,67383,72633,67941,70420,72119,75066,71614
température	35	67939,74170,73434,68389,73190,69533,69537,76210,67557,68883,69182,69811,68644,68280,73688,67558,69819,68640,72119,75463,70916,68390,74168
appareil	35	74167,72933,75069,67797,68881,67554,76510,70165,68885,75792,70167,69542,70425,74450,76508,71362,71359,71617
médical	34	72117,73432,73431,76507,68881,76511,69815,69543,73877,74454,71841,67941,67389,67798,67940,74453,76208,75067,67937,74750,71616,74746,75458
cinq	34	73186,73185,73184,72114,73430,73182,76507,69816,68881,67554,72398,67795,76510,69815,67555,73875,70749,72637,72394,76508,72396,72631,70914,70915,72119,71360,71837,76209,71836,71615,71358,71617
contrôle	34	67939,74171,74167,76207,67068,67557,70162,69180,67390,69183,73685,67800,68885,67802,73687,72635,72392,71840,73879,67945,71841,72938,72119,75067,74751,68390
réflexion	34	71357,68638,72932,72113,76213,73182,72398,70161,68882,70429,72940,69179,69541,73876,69813,72637,67388,68642,75462,76209,68383,71359,74752,74169
air	34	67939,71357,68881,69182,75794,69813,69542,67553,68645,70426,70745,71840,70425,75789,67558,70916,71358
calcul	34	75796,69180,69178,70424,70421,74452,70914,71835,74745,74744
élément	34	68388,73434,69533,71620,76210,73432,71621,72114,76206,67386,72629,74449,70161,69178,73875,69179,75792,72635,67558,67388,74451,69819,70421,70914,71836,67937,74744,74168,73438
construction	34	68638,71619,73432,69181,73683,72629,70161,69178,73875,67803,72634,73883,76509,67798,67943,71835,70915,75063,68386,74168
observation	34	67939,74170,68638,69533,71839,69181,70163,68883,74449,69811,69177,75789,70424,74450,74451,72632,73880,72119,71836,70916
estime	34	71357,71621,72116,73430,76213,76207,72115,68274,67391,70161,69811,73684,68273,75792,70744,69177,74454,72637,67389,67388,76508,70421,72395,72631,71359,73188,71614,71358,74746,74169
sécurité	34	73432,75069,76207,67796,68274,68881,67794,76514,68885,70744,72392,74456,70425,67945,67941,76208,71615,74751,74745,74744
chaîne	34	68388,70920,74749,75069,73431,67557,67554,69814,68882,69178,70165,67383,73877,69177,72393,70745,69821,70746,72637,71366
mars	34	72933,70923,74176,76210,72116,73430,76207,73431,69535,67804,69540,69178,69811,70166,69177,72636,75788,73688,74450,67942,73880,72396,75071,70915,70916,72122,75464
plateform	34	73437,70923,75068,69817,70162,69180,69812,68884,70426,71842,72633,70420,74452,70914,75064,71359,74168,68385
hôpital	34	74749,73431,76507,68277,73875,67801,69184,74454,71841,70746,76508,67940,71614,74746,68384
plate-forme	34	67939,68638,69534,68277,69182,76514,69177,75788,75789,67798,68642,68640,68279
lyon	34	73435,74173,72932,76210,68276,69540,69186,69543,69812,73876,69813,67553,71840,69820,70752,72394,72397,68278,72939,71835,72122,73189,71614,71616,68390,75465
leader	34	70920,74749,74167,72933,76211,72936,72114,71839,75796,76511,70161,69815,73691,73875,75793,67383,72392,71840,72633,67940,74453,68383,71361,71359,74745,74744,75466,71614,75458,74169
utilisateur	34	76207,75796,75797,68275,69814,67555,73685,70170,68885,70744,73879,67941,76509,74450,76508,67940,73880,71836,71359,74751
mesurer	34	67939,73434,74171,68638,72113,72934,70919,69182,76511,75794,69540,73685,69179,75793,73877,68646,70425,73688,70424,71841,76508,72397,73880,69539,72119,74168
optimiser	34	70921,73434,73436,73184,75069,73182,67557,68274,70163,76507,67554,74449,68882,67800,75790,68885,69813,72393,71840,72637,72395,72630,72118,75064,75070,71612,69539,75462,75464,68385,71617
usage	33	70920,71357,73184,72113,74176,75069,73182,75796,75797,72399,72400,68882,70165,76514,73876,73877,68645,70169,69818,75063,72121,74747
parler	33	67939,71357,74167,72933,72932,73433,76206,69535,68274,72629,67795,70161,76514,76515,68273,72393,69821,74454,71841,72397,72631,71363,72938,71835,74751,71614,74752,74747
consister	33	70920,71357,73436,76211,70918,73431,67390,70161,73685,73875,67800,75793,67802,69813,70424,68643,74450,67388,76508,72630,72397,73880,75462,75463,70916,67937,74168,68391
signer	33	67939,68638,74172,72936,69536,72114,71838,71839,67796,69180,72629,67795,76511,70161,68276,73875,69541,73687,72392,72393,73878,72396,74746,68384,74168
comportement	33	74173,73184,68639,69534,76213,67557,75797,70162,67556,68883,69182,67385,67794,67555,68886,75790,69179,69184,75793,69820,67798,72631,71359,74751,75464,74168
of	33	73190,72113,69534,76207,73431,70919,69180,68881,69814,70161,68886,69811,69184,73876,67802,72393,67945,69819,67942,70422,71837,68386,71614,72120
agence	33	67939,74749,74748,73432,69536,70163,67386,76513,76507,69816,72629,67385,75794,74449,69811,75790,69179,70428,70749,70426,68643,68642,73880,70422,75460,75066,68383,75463,68386
evénemer	33	73190,72937,74175,74174,67392,75797,67804,72400,73691,76514,69186,70428,69543,69542,70749,74456,67946,70751,67561,70169,70168,71845,73883,73882,73881,71363,75071,72938,75466,72121,75464,73438,72120
agricole	33	71357,76213,67392,67794,68882,73685,68273,68885,68645,70745,69821,72637,74450,72630,68279,69538
ressource	33	73434,67938,71357,71619,73433,71621,69536,69535,69181,67387,67794,68882,70164,73684,75792,67946,72632,68642,72630,68278,70423,69538,70914,67071,72121,75458
face	33	68389,68638,75457,72933,72113,72937,69534,76207,73431,69816,68275,72401,69182,70161,68882,68273,73876,67803,75792,73877,67553,72392,68646,75789,67071,75065,70915,71359,74744,75465
ambition	33	73434,68638,73432,72114,73183,73430,76206,75068,73182,68275,68881,73691,73876,73687,73879,74450,67940,68278,71615,71358
processus	33	74749,72113,68639,72117,76210,73432,72116,73431,67556,68277,68887,69184,70167,70426,71840,70746,72394,74451,73882,72630,70914,75064,69539,75067,70916,71361,74750,75458
15	33	72117,73183,68274,69815,73691,73875,76515,67801,73684,68273,75792,72392,69177,70747,71840,73879,70169,67945,71841,67799,76508,72630,72396,68641,75065,72119,70916,68387,73188,71614,75458
faible	33	71357,73436,76210,72934,76213,69535,67796,69817,70163,68883,75794,69540,68886,73684,68887,70167,68644,67558,67388,76508,67942,72397,70915,69539,68383,71836,71617
universitaire	33	70923,72937,76513,67795,70161,75793,73877,70745,68646,67561,73879,74454,72394,67799,76509,67798,67940,73881,72631,68387,75458,74752
financement	33	71619,74167,72933,74748,73433,73432,73683,69182,75795,72400,73691,73686,74456,72634,67799,67798,67940,70743,68642,75065,71360,68383,71359,68392,68386,75466,68385,75465
davantage	33	71357,72933,73184,73430,76206,76213,72115,73683,67797,67554,67795,70161,73685,73684,67553,70749,72392,71842,72394,70420,67389,70422,68279,72631,76209,74169
politique	33	71357,69533,72113,69534,74175,73183,75796,68275,72629,72401,70161,67794,72940,70164,69813,68645,69821,68642,72396,69538,70914,72939,68383,70916,68392,71358
large	33	67939,74749,69533,72113,72117,73432,72934,74174,69181,73683,67556,67390,75794,69183,67794,73875,72940,69186,73876,68889,73879,74454,73688,72630,71363,71612,75067,71836,71359,75458
décembre	33	71619,73185,74748,68639,71620,74176,75068,73182,74174,71839,68881,69178,73685,72392,69177,67946,70751,72630,67942,70422,72396,68641,70914,75067,71836,68393,67937,74746
développé	33	67939,73186,73435,73434,67938,71618,69534,72935,73431,67068,67386,67554,76511,70161,69179,68273,73876,68646,73879,71841,74450,74453,72631,72939,71612,76208,75067,71358,75458
thèse	33	72932,69536,76206,72115,76512,73685,75790,69812,70166,67383,70749,74454,72394,70743,72630,75064,71612,76208,67937,75459
ore	33	68389,73184,71618,70918,73431,70919,69181,67554,74449,67555,70429,73876,67553,72635,71843,72392,72634,75788,68643,72633,74451,70421,73880,68279,70914,75063,75458
zone	32	68389,73185,69181,70162,69811,73875,73684,70169,75789,70420,69819,72632,75461,75460,71836,70916,75458
opérationnel	32	67939,73434,68638,73185,72936,72114,76513,70162,68275,69178,69811,68887,69812,69813,67553,71840,72633,67798,74453,70914,70916
lien	32	71357,75457,73184,69533,76211,72936,73430,76212,73431,73182,74449,76514,75790,75792,73877,68645,70745,70425,68280,73688,70421,72632,72396,75461,75459
possibilité	32	71357,75457,72933,72932,69533,69536,76212,72934,72115,68275,68883,67554,76510,68882,68273,75792,70747,73879,75788,70421,74452,70914,75461,71362,75063,67937,75464,74168
financer	32	74749,74748,73432,72934,73182,67068,70162,68277,74449,70161,67555,73875,75790,70164,70428,73686,75793,68884,68645,69177,68646,70420,74451,70421,67798,70743,74453,69538,68383,71616,74169,75465
détecter	32	73186,68638,70922,71838,72935,76207,70919,69183,69811,75793,73877,70425,73878,73688,67941,67388,70421,67942,73880,72118,75460,71614,74746,75465
plan	32	71619,73184,74748,72936,73432,73430,76206,70162,67554,75795,74449,75790,68273,69541,67803,75792,73877,72635,72634,70424,68643,70420,72395,72630,68279,70914,67071,72938,67937
composer	32	67939,71618,69533,76210,76212,70163,76507,67554,67385,67390,75794,67800,69179,68273,75793,67802,71843,68646,70425,73689,72397,73880,75070,72119,71360,75066,75458,68390
coût	32	73435,71357,72933,75069,72934,76213,76207,73683,67386,68881,68883,67554,67385,68645,69177,74457,71840,74451,67942,72118,72939,76208,68383,71614,74747
génération	32	68389,76210,73432,72114,68274,76513,69816,69811,69177,67942,70423,71363,71835,75066,71836,71359,71615,74745,72121,74746,74168,68385
dynamique	32	67939,71620,72116,69535,69180,70161,72400,68882,68886,69813,68645,70745,74455,69820,70422,70914,75460,75067,70916,68393,75458
rendez-vous	32	70921,75457,74748,74176,73430,75796,75797,67385,75795,73691,73875,76514,69543,68889,69177,73884,67946,70751,67561,70752,72630,73881,75466,72121,73438
échange	32	70921,67939,72932,71618,70923,76211,74175,73430,74174,72398,67794,72400,68882,73690,73877,70749,67946,68888,70751,71840,72394,73882,68642,70422,72396,69538,75071,75458,74169
diriger	32	74167,73184,74172,73430,72934,73182,69817,68277,70161,68882,75790,72940,68887,70426,69177,72393,70424,72394,67798,72631,71835,69539,71361,71359,68386,71358,75458,75459
original	32	73434,68638,74749,73185,74748,69536,73431,67068,72115,69817,68275,72629,68273,69541,73876,67383,70745,73689,72394,70420,68279,70914,76209,71836,68387,75063
sensoriel	32	69534,75069,76206,76512,67555,73685,75790,70428,68885,75793,73877,70749,70425,67388,70421
pratique	32	70921,73184,74748,72113,69537,76211,72937,75069,73431,73683,67392,76513,72401,67555,73685,67801,68885,73876,75793,67383,74455,73883,70421,72630,68279,75071,71362,73438,74169
attendre	32	67939,68638,74748,72937,72116,73182,73683,75796,75797,72629,68881,75795,67555,69811,73691,73684,68273,69543,67802,69542,69177,69821,69820,67945,68643,75065,73188,73438,72120
logiciel	32	76207,73431,76512,75796,76513,76507,67553,70744,73879,75788,70424,71841,76508,74452,70914,72939,71359,71614
transport	32	73184,72937,67796,70162,75795,73875,70165,69186,68273,69541,67553,74456,68888,75071,72939,71362,76208,75466,71358,75459,71617
mathématicien	32	72932,69180,70161,68276,70745,71835
fonds	32	70162,76510,69815,67794,73875,75793,68884,72634,73879,71841,67799,70420,69818,74450,74451,76508,70421,67798,73880,74453,71360,75063,71614,71616,74169,68385
quantité	32	73187,70920,72932,73184,72934,76511,67385,75794,74449,67794,67555,69540,67800,75790,70749,72392,75788,67558,67388,72630,74452,67071,71361,75458,74168
différents	32	74173,69537,69534,69816,67554,70161,72400,67555,69178,73685,69184,67803,70166,72634,70424,72394,70420,76509,74450,67388,70423,70422,72396,72631,73189,71614,75458,74168
baptiser	32	67939,71357,68638,73433,72934,75068,69535,68274,73683,69817,70162,69182,75790,73684,69179,73876,73687,75789,71841,72633,76508,68279,72118,75067,71359,71615,67937,74746,75458,74168
colloque	31	67939,71357,72113,71620,69534,74175,74449,70170,70428,67803,73877,70749,67561,67945,67942,72396,71363,75464,68384
prometteur	31	70920,69537,72116,74174,72115,67554,67385,67391,74449,67555,68882,73691,67801,68273,73876,72392,70426,70745,75789,73878,68643,67558,70421,72632,72118,75070,67937,75466,74746,68385
vingtaine	31	73187,71357,68638,72933,75068,68274,70161,73691,73684,70428,69541,70749,71842,71840,74450,74453,70422,72939,71612,70916,71361,68387,74744,71614,75458,74168,75459
relever	31	74167,74176,76213,73182,70919,69180,67554,67795,69814,73684,69541,75793,70744,72392,72634,68280,71845,67798,68640,70422,67071,71359,75466,75458
9	31	70922,74749,73436,73184,68639,72117,75069,76213,73683,76512,75795,67391,67794,68884,72392,69177,68642,73880,69538,67071,75065,75066,76208,68387,75458
outre	31	67939,73435,74171,75457,73190,70923,72934,68274,73683,70163,76512,68881,72398,76510,70161,68276,70165,67802,69542,68644,70425,68280,70914,75461,71836,73189,68392,71358,71617
émerger	31	70921,73434,67938,68638,74167,71620,72114,76213,73431,68882,69811,73876,75793,67383,69813,70744,71842,68643,74450,68279,71612,76209,74751,75458,74752
juin	31	73435,73437,73190,72937,70918,75797,76513,68881,68882,69178,73875,70170,70164,73684,73687,68646,70169,70168,74454,67942,75065,70915,70917,70916,75458,75465
dérouler	31	72933,72932,74748,72937,73430,68274,75796,75797,70162,69541,69543,73877,69185,69177,68888,67944,70752,67388,74452,67943,75064,71835,69539,71837,68387,75466,74168,75465
reconnaître	31	74167,72932,69536,76206,73182,72629,67795,76511,70161,69815,69183,68276,72400,70166,75793,69813,67946,73879,68643,72394,70743,75065,75064,71359,67937,68392,71614
ingénierie	31	73436,68639,71620,76211,72937,76212,72629,70161,73875,73876,68644,73689,67945,69819,75071,71362,74751,71366,68384
association	31	74167,73185,73190,72113,73683,76513,67795,69814,76515,73690,69541,68885,76516,70749,74456,72393,67944,73879,70169,70168,74453,68383,68386,71358
américain	31	67939,72933,73184,72114,76207,72115,68274,70163,72629,68881,67391,69540,75790,73876,67383,69177,71840,72633,72394,70422,72119,74745,71614
conseil	31	73434,74749,73185,74172,72113,74176,76211,69535,72629,68277,69182,67391,76515,68885,73687,67553,70749,69177,70420,76509,76508,72395,67798,71360,71361,71358,71366
vivant	31	72932,76511,69183,72637,74451,71835,71612,69539,68391
soutien	31	73186,68389,71357,73185,72114,73183,73431,69181,73683,68277,69182,67391,73690,69179,75793,76516,68884,69177,73884,68888,73879,70169,73878,68280,70422,75461,75463,75466,71614,74746
mixte	31	73184,68639,73431,67068,73683,69180,67556,68883,76514,68885,69812,69184,75793,70745,67944,70420,67388,70743,72630,68278,72631,71612,71837,68387,75458,68385,75459
milieu	31	73434,75457,71618,68639,71620,71621,69536,73183,72934,76213,67068,69535,70162,68883,67554,70161,73684,70428,72634,69821,67798,72630,70917,71837,68387,74750,71358,75458
former	31	72936,73431,67796,70163,76513,67795,76511,67390,70161,68276,70165,73684,73876,70426,69177,70746,67558,74450,73882,70423,75064,71362,71358,75458,74752,68390
forum	31	70921,75796,67804,72400,70170,69543,67803,70751,70752,72122,75466,72121,75465,72120
situer	31	74749,73436,72932,74172,74748,73183,75068,73431,73683,73875,75790,73684,73876,75792,69813,71842,73879,74455,75788,75789,70424,72632,67943,71362,71360,74751,75063,75458,74168
dix	31	71357,76210,75068,69535,73683,72629,68882,69811,67800,67801,73684,68885,72636,67388,72631,76208,70916,71359,74745,74744,71614,74168,68385
concept	31	67939,68638,70918,72934,67068,67386,68881,69178,73687,73689,73879,72637,76508,70421,70914,71835,76208,71836,71359,74751,71617
imaginer	31	73434,74167,72933,68639,73432,75069,72934,70919,76507,70170,73876,71842,72634,72636,69821,73879,75789,70424,72394,70420,69819,70421,72119,71837,71359,75063,74744,75466,68391
spécialiste	31	67938,68638,69533,75069,73182,72115,67557,76507,72401,76511,75794,73684,69812,75793,73877,69813,68645,73879,69820,71841,67388,72630,75065,75462,71359,67937,75464,74746,75458
gène	31	68388,73184,73432,67556,69182,67391,70161,69815,67800,75790,67802,70420,72631,71362,71837,76208,71359
impact	31	74171,73185,72116,73183,75069,67557,69816,67794,68885,67803,68645,70745,67561,73688,71845,67388,73882,67071,72939,75460,70915,76208,75463,74745,74746
moteur	31	74171,72933,76210,72114,73430,75797,67797,68883,69814,69179,68646,67940,72119,75066,74751,74745,74744,73438,71617
augmenter	31	68388,67939,71618,73430,72934,69816,67554,67795,67391,74449,76510,68882,68886,68273,75792,72635,69177,68646,70425,67558,70421,70422,69539,71837,70916,73188,75464
fabrication	30	76210,72114,75069,75068,71839,76513,76507,67554,69814,76511,68882,70165,68885,67802,72635,67388,72397,75065,75070,70917,74168
civil	30	71619,74167,72113,72937,71839,70165,70164,69542,71840,67945,72633,73883,74450,70914,71836,74745,68392
explique-t-il	30	71357,75457,73185,73432,72114,76206,76213,72115,68274,73683,68881,73875,73684,68273,73876,75793,67383,73877,67553,74450,72630,71835,75462,71837,74745,68387,75063,71614,75459
fonctionnement	30	74171,73184,72934,72115,67386,67556,67554,68276,69178,67800,67802,69177,70745,73879,73878,72631,73189,67937,74168
envisager	30	74170,71357,68638,69533,70918,76213,73182,69535,70162,68881,68883,70161,68882,70429,69178,68645,74455,74454,68280,70746,71845,74450,70423,69538,70917,75463,68387,68390,75459
200	30	73184,73432,72116,73430,67554,75795,68886,68885,69812,72635,72392,70425,75789,69820,74450,72630,74452,75461,72938,71612,72119,71837,75066,70916,75458
sud	30	73185,72933,71621,72629,67794,69811,73875,73684,74457,71842,69821,74455,73688,72632,68642,72630,68279,72396,75064,71836,74752,74168
quatre	30	71357,73185,71618,69533,68639,69534,67068,73683,70162,72629,67795,74449,67555,68886,67383,70744,67946,67941,70422,67943,67071,71362,75067,68383
explorer	30	71357,72932,69533,68639,73432,70163,67385,69815,68882,75790,76515,72635,70751,74455,71841,67389,71835,76209,68387,71366,74168,75459
oeuvre	30	70922,75457,74167,69536,74175,67068,73683,70163,75795,73875,70166,72392,75789,69818,72395,68279,69538,72118,70914,71835,68383,71836,68386,74750,71358,68384,71617
classique	30	73185,76210,72114,72934,76207,72629,68881,67554,68886,69178,73685,68273,73876,70747,73879,67558,67389,70743,72938,74168,68391
ouvrir	30	74749,73184,70923,73432,73430,76513,76507,69816,72629,67795,75795,67391,67390,68886,67800,68887,73876,69813,70426,74454,67558,72632,68278,75071,76208,74750,71614
pm	30	74749,74167,72114,76507,76511,70166,67553,72634,71840,74455,67941,70420,76508,72395,72118,75461,71612,75462,75063,71614,74169
puisque	30	73434,69537,72936,73432,71621,73683,68881,67795,67385,70161,67555,69178,69185,70744,69177,70745,73879,73878,70421,72632,68642,75460,70917,75066,71836,71359,71615,75063,68391
rapport	30	73434,68389,72933,69533,72113,73430,72935,73182,75797,67555,70749,68645,74457,70745,75789,68643,70421,67071,75065,68383,75463,70916,71615,74746
appel	30	67939,74167,73433,70918,75068,67557,69817,76513,68275,72629,67554,74449,72399,67794,70429,73875,75790,73876,69813,73879,75788,67941,69818,70421,68279,69539,71614,74752
nord	30	68389,73185,74172,73430,67796,76510,67794,73684,74457,71840,68281,73878,69820,72632,68642,71612,71837,71836,75463,70916,71361,71366
importance	29	72932,72113,73432,73182,69817,67387,67556,67391,67390,75794,75790,73684,69177,68283,74454,67389,69819,74453,70422,70914,71835,71837,71836,71359,74745,75458
25	29	73435,73190,72117,73432,72114,73182,67557,76511,69815,70165,75790,70170,73684,68273,75793,76516,73877,69813,73884,75789,74450,72395,68640,71612,71358,74168,75459
avion	29	70920,74167,72933,67797,76510,75792,71840,70916,74751,74745,74744,74168,71617
laurent	29	75457,73184,70919,68274,68881,70161,74453,68641,75459
construire	29	71357,68638,74749,74167,72936,73182,69535,73683,69817,70163,67387,67797,70161,69811,70167,71842,70169,72637,68643,70914,75064,75070
destiner	29	73186,73435,70920,71619,73190,72935,67796,76512,76511,70429,70165,69179,73877,67553,70753,73879,74455,67941,70420,69818,74450,67388,67943,75065,75064,74745,71366,68384
coordonner	29	69534,70918,71838,75069,72934,75068,69181,70163,70162,75794,68882,75790,70164,67801,70428,68887,69812,70749,75789,73688,72394,68642,67071,72938,70916,71359
apparaître	29	67939,73434,74167,74172,73432,71621,76213,69181,68275,72401,67385,69178,67801,73876,70166,73877,71843,68643,67388,67798,76209,71361,71359,75063,67937,74744,74746,75459
source	29	73186,68638,72934,76213,76207,67068,72115,68881,69814,69178,76514,73876,68884,68644,70745,70747,74454,71363,75070,72119,76209,73188,74168,71617
sembler	29	68389,68638,72932,72116,73430,75069,69816,68881,69814,70161,67555,73685,73876,75793,75792,72635,70744,70745,69821,70424,67388,70421,72631,75070,76209,68383,68387
membre	29	73434,72932,69533,72113,76213,73182,71839,73683,70163,76511,70170,69179,70753,68646,67941,68642,68640,67071,68383,68393,68386,71358,74746,68384
lauréat	29	72933,72932,69181,69817,68275,67383,76516,73878,76509,72938,71835,71612,71837,75066,76208,67937,74750,71614,74746,68390
situation	29	71357,75457,74167,72113,75069,73182,69535,70162,75792,67553,68281,71841,72394,70421,72939,71835,70917,68383,70916,71359,71615,71366,74169
cancer	29	70922,73184,70918,72935,70919,68881,76511,73691,74455,74454,72631,75065,75459
cerveau	29	68388,74171,74173,73184,76213,67801,68887,67802,70744,68646,73879,67389,74453,69539,73189,74752
mètre	29	73434,68389,69537,70919,73683,70163,67386,68275,68883,75794,72392,69177,75789,73688,70743,72397,68279,70916,74168
chaire	29	73182,72398,67795,70748,70426,72637,73883,67798,74751,68393,74752
auprès	29	74749,73431,73182,68274,73683,68275,72629,69815,67555,73685,70164,70748,70166,67383,72634,70753,73879,71845,74450,72395,67940,70422,70914,71616,75458
département	29	67939,72933,74172,74748,71618,67068,76513,67554,72398,68885,67944,70746,72118,71837,76209,75066,70916,74744,71358,75458,68384,74169,68385
générer	29	70921,73434,68638,73184,74748,72113,73432,71621,72116,72114,67390,75794,72399,68882,67802,68643,76508,70743,72397,74453,75064,71361,73188,71366,74746,74168
afrique	29	73185,72629,67794,73875,73684,69821,69820,72632,68642,72396,70916,75458
intéressant	29	73185,73436,72113,76210,72116,76206,72115,76511,67390,74449,67800,69186,70428,69812,75793,70749,74457,75788,68643,67558,74450,72632,72631,75066,70916,74752,68390
appliquer	29	73187,74167,71618,72117,69536,67392,75794,72399,68886,76514,75790,68887,69812,67383,70167,69813,71843,73883,67389,70421,74453,71835,71612,71361,68393,67937
charge	29	67939,73436,69533,76212,73431,67555,67801,69179,68885,69184,75792,73689,75789,72394,67941,74450,68640,70915,68390
jouer	29	70921,68388,73434,73185,72932,72116,68275,68881,70161,69815,68886,75790,69184,70749,72392,75788,73878,72631,70914,75070,76209,68387,67937,75459
essai	29	73435,68638,70918,72935,67797,73684,68885,72634,68646,67940,70743,68279,75065,70916,71616,74169
labelliser	29	74749,74172,69534,75069,76507,76511,67555,73685,75790,70428,68885,73876,73687,73879,74455,75789,72394,70420,69818,67388,76508,74453,72631,71360,68387,68393,75466
pointe	28	68638,74749,75457,73433,71838,71839,67068,68274,73683,76507,72629,76511,70165,73690,68884,67553,72636,72394,72397,75461,75070,72119,74745,71614,68385
lumière	28	68638,73436,74748,72934,70163,69182,67385,70167,70747,73688,69819,72397,72939,75070,69539,73188
ordre	28	68638,72934,70919,70162,75794,76510,75792,67553,70747,70425,67941,76508,68642,72397,73189,68391,72120
forêt	28	68389,71618,69816,73684,68283,67945,71837,70916,75458
spécialiser	28	73187,73185,73184,70923,71621,67796,73683,67385,68276,73685,76515,70166,75792,73687,67799,76508,68640,74453,72118,75461,75065,75064,71612,75464,71616,68384
étranger	28	70921,74167,71618,72113,72629,67795,70161,72399,73875,69185,67553,72393,69821,72637,76508,72630,70422,72396,71837,68383,71614,71358,74169
polytechnique	28	68638,72932,68639,76206,72934,73182,75796,69180,72398,68645,72633,74450,69819,71362,76208,71361,73188
propre	28	72933,72932,71621,73183,76207,73182,69816,76511,69178,72940,68273,69812,73876,70744,70426,70425,74455,76509,67388,70422,75065,76209,71359,71614,71616
soutenir	28	70920,69536,69816,68275,68881,72398,75794,69179,67383,68884,70749,75789,72637,72394,76508,67940,74452,71363,70914,75065,71612,68383,71359,71614
aboutir	28	70921,67939,73187,74167,73185,75069,73431,67068,72115,76511,73876,67383,70749,72393,72634,75789,74450,76508,71835,71612,71362,74751,74744,74168,74169
brevet	28	73187,74167,73184,72117,71621,73431,72115,68274,76511,67385,68273,67383,72635,71843,72634,72633,74451,76508,72630,72938,71835,71360,76208,71614,68390
simple	28	74171,71357,75457,74167,73436,71618,73183,69817,67386,70161,67794,67555,68882,67801,68273,73876,72635,72392,73879,67558,76509,74750,74752,68390
cnes	28	67939,73434,68275,70170,69179,69813,69177,67942,71836
réel	28	67939,70922,70923,76211,69534,67387,70162,67385,76510,70161,75791,67553,73879,71841,68643,76508,69819,70421,75067,74751,67937,75459
dijonnais	28	73184,69534,69817,76511,73685,75790,69812,75793,70749,71842,72634,73879,68643,72394,70420,67798,72631,68387,75459
réacteur	28	72113,72629,69178,72392,72397,75064,70915,74168,71617
commun	28	71357,74172,68639,69536,71838,76207,70919,70163,70162,68881,70164,73877,67553,73884,72393,71845,68642,71363,69538,71362,67937,71358
interaction	28	73186,70922,72937,72116,69534,73183,72115,69817,67795,75790,70749,70747,70420,74453,68279,71363,69539,72119,71837,70916,74752,68390,74168
établir	28	73190,69533,76213,70163,68883,67554,69811,70748,69185,68645,70425,72632,68642,68640,73880,75065,75064,70915,70916,68386,74750,71614,74168
salon	28	74748,73431,68274,73683,69817,70165,69543,73687,67553,70169,67941,70420,74452,72939,74746,74747,72120
demain	28	67938,72933,68639,74176,74175,67557,75797,67804,68276,67794,73876,73877,73884,71842,74452,68279,70914,71837,71359,71615,71358,75458,74752,71617
gaz	28	69533,72114,71838,73182,70162,68881,67385,69811,76514,68278,75067,75463,74745
trop	28	74167,73185,72932,69534,73183,68274,72629,70161,67555,67801,73684,68887,69184,73876,75792,69821,74455,68643,70421,72630,74453,72396,71363,67937,75458
affaire	27	68274,76512,75797,75795,68276,73875,70170,68885,70166,70749,73884,70751,71840,73878,72633,76508,71361,74746
végétal	27	68389,71618,69537,73433,72116,75069,75796,67387,76511,67385,69811,67800,76516,71845,70420,67388,70423,68279,71362,71837,75458,74169
océan	27	74170,73434,73183,73683,68883,72401,69811,70164,73684,73880
ligne	27	71357,73436,73437,70923,72114,73430,67554,76510,73876,70167,67802,70424,76509,74450,69819,71835,73189,74747,71617
vision	27	68388,73434,68638,76211,73430,70162,70161,67794,68886,70164,73876,75793,70749,70751,67561,67945,70421,68642,71360,68383,71617
vivre	27	68388,67938,74749,73185,71621,75069,72629,67795,74449,67800,73684,67383,73877,69813,69821,73688,70746,72396,71835,75458
généralement	27	67939,71357,68274,70162,76507,69816,72629,68881,67554,72401,72398,67795,70161,67794,68882,68273,75792,73877,69542,67553,70745,72395,67798,68642,75070,71835
progressivemer	27	75069,76213,67068,68275,72401,72398,67795,69814,76510,68882,67800,73684,73876,70166,72634,68643,70420,72630,68279,72396,75070,71612,70917,75462,75063,68385,75459
solide	27	74172,72113,68639,72934,74174,67068,73683,72629,69179,70166,67802,73687,70426,69177,68644,72634,75789,74454,68280,68643,70422,72119,75462,75464
inscrire	27	73435,70920,71357,75457,72936,72116,76511,74449,70161,68882,69540,69541,73876,72392,69177,67561,74455,67798,68279,72396,72118,70914,71362,70916,74747
novembre	27	68638,74748,72113,74175,68277,74449,67794,67555,68882,67944,74454,68280,68278,74452,72396,71363,71837,70916,68384,68391
âgé	27	74749,75069,67068,74449,67555,68645,72636,74454,72633,67799,74453,76208,75063,75466,74746
acquérir	27	73184,69537,76211,73432,69534,72114,73431,73683,72629,67795,69811,73686,69812,68281,75789,72637,74451,72395,72630,73881,75065,70915,71837,74745,68391
nécessité	27	71357,68638,73432,67386,76507,68275,68881,69814,67794,68882,73685,67383,67553,68643,70420,76509,67071,70916,74751,74745,68387,74744,75458,74168,71617
sorte	27	70921,68638,74749,70923,72113,72116,72114,67385,67391,74449,70161,67553,70744,72393,72634,73879,70420,76509,72631,71835,71612,76209,75458
précision	27	74171,69537,71838,73182,70919,76510,69540,70165,75791,73687,70744,69177,74450,74451,73880,68279,70914,69539,75066,71836,73189
néanmoins	27	74167,73185,72932,71621,72116,72934,73182,69817,68883,76511,67555,69540,70429,73684,68887,75792,73877,71842,72634,70745,68646,68281,67558,70915,71359,74747
modifier	27	72933,72116,73430,76213,73182,70162,67556,69183,69811,67800,75790,68887,69184,70167,70745,68646,70425,67388,72632,69539,70917,75463,75459
cnrsuniversité	27	70922,74173,73436,67387,67391,75794,69183,69540,69178,69184,72635,72634,70745,70747,70425,73688,69819,72397,72939,75070,71612,75067,73189
50	27	73434,74749,74167,70923,72116,73875,73684,70166,67944,71840,68281,72633,70743,68279,72396,68383,71836,71359,71615,73188,68386,74168,68385
salle	27	69534,69535,70162,68881,69814,75790,73876,72392,71842,68281,70746,75064
18	27	72933,70923,70918,72935,73431,70163,70162,72629,67804,73690,70428,69541,70749,73878,68280,71841,70752,67799,74452,71361,68384,73438
évaluer	27	70920,75457,69537,73183,72935,69181,70162,69816,68881,67555,67801,70428,68645,70745,71841,67798,70743,70915,70916,71361,72121
tendance	27	67938,71619,74167,73185,69533,76213,68274,72629,67794,73877,75065,71835,76209,68383,75458,74752,72120
significatif	27	74171,72933,72113,76206,76213,69181,67387,67556,67795,69814,75794,67555,69178,73685,75790,74455,67388,68642,68278,75065,76209,68387
mathématique	27	72932,69180,70161,68276,75793,69820,67071,71835,75063
installation	27	73186,68638,73432,67795,68277,69178,73875,68884,72392,70743,75064,70915,71362,75463,74746,68384
prototype	27	73186,73187,72933,69817,76513,70162,68881,67554,67383,73877,75789,67941,74450,67940,72397,71359,74751
milliard	27	72114,72934,76213,75795,69815,67794,69540,69811,69813,72392,71840,73879,73878,70424,69538,70914,67071,71360,68383,71366,74746
actif	27	67938,74167,72629,67391,76514,73877,67946,72634,73878,70746,67389,72118,75065,71612,71360,68392,74746
nutritionnel	27	74749,72116,69534,75069,76507,76511,74449,68273,68885,67798,68279,68387,74169
énergétique	27	68638,73182,67557,75796,67386,68883,67554,67385,75795,68276,68882,72940,75792,68644,68642,72631,75463,75458,68385
femme	27	72932,72935,74449,69184,72636,75788,70422,71835,71612,68387,75458
initier	27	73185,73436,74748,69536,70919,68881,76511,69815,70428,69812,73876,75793,73687,67553,70749,70424,69818,74453,70422,68279,72396,67071,71359,74745
phénomène	27	67939,72932,68639,73683,76507,73877,70426,74457,69820,70746,67558,70421,67942,74453,75070,71836,70916,74745,73188,74752,74168
mode	27	68389,74167,72933,72116,73430,75068,73683,70162,68275,70164,73876,75793,76516,68645,68644,70751,75788,72637,72394,74450,67388,72396,75064,71835
origine	26	73186,67938,68638,72933,72116,69534,75069,76213,73431,67068,70163,75795,67794,67555,76514,68885,69177,67558,67388,70423,69539,75067,67937,74744,71614
précison	26	70920,73437,70923,69533,74176,67557,69181,70162,68275,67556,69182,75795,76510,69815,67802,68884,70747,67944,74454,67941,73883,67388,74451,76508,67940,74750
publication	26	73435,68638,72113,73432,73182,67068,70919,76512,72398,76511,69811,70748,75793,70749,74457,70745,67388,72939,71837,71361,71614,68391
réalité	26	74167,73185,73182,73683,70162,70749,70421,72631,75064,68392,74746,74168
grenobl	26	74174,67796,73683,67387,68881,67554,72400,67800,70165,69186,72392,75789,73878,69819,68640,74453,71363,69539,75466,68391
résolution	26	73434,69537,68275,68885,72635,69177,75789,70424,74451,69819,70423,72939,71836,73189,68391
naître	26	73434,73184,72113,72937,73432,69534,73431,68274,68275,68881,68885,73876,75793,67553,71842,68281,73878,69820,68643,72631,72939,70917,68386,71358
économie	26	72933,73432,76207,69535,72398,75795,74449,68882,68885,75793,70753,74450,68642,75460,68383,75063,74746
évoquer	26	67939,74749,74167,72932,73184,76213,67386,67795,67794,76514,67801,75793,75792,76516,73877,69177,67561,72630,72631,71835,75462,75063
aucun	26	73434,68389,72933,72932,71618,72113,72117,72935,72115,68883,67795,75794,74449,67801,73684,73876,69177,68643,71835,70915,75066,75463,73189,74168
troisième	26	67939,68389,71357,69533,68639,73432,72114,76213,69535,72629,68882,75793,70749,72635,71842,70745,68281,75067,71361,71359,68387,71614,68385,71617
émission	26	72933,69533,72934,69814,72632,67942,68278,75070,69539,71615,74745,71617
textile	26	70921,73685,70166,73687,70751,71361
succès	26	73435,72117,74175,73431,70919,70163,72629,67554,69179,67802,69177,71840,67945,72633,68640,72118,70917,71837,75066,71359,71616,75458
mousse	26	75794,67558,74752
rappell	26	68638,73184,70923,72113,73183,73182,72629,67555,68885,75792,67553,70749,72393,74455,68643,70420,67388,76508,67798,67071,75065,72939,68387,67937
clinique	26	73435,73184,72116,70918,72935,68277,73686,75793,68646,74454,67798,67940,75461,75065,72938,71360,71616,74169
histoire	26	73432,73182,73683,76507,67795,70161,68276,73875,72634,70753,69821,75788,72630,70422,72396,72631,70914,67071,71835,74745
haut	26	72932,72936,72114,72935,69817,72398,67795,69179,73686,69177,74456,68888,69821,72633,70420,70743,70914,68383,71836,71614,71358
table	26	70921,74172,72937,72935,75797,74449,76510,69815,72400,76515,69186,73686,75793,76516,74456,70751,70752,71845,73882,71360,75462,75466,73438
poser	26	68638,75457,72114,76213,73182,73683,72401,68276,67794,68882,72940,70425,69821,68643,67798,72632,72630,68279,68383,74751,67937,74752
consacrer	26	71357,74749,75457,72932,72937,69534,67554,68276,69811,76514,70748,68885,70749,71840,67945,73882,67942,74751,67937,72121
conséquent	26	67939,73432,71621,72935,68274,67554,67391,68882,67800,68885,69812,73877,67553,72392,74455,75789,70424,70421,68279,72118,69539,75067,74169,71617
pédagogique	26	73437,70923,69536,73431,73683,72398,67795,73876,73687,68281,70421,71362
penser	26	74167,76213,72401,67795,70161,68882,72940,73684,68887,73877,69177,68283,71842,69821,73879,74455,72394,67389,67798,72396,72939,74744,75459
problématique	26	71357,74749,73183,76212,72398,70161,69178,70170,69541,67803,67553,70751,69820,68280,72938,75064,71362,68383,75464,74746,72120
montpellier	26	73184,69537,73430,69817,67392,67387,68275,69182,67800,73684,68887,67383,74453,72938,71614,72121,75464
vol	26	67939,72937,76511,76510,70165,69179,69542,69177,74450,68387,71617
revue	26	68388,68638,73184,76210,70163,67556,69815,69540,68886,68887,70167,67802,72635,71843,68280,70746,67558,72632,75064,75463,68387,73189,73188,67937,68391
cheval	25	71357,75065
avril	25	72936,72934,67068,76511,75794,72399,67555,70165,69186,69543,67383,70167,68889,72393,76509,68640,75462,76209,76208,73189,73188,75459
huile	25	70920,74749,67391,67555,76516,74457,67558,68387
cuisine	25	70920,74749,76516,71359,75063,74752
mécanique	25	73186,72933,68639,72398,70161,68276,70165,75791,73687,72636,74455,71361,71615,74751,74745,68393,75063,74750,71358,75464,71616
thérapeutique	25	73435,74173,73184,72116,69536,72115,67802,73878,75065,72938,71612,76208,68384,75459
expertise	25	71357,74749,73184,73190,76211,73432,71838,76206,72629,68885,73876,75792,72392,72393,67946,70168,70743,72939,75064,76208,72120
confronter	25	70921,67938,74167,74173,71621,69534,73182,72629,72398,70161,68882,73877,67553,74455,68643,67389,70421,72396,75458,74168
gestion	25	73434,69537,71621,69535,73683,70162,76507,68275,69178,70170,70164,68884,72392,67945,72637,68643,72939,68383
médicament	25	73187,73184,72116,72115,67390,69815,68646,73878,74453,70914,75065,72938,71360,75458
contribuer	25	73431,72398,69814,70161,68276,69179,68885,69184,67553,71842,71840,69818,67388,67798,73880,74453,71363,69538,68383,70916,67937,74746
puissance	25	68638,72934,69814,69178,68887,72392,69821,70421,72630,74452,70914,72119,74745,74168
coopération	25	67939,73434,69536,67795,69814,76511,67794,67555,67553,69177,72393,67945,72396,70914,71362,71361,68392
démonstration	25	73184,72937,69534,75068,70919,75797,70162,68881,67554,69178,70170,69179,67383,75792,70426,73884,75071,72939,71835,74752,74168
physicien	25	68638,72932,72934,67068,68881,69540,72940,68645,70745,74451,72397,67943,67937,74168,68391
thierry	25	68638,74167,70918,73182,75790,73876,67553,70426,68888,74752
tour	25	73185,72933,72935,73683,76507,76510,69815,73686,75793,72397,75461,72938,72119,71362,71360,70916,67937,74746,68384,74168
quinzaine	25	74171,74749,74748,72114,76206,73182,76507,68881,67794,73684,68646,69821,72394,76509,76508,72630,70422,71837,70916,75063,71614,75458
parfaitement	25	73436,72932,73184,74172,76507,76511,67390,75794,74449,70161,67802,73877,69177,71842,74455,73878,67558,70420,74450,76508,70421,68383,75063,74168
12	25	67939,74170,71619,73436,73182,75797,69180,68881,68277,67555,73689,70424,74451,72395,67798,73881,68279,70914,67071,75065,72122,71614,74746
traiter	25	67939,73187,72932,72937,70918,73183,72935,73431,73683,67794,69813,72393,68646,70424,67799,68642,68641,75065,75067,68391,71617,72120
longtemps	25	74749,72115,73683,69817,67794,67555,73684,73877,74457,72636,69821,73879,68643,67558,70420,70421,69539,71359,67937,74744,74746,74752
17	25	74749,73185,72932,74748,75069,76212,76507,67390,70161,68276,76515,75792,69542,70747,72395,67798,72396,75065,72939,68387,68384
fabriquer	25	68388,73433,72114,75069,76213,67068,70919,68274,67554,68882,70429,68885,73877,73879,74454,68280,67388,69819,72119,74168
aspect	25	74749,69534,76213,76507,72629,68881,67554,69178,69813,72393,72634,73880,72118,75065,72938,75064,71359,74751,68392,71614
nature	25	67938,68389,71357,70922,74173,71620,76210,73432,72934,73431,70919,73683,67554,69540,68887,70167,70747,72397,72119,75463,68387,67937,74750,68391
--	25	73184,72117,69534,75069,73683,68276,68882,69178,69541,68885,75793,72634,73689,68643,72394,67940,70743,68279,72631,67071,70915,71360,70916,72121,75458
prévision	25	67939,73434,69533,69816,69177,70745,70914,70916
expérimental	25	68388,73434,68639,73683,72401,67390,67555,73876,75793,73877,70426,69820,67798,72397
équipement	25	72933,74748,73433,67557,68274,73683,75797,76513,67554,68277,73875,68273,73876,70751,67941,70420,70914,71836,68385
décennie	25	73434,68389,74167,72932,69533,69537,71621,73183,68881,70429,73877,72635,68645,70424,72633,67798,71363,67071,71835,76209,68383,68387,71614
fonctionner	25	67938,72933,72114,72934,67796,67386,68883,74449,69178,69179,68887,75793,69177,72634,70745,70420,76508,72631,75064,74168
livre	25	67938,76213,72401,67794,68882,74457,70914,71835,68383,71359,75063,71366
40	25	72933,72114,73430,75069,76207,73182,72115,67556,67391,69815,67794,73875,75790,76515,72393,73688,72633,67389,72396,75071,71362,75066,71361
gérard	25	68638,72113,72934,73182,67794,75790,72634,72630,68279
parce	24	67938,68638,73185,73430,76213,73431,73683,76507,68881,76511,67794,73877,70745,69821,70424,72394,72939,68383,71359,68387,75458,74752
réalisation	24	67939,68638,75457,69533,72116,75068,70919,73683,76512,68881,72399,73875,68885,72392,72393,71842,70753,67798,67940,70743,68386
découverte	24	73434,74748,72117,73183,73683,72401,76515,68887,71843,70751,75788,70424,72632,74453,75071,71612,71837,74750,68390
carte	24	73186,69537,69535,70162,76507,67554,73684,68885,69812,69813,72392,73879,75788,74450,76208
charger	24	70921,67939,72932,72116,73683,69178,75790,69179,70428,70749,69177,74456,72393,72634,73688,74450,72630,70422,74746,75459
fournir	24	67939,74749,72932,71618,67796,73683,70162,69816,68886,69178,69811,70424,68640,72118,71362,76208,71836,68391
solaire	24	73185,73436,72114,67796,69814,67800,72940,69179,70167,68884,72393,70747,75789,71836,74744
bordeaux	24	68388,74749,75457,72117,74176,73431,75795,67391,67801,75793,68646,73882,70422,68641,75067
fondateur	24	73185,73184,72114,76207,76511,76510,69815,73875,70166,68643,67799,74450,74451,67071,76208,75063,71614,74746
communication	24	74173,73190,76206,70162,74449,70429,73685,68887,76516,72393,70747,70168,67945,72632,67942,68641,75463,71359,68387,74746,68391,75459
électronique	24	73187,73190,72116,72114,67068,67554,69814,75795,67390,70165,69186,70166,70167,70168,68280,70423,75070,71359,68391
froid	24	74167,67557,68273,72393,74752
savoir-faire	24	74749,73184,73190,72114,73683,67795,70161,75792,67553,72392,73884,67946,72634,73689,74455,70168,76508,68279,74745
facteur	24	73434,71357,72113,73683,67556,74449,67555,68886,75790,70749,70425,72396,75064,70917,74744,75464,74168
raison	24	70921,67939,68389,69537,76210,72934,76507,67795,69183,68882,69811,73685,70165,75792,69821,73878,67558,68642,75065,70916,74744,74169,71617
franche-comté	24	74749,73184,74172,72116,69817,67795,68885,70166,71842,70745,74455,67388,68279,72396
laitier	24	68273,68885,72634,72394,67388
prévoir	24	74749,72117,72936,69534,73183,73683,69816,72629,69815,68886,71842,70424,74450,74451,70421,68279,75064,75463,70916,71616,68384
divers	24	74167,72116,69534,67392,75797,67556,67554,76511,67800,69541,70745,70425,70424,72394,72395,71363,71612,75066,72122,71616,75458,68391
client	24	74749,76211,72114,68274,76507,72629,68881,73685,73875,68885,70166,75792,67553,73879,73878,72637,72395,75461,74169
2008	24	73435,73434,74171,68389,69537,73432,73182,76512,72629,70161,68885,69812,70166,68646,74454,71841,68279,68641,74746,75458,74169,68385
biologie	24	74173,71620,73183,67068,72115,67556,72398,67390,75790,69812,68643,72397,74452,72631,67071,69539,71837,75067
caractéristique	24	71619,72113,72114,70919,67387,76511,75794,68276,67555,69186,75793,70426,70747,73879,67388,72632,70423,75461,69539,71836,74750
cesser	24	75457,72933,72932,71618,72113,73183,69535,70161,70429,67383,73877,72635,72631,69538,72938,70917,70916,74745,68387,74752
rupture	24	71357,68638,76210,76213,67794,68886,68273,73686,72637,72633,74451,75066,71358,75464,68384,73438,75465
ancien	24	72113,73433,69536,76213,73431,73683,76512,72629,70161,73875,73877,72393,70424,74450,69819,72630,70422,75071,68383
collègue	24	72932,73182,75794,69183,68886,69812,69184,73876,67383,70167,72636,72394,72630,72631,75070,67937,74750,68391,75459
philippe	24	71357,72937,71621,67802,73877,72394,70421,72631,68641,70916
présence	24	68388,68638,73185,71618,72936,76210,73183,73430,70919,68274,70162,74449,73875,68885,75792,69542,68888,70424,75460,74744,74746,74168
concours	24	72932,73190,76212,76207,73683,75797,72401,73684,73689,73878,72394,76509,75066,71614,71358,75458,75459
défense	24	72937,76511,67553,69177,75789,68279,76208,71836,71615,74745,67937
carrière	24	72932,73430,67068,73683,70161,70165,73684,69812,67383,71842,73879,74455,72394,71837,75063,67937,68392,75459
bactérie	24	73432,71621,76511,67385,69815,69183,70746,74452,67937,68385
vigne	24	69537,76512,69182,76511,73684,73877,68387
distance	24	74170,73434,68389,74167,70923,72934,68883,76510,68882,69811,73686,70425,70424,74450,70421,71362,75458,71617
placer	24	67939,70920,76207,69181,68883,68277,69182,70161,67800,69179,70425,70424,72637,67558,70420,72395,68279,72119,74752,74168
accueillir	24	68638,74172,74748,69536,74175,73430,75797,70170,69179,69542,68889,71842,68888,67945,67940,72396,71362,72122,68392,71358,75464
capital	23	73434,72113,73432,72629,67390,76510,70161,67794,73875,73686,72392,73879,70746,74451,72631,70914,75460,71360,71361,71614,74752,74168
mine	23	74167,68639,74175,73430,73182,70161,70165,74450,71614,75464
perspective	23	70921,67939,69537,74174,69816,72398,67795,67804,69540,67800,68887,69184,73877,75788,70752,67558,72632,71363,76208,67937,75466,68390
100	23	73190,73432,68883,69814,70165,75793,75792,70167,72392,70425,75789,73878,73688,67941,67388,74451,75065,70917,71836,70916
parfois	23	73434,72933,72932,72113,76211,76210,73431,72629,72401,76511,73685,72940,68643,67388,72630,71835,75460,67937,75458
robotique	23	73190,75791,67383,72392,73884,67945,72122,75466,71614
valeur	23	70921,70920,72933,73182,69535,76511,68276,69540,69811,70748,73876,72637,72395,72939,71358,74169
emballage	23	75069,67557,76514,72634,75462,75464
infrarouge	23	69537,71839,67796,70163,76512,67392,69186,70424,70420,71836
demande	23	67938,75457,76206,76512,76507,67794,73685,73877,68888,74455,68643,72633,76509,69538,71835,70915,75462,76209,71836,74745
différence	23	67939,74173,72932,72117,73430,76206,67387,67555,73875,73876,75793,75789,67389,67388,70421,72397,68641,75463,74745
commercial	23	73434,70920,71618,76206,72629,69811,68273,68885,67553,71840,73878,68643,74451,69538,75461,68383,73188,68392,71616,74747
retrouver	23	68389,71357,75457,72932,72937,73430,67068,76511,68276,67801,69184,73879,75789,67558,72631,75064,71835,71359,73189
automobile	23	68639,68274,73685,70748,73884,74455,68280,76508,68642,70914,75066,68383,75063,71358
indispensable	23	74167,69534,68274,67795,75795,70161,69183,73685,67383,75792,68645,71842,73879,74451,72396,70914,75064,74745
bord	23	67939,73434,72933,73190,73183,68883,69811,70165,69179,69542,68645,69177,68644,72634,70424,76508,68640,70917,68383,71836,74751
drone	23	70165,73877,75788,75789,74450,75066
passage	23	67939,73184,73183,73430,76213,73683,68881,75792,72635,69820,73688,68643,68640,72118,75462,71836,74168,75459
pourquoi	23	67938,74173,73185,73433,73430,72115,76511,69178,73877,70749,72392,70751,67389,72396,72631,71612,71359,73188,67937,71614,74752,75459
disponible	23	69535,67557,68881,73684,69184,73876,67802,68646,67388,74451,76508,70743,72630,72397,74453,68279,71363,75065,71612,75462,74745,74750
car	23	67939,68389,73432,71621,73183,76206,75797,76511,75794,70161,73684,75793,70744,69821,74455,70421,70423,72396,71835,75067,67937,75458
fibre	23	70921,72932,72934,70167,70751,68641,71614
discipline	23	72932,73431,73182,75797,70161,72940,75788,67071,72939,71835,71837,76208,70916,71359,74751,67937,68386,75458,68391
polymère	23	73436,76210,76514,70167,72634,70423,75065,71612,75067,74750,75464
équiper	23	73186,74167,73190,73432,72114,70163,67386,69811,70426,68644,70745,75789,67941,70420,70421,67940,68640,68279,70916,74745,74168
participant	23	70921,68638,71619,72937,73683,75796,75795,72399,73691,73877,73884,72634,67944,73689,70169,69820,73882,71363,75464
intérieur	23	72932,69817,67387,68881,70166,70745,70420,69819,70421,73880,72396,75064,69539,75462,68387,74168
agroparistech	23	68389,69816,68275,67795,73685,72637,67799
février	23	73434,72932,69534,73430,69181,73683,70162,70161,69179,69541,69185,69177,72397,69538,67071,75071,75463,70916,72121,75458,72120
exceptionnel	23	72932,70163,76513,70162,69182,70161,68276,70748,69543,67383,73877,69177,73878,70420,70421,70743,70914,71837,71836
récemment	23	67939,73436,72932,73184,72117,72116,73431,73182,70161,73685,73875,68885,69184,73876,67553,71843,72630,68279,71837,68383,74751,67937
occuper	23	74749,74167,69533,72113,73430,73182,67795,70161,67794,67555,69540,75790,69813,68645,72393,73879,72630,68279,70914,75070,76209,68383,71361
efficace	22	73187,74173,68639,72935,76213,67068,67554,76511,67385,70161,68887,69813,67553,71843,72393,70747,73879,75789,76509,75064,73188
vitesse	22	73434,68638,67554,75794,69540,68886,70744,70420,73880,72396,70914,68390,71617
pathologie	22	73435,73432,69534,73431,76507,76511,69815,69813,67799,67798,74453,75065,75067,68387,75459
suivi	22	74171,73185,69537,71838,70162,76507,68881,76511,69811,70428,68273,68885,69813,70749,73879,76208,68387
2000	22	73434,73436,72113,71620,73432,73183,73182,73683,72629,69811,73875,68281,72633,76508,70917,71615,75063,68392,75459
couvrir	22	73434,71357,74749,72113,73683,70162,72629,68881,67555,68885,69812,70753,72637,76508,72939,71612,68392,68386,72120
prise	22	73187,69533,72113,76213,73431,74449,70161,67555,68886,67801,73684,72393,71836,68387,75063,75458
aventure	22	73434,72114,73183,76207,67068,73683,72629,68881,73875,72634,76509,74450,70421,72631,71835,71359,74168
congrès	22	72932,72937,72116,76511,74449,73685,76515,70166,74456,69820,76509,73882,72396,75462,76209,75459,72120
élevé	22	71357,75457,73436,72932,68881,67554,69182,67385,74449,72394,70917,68383,74745,68387,71614,74168,74169,68385
appuyer	22	68638,74167,69533,73182,68274,76512,72629,67795,68277,70161,67794,68273,75792,70424,72637,71845,69538,68383,75463
system	22	71838,70919,69181,69178,69811,70165,72633,71359,71614
cluster	22	74748,76212,73691,73687,67553,73689,72396,74746,68384
opportunité	22	71619,74172,73183,73430,73683,75795,69815,73691,70166,72392,72637,71845,74450,70422,71612,76209,74745,71358,72121,74746,74747,75465
optique	22	72932,72934,67068,76507,67554,69540,69811,70747,74451,68641,75070,71837
infrastructure	22	71838,69181,73683,76510,73875,70165,69812,74456,75789,74450,70914,76208,71617
24	22	75457,74167,73185,72933,74172,74176,73683,68275,69811,76516,69177,69820,67945,68640,69538,70914,74746
orbite	22	67939,73434,69811,69179,69177,67942,73880,71836
apprentissage	22	75457,70923,73430,76206,67556,67555,70164,73876,68888,68281,67389,75071,75063,71358
ministre	22	72933,71620,73182,67068,69177,74456,72393,68888,70914,67071,70915,71837,74746
contrat	22	75457,72114,67796,72629,73685,73875,69541,68643,67798,72630,68279,71361,68392,75464,74746,68385
membrane	22	72116,69183,67800,68273,72634,72397,75462,75067,68387,71616
choisir	22	73185,72113,67796,67386,67555,73875,73684,73876,70744,68889,74456,72393,70753,67945,70421,75071,75462,75066,75458,74752,71617
terrain	22	73185,74172,73430,73182,67068,68274,67387,68275,73684,69813,74457,69821,75788,68643,74450,67388,70421,68383,70916,75458
gras	22	72116,69534,75790,67558,72631,68387
particule	22	68638,76210,73183,72934,70919,69540,69178,68645,68644,70747,73688,70914,71612,68390
présente	22	74173,73184,76210,73432,72934,68274,67795,69183,68273,68885,73687,68884,72635,73879,67941,70421,72396,75462,75067,71836,71366,68390
analyser	22	71620,76207,70919,70163,69182,67555,73685,73879,72637,67388,74452,72118,71359,68391
relation	22	71357,72113,76211,73432,76213,72401,75795,70161,69541,70166,70745,72637,72394,72395,67942,70422,67937
opérateur	22	71357,75068,70162,76510,70165,75791,72392,74456,75789,74450,70421,67071,75064
machine	22	70921,74171,68638,72933,72114,72934,67386,76513,75791,72393,67945,75064,74168
univers	22	71357,68638,72932,76206,70163,72401,73878,70424,70421,71835,71359,75063,74752,74169
proche	22	71357,76210,70163,67392,74449,68276,67801,67383,67802,70425,75789,70424,68643,70420,67388,69819,72631,71836,71617
doter	22	72113,73433,69817,76507,75791,68273,73876,72634,70753,68281,75788,72633,70420,76509,70421,75064,75066,75063,68391
valider	21	67939,69537,70918,75069,72934,67797,67385,74449,69178,73875,75793,72634,74453,67071,75064,75067,74168
complémentaire	21	67939,71618,73432,76212,68881,67555,68882,73875,67553,73884,68644,67944,75789,67388,70915,71836,71358
porte	21	74749,72932,73437,70918,73430,69535,76515,70751,70745,67945,67799,67798,72632,68279,70914,75071,71362,74746
essayer	21	73185,73431,72115,68275,74449,67794,67555,75790,73684,70428,73876,75793,75792,70745,75065,75458
imagerie	21	73431,67068,67796,68275,69182,67391,76515,69186,73877,69819,75067,73189,68391
décision	21	75457,70923,73182,70162,72629,72398,68276,73684,70166,73877,73687,67553,68645,69177,72939,75064,74751,74169
entier	21	70921,67939,72933,73431,68274,69181,69183,70429,69811,67800,76515,67802,72635,73880,71612,71837,71359,74745,74744,75459
moment	21	67939,73187,72932,73183,67068,72629,76511,67555,73691,73685,75792,70749,69177,68643,67389,75065,75064,75063,71617
organisation	21	67939,71357,71619,75457,73185,73430,76206,72935,69535,72629,70166,74457,67944,75788,70746,72637,67798,70423,74746,68384
compter	21	73186,75457,72932,76211,73432,69817,70161,69183,67794,73685,67553,70753,70169,68643,76509,75066,68387,75063
chef	21	70921,71619,74749,74172,72113,74176,75069,75068,68274,76511,70166,75792,72395,70916,75063,74744,75458,74752,74168
cas	21	71621,68274,67556,67554,73684,73876,70166,69185,68646,74454,70421,67798,75065,71835,76208,75067,70916
serre	21	69533,72114,71838,69817,69811,70165,71842,70420,68278,75463
atout	21	74167,73185,72114,73183,76206,76513,72629,73875,69812,70166,75792,73687,72635,72392,67944,74455,75789,68280,74744,68390,73438
existant	21	70921,71620,72114,75068,67386,67387,67795,67555,68887,68885,75792,73687,70745,73883,68642,74453,72118,71362,75067,75458
thales	21	72934,71839,70162,75788,75789,70421,67940,71836
rappelons-le	21	69533,72113,71838,76206,70919,69816,73875,73687,69177,68283,68281,72632,68640,68641,75064,71836,67937,74746,68390,74168
bien-être	21	74748,76511,75793,67798,74752
complet	21	74170,72117,73431,70919,67557,73683,67554,70161,69179,69541,73686,75793,75792,72392,69818,74450,70421,74745
retour	21	73185,72932,72937,76206,73431,69535,73683,72629,72399,73690,73877,67553,72396,76209,68387,75458,75459
japon	21	68638,72117,72629,69811,73875,67383,69185,72392,74455,67942,73880,67943,72396,75064,70915,76209,74746,74168
aborder	21	70921,72113,72937,73182,67392,72398,67794,67555,76514,70170,67803,72393,73879,70169,74452,71363,72938,71362,72120
réduction	21	71357,73184,69533,68639,73433,69814,75790,68279,70914,71615,71366,71617
axe	21	74748,68639,73430,68883,67795,68882,73875,73684,69812,72395,68279,72631,67937
atelier	21	74748,75068,75796,76513,68882,76515,68885,67946,72636,70169,70915,71359,73438
enjeu	21	67938,71619,71620,71621,74175,69535,68275,68882,72392,69820,70752,67388,67071,76208,68383,73188,71358,68385
tard	21	71621,73430,68274,76507,72629,68881,69811,69812,69177,72394,74450,67798,72630,68279,71835,70916,75063,67937,71614
m	21	73185,72114,76206,67068,70919,68274,68883,76511,76510,68886,69179,67383,70424,72633,74450,67937
puisqu	20	67939,73431,73182,70162,67795,76511,67391,69540,73875,69812,67383,69813,74450,69819,70421,67071,75064,71359,74168
difficulté	20	67939,67938,74167,75069,72934,73683,68882,68643,70420,76509,74450,76508,71614,74747
capteur	20	67796,67386,68881,68883,67554,70425,69818,70421,75460,71359
pompier	20	68274,70162,70421
paris-sud	20	72932,69536,67386,69816,69183,69178,70748,75065,75063,68392,74752
synthèse	20	73436,71620,76210,73182,67556,67390,67800,69541,70167,72118,72119,73189,68390
totalement	20	71621,69181,73683,76507,70161,67555,69540,75793,70749,72635,69177,71841,74450,70421,68279,72939,75064,75063,67937,74169
evénement	20	71620,74176,76212,75796,75795,72399,70170,76515,73690,67803,76516,68889,73884,73689,69820,67945,70752,72939,72122,75465
chimique	20	68388,73436,72113,76206,70162,68881,76511,67800,76514,75792,67558,67388,72632,72118,70914,74750,68390
mobile	20	74171,72116,72114,69181,67386,75792,70746,70420,76509,76508,68279,70916,71359
partager	20	72932,74172,72113,74176,71838,76212,72115,67794,72393,70745,73689,69821,67388,75461,76209,67937,71358
siècle	20	72932,69533,73683,70163,75795,70161,68276,73875,69821,73688,72939,71835,68383,74752,74168
oeil	20	74171,68274,76512,70161,70744,68643,70420,67388,68641,70915
in	20	68388,73184,73190,67557,68277,67385,75795,73877,68645,74455,70420,67389,75064,71837,68383,71615,74168
60	20	74173,72117,73182,73875,73684,75792,74456,70753,68646,72633,67558,72394,72395,68640,71362,67937,74746
expérimentation	20	72113,76207,73683,67385,67555,69179,68885,75793,73877,71842,70743,68279,70914,74168
mémoire	20	73184,67386,67554,69540,76515,68887,73876,73879,67798
bruno	20	72113,73430,73431,72633,76508,67937,71366
gérer	20	70923,71838,73431,76507,69182,69814,76510,69812,75792,73877,68643,76509,74451,70421,71360,74751,71616,74747
amélioration	20	73435,72117,73431,68273,68885,73877,68646,74450,74451,76508,67798,68279,71612,75066,68387,71366,75464
quasiment	20	74167,72933,72932,72113,73432,72629,68881,73685,73684,73877,72636,69821,68643,72631,72939,71362,71359
choix	20	75457,73185,73436,72933,72932,72114,76206,72940,75792,68644,71840,69818,72631,67937,74744,75458,74168
commercialiser	20	74167,72933,72935,76207,68274,76510,69815,68273,73879,74455,67941,74450,72630,72118,76208,74744,71616
offre	20	67939,76211,75068,69535,72629,72398,72399,76514,73687,70749,72637,68643,70421,75071,71361,71359,71358
vite	20	67938,74167,70923,73430,75069,67068,68881,70161,67383,70420,74450,72630,70422,71366,75458
localiser	20	70921,72116,70919,76507,74449,76510,70165,68646,74455,71841,67389,70743,68278,68279,72938,69539,71616,75459
chercher	20	75457,73436,73183,73430,76213,67068,72940,68885,67383,69177,68283,70745,72630,71612,67937,71614,71358,74168
dimension	20	67939,73434,75068,73683,67554,69182,73876,75793,74456,75788,70424,70746,71837,76208,75458
récepteur	20	67939,72116,72115,69181,75790,69184,73878,72631,67937
initiative	20	71619,75457,72113,68639,72117,67387,68881,70161,76515,69179,73876,69820,76509,72396,70914,67071,75067,72122,68392
exercice	20	71357,74167,72932,74172,69533,69535,70162,76507,70744,72633,76509,70421,70915
auxquels	20	74167,74748,73432,67068,73683,69817,76512,68275,72629,70161,69178,70166,69177,70425,75788,68643,70421,69539,75458
iter	20	75064,74168
emploi	20	71357,73437,74748,72114,69535,73683,76512,75795,70164,73684,76516,73687,72392,68643,69818,68383,71366,74746
verre	20	72934,68886,71842,68280,70420,69819,68387
servir	20	74170,68638,73431,72115,70162,69183,67555,69811,70744,68645,68644,70425,72394,74450,70421,73880,72119,71359
fondamental	20	73186,73184,69536,73182,67068,68881,68277,68882,67800,75790,70748,73879,68280,72630,74453,70422,75460,67937,68384
lire	19	67938,71621,76213,72401,68276,70429,72940,74457,68283,70753,69821,70914,71835,71366,74752
représentant	19	70921,68274,70163,70162,70164,69186,69541,68885,73877,69542,70749,75788,70422,72396,75071,75064,74744
caméra	19	73186,71839,67796,70162,67554,69540,73879,70424,70420
diagnostic	19	74171,74173,72115,68881,76510,69815,67794,70165,73686,70426,68646,74455,71845,75065,68383
combustible	19	71619,74174,67797,69178,75792,68884,72392,70426,68644,75789
bâtiment	19	68277,73875,75792,69185,71842,70751,70169,68280,70420,73883,69818,70421,75071
force	19	67938,71357,73184,72937,70162,76507,68275,68883,76510,68886,67799,72397,70914,71835,72119,68383
pierre	19	74172,72117,76213,68273,69812,71842,74450,73882,70421,67798,70743,70916,67937,74744
militaire	19	68638,74167,72113,72114,71839,67796,67386,71840,73879,71836,68392,74744,71358
seb	19	75069,75793,73879,72394,76509,67798,71359
michel	19	73187,68638,73184,76511,72400,75793,73879,73878,74450,68279,70914,75461,68387
fil	19	72113,73432,73683,67386,76511,68276,68885,67383,73877,67553,71842,68646,76509,75066
and	19	68638,72113,71838,76207,67557,70162,75795,69811,68645,72393,67945,68278,69538,71837,68387,68386
aquitaine	19	72117,74176,73431,75795,67391,73687,67553,75067
2009	19	71619,67068,76512,67554,67385,68882,73691,76514,73684,68273,69541,73879,73688,67945,73883,68641,68386,71616
opération	19	71619,72937,73683,70162,67797,72629,72392,69177,70424,75064,71836,71614,75458,71617
nourrir	19	74749,72932,76213,73182,72398,67385,67794,72940,74457,67071,75460,76209,71366,75458
nom	19	67938,72932,68274,69815,69540,73875,67800,70166,69177,76509,67389,68642,71835,71361,71358,74169
design	19	74176,75068,76513,75790,73876,70751,75788,70423,71836,71359,75466,72120
entrepreneur	19	73435,73185,72933,72114,68274,76511,73685,73684,76208,71614
collecter	19	73434,74749,72116,72935,69181,68883,74449,67794,67555,69811,70428,70749,75788,70424,73880,70916,68391
échantillon	19	73432,70919,68886,68885,69812,69177,67388,69819,76208,75067,75458,68391
démontrer	19	73434,73184,70162,67556,68883,67390,68882,68886,69811,69179,73686,70167,67553,70746,67558,72122,74168
avérer	19	74167,74173,71618,72113,76206,72934,68274,74449,73684,70167,73877,70425,75789,74450,74452,74745,75063,67937,71614
nanomètre	19	72116,72934,70167,72635,70747,67558,74451,72397,70423,75065,72119,68391
intégré	19	67939,74175,73183,76206,70163,70162,67797,67554,68882,73685,73876,69813,69818,75071,71836,71614,74168
champ	19	68389,73433,67068,69817,69182,70167,69177,74457,70421,73880,67071,72939,76208,71836,72122,74750,71366,72121,74168
âge	19	67068,74449,67555,70428,67553,70749,68646,71841,67388,74453,68387,74746
varier	19	67938,74167,74173,68639,72116,67068,70919,68274,67554,70161,68886,70745,72394,67388,73881,71363,71837,74744,75466
définir	19	73436,71620,76212,73182,67556,70164,73877,68889,73883,76508,72395,67798,68279,69538,70915,68383,71359
ministère	19	72933,72113,73430,75068,69181,73683,76513,69180,68277,73687,69177,72393,68888,70169,70914,76208,74746,75458
déplacer	19	72933,73182,70162,68883,69182,75794,67383,69813,70744,73688,67941,70421,72396
cosmétique	19	73433,73685,70166,67946,67558,72630,72118,75067,74744,74750,75458
volonté	19	75457,73184,74172,70923,73430,68881,70164,73687,67553,72392,70745,73879,68280,68643,68278,71362,76209
constater	19	67939,74171,68389,76213,68275,74449,67555,69811,67801,68885,70166,67553,68643,70917,68383,68387,67937
2007	19	73187,73184,69533,72113,72117,69537,73683,69817,68881,67795,69812,67553,71840,70917,70916,71616,74169
relativement	19	71357,73185,74172,72934,73683,72629,72401,73875,70749,72635,68643,72630,68383,68387,74744,71614,75458,74169
avancer	19	72932,68639,76211,69814,70161,68886,70167,73687,70426,69177,74457,70751,75461,75065,75070,75458,74752
composition	19	68389,72116,69534,69815,69178,75790,67388,72397,74452,71612,74168
master	18	69536,76206,72398,67795,68276,70748,68888,70422,71362,68392,71614,71358
architecture	18	72934,70162,69182,67390,69185,72635,68644,73879,70424,67558,75066,74751
maîtrise	18	69535,73683,70163,72629,76514,68885,72392,69177,72633,72394,70915,76209,71836,74745,68393
alliance	18	70919,68275,68881,69814,73876,68888,76508,67071,72939
réunir	18	75068,74174,75796,76513,75794,69815,67804,67555,75792,68884,69542,72393,69820,68279,67071,75462,67937,72120
osseux	18	73431,69184,71612,75067,71616
nanoparticule	18	74174,76511,70429,68644,70747,75065,75067,74750
perception	18	69534,76206,73685,76514,75790,75793,76508,72395,72631
assemblage	18	72116,73683,67556,68882,73876,70167,72636,70746,67558,75064
venin	18	72115,71843,73878
académique	18	74171,72117,73432,75796,67386,75793,67946,68278,70422,69538,70914,75065,71360,75067,71614,74168
stocker	18	73432,70162,76511,72940,68273,69184,75792,68884,70426,70914,69539
ville	18	72113,73182,67068,69535,68277,76511,72400,67555,73875,73690,67383,68889,68280,72396,67071,72939,75466
artemis	18	73884,71842,68279,68393
accès	18	71357,73437,70923,69817,67387,68275,75790,75793,69821,73879,70420,72630,74452,68279,70914,67071,74747
vieillissement	18	71357,68277,74449,76515,67798,71360,68387,75063,74746,75465
etat	18	71357,75457,74167,74748,73433,68275,69179,69185,68884,70169,72633,67941,72395,68279,75458
chiffre	18	68638,68274,76512,68276,73875,68885,70166,71840,73878,72633,76508,71361,74746
efficacité	18	70922,74176,72935,72934,75796,75795,69541,73686,75792,67802,71842,75789,68279,75065,69539,73188,71614
résume-t-il	18	67938,72933,73184,72113,68274,72629,73875,75790,73876,67383,73877,69821,74450,71835,71359,68387,74169
adhérent	18	74749,73184,74172,76507,68273,70166,67553,70745,72396,76209,71358
plaisir	18	74749,72932,73182,74449,73684,72631,76209,67937,74752
juillet	18	75457,69537,69817,75796,73877,70747,73688,70746,70420,70743,70914,75065,75460,71614,74746
surtout	18	67938,68389,74167,69533,73432,70161,67794,67555,69540,76515,69186,74457,67558,67798,75063,75458,74169
revanche	18	67938,73183,76207,75794,68882,69540,73875,68644,72634,75789,70421,72631,71835,75462,71359
diplôme	18	75457,72932,73437,76206,72115,76513,69185,68888,72394,71612,71362,68392,71614,71358
composite	18	74167,68639,69179,68644,69820,68280,71361,75464
contraindre	18	74167,73185,69534,70163,67387,69182,72399,68882,69812,70747,72394,70420,71362
preuve	18	74167,74172,72113,76206,73431,67795,73684,73686,71840,69821,76508,70421,68383,71359,67937,75458,74752
final	18	74167,76210,70162,69814,75795,74449,68882,70428,70166,68645,69177,72393,72637,67388
renouvelable	18	73185,73190,76514,68884,69818,70743,70423,71363,69538,72121,75464,71617
éolien	18	73185,69814,72940,70743,68642,75463
fondation	18	73185,72936,73183,73683,73875,70748,67383,68888,67940,74751,68393
principalement	18	68389,71357,72932,73184,69537,69536,76206,73431,67390,69815,67553,73878,68642,75458,75465
voie	18	73436,73184,72116,75068,74174,70163,75795,67391,67390,74449,76510,68882,70426,74454,74450,72118,74169
main	18	72933,72932,73432,75795,68276,67555,75791,70744,72636,76508,70421,75462
for	18	72932,72113,75069,67557,69180,68275,68881,69811,70164,67945,75065,71615,72121
nanotube	18	67390,70425,72397,74750
excellence	18	73184,72114,69181,68275,70161,73876,73687,70422,72938,71837,71361,67937,72121,75459
lipide	18	73184,72116,67800,72631,68385,75459
biotechnologie	18	73190,68277,73691,67946,74455,70168,67388,75071,72121,68384,68385
arriver	18	73187,74167,72933,73184,75069,72629,68881,73685,75792,73877,72392,75789,68643,76509,75063,67937,74168
éviter	18	74167,69534,72114,70918,75069,73683,67386,76511,76510,67794,72940,67801,75792,68640,71612,71836,71366
mot	18	74167,73437,76213,73182,76507,69179,67553,70744,74455,70420,76508,71835,68383,74746,74752,75459
inde	18	67939,69180,67553,69177,72393,72630,75064,74168
rassembler	18	74170,76212,75068,76207,67557,67386,67387,75795,70170,70164,68645,73884,70753,70424,69818,71359,68392,75465
financier	18	67939,73186,68389,74167,73185,69181,73683,72629,75795,73685,69177,72637,75461,71614,75465
faciliter	18	70921,73187,72932,73184,74748,70923,70918,75069,68275,69814,75790,70744,70746,67558,67389,72630,71359,74746
courant	18	73434,70920,74749,76210,68274,73685,67801,70167,72635,72634,74450,72397,75461,75070,73188
profil	18	67939,73430,76212,76512,67795,75792,67553,72394,76508,73880,75071,71358
liquide	18	67939,75794,69540,70166,70426,75789,68280,70746,69819,72397,75462,74752
confirmer	18	73434,69533,70918,73683,69814,76511,67794,69811,67801,70424,68643,67388,72396,71617
évoluer	18	67939,70923,76213,70163,68275,70161,73685,67553,74454,67389,70423,72631,71835,76209,71366
lanceur	18	67939,69179,69177,75789
300	18	74170,76210,73430,72935,75068,75797,76507,68883,67554,73875,69543,75793,75065,71837,70916,74747
préparation	18	67939,71838,75069,76511,69179,70749,71843,67388,67942,71363
naturellement	18	68388,74173,73182,76507,68882,73684,68273,70166,71843,68646,72394,74450,76508,71612,68383,68387,71614,75459
inaugurer	18	70921,71619,68639,73433,69535,69817,68277,69178,73875,68884,70751,70420,68278,70914,74751,68393,68385
souris	18	68388,74173,73184,68887,69184,67802,72631,73189
favoriser	17	70923,69816,72398,73684,73690,69541,70166,69813,70751,68642,68641,70914,71615,74746,68384
noyau	17	72113,69178,73877,67943,74168
ceer	17	69533,72114,72629,67554,76510,75792,72392,74451,70421,68640,67071,75463,74744,74168
rendement	17	73436,67385,73684,68885,67388,72630,75066,75458,68385
pierr	17	69533,76213,68277,71842,70424,68643,67799,75070,75460,71360,75063,74746,68384
compréhension	17	69533,72113,73431,68881,67794,69811,73877,70426,75788,70420,76508,69819,67942,70916,71359,67937
semaine	17	72933,72932,72629,68883,69183,76515,67801,69185,70169,72394,72396,75460,70916,68387
stress	17	72933,73184,69182,76511,67801,67798,68387
adaptation	17	67938,69533,67803,73877,69813,70420,67071,71837,70916,75458
articuler	17	74172,74748,68639,71620,74176,73430,72400,70426,71842,68279,71361,75466,72121,75459,71617
recruter	17	70923,73430,73683,70161,75790,67801,69812,67383,69185,68888,72631,71358,71616
etude	17	73434,71357,72932,73431,70163,76515,69541,72634,72119,71362,75067,70916,68393,75063,68392,71358
génie	17	73190,72937,70161,72393,73883,75071,71362,71361
fusion	17	67795,72392,75064,74168
retenir	17	73185,72932,74748,69533,75068,70162,76507,70753,73879,75789,69818,71835,76209,68383
module	17	71618,72114,70162,76507,67554,67390,68273,75793,74451
assister	17	73190,73183,72629,72398,70165,75790,68885,69185,67941,72396,70917,75063,74744,71614,74168,71617
évidence	17	74172,72116,73683,76512,74449,70161,71843,67389,67798,72632,67942,75067,71836,67937,74744,75459
posséder	17	73185,72932,76211,76213,72115,72629,67390,69815,73875,69186,73687,72393,70425,73879,75462,75067,68392
atmosphère	17	67939,73186,73434,73183,67557,69811,68273,70916
période	17	67939,71357,75457,69533,72113,73432,67555,73877,70749,68643,70916,75459
enthousiasme	17	68638,73185,73430,72934,67068,73685,67553,69177,71842,72634,73879,74450,74451,70422,71359,75458
abriter	17	73434,71621,76213,76207,73431,69817,73687,72393,71842,70743,68279,68387,68393,75063,71358,74746
augmentation	17	68389,75457,73184,69533,69534,72934,69816,72635,71840,73688,67942,75065,75463,68387,71614
airbus	17	70920,72933,67797,72636,68383,74745,71617
cartographie	17	73186,69537,72629,69811,69813,72392,67944,75788,75789,70424,67389,71836
signal	17	73186,72116,72114,67555,70749,70747,73879,67945,74453,68279,69539,71837
amérique	17	70920,73185,67796,76510,73875,73878,72632,68642,72630,71366
détection	17	73186,74167,73432,76207,67554,69183,69186,67553,71840,70425,73879,72633,72631,75460,71836
caractériser	17	67938,73437,71620,75069,69817,67556,76511,75794,67800,68887,69813,67799,70420,67071
débat	17	71357,72113,74176,74175,68275,67804,72940,70170,69184,72393,70752,67942,71363,75465
initial	17	70922,74167,73437,72113,70161,68885,73687,72392,70426,69177,71842,67558,75461,74751
train	17	74167,72933,72116,72114,73431,73683,67797,76510,73876,69177,74450,67798,68279,71612,75458
kilogramme	17	74170,70163,68883,70165,69179,75789,67941,74450,68640,72630,75461,75066,71836,71366
2006	17	74749,73185,72937,72935,70919,68881,67385,69178,68885,70753,70420,71362,71360,71614,74168
eric	17	74749,74175,73685,68885,67388,75459
finir	17	74749,74167,73185,67068,68274,73683,72629,70161,69540,70744,72631,71837,75063,71614,71366
pendant	17	67939,73434,70162,69811,69185,70749,71843,67558,76509,74450,67389,68642,75460,71837,67937,68391
campus	17	75457,74175,75068,76207,75791,73687,68281,67945,67798,71363,71835,71362,74751,71358
écosystème	17	75457,76211,73183,75068,67387,68882,68283,70745,70914
uniquement	17	75457,72932,72113,76206,68886,73685,73876,70167,71842,74455,72394,72397,70423,71361,74168,71617
1ère	17	75457,73437,73430,73431,69185,73884,73689,69820,73883,73882,70743,73881,72939,71362
organe	17	68388,73184,73432,76213,76511,73686,69184,67383,67802,72632,67937,74750
révolution	17	73434,76213,72401,68276,73876,73877,74744
pleinement	17	72113,72116,69817,76511,74449,68885,73687,74455,70420,70421,67798,68279,72396,75461,71614,75458
90	17	73434,68638,73437,69537,74176,72935,72115,67391,75794,67801,73684,68273,75792,74456,73688,71615,71358
jule	17	75068,73683,73877,70915,68383,67937
chirurgie	17	70918,73431,68641,71614,71616
russie	17	73431,76511,68642,67942,72396,75064,76209,74168
food	17	69534,75069,67557,76514,71359,68387
disposition	17	70921,71618,69536,69181,70162,69811,73876,67553,70753,68281,76508,74452,70914,71359
11	17	70921,68389,72937,68276,67555,73684,68273,69541,68889,70751,67944,73689,68642,73880,70915,72121,75458
déterminer	17	73432,70919,67387,70162,75794,74449,67800,67801,72635,70424,67388,69819,76209,75458
considérer	17	70921,68389,74167,73185,72932,74175,76206,72115,67556,72629,72400,67801,73877,74457,72637,72394
provence	17	73683,67553,75789,72118,75461,68393
open	17	76211,76513,73876,71359
avancée	17	72116,72398,76514,76515,68281,74454,69820,70421,67940,72631,70914,71359,72121,75464,74746,68384
croire	17	67938,74167,72932,73430,67068,67795,73876,75793,69813,74455,70420,67798,70917,71359,75063,67937
photovoltaïque	16	73185,73436,72114,72940,75789,68642,70423
voilier	16	74170,73183,68883,72634
film	16	72114,75794,76514,69541,67558,70420,70423
métal	16	68388,75792,70167,73687,68280,68642,71612,75066
piste	16	69534,72398,67385,67391,70161,68882,75790,69813,67561,72394,69538,71835,71366,71617
1000	16	74749,72115,75796,69814,69540,69811,73879,70746,69819,72397,72118,70916
collectif	16	74749,73430,73182,72629,67795,70429,76515,73876,67553,68283,71842,67945,71845,74752,75465
transférer	16	69534,73430,72115,68274,68881,67554,67555,75791,67802,70745,76508,72395,72630,68641,71362
sucre	16	69534,69183,67555,75790,67802,70423,74169
théorème	16	71835
appréhender	16	67939,73185,68639,73182,69817,75797,72940,70164,73877,69813,67553,67389,70421,75064,76209
exposition	16	74748,74176,69535,75796,67385,70170,76515,68645,74456,73884,70751
attente	16	75457,74175,75069,69535,67557,69183,73877,70169,72637,68643,72395,68279,70915,75063
16	16	69534,73183,76212,70162,76515,73690,69812,69177,69819,68279,72396,68641,72939,73438,72120
80	16	72113,72114,75796,69541,67553,72392,72393,68646,67941,73883,69818,76508,67942,71615,67937
référence	16	72116,72114,70918,70162,72398,69543,73687,68889,67946,68888,68642,72396,75065,71359
accroître	16	74167,73430,76207,73182,67554,67794,69178,72634,72637,68642,68279,76209,74745,71358,68385
réfléchir	16	74167,72932,70161,73876,73879,75788,75789,74450,73882,72395,72397,70423,75063,74746,74169
renfermer	16	71621,69534,72934,73431,72115,67554,72634,70745,73879,73878,70420,67388,69819,71612,75462
biodiversité	16	71621,73183,67387,72398,68882,69812,73877,68889,74457,68283,74452,67071
autonome	16	74170,73185,67797,68883,74449,75789,74450,67940,71361,71359,74746
adn	16	70922,67802,68644,70747,75460
stratégique	16	68638,71619,74167,74748,72113,69535,68275,72629,67795,68882,69812,72392,68642,70914,67937
série	16	73186,71357,69533,75069,72934,73683,67554,67555,69811,69177,72634,74455,68640,74168,68391,75465
auteur	16	67938,69533,71621,76213,68276,67794,68887,69184,69821,71366,74752
duquel	16	73434,67938,72932,70923,73182,70162,68881,67804,69811,69177,67940,71837,75063,71358,74168,75459
modification	16	67938,72933,72116,73430,67390,69811,69184,75793,70745,67389,67942,75463
pression	16	73435,70918,70426,72397,70915,75066,75067,74745,75458,74168
limiter	16	73435,67938,71357,73436,70923,69537,67068,67386,67385,74449,70429,75792,67558,69538,73189,68390
domicile	16	75069,74449,67555,73685,75063,71614,74746
chine	16	70920,72114,73430,76512,75792,68888,68642,67942,68278,72396,75064,71614,74168
raisin	16	76206,76512,73877,74169
constat	16	67938,75457,76213,73182,72115,74449,70161,67794,74450,70421,70422,72939,68383
repas	16	76507,74449,67555,70749,76509,68387,75063
implanter	16	73434,72933,68274,67385,68276,73875,68885,70166,70426,71842,74454,68279,72396,74745,71614
rejoindre	16	73430,73182,71839,73683,67795,68273,70166,67553,71842,74455,74450,70422,74745,71358
classe	16	71357,75457,68881,69814,70161,69177,68888,73878,70421,70423,75071,71837,71358
priver	16	71357,72113,75068,75795,67803,70166,67383,75792,70753,68643,72394,69538,71360,71361,71615,74169
logique	16	71357,76511,68882,73876,69813,71835,67937
est-il	16	76206,69181,67795,75794,68276,73685,73687,67553,68645,72392,67798,68640,70422,70914,75460,67937
embarquer	16	74170,73187,73190,70165,67553,69177,73879,70168,76508,75071,71836,74751
gamme	16	68638,76512,67390,69184,67558,74451,72630,75067,71616,74169
préserver	16	71621,69534,67068,67795,76511,74449,70161,73877,67553,68889,68283,72634,69538,71835
valoriser	16	73433,73430,73431,67385,69815,68273,68885,73877,67553,70426,73878,71845,76209,75067,73438
research	16	67939,69534,70162,69180,67799,71360,71837,71615,68387,68386
peptide	16	73184,72115,67390,73878,67937
microorganisme	16	73432,72116,76213,69817,76511,68885,70746,68643,70420
hoffmann	16	67937
vis-à-vis	16	68388,74167,73432,69534,67557,70161,75790,72394,68279,74745,68387,75458
utile	16	71618,73432,67387,68883,70161,69179,74457,73879,75789,71836
piloter	16	72933,70162,68882,69178,72392,75789,72637,67799,70421,69538,71362,71837,75066,74746
créateur	16	72933,73190,75068,72629,73685,73684,70166,72392,72634,70168,73878,67798,76208,74746
remettre	16	72933,73190,72114,68274,67387,76510,67794,72400,67555,68886,74457,68888,70751,67944,67937,74746
alain	16	72629,69812,74457,72637,74168
limite	16	76210,72934,68274,73683,69814,69540,68273,75792,68884,72635,67798,70743,73188,75464
trouble	16	74171,74173,67556,68277,75791,71841,76508,72632
pourtant	16	73187,74167,73185,76210,73432,73683,76507,67554,70161,68882,70745,73879,70420,71835,76209,68383
gille	16	72115,67795,71358,75458
european	16	73436,72113,73183,69181,69817,67804,73691,73884,70420,69819,69539,72122,68386,68391
télécommunications	16	73190,72934,67068,67386,75789,70168,76508,68392
enzyme	16	67556,76511,67800,75790,67388
bel	16	73185,72933,74172,71621,76207,67068,69535,68881,70161,75792,72630,72396,71612
sport	16	74748,69536,76212,75797,73689
génétique	16	73432,69816,67556,67800,70420,74452,76208,67937,68384
diamètre	16	70163,67390,69179,70747,75789,70424,72397,72119
organique	16	73436,71621,72114,73683,67800,70167,70747,75789,68280,70746,68279,75067
apprendre	16	72932,73683,68881,73876,70744,67944,68643,72394,76509,74450,67389,71359,75063,67937,74168
convention	15	72936,69536,69180,67795,75795,73685,70170,67553,73884,68888,72396,71362,68384
producteur	15	71357,76206,68881,68273,69812,76516,67802,73877,69821,72637,74169
optimisation	15	74170,67385,68882,75791,75793,68889,67561,72630,74453,70914,71362,76208,75067,75464
manipuler	15	71357,73431,72115,67554,75791,70747,67941,70421,72630,75064,76208
catégorie	15	67554,74449,69179,67944,73878,75066,75458
a-t-il	15	71357,72933,70923,73182,67068,68883,69540,69177,75463,67937,71358
bleu	15	72630,72118,69539
procéder	15	73186,69534,73683,67390,68276,69179,72634,67561,70425,74454,72394,68278,75064
rayon	15	73186,67390,74450,69539,68391
ouverture	15	72936,73183,75068,68276,68882,72635,68889,72634,73882,71614,71358
consommer	15	68388,75069,74449,67794,67555,68882,69179,74745,75458
asie	15	70920,74167,73185,76510,73875,71840,73878,72396,68383
me	15	73185,72932,73430,70161,68276,73684,67383,74457,69821,71835,68387
vue	15	75069,76206,67554,69179,75793,74457,73879,75788,72637,74450,71363,71836
dresser	15	73186,72113,73183,76213,73182,67555,69811,76514,68885,72392,69820,74450,68279
senior	15	75069,76507,74449,76514,72394,72396,75063,74746
economie	15	73435,73430,72398,74449,72939,75063,75466,74746
plupart	15	73184,69534,73182,72115,67386,69816,69812,73876,72634,70753,73879,74454,70746,68643
accélérer	15	70920,73183,72935,72934,68881,70429,67799,74450,74452,75065,71615,68386,71616
immense	15	74172,73433,73875,68887,69184,71842,69821,73878,71835,71359,67937,75458,74752,74168
moyenne	15	68389,67556,68881,67391,69178,69179,68887,75792,71840,67558,76508,75065,68383
comparer	15	68389,73185,72932,72113,72629,67391,71843,73879,75789,67389,75463,68390
légume	15	75069,76213,67555,68273,68387,75458
500	15	68883,69814,67794,68886,67801,75793,73884,71842,75789,76508,68640,72939,74745,72120
minute	15	74748,76212,68881,69182,73691,70744,71843,73689,68281,68640,74168,73438
courir	15	67938,72933,72936,73432,68881,68277,67794,69812,67553,69177,72634,67941,71612,67937
ceti	15	70921,70751
valorisation	15	74748,72117,73431,73683,67385,73877,67946,72634,72630,72939,71362
fédérer	15	73184,76211,69817,72398,70170,67553,72634,70420,73881,72938,71358,74746
bateau	15	74170,73434,73183,73683,68883,74450,70916
traduire	15	71357,74173,73185,74172,70923,73430,68885,69542,72393,68646,76209,68383,71836,71359,74746
safran	15	71839,73687,70168,72633,71615,74751,74745
intelligent	15	67557,72400,74456,67945,71363,75071,71359,71617
anr	15	73432,67386,76507,69816,67385,75794,74449,75790,70428,70749,70426,75460,68383,71361
inserm	15	68388,76515,67801,68887,67802,73878,67389,74451,72631,68387,68386,75459
répartir	15	67939,74749,73184,69181,75794,74449,73875,70164,69541,70422,72939,71612,71615,68387,75063
directement	15	75457,72933,67556,67554,67795,75795,67800,69812,70749,70426,70753,70425,75071,75064,71612
sens	15	75457,73430,76206,73685,73875,75790,73684,67383,68889,70914,72119
actiler	15	68885,67388
cne	15	67939,70163,69179,69813,69177,70424
conséquence	15	67939,67938,71357,69533,70918,68882,70429,76514,72940,69184,68645,74453,72631,70916,71366
contenu	15	67939,71619,73184,76213,69535,67387,70424,75462,76209,71359
acide	15	72116,67390,73684,67558,72630,72631,68387
fréquence	15	70919,75794,70744,70425,70420,67942,72939,70916
assez	15	70921,74167,72932,73182,73683,68275,67554,68882,69186,75793,72394,74450,71836,75459
mal	15	74167,74173,69534,72114,72934,67794,74457,69821,68281,72394,72630,71612,70915,71614
sélectionner	15	67939,67938,70920,73190,70918,72629,67794,67800,69179,70420,69818,72631,74169,68385
échanger	15	72932,72937,71838,72400,73691,73685,70170,73876,67553,70749,72393,73881,75459,72120
neurone	15	68388,74173,67801,70425,73879,67389
umr	15	73184,73683,69817,68275,69812,75793,72634,70745,72631,71837,75459
technology	15	68638,73190,76207,70919,70162,69180,68881,70161,73876,76208
équivaloir	15	68638,73437,71838,72934,76207,72629,71842,70425,70420,72397,70915,71362,76208,71359,74168
océanographie	15	74170,73434,73183,69811,67944,73688
autonomie	15	74170,70923,75069,68883,74449,67553,67941,74450,69538,75466,74746
récent	15	68638,69533,72113,72935,76213,67391,67794,72940,68273,70753,70424,72631,75463,71366,75464
nobel	15	73185,72932,67068,72115,75790,70424,67937
lipoprotéine	15	73184,75459
rencontrer	15	72932,74748,72937,73183,67068,73691,73685,74456,70421,72118,70915,67937,74752,75465
carbone	15	69533,72114,67387,68882,69811,69179,68283,75789,71615,74750,74168
concentration	15	68388,69533,71838,73183,69811,68645,72634,70425,68281,71837
tissu	15	70918,76511,69184,67802,75789,74750,74168
pièce	15	70918,73431,67068,73683,69541,71842,70421,71836,74745
annuel	15	72113,67392,75797,73691,73684,68889,73878,72633,73881,68279,75466,75458,74747,75465
palmier	15	67391,74457,72632
sérotonine	15	69184
vouloir	15	75069,76213,67068,72115,72629,67795,67794,74457,70425,73878,72394,74450,70914,68383,67937
tête	15	74171,74749,72933,74172,72117,73430,70161,72394,74450,70422,72396,71837,74744
2005	15	73434,73436,76207,73182,70428,70749,68888,74454,72633,74453,75064,71616,75458,74752
trentaine	15	73434,74171,68638,74167,73183,75795,67802,70744,72393,69821,71835,75460,71358,71616,68385
silver	15	74171,74449,75063,75466,74746
déposer	15	73187,73184,73431,76511,67385,72635,72634,70169,68643,74451,72630,75066,74744
précédent	15	74171,72932,69533,72113,73432,68883,70161,69815,69542,69177,67945,68641,70916
fonctionnel	14	74173,67387,68277,67802,73877,74450,67798,74453,72396
rare	14	73431,72115,73683,68881,75795,75792,72394,68642,75461,71835,71614
thermique	14	68639,69537,72934,71839,67796,70165,72940,69818,68640,72630,75066,71836
largement	14	74749,75457,72935,76507,68275,72399,70748,70747,74455,72637,72633,70420,70423,74750
écran	14	70162,68881,72401,75792,70167,70744,70421
véhicule	14	72114,70162,73884,76508,68640,71836
corps	14	73435,74749,76213,67068,70429,69179,73878,72631,71835,69539,68383
maîtriser	14	73187,73185,74172,71839,67554,76511,67390,69543,70744,70915,71836,74744,74168,74169
structurer	14	67938,70923,73430,70161,68882,69812,73687,72392,70753,68642,71359
plastique	14	72114,73183,70167,73877,73687,72634,70752,67389,72630,75464
médecin	14	73187,74173,72113,73431,68881,72401,69815,70745,74455,76509,67940,68387,75458
dispenser	14	71619,75457,72932,76206,68881,70161,68276,69185,72394,70422,75071,71362,75063
promotion	14	75457,73683,69541,76516,69185,67946,68888,74450,72395,71358
400	14	70921,72933,75797,73691,69812,67553,75789,68640,68279,75065,71837,75067,70916,75458
parallèle	14	69533,73183,67555,70170,67383,73877,70751,73879,76508,72397,76208,75458
intensif	14	76213,68888,67944,74452,70914,70916,74744
positionner	14	74167,72629,73875,70166,67553,72392,73878,68643,69818,75064,68383,71836
démarrer	14	67939,74749,70918,76507,72629,68881,67795,74449,72634,68279,72631,75065,71359
prestigieux	14	72932,72936,68881,70429,75788,74450,70422,71835,76208,67937
positif	14	72117,76511,69183,67555,67801,70166,71842,69818,68387,71366,75458,74168
préparer	14	74167,74175,70162,76507,69816,72636,74450,76508,72396,74752,68384
verte	14	69535,68278,67071,75458
famille	14	73436,72932,68276,69186,69179,75792,76508,72632,71360,74745,68387,67937,71614
bretagne	14	74170,68883,67553,67946,67944,75460
pléiade	14	71836,72120
chinois	14	70920,72933,76512,68888,68278,71362,74745
maintenance	14	71619,68881,76510,70165,73687,74456,71840,75064
fromage	14	69534,68273,68885,67388,68387
renforcer	14	76211,73430,69816,67795,68277,73875,70745,75789,68279,70916,68386,68384
tropical	14	67939,69181,74457,69821
management	14	70921,73190,72937,70748,70751,70168,74451,72395,68383,74751,71616
enjeux	14	74176,73183,69535,68275,72398,72399,74457,68283,70752,70914,72938
hydrogène	14	74174,68884,74168,68385
esa	14	70163,69811,70170,69179,69177,70424,73880
artificiel	14	71620,76210,69534,69183,74454,67945,70917,71836,75063
bâtir	14	73185,69814,73876,70166,75793,70749,72634,68642,68279,74169,75459
modélisation	14	75796,67387,70162,69180,67385,68645,74456,67942,70914,72939,70916,74745,73189
mai	14	73183,73431,69535,72400,68273,69542,70169,69820,72939,72938,70917,75466,71358
19	14	73183,75069,76515,70428,73687,70749,72392,75789,70752,74451,72395,72396,72122
loisir	14	71357,74748,75797,70165,68283,73689,68280,75466
normal	14	68388,72932,73183,73182,69180,70161,69540,73684,69184,70166,69820,71841,68278
cellulaire	14	73184,72116,67556,69183,68887,72397
coordinateur	14	73184,75069,69181,74449,67555,75790,67388,70422,72118
bernard	14	74173,76210,76507,69540,70167,72633,72397,70914,73189,74744,68390
consortium	14	73184,72934,69181,70163,70424,72394,74453,75065,74745,72121
auxquelles	14	71357,67387,72401,69182,75794,68882,69811,72940,70745,74455,70421,76209,75063,74752
arôme	14	76206,76512,67555,75790,70166,72634,75462
étonnant	14	73434,73431,68881,75794,70167,73687,72636,70425,72939,71359,74744,74750,74752
achever	14	71357,69533,73683,69817,67795,76516,68283,70751,76508,70421,70422,72938,75460
crise	14	67938,71357,73432,70162,74453,72939,71836
masse	14	74170,73436,68639,70919,70163,75794,69179,73688,67799
diplômé	14	73185,73437,73190,73430,73685,68273,73879,74455,72633,72630,71358
réputé	14	67938,70919,73683,68881,67795,70161,68276,67383,73878,75462,68387,67937
garantir	14	75069,76207,67386,76513,68273,73877,69177,72634,72394,74751,74744,71614,71617
électricité	14	73185,72114,67557,68884,70426,72397,75064,75066,73188
26	14	75069,70919,67556,74449,69179,69542,72392,70168,68640,72396,71359,75464
composé	14	73184,76206,76511,75790,71843,72634,70425,68280,72118,74750,68390
propagation	14	74173,72932,71618,76210,75794,68886,69813,68645,69539
enregistrer	14	74170,74171,67068,72629,67795,76510,70749,70744,67389,70421,70916
exploitation	14	73187,73433,69179,69177,74456,70420,73880,69538,70915,71617
tech	14	75457,74172,73182,70751,68280,74450,75066,74750,72121
challenge	14	74749,74167,68639,72114,67795,73684,69543,71845,74450,67798,71615,74744,74168
rouge	14	67938,76512,73684,73877,70745,75462,68387,74169
moitié	14	74172,73183,68274,67556,73685,73684,70753,68646,71840,72630,75064,71359
perte	14	68388,72932,75069,69814,74449,76510,67799,68640,72939,75066,71617
investisseur	14	72935,72629,68881,75795,73691,73686,74450,74451,75466,71614,71616,73438
quatrième	14	71357,68639,69534,69535,67794,68882,69179,69543,70745,67388,71835,75067,71614,71617
processeur	13	67554,73879,74745
automne	13	73187,69533,75068,73683,69177,70169,72394,76508,68279,71612
diminuer	13	67939,75457,69533,67554,69814,76511,67794,67800,73688,67558,68387
enthousiasmer	13	73184,73432,72115,73684,69812,74457,71842,75788,72394,70420,74168,75459
émettre	13	73186,70163,73685,71843,70747,73688,72632,67942,75070,69539
continuer	13	73437,72114,76511,73687,67553,71842,72637,70420,67388,72631,71835,74751
jeu	13	71357,70922,73190,69533,72401,67800,75790,73684,76509,74745,68387
réaction	13	72937,70162,69178,67800,70746,69819,67943,74750,74168
but	13	70920,73190,70923,68639,72936,75069,69181,75791,70164,70425,69538,71617
productif	13	72933,76213,75068,73182,76513,67391,71614,74746
tonne	13	72933,70163,67391,69811,69179,68273,69177,72630,75066,71836
antenne	13	69181,70170,70747,70425,67945,72632,74168
riche	13	68388,71619,73185,72115,70161,76515,73876,75792,72394,72396,72938,74168
35	13	73184,69533,76213,67391,73875,73684,68885,71840,68279,76208,68383
glace	13	67939,76210,76206,69811,73880,68390
bruit	13	67796,73688,76508,70421,71615,74745,71617
préoccupation	13	68389,71357,73430,73182,69535,68273,73876,75793,73877,74457,72637,75459
magnétique	13	67557,69186,69177,73880,75064,71837,76208,73189,74168
arrivée	13	74170,76507,73877,69821,74450,74451,74453,74452,72118,72938,71612,71836,74744
rien	13	73432,68886,73684,68887,72392,69177,70747,72636,74450,71835,70915,74744
the	13	67557,76513,68886,69184,67802,72393,69819,71837,72121,71617
canal	13	72115,75794,72635,71843,73878,72397,76208
toxine	13	72115,75460
collaboratif	13	74748,75068,72634,73879,68281,67941,75064,71360,71361,71359,75465
bassin	13	67385,74455,70743,70917,70916
nante	13	73433,74175,75068,74449,73685,70743,75462,73189
conserver	13	74167,67557,73683,70161,68273,73877,71842,67558,70914,75065
pilote	13	75457,72933,72114,68275,68883,67385,70165,75792,70744,72634,74452,75458
arbre	13	67387,69816,69182,67391,71837,68383,75458
convaincre	13	74173,73185,72116,72114,70161,71842,72634,73689,74455,74450,72939,71614,74169
axer	13	73184,72115,67555,67803,74450,67798,72631,75065,71362,70916,71361,71617
visible	13	67939,73182,68273,67553,70424,70420,67388,70422,69539,75067,71359
27	13	73437,67068,70163,70161,70165,67383,69542,71840,72396,69538,75464
ouvert	13	73437,71620,76211,67555,76515,75792,76516,70751,73882,67937,71358
mégha-tropique	13	67939,69177
enseignant	13	75457,70923,73431,73876,68281,72394,70421,75071,71362,71358
fuir	13	71621,70162,75793,72634,73879,67799,69818,70421,67798,74453,71360,71361,74169
campagne	13	74170,70164,69813,69177,75064,70916,67937,71616
chance	13	72932,76210,67068,67383,70425,73882,70422,72631,75461
bientôt	13	73434,76513,75794,67555,75793,73877,70749,68283,72634,73879,76509,70421,75063
médaille	13	72932,73183,67068,73684,67383,72636,67937,74750
protéger	13	74167,68274,69816,68882,67553,68283,75462,76208,71614,75458
décerner	13	72932,67068,67383,70752,72633,68641,71835,67937,74746
space	13	67939,70163,70170,75789,71836
docteur	13	72117,73683,67795,67801,70426,74453,71837,68387,71616,74747
70	13	72113,69537,73183,73430,76507,67555,70744,71840,72394,75066,71836,71358,74168
toxique	13	74170,74173,73436,72115,70162,71843,72392,70746,75460,73189
combiner	13	69533,67386,69816,67554,72392,70426,70751,70420,70421,75070,71361,71616
ingrédient	13	74167,76210,76511,68882,76516,72634,68280,71845,71360,75462
évaluation	13	69533,70918,72935,70162,69815,68645,71845,67798,70914,70916,74744
sensible	13	74171,74167,73183,70163,69179,69812,67553,70425,67389,72938,76208,75067,68387
sonde	13	74170,75794,67800,70916
flux	13	67939,75457,73430,69535,67796,70162,72637,74751,75458,74168
eden	13	67553
co2	13	72933,73433,67557,69816,69814,67385,70426,71615,71617
stockage	13	74174,69178,68273,68884,72393,75789,70423,74452,71362
navigation	13	73183,73683,68883,69177,76208,74751
aussitôt	13	73431,73182,70162,73685,68273,70166,73879,75788,73878,70421,72397,71612,71614
indiquer	13	67938,71357,74167,69537,69534,67386,73685,68887,70166,69177,70915,74746,75459
loin	13	74749,73432,73430,76512,70162,70161,67383,72635,72392,74751,74746,75459,71617
volet	13	67938,69533,74176,71838,67555,76514,75793,72393,75458
dépôt	13	74173,73184,72117,71621,72115,67554,71843,68643,72633,75065,71835
suffire	13	67938,68638,75457,74167,71618,70919,67800,73876,70425,71835,72119,75458,74169
cen	13	75793,67798
engager	13	69536,76212,70162,72629,67795,74449,73877,70753,72395,70914,71616,74746
surveillance	13	67939,71839,76510,69811,69812,69177,75789,67945,71836
reconnaissance	13	76207,69811,70744,68888,73879,75788,72633,70421,71836
lui-même	13	76206,76213,73182,69815,67941,68642,71835,71359,67937,74750,74168
vingt	13	73434,71357,72933,72113,69181,73683,67383,69813,72634,71362,68385
accélérateur	13	68638,72934,69178,67943,70914
réussite	13	73434,75457,74167,72937,67068,68275,72392,69177,72396,74744
clé	13	67068,68274,67556,73875,73684,75793,67383,72635,70752,68387,71366
banque	13	73185,72933,76211,73432,72115,72629,75065,68383,75063
prévention	13	69534,68274,76514,76515,67801,67945,67799,74453,68387,71616
planète	13	73434,76210,76213,69814,67794,69811,72940,73880,67071,68387,71614,75458
intégration	13	74174,70163,67554,68884,67553,75064,74751
deuxième	13	67938,73436,76212,68882,70749,69177,72393,70745,75788,76508,70914,72121
inria	13	76207,67386,67385,69819,70914,74744
directrice	13	75069,67555,68281,74451,72396,75065,70915,71358,71616
abord	13	73185,72114,67068,72115,68274,68882,73684,68643,72394,72119,74746,74168,75459
devant	13	73185,70163,76507,72401,67794,75792,70744,70169,70420,74450,74745,73438
avantage	13	72114,70162,67554,72401,69182,70429,67383,67802,68644,72631,71616,68390,68391
résistance	12	70163,68886,69541,70167,68280,70743,70914,75065,76209,74750,75458
cédric	12	72932,70161,68276,71835
pastel	12	72630
intelligence	12	73190,68276,70166,67945,76509,70421,75063
marin	12	73433,71621,73183,68883,70164,67946,70743,67071
ceci	12	70922,72933,76207,75794,67794,67555,69177,69818,69819,71359,74750
rond	12	74170,72932,74172,72937,72400,69186,76516,70751,71845,75462,75466
toucher	12	73435,74173,76206,70162,76511,68882,73685,67802,71841,67799,70914
villani	12	72932,70161,68276,71835
énorme	12	73434,72933,73183,72115,74449,70749,69177,73878,67388,74745
multiple	12	73434,74167,72937,71839,68881,68886,72940,69179,75788,72630
nerveux	12	68388,73187,72115,67556,68277,74453,69539,71616
fortement	12	69537,76213,69181,68882,68885,70167,68888,70915,75463,70916,71358
phénotypage	12	69817,70420
médecine	12	73431,67068,69815,73691,75790,73879,67937,71616,75458
interministériel	12	73433,69535,70162,75793,72634,73879,67799,69818,70421,67798,74453,74169
filiale	12	74167,67796,73875,73684,67383,72392,71842,73878,72633,75461
union	12	72934,67557,68277,75792,67944,71841,68642,75064,74168
pascal	12	67938,76207,73431,67386,75063,71358
cibler	12	71357,74167,74173,72115,69181,67390,70165,71840,73878,70914,76209,71616
provenir	12	69533,72935,72115,68881,67795,67555,73684,70166,73884,73880,75463,71359
facile	12	71357,75069,73182,72115,73683,76507,73685,70747,68280,68387,67937,68390
marie	12	69533,68277,68882,69184,70424,67799,75070,75460,71360,75063,74746,68384
jean	12	72932,69533,68277,72400,69186,70744,68641,68392
diversité	12	69816,70161,69815,69812,70746,70420,69538,70914,72122
fixer	12	67939,75069,67385,67800,73684,73876,70743,68279,75070,72119,71615,74744
micro-algue	12	76213,67385,75460
alzheimer	12	73187,74173,73184,68277,76511,76515,68646,67798,70914
extraction	12	69541,75792,76516,67945,71845,67388,72630,70917
route	12	73434,68389,72114,73183,68274,76511,73875,68645,72634,68387,68386
théorique	12	72932,76211,76206,68886,67383,70421,72397,72631,71836,74744
parent	12	72932,68881,72401,67555,70749,76509,75458
insecte	12	71618,76213,71843,68387,67937
ingérop	12	72629,73875
thème	12	72113,69535,72398,72399,68882,70164,67803,73877,68889,74456,72121
microbiologie	12	69183,68885,69812,69813,70746,71837
parcourir	12	74170,68389,73183,67068,68883,69811,68640,75458
alimenter	12	71357,73182,67387,67797,72398,75792,73877,70747,75789,71617
sanitaire	12	70162,76514,68885,73877,68645,74457,69818,68279,75458,74169
personnel	12	71619,73185,69536,69535,76507,72401,72634,68643,72394,67941,67940,72122
urbain	12	72114,69535,73683,75796,70162,72399,73875,70170,72939,71836
nanotechnologie	12	68881,67390,69540,69186,72635,75071,72119,74747
2050	12	71357,69816,67794,67071,75463,71615,74746,71617
matériel	12	75457,73432,75796,76507,73876,73877,70420,68279,70914,74169
jean-pierre	12	68881,73876,75789,68387
couche	12	67939,72114,70918,68883,67554,76511,69811,70746,74744
microbiote	12	73432,76213,69815
diffusion	12	69536,67390,68882,70429,70748,72392,74454,70746,67558,68279,72939
agent	12	68388,72115,73686,70746,67388,74453,71612,68387,75063
espagne	12	76206,68274,73875,69179,68281,67945,72632,68642,70916,74169
intestinal	12	73432,76213,69815,72631
passionner	12	72940,76515,75793,72633,72630,71835,71612,68383,74752
visualiser	12	67796,69817,70162,70744,75788,70420,69819,70421,75064
3èm	12	72933,71620,72114,73430,70170,67945,73882,75066
vent	12	73434,68389,68883,75789,70743,73880,75463,70916
lutte	12	69536,73877,69813,68643,72632,75458
inp	12	73185,76512,72630,71362,72121
exploiter	12	72116,72934,74449,69186,75792,73879,75788,72397,70914,71837,71617
focaliser	12	73435,67068,72115,69540,75793,70420,72395,72632,72118,75065,68391
essentiellement	12	73184,69533,72113,73182,69814,67555,73684,67798,72630,72118,72939,67937
quelques-uns	12	68638,76206,70161,73875,70745,74450,70422,71835,76209,74751,74752
acoustique	12	67068,75794,68886,73876,69820,70424,71615
souligne-t-il	12	73432,73183,73430,76206,67068,69812,75793,75789,74450,76508,76209
mobilité	12	73436,69535,72400,69184,74456,67799,67071
donne	12	67068,68881,68883,69815,67555,73875,70744,74455,74450,71835
28	12	68638,73437,70161,68276,70170,72635,73883,72397,74452,75065,72938,75464
induire	12	68388,72935,70429,70744,68646,70746,70420,67798,67942,72631
diminution	12	68388,72933,73184,72114,72934,67556,67555,69540,75792,67799,67798,71617
originalité	12	67939,74171,68881,68276,68887,75793,75792,69813,68643,71835,68387
déchet	12	71621,67385,69178,73684,72392
correspondre	12	69535,69816,76510,69540,75793,74457,68643,72394,70420,71612,68383,74169
panneau	12	73436,72114,69179,68884,71836
particularité	12	71621,76206,67068,67391,69183,73875,73684,67553,73879,73688,67558,72394
genre	12	70921,67939,73431,70162,69178,68884,71842,70420,70421,72939,70915,74169
cause	12	73434,75069,67387,67556,68886,75065,70917,68383,75458
durabilité	12	70920,68639,76213,68882,70164,73877,67561,72637,69538
susciter	12	70921,71357,68638,76206,72934,72940,70424,68278,72631,72938,71360
théorie	12	67938,69180,76511,70748,70424,71841,70914
sel	12	69534,67555,75790,67558,68390
franchir	12	73430,72115,67385,72634,70745,71840,76508,72395,72630,70914,75070
écologique	12	70920,73183,67557,69816,72940,69812,74457,67071,75464,75458
entamer	12	73185,72932,74172,73183,73430,76206,67385,69811,74454,72939,67937,68392
aux	12	68638,72113,67392,68275,67554,69540,68273,73686,73877,70420,76209,71359
chambre	12	73190,69817,75795,68273,67553,71842,70168,70420,72396,75071,74745
vitamine	12	73184,75069,76511
longueur	12	74167,72934,70163,72635,70425,70420,68641,71835,75067,71617
amener	12	72933,73431,70161,70170,69177,70420,68642,68387,68393,74169,75459
certains	12	67939,73432,70161,69183,73875,67802,72636,75788,68643,76209,75067,68387
enseignemer	12	73437,76211,69541,68888,67944,68281,70169,72637,71362,74751,68393
vaccin	12	73184,72935,69813,67937
accessible	11	75068,76207,73431,76513,68882,75788,70421,68279,70914,74744
ensembl	11	73434,74172,73685,73876,72392,71842,72634,75788,68383,68393
remarquable	11	67938,72933,73184,71621,76213,67068,69186,70425,70424,67937
immunitaire	11	68388,72935,70919,68887,67937
os	11	73190,73431,69184,71612
téléphone	11	67554,72401,70747,76508
individu	11	67938,73432,67387,69815,67794,73877,68281,67389,67071
maître	11	72932,73683,70163,73685,76509,72631,71836,75063,74752
lutter	11	76511,74449,76510,69813,70746,67798,72632,75067,74746,75458
progressivement	11	73434,73431,72115,68274,73683,76511,71842,72631,70917,74752,74168
contenir	11	68388,72934,67391,70751,73879,70746,67388,74750,68391
digital	11	75068,76513,76508,71359,75063
1990	11	69533,67068,72115,70161,71840,70424,72632,72630,69539,74745,74746
souche	11	72935,68277,68643,75067
muraill	11	75458
vignoble	11	76206,73684,73877,68387,74169
eyebrain	11	74171,68646,71841
lyonnais	11	74167,73685,73876,67553,71840,71612
lever	11	73183,72935,75795,76510,73686,74450,73880,72396,75466,71616
tenter	11	73183,73182,67802,67553,67389,72397,70423,71612,71837,68383,75463
loi	11	67938,75457,72113,67554,69178,72940,68885,69177
collaborer	11	74172,69536,75069,69180,67795,75790,67383,72634,73879,72396,71614
midi-pyréner	11	74748,76512,70170,73884,75789,74450,75066
dirige	11	73184,70165,70745,67945,72637,76508,70743,70423,69539,68387
effort	11	72932,76511,73876,67941,68279,70914,75064,70915,74746
bourguignon	11	74172,73685,73877,70420,68279,68387
microalgue	11	74170,73433,72121,68385
estimer	11	74167,69537,69182,67385,67555,68887,75792,69813,70421,72395,70914
hectare	11	67391,73684,71842,68279,75458,74169
fond	11	72935,76213,73683,68882,70744,74455,73688,72633,70422,74752
perdre	11	74167,72629,72393,74454,67798,68383,73188,71366,75458,74169,75459
lait	11	73184,76511,67555,68885,67388,75458
détenir	11	74167,75797,68883,73875,68273,69821,74451,76508,74745
21	11	67939,72113,69177,72636,74452,72396,71363,72122,71359,68386
christophe	11	74172,69817,72392,70420,72396
changer	11	67938,73430,76213,67795,67794,68280,68383,75458,74168
etc	11	73437,73190,72937,67068,67556,76510,70165,69185,74453,76208
juste	11	74172,76207,73683,72394,72631,71612,71359,68393,71614
officiellement	11	71619,69181,68881,70161,67794,69178,76508,70422,71359,68393,67937
expansion	11	71357,71618,70170,70424,73882,73188
russe	11	68638,73183,76511,69177,72396,71836
plutôt	11	71357,72114,73183,73683,68881,74449,70161,68882,70166,70424,76508
oréal	11	71612,74744
total	11	68638,70923,72117,67796,69811,69179,74454,69538,68387,73188
arctique	11	69533,73183,73880
strasbourg	11	68389,67556,69178,70167,70425,74454,75070,67937
transformer	11	73435,72114,67068,68881,73876,67383,68644,68646,74746
six	11	74171,72932,70163,72629,69821,74455,74450,70422,71612,71358
ifremer	11	74170,73433,68883,67385,67071,75460
préférence	11	67555,70428,70749,70746,72631
ccrt	11	74745,74744
débit	11	69817,69179,73686,69812,69177,70420,70914
plaine	11	68389,69816,72630
subir	11	72933,76210,73431,70163,72629,69813,74454,72630,70916,74750,75459
csga	11	69534,73685,75790,70428,70749
lecture	11	74171,73185,68283,71841,71835
cler	11	73182,68275,67556,75795,67391,67555,74456,70914,74744
traditionnel	11	72932,74748,76210,76206,67557,73683,67388,75458,74747
transporter	11	73434,72935,69814,75790,72940,68273,70167,67941,72631,75459
groupement	11	73436,74748,75068,73683,69812,68884,67553,67940,72122,71358
présentation	11	75796,73690,69543,76516,67561,71845,67942,71363,75071,72121
bilan	11	67939,72113,67795,67555,73877,70915,71614
questionnaire	11	67555,75793
interface	11	67386,68882,68886,75790,75791,70167,75788,69819,75064,75063
intervention	11	72937,73431,67392,70162,76510,74454,67941,70421,75064
claude	11	76210,68643,72397,72118,73189,68390
neurodégénératif	11	73187,74173,73184,76511,68646,67798,74453
commercialisation	11	70920,74167,72117,68274,76511,73684,69179,67553,74450,74451,72630
ni	11	67938,76206,67794,72634,74450,75066,74750
sénégal	11	69813,75458
carburant	11	70920,74167,72933,71840,71615,74745,71617
2020	11	69181,75795,71840,69818,76209,75463,70916,71615,74168,74169
naissance	11	68638,74174,68881,67555,68882,70428,68885,70749,71835,74168
forestier	11	68389,71618,69816,68283,71837,75458
aménagement	11	72937,69535,73875,70165,68889,67944,75788,71363,67071,70917
entreprendre	11	73435,74172,73432,72114,67795,73878,68279,68383,75464,71616,68384
esprit	11	73435,73185,70161,70164,69541,67553,68383,67937,75459
atmosphérique	11	67939,71838,69816,68645,70743,75463,70916,71617
concentrer	11	70920,69535,67383,75792,72633,67941,74450,72397,70916,71361,71359
usine	11	72933,73433,76213,67386,67385,69813,72392,72636,72630
coup	11	74170,74167,72932,73683,67800,69177,70747,74450,68279,71835,75066
chose	11	73185,67794,67555,69540,70166,71843,74457,70421,75458,74752
noir	11	68638,74167,69811,70424,68643
galaxie	11	73186,70163,70424
sécheresse	11	69816,69182,67794,70916,68387,75458
responsabilité	11	67939,70920,71619,72113,74175,73683,69817,70163,74455,68279
performant	11	73436,76211,73876,70425,73879,75788,69820,70423,75070,75067,74744
coopérative	11	69535,76512,71842,74450,72630,68279,75458
déficit	11	68388,73184,67556,69182,73883,68383
priorité	11	73877,71840,67943,76209,68383
aider	11	72113,76211,73430,75069,69811,67553,73878,68643,68642,68641,75465
visite	11	70921,75457,74748,76515,67553,70751,75071,72939,75458
annoncer	11	73434,68638,72117,72629,68881,69815,70426,68643,68278,67937
course	11	74170,67938,71357,74167,72932,76212,76213,73876,72396,75070
comité	11	72113,73433,70163,73877,70424,67937,68386,74746
rentrée	11	75457,72932,70923,76513,73687,69177,76509,71362
parcours	11	74749,74167,73437,74748,74176,73430,73182,69535,67794,68641
regard	11	69533,73432,73182,68881,73685,70749,70744,71835,75462,71836,74750
envisat	11	69811
qualifier	11	68638,69534,67068,69535,76507,76511,73876,72392,69177,72394
emblé	11	67938,72113,73430,75069,72629,68276,67555,73876,67383,70745,68643
hésiter	11	67938,69534,68273,73877,72394,70422,72939,71835,71612,74745,75458
livrer	11	73185,73436,75069,74174,70163,69177,70421,72630,73880,75459
réglementation	11	71357,70165,74455,68643,69818,74450,72118
stage	11	75457,73185,76206,75790,73687,70422,68393
certaine	11	67939,73432,72114,76207,73431,68887,72634,74455,67798,68383
japonais	11	68388,67939,72113,72117,68274,73875,72396,76209
scanner	11	73431,67801,71614
recette	11	74749,74449,67555,67383,71359,75063,74752
lourd	11	68388,69178,69179,69177,67941,70421,74168
compris	11	73432,70163,69814,73688,72630,73188,67937,68386,74750,75458
pharmaceutique	11	72115,67392,73691,73877,72393,72118,75461,72938,71360,68387
léger	11	72114,69178,67801,70167,69177,75789,68280,75463
armée	11	73431,69542,67553,72630,71358
vaimo	11	74170,68883
x	11	72114,67390,69819,68279,69539,71836,68391
doctorat	11	72115,67795,70161,75790,70748,69812,74454,70743,75459
élaboration	11	71357,75069,69812,75793,72392,67388,69819,67798,75464,68390,74169
cea-leti	11	70919,68881,67554,69186,75065
lâche-t-il	11	74749,73185,72114,73182,72115,68276,70166,74455,74450,67798,72630
prospective	10	67939,71357,69535,68642,75465
ensta	10	74170,68883,67944
caractérisation	10	74171,72115,69814,67390,76516,72392,71841,68643,69538,75065
article	10	68638,73184,76512,74449,72940,68887,69177,70747,70915,71614
22	10	72933,70167,69820,71845,71836,73188,67937,75466,74169
record	10	74170,73430,75797,68883,73689,68640,74168
intervenir	10	68388,74167,69541,72634,69820,68643,69819,73882,74745,75063
discussion	10	72932,72116,70161,75793,74455,75788,76508,70421,75071
déployer	10	76510,73686,75789,73688,74452,67071,75463,70916
cérébral	10	74171,67556,76515,67801,69184,68387,73189
transmission	10	68388,72115,67386,67554,75794,70748,69820,74453,73881,68391
cnr	10	72932,72114,69814,75790,68644,68646,67945,68642,72397,68390
opter	10	73185,76210,72629,72395,70422,75462,75063,74744,71614
disperser	10	72932,74172,67386,76511,70746,67558,72394,75462,74750
extrême	10	68638,70163,69816,73875,70425,72939,70916
traverser	10	67939,68389,72629,75794,72397,75458
volume	10	70165,68273,75792,69821,67558,75064,75067
edf	10	73185,67386,72398,67944,76509,74450
imageur	10	67939,67068,70163,67554
redressement	10	74167,72933,75068,73182,76513,71614,74746
anticiper	10	68638,72933,76512,69816,70161,75064,74169,71617
curie	10	70914,75070,71360,75063
suivant	10	67939,75457,70162,68881,70161,70164,68643,67798,72396,67937
atome	10	69183,68280,70421,69539,72119,74168
ajoute-t-il	10	67938,67796,76507,73877,74457,68643,72394,76508,75458
issue	10	71619,73437,70918,68881,69178,73684,70917,71359,71616,68384
renferm	10	73432,68274,76511,75794,69815,67383,75792,73879,67388
exposer	10	67938,72932,73190,72116,70918,72401,70161,70168,67942,72939
historique	10	67939,76507,73686,71842,72939,71835,71360,70917,75063,71616
cultiver	10	68389,73432,69817,69182,67391,67794,70420,75458
conseiller	10	71621,68274,72629,68283,68643,72394,68640,70422
pionnier	10	71621,72935,73182,68881,74449,71842,74450,68641,67937
microbien	10	69812,70745,67388,71837
carraro	10	75457,70161
extraire	10	73432,76213,68274,76511,75788,72630
rappelle-t-il	10	73432,73430,72115,68274,76511,73684,72394,74450,72631,75459
orienter	10	75457,73184,72115,74457,74450,67389,70421,70422,72631
pasteur	10	73686,69813,74451,75458
brique	10	76210,67554,67390,75792,72635,76508,75063
latin	10	70920,73185,73875,67553,72630
cristal	10	76210,69539,68390,68391
céramique	10	76210,68390
bureau	10	69181,73877,69185,69177,72393,70169,76508,70422,75064
150	10	69181,76507,69815,68273,73877,72392,70168,71359,74746
pilotage	10	72936,72937,75791,69179,75792,68884,69177,72637
neuf	10	73683,70164,73684,69179,71843,70169,73883,68279
patrice	10	73683,68887,74457,72939
vrai	10	73683,70161,70429,73684,69813,72634,70421,75466,68391
profond	10	76211,70918,69181,67794,69178,73876,73688,68279,74750
champignon	10	76511,68273,70745,71837,68387,67937
respecter	10	73683,67794,70165,75792,67553,70420,69538,67071,71835,74751
puce	10	72116,67554,70166,72635,73879,76208
fink	10	67068
mathia	10	67068
fabricant	10	71839,68274,67554,75795,67558,67388
hospitalier	10	74749,68277,67801,68646,67940,68387
distribution	10	73434,68274,76507,69816,76510,69812,73878,71615
interroger	10	73430,76213,70161,67794,68882,70429,73877,71837,75458,75459
revenir	10	73430,67794,68882,75792,73877,69177,68281,70422,67071
importer	10	74749,72932,76210,73182,68881,72940,73684,73879,68643
collaborateur	10	76212,67068,73875,68885,70166,67389,67940,75063
vraiment	10	74749,67068,72629,69186,74454,71359,71614,75458,74169
14	10	73183,75068,73691,69541,69542,72635,70169,68640,73881,68387
annonce	10	72935,73431,73182,69813,73687,71840,74454,74451,71360,67937
tokamak	10	75064,74168
simplement	10	67938,76213,70161,75792,70425,69821,71612,67937,74752
tara	10	73183
marseille	10	70918,73683,72392,70747,73688,75461,68391
vise	10	74749,68639,68277,68882,72395,70916,72122,74751,75458
critique	10	76207,68882,69178,73684,75788,68642,67937,74168
montant	10	72114,72934,73182,73683,76510,69815,69541,67799,72118,76209
jet	10	72114,70918,70163,74168
capter	10	67938,76511,68884,67553,70426,70747,72395,68391
italie	10	69534,73683,69179,75788,72632,75462,70916,74169
message	10	73182,67386,70162,74457,67389,76508
gros	10	73182,68274,68881,67555,69811,69179,73876,68642,71835
faut-il	10	69534,67068,74449,68882,67553,70425,74455,70422,70915,68383
pile	10	74174,67797,68884,75789
physiologie	10	73433,69534,67800,68887,70746,72631,71837,67937
maintenir	10	72113,71838,75069,72934,69535,73683,67554,69184,70915
humour	10	67938,74749,73430,73182,67068,73683,76511,72394,67937,74752
industrialisation	10	73187,67554,68276,72392,74450,76508,67940,75065
poids	10	74170,73430,69535,68883,69179,75792,74450,68640,71366,68385
étendre	10	73184,74172,75068,67068,69180,68646,67561,73880,67071,68391
sévère	10	69533,72113,76210,70163,69815,67801,73686,75065,75458
précis	10	69533,67068,67387,68881,76511,70424,76208,71615,74744
brin	10	68644,70747,70425,75070
délivrer	10	73187,73190,72117,73431,73876,67944,70168,72119
aviation	10	74167,72113,70165,69542,71840,74745,71617
prost	10	73184,76511,75789,68387
reproduire	10	68388,71619,69533,73431,69178,75791,67802,70421,70917
facilement	10	70923,76511,69178,67553,70425,68281,75462,73189,74750,74168
chu	10	74749,72117,74449,67801,67798,74453,75067,74169
indien	10	68388,67939,73683,69180,69811,72393,71615
13	10	74748,68274,67555,69179,67946,70751,72630,73880,72118
dose	10	73187,72116,72935,73683,69179,67388
charle	10	68277,68641,75066,74746,71617
poisson	10	68388,71621,73183,76213,74449,69811,67383,68387
conclut-il	10	73184,71621,73430,76206,67068,73875,73876,75789,67071,74169
microélectronique	10	68881,67554,67383,72635,68391
complément	10	68883,76511,70166,75793,67798,70914,74744
transistor	10	67554,70167,72635
collectivité	10	71357,72399,67803,76516,73877,68884,73884,67798,72939,74746
isae	10	71358
ile-de-france	10	74172,67795,68277,67553,70422,75071
plein	10	71357,73185,74748,67068,73683,70162,73684,69821,68643,70422
bêta	10	68887,67802
vitagora	10	76507,74449,75790,75793,72634,73879,67798,68279,72396
majorité	10	72117,71621,75795,73875,67389,71835,75462,68387,74752
centrer	10	75796,72629,68277,70161,73876,70166,70426,71361,71614
vign	10	69537,73684,73877,68387,74169
carnot	10	69814,70161,75792,70753,71612,72121
bas	10	69537,73684,69179,69821,69818,67942,70915,74746,74168
pphd	10	69817,70420
christine	10	72117,71621,73685,69184,74744
profiter	10	75457,73431,73875,70164,68281,74455,72396,70916,74745
fluide	10	76507,68276,69540,72393,70421,71835,76208,75067
éventuel	10	71357,74749,71838,68277,70429,67553,71843,69821,75065,70915
stable	10	69537,69540,67802,67558,71616,68390,75459
observatoire	10	73186,71838,74174,70163,76515,69186,70749,70751,75458
réchauffement	10	67939,73434,68389,67387,69814,73688
circuit	10	72113,67554,73879,70423,76209
biofilm	10	70746
validation	10	72113,68883,67554,69815,69179,75793,72118,70914,75064,74751
propos	10	67938,74749,73432,73182,72629,76511,68273,70166,71843,75788
télescope	10	73186,70163,73688,70424,70914
libre	10	76511,76508,70421,74169,71617
variabilité	10	69537,69181,67387,68882,75790,70420,67388,75463,70916
larynx	9	74454
interne	9	67939,76211,69181,73685,73876,75792,74455,72118,71358
regond	9	74167,67553
poligny	9	68885,67388
estime-t-il	9	74167,73182,76513,68276,74450,67798,76208,75458
concurrent	9	74749,74167,76211,69535,67553,69177,74455
extension	9	67939,74172,73183,71360
officiel	9	67939,74167,72936,69534,67553,68888,70751,70169,68643
65	9	74749,67068,70163,74449,74454,67799,71615
learninglab	9	73876
cursu	9	75457,72398,67795,70161,67944,71362
envoyer	9	75457,67068,67386,67795,68884,68281,75788,67389,70422
créativité	9	74167,74748,72113,73430,75068,70161,73876,69821
paramètre	9	68885,69813,68646,71841,74751,68387
vocation	9	75457,72113,72398,73685,72392,68641,75460,68393,68386
janny	9	68273
progrès	9	70923,72113,73432,67554,67553,74450,74745,74746
existence	9	74173,73432,73430,67386,72629,74455,72396,70914,75459
saveur	9	75790,70428,72634,72394,72631,71614
vert	9	67068,69535,72115,68889,70424,68278,75067
laisser	9	67068,67386,68886,67383,70421,72397,72631,67937
caltech	9	70919,68881,70422
anticorps	9	70919,72938
multitude	9	71621,72934,73684,73876,73877,73879,73880,70916,71359
tungstène	9	74168
pharma	9	73187,75065,71360
millier	9	72115,69817,70167,70420,70421,72118,71835,76208
mgp	9	73432
cemagref	9	67557,68275,68283,72393,67071
microscopique	9	76210,69540,68886,70166,69539,76208,68387,68391
simulateur	9	72937,67385,74453
méditerranéen	9	73683,73688,72632,70916,68387
rame	9	73683,70421
infection	9	68388,72935,70746,71612,75067,67937
pharmacie	9	73433,72116,69536,69815,70166,72393,75065,71616
principe	9	73683,69540,75793,70747,70746,72118,75065,70915
entièrement	9	73683,68277,69179,71842,73879,75460,75067,74744
animer	9	73433,73430,76515,70164,72393,69820,70421,68383,75063
musée	9	73683,73875,73876,75788,71837
4èm	9	74176,75795,67804,70745,70752,75458
époque	9	67068,73683,72629,70745,72630,71358,75459
christian	9	69534,73875,75790,74454,71616
détecteur	9	71839,70919,70163,70425,68391
remplacer	9	72934,69814,69177,68280,75066,74745,73188,71614
manger	9	75069,76213,74449,67555,76209,75458
2ème	9	73430,67946,70169,75065,75465
observe-t-il	9	73430,68882,72394,71835,74745,68387,71614,74169
blanc	9	76206,73684,73876,73877,71842,68279,72121
support	9	73434,72114,68275,67554,70425,67388,72632
idéal	9	76206,72940,73879,75789,72633,70421,71836,74169
urgent	9	73183,75069,73182,69182,67794,75792,68383,75458
partner	9	72935,76510,69815,73686,71360,71616
chaleur	9	72934,73683,69816,70426,68280,69818,75462
notion	9	76213,75793,70745,68279,71358
bouche	9	69534,75790,72634,68643,72631,74752
m2	9	72114,75068,68277,69814,68884,72397,75461
couleur	9	72114,73430,70162,72630,69539,71836
satisfaire	9	72114,67795,76511,67794,73685,69177,68643,71836,71617
olivier	9	73431,70163,68883,68276,75791,69813,68383
extraordinaire	9	73434,72933,71621,72934,67794,69812,70167,69821,71837
pratiquer	9	73431,75797,67801,70745,72636,74454,70420,75458
peut-on	9	69534,72629,68882,72631,71835,67937,71366,74752
obésité	9	69534,67799,72631,71360
sain	9	69534,70918,70164,69812,75793,72394,67798,71359,73189
soleil	9	72117,67385,67390,69186,73684,72396,74168
labellisé	9	76513,70162,75793,70749,72634,67799,70421,67798,72631
descarte	9	70162,69184,71841,70421
peser	9	72933,70919,69182,67555,70165,69179,67553,72392,68383
accompagnement	9	73437,74748,75068,73687,73878,72395,70422,75461,72121
neuronal	9	68388,74173,73879
précise-t-ell	9	74449,67555,73685,72634,72636,76509,70422,75064,71612
permanent	9	72932,72114,69181,72629,67795,70422
ordinateur	9	72932,73190,72401,69540,73876,68281,70914,74744
orsay	9	72932,76510,69183,69178,68641,74752
réputer	9	72932,76211,67068,73877,74450,70743,70422,71358
introduction	9	67794,67555,69186,73876,67071,71835
altitude	9	67939,68389,69179,75789,67942,71617
micron	9	69540,70425,67558,69819,68641
polyphénol	9	76511,68387,74169
23	9	72933,73184,76210,72400,72633,74450,72939,71360,68386
négatif	9	73185,69533,69183,67801,69184,76508
considérable	9	73185,73433,72934,75788,70421,70916,73188
héberger	9	73685,67799,68278,74452,75461,76208,71359,68384,68385
frontière	9	73185,74172,70163,75789,73880,72396,71362,67937
véritablement	9	67939,76206,69535,73683,68881,76511,70744,70915,75458
energie	9	73875,73690,72392,70169,75789,68640,71363,75458
isolé	9	73185,73430,67068,67556,67800,71843,75789,71360,75459
vapeur	9	67939,73683,70426,72394
conservation	9	76511,68882,68273,72634,73881,75066,75458
permet	9	73184,72934,73431,72629,72398,68273,70420,68279,71362
matérial	9	68639,76210,75796,68276,71362,68390
nucadvisor	9	72629
implantation	9	70162,73875,73684,68889,71840,74454,70743
mélange	9	72113,76511,70166,73878,69819,75464
dépendre	9	72113,72116,76206,75795,67794,68886,67553,72392,67388
agronome	9	72113,76213,74457,69821
coupler	9	69533,68639,72115,70163,68275,69182,69178,73878,72394
mobiliser	9	68275,67554,68882,69541,67071,70915,75066,71359
cirad	9	68275,69182,67794,74457,72632,67071,72121
élaborer	9	69533,72113,69536,75069,76206,69812,75064,70916,75063
conclusion	9	69533,72117,70164,69184,70166,68645,72630,69538
orientation	9	72629,68277,69179,68885,73877,68644,76208,68392
libérer	9	68388,76511,70166,75065,75462,75067
assistance	9	72629,68277,71841,72633,76508,75066,74746
sportif	9	74748,69536,72114,70165,70744,73689
phare	9	73190,72935,68274,75795,68273,72633,70420,74450,70914
be	9	67795,70161,73884
commerce	9	73190,76213,76207,75795,67553,70169,70168,72396,75071
initialement	9	68388,67939,73187,68883,69815,73876,72636,67558,68387
medtech	9	71614
csger	9	73184,69534,76206,74449,67555,73685,75790,70749
joue	9	73184,76206,68274,69181,70161,73685,70749,70914
exception	9	74749,72932,75794,73876,68279,71835,71359,74752,74169
visiteur	9	73437,74748,69543,69542,72396,72939,72122,73438
août	9	74170,73434,70919,67556,69177,67558,71835,70916,74169
françois	9	71357,72932,72936,67068,67794,69542,74456
démantèlement	9	72392,74751
papillon	9	70425,72632
souhait	9	68638,73185,73431,68274,70166,72636,74455
récompenser	9	73435,76207,68274,71840,72633,71612,75066,75458
stratobu	9	75789
allemagne	9	74170,72933,73430,67944,67943,71361,74746
bourse	9	73884,71612,74746,68390
citoyen	9	73435,71357,73185,67794,73875,72940,69821,75465
compagnie	9	71357,72629,76510,71840,72630,72396,75071,67937
montagn	9	68389,67068,70165
29	9	68638,74456,67944,67945,67558,69538,71837,68387,68391
ambitieux	9	73186,67555,67553,74450,71837,71615,71358,75458,74168
multiplier	9	71357,73430,73685,67802,70425,72633,72394
titre	9	74170,71357,73430,73683,68275,67794,69812,68383,71359
alternatif	9	70920,72940,68643,74450,72118,71617
saclay	9	68638,72115,67795,67390,68886,69186,69819,70915
plasma	9	75064,74168,75459
inédit	9	70922,69535,67553,73689,68280,74450,71359,71616
souffrir	9	68389,76507,68645,74454,76508,69539,70916,71366,75459
continu	9	74170,73437,68883,69178,69811,73688,70746,75067,71617
desquelle	9	71619,76207,76511,67800,67553,72393,70420,67798
glucide	9	72634,76509
protection	9	67939,72115,67557,69811,67553,69177,68643,71360,70917
continent	9	70920,71838,68274,73875,73684,69821,75463,75458
effectif	9	67938,71357,73683,67795,68885,74455,71614,74169
dossier	8	75068,69541,73689,68643,75066
inférieur	8	73436,67556,75791,70167,72635,74451,69819,74747
jules	8	67937
privilégier	8	71357,69535,68885,69812,72394,73881,75458
tôt	8	73434,71621,69812,70749,72394,76509,72396,71617
cap	8	73183,73430,76508,72395,72122,71359
lecteur	8	76507,67794,68283,69821,71835,74752
internet	8	76210,69535,67386,69821,71362,71359,75063
maintenant	8	76507,75790,74455,68643,70422,67071,71358,74746
envergure	8	70918,69817,70748,69820,70916,75458,74169
pertinent	8	68275,70166,75793,67553,71359,74746,74169
resqme	8	68274
silicium	8	73436,72114,70919,67554,69814,70425
humanité	8	68275,72398,67794,68882,67071,74746,74168
biais	8	76210,72116,71838,67795,70166,72393,67940,74168
fsi	8	76507,71616
afficher	8	68638,74172,73430,73691,73876,67553,70744,75788
osmotique	8	72397
education	8	73182,70428,73687,68888,70421,75063
variété	8	72113,69535,69182,67391,74449,68882,73877,70420
globalement	8	71357,72113,73683,73877,70745,74744,74746,74169
oublier	8	76213,76515,69813,72393,75789,72938,75067,75458
transition	8	74175,73182,72940,75792,68280,67558,67071
accélération	8	68638,73184,72117,72934,73431,74453,75067,71617
illustrer	8	74175,76511,70161,68276,73877,70753,71835
budget	8	67557,73683,70164,69538,75065,71837,71359,74169
code	8	71619,76207,70162,67556,69178,74744
candidat	8	72113,73432,73430,76206,72935,71360
achat	8	71357,69534,76213,68274,68881,67794
inauguration	8	70921,68639,73433,76514,76516,70751,74746
double	8	72113,76213,67794,68644,69818,74450,71359,75063
commission	8	69534,73182,67555,70164,68645,68383
marketing	8	71357,68885,72395,71359,75063,74746
explosif	8	70162,70425,72633
déclare-t-il	8	76507,70161,68276,68273,67383,71842,72630,67937
génome	8	73432,76213,69815,73686,71843,68643,70420
équilibre	8	68389,76206,69535,67795,69184,67941
catastrophe	8	76507,72629,67794,75789,70915
poche	8	72932,73685,75790,69812,74457,74450,71612,71614
aupalesen	8	74449
fromager	8	68885,70745,67388
allenvi	8	68275,67071
tâche	8	72932,73190,73182,70165,75791,72394,74452,70422
lésion	8	70918,72935,67801,74750,71614,75459
exigence	8	72936,67386,73684,74450,70915,74751,71617
session	8	71620,75796,73691,70744,73883,73438,75465,72120
contribution	8	71620,73430,73182,69181,72401,69177,73883,68278
oséo	8	72933,72114,73879,74450,67798,72118,71614
terrestre	8	69179,67553,74456,73880,68385
traumatisme	8	73431,67801
exiger	8	67938,72934,76207,76511,69540,68643,70420
acquisition	8	73431,71839,68275,73685,73875,75790,68279
épave	8	73683
densité	8	68638,71618,69535,70167,68644,67942,72631
rhizotron	8	69817,70420
opalin	8	70428,70749,72396
pied	8	67938,74749,73684,73877,74169,75459
vega	8	69179,69177
formidable	8	73433,67796,73683,72392,75064,76208,74745,67937
dépasser	8	68638,73432,76507,70747,72633,74746
centralien	8	72936,68888,68383
tirer	8	76211,72937,71621,75794,73684,70753,76208,71617
extérieur	8	76211,68881,67795,67385,68885,72634,70421,72397
hydravion	8	69542
algue	8	70920,73433,76511,67385,75460,68385
numéro	8	68638,74749,72934,68881,68643,72397,72119,74744
aéroport	8	72933,73875,70425,71617
henri	8	72932,68276,72630,71835
transverse	8	67939,74748,72937,72116,70161,68642
inspirer	8	76210,71621,70161,68888,70425,72397,71366
technopôle	8	71842,68643,68279,75461
lorsque	8	68274,69178,70744,67389,75070,73188,67937
chirurgical	8	70918,73431,74454,71614,71616
norbert	8	67940,68387
fissure	8	76210,68886
sortir	8	67939,76211,70161,67794,68882,74752
alpe	8	75797,76513,73881
edition	8	67938,76213,72401,72398,68882,70429,72940
absence	8	72117,73182,73684,69184,70745,75065,70917,68383
joseph	8	67387,69816,69178,67800,73878,69819,69539,73189
sinon	8	73182,69817,68881,67794,73875,72940,69177,70915
émotion	8	73431,73683,73877,72630,75063
faute	8	67938,73185,73683,67794,71835,68383
océanique	8	68388,73434,73688,70743,73880
marquer	8	67938,69533,72113,67068,72630,68278,70915
languedoc-roussillon	8	69537,73430,76512,68275,69182,73684,71614,74169
cfp	8	69539
fluorescence	8	70420,74451,69539,73189
qualification	8	69179,73687,69177,70914
agronov	8	71842,68643,68279
croiser	8	74167,72113,74455,72631,71835,71359,68387,75063
chirurgien	8	73431,70744,71614
pose	8	72114,76206,70919,68275,67794,71359,71614
polynésie	8	73684
voyage	8	72936,72116,72629,69179,69821,72396
repose	8	72934,70919,68881,72398,70164,70421,68641,70914
jus	8	74169
dessiner	8	74172,69535,73684,70746,72633,72630,75458
manque	8	68389,67555,75790,73684,68643,70916,75458
arrêter	8	67938,72933,73182,68881,69178,72392,67798
agrosup	8	76206,73685,73877,72634,72394,72631
gel	8	74750
précipitation	8	67939,69533,75463
cognitif	8	73184,76206,67556,72401,75790,76515
lagrost	8	73184,75459
classement	8	70914,68383,71361,71614
surveiller	8	68883,69811,73877,69813,74450,70916
éducation	8	71357,74167,67555,73876,69821,76509,72939
territorial	8	71357,69535,68884,68889,74457,74746
île	8	74170,71621,67945,75464
économiste	8	73185,69533,72113,67068,72398,68882,72939
espci	8	67068,69186,68280
circulation	8	67939,73434,76510,67801,73688,68640,75463
implication	8	76511,72394,67798,68383,75463,71361,67937,74750
indique-t-il	8	74749,73185,76206,67068,72396,71359,68387,71614
attention	8	76206,67555,73876,74457,69821,68281,71363,71835
participe	8	74749,69534,73875,68885,70914,71835,71362,68392
délégation	8	69535,69542,67553,72396
entrée	8	69535,75790,73686,75792,71842,67944,75071
dopage	8	69536
gustatif	8	74749,75069,70749,72631,74752
réagir	8	67938,75457,71621,67794,70745,70425,74450
percevoir	8	75790,69812,70744,70421,72632,71615
est-ce	8	67938,76206,67795,70161,72940,70166,72631,71835
précédemment	8	74172,73683,70161,73685,72634,74451,68640,72118
teneur	8	75069,69816,69182,67391,75790,68885,74169
9èm	8	73184,75796,76511,70914,75462,76209,75459
salinité	8	74170,73434,68883,73688,72397,73880,70916
irfm	8	75064,74168
variation	8	67938,67390,69811,67942,75067,75458
catherine	8	75069,68882,72940,68281,70914
bout	8	71357,72932,72114,67794,67802,74457,72119
derrière	8	67068,72401,71835,71361,75063,71614
texture	8	75069,76507,73685,72634,67558,72631,74746
obstacle	8	71357,74167,72932,72629,72392,70421,70917
cadarache	8	72392,75064,70915,74168,68385
divertor	8	75064,74168
robotic	8	74170,67383,73884,67945,72633,72122
individuel	8	71357,70922,76515,67553,69818,74451,69539,75465
concepteur	8	73187,69178,73876,74450,70914,75064
coagulant	8	67388
administration	8	73187,71838,72393,74453,75065,71358
terminer	8	73185,72935,72634,71845,71363,71835,71362,70916
séminaire	8	73430,72399,69186,73884,68384
vice-président	8	73187,74167,72113,73182,67553,74456,68386,71358
vraie	8	73184,74172,73430,73182,67386,68884,70421,68391
cible	8	75069,72935,73879,73878,76508,73880,72631,75065
nutriment	8	72116,75069,76213,75793,73688,67798,71837
beau	8	74749,74167,72117,72937,72633,70422
célèbre	8	67938,68638,68881,74744,74746,74752
environnementau	8	67556,72398,67794,69813,68645,72392,68283,67071
biomarqueur	8	73432,69815,75793,68646
mille	8	72934,68883,70425,67558,72397,72396
géographique	8	71618,70162,68275,74449,73875,68889,73881
dominique	8	72629,73684,68889
parkinson	8	74173,76511,68646
demander	8	73432,73182,73683,69183,73685,72395,71835,75458
physiologique	8	68388,72116,75069,76213,67387,75793,75459
interactif	8	73437,75788,72633,70421
contrainte	8	71618,68882,69812,72394,70421,72630,75067,71614
technologier	8	73879,67945,72118,75461,75066,76208
spécial	8	73437,69533,72934,73883,75066,70916,74746
régime	8	68638,73432,69534,67794,67798,69538,68387
côte	8	74170,73683,67553,68279,70917,68393
brésil	8	75792,69185,67553,75788,72396
marcoule	8	75792,72392,70915
planter	8	73684,71837,75458
e	8	73184
upmc	8	69533,75070,71360,75063,74746,68384
frédéric	8	70165,75792,74456,68641
pollen	8	67800,68645
monter	8	73185,75068,73876,72634,75066
satisfaction	8	74171,74172,67795,76511,69183,75066,74751,75458
gabon	8	73684
entendre	8	73430,72637,76508,72939,74752
dater	8	74748,73683,75796,67556,68887,70747,72397,70916
lipstic	8	73184,75459
automatiser	8	73187,73432,76507,69541,74455,67945,70420,74450
allemagn	8	73187,69534,75069,69814,68642,76209,71361
labe	8	73184,72938
dengue	8	69813
promouvoir	8	72629,70748,75792,72394,69538,70914,71361,68386
mercure	7	68388,73183
toutefois	7	69181,70165,67801,70744,71835,75463
critère	7	70920,72113,76207,76513,71612,71361,75458
hugo	7	73185
attribuer	7	73435,72932,67068,67556,68641,75066
africain	7	72115,73683,73684,69821,75458
sensostat	7	73685
odeur	7	73685,75790,70428,73877,72634,72632,72631
tube	7	73432,70918,67558,73188
démonstrateur	7	73432,69534,67797,67554,72121
combinaison	7	70921,67939,73187,67796,76209,71836,74168
efficacement	7	73432,75792,70744,73879,75788,70914,71617
allemand	7	72933,72114,68274,67797,69814,69540,68391
intrinsèque	7	73685,67561,67389
hervé	7	72936,70166,72938
permettra	7	73186,75457,69536,73683,76513,70164,72118
branche	7	72933,72113,73432,73875,75071,68383
caen	7	69178,76515,67943,72939,75460
séisme	7	69181,69811,67942,70915
forcément	7	73185,71621,73683,69540,69813,71835,75459
ronde	7	70921,75797,76515,74456,70752,73882,73438
maquette	7	69178,70421,70743,75064
droit	7	68274,72940,75792,68643,68392
concret	7	70921,73435,75457,68881,69541,71845,68383
resif	7	69181
fameu	7	71621,67068,72115,70161,70420,70421,70422
nausicaa	7	71621,70164
tld	7	72933
intense	7	73436,72934,68887,75067,70916
fiable	7	69535,67387,69183,70426,76208,75067,68387
pousser	7	67939,73434,71357,67068,73684,71835,68387
douzaine	7	68888,71841,74453,76208,68387,75063
emac	7	72634
lâche	7	73432,72116,73683,73684,73876,70745,72394
biologiste	7	70919,69540,68645,70745,71837,67937,74744
signature	7	70919,67556,67553,68643,72396
diversifier	7	73875,69541,74455,68643,72938,71358,74169
vibration	7	70919,75794,70425,69820,70421
prospectif	7	68638,72398,73690,74456,76209,75458
synthétiser	7	72115,67390,69183,67800,69184,75067,73189
cohorte	7	73432,67555,70749
réparation	7	70922,74167,68277,71840
inventer	7	68638,72933,74176,76213,69542,72392,71359
institution	7	70920,73185,75795,70429,67553,73689,68392
presque	7	73432,76206,73683,68881,67391,72394,71835
portée	7	72932,67386,67555,68887,75789,74450
casablanca	7	72936,73875
grenoblois	7	68881,67554,70165,73878
michael	7	68881,74450,67389
quoi	7	76511,70161,72940,72394,71835,71612
nanométrique	7	68881,72635,72119,68391
endroit	7	73187,67068,67794,67800,68387
ecologie	7	71618,69181,67387,70745,71837,75458
modéliser	7	68645,74453,72939,70916,74751,74745,74744
oculaire	7	74171,70744,68646
picq	7	67938,73876
guyane	7	68388,69811,69179,69177,71362,71836
affecter	7	71357,73183,67387,69815,69184,68646,70916
identification	7	67391,72633,74453,76208,71836
bugat	7	72629
rechercher	7	70923,70425,74450,68279,71835,75460,72121
portefeuille	7	70923,72395,71360
témoignage	7	70923,74174,75796,68276,70170,67561,71612
giec	7	69533,70916
cinquième	7	69533,70745,74451,71361,71615,68387,71617
expression	7	67556,70424,70420
régulation	7	67556,67391,69812,69184,73877,68643,69818
socio-économique	7	69533,67795,69538,72939
di	7	67556,67945
synchrotron	7	67390,69186,69819,69539,68391
intellectuel	7	67556,69812,71614
mondialement	7	68881,67795,67383,73877,70743,67937
organoleptique	7	76511,68882,68273,72634,68279,74169
pétrolier	7	75794,74450,70423,70914,71836
emblématique	7	71357,69542,74457,72394,69818,73880,68383
ajout	7	73184,67553,74455,70746,74451,74750
cohérence	7	73184,74172,72934,70161,68885,68889
doctorant	7	73190,69536,70168,72394,71612,71361
comporter	7	71357,72113,73183,67554,75794,70167,70420
profondeur	7	73190,73688,70743,68383,70916
lionel	7	73184,69812,71358
soin	7	71357,67801,68645,67940,72630
guez	7	74172,71842,68643
court	7	73184,72934,70747,71835,70915,76209,71366
officier	7	71358
radical	7	76511,70161
antioxydant	7	76511,68387
spiral	7	76511,75793,68387
incontournable	7	73187,74748,75797,76514,74452,70915,68392
connexion	7	67554,67946,70914
izest	7	68638
lorsqu	7	76511,67801,73684,70744,70425,75070,69539
866	7	73184,72631,68387,75459
1500	7	74748,73432,73875,69179,74454,73880,71358
exposant	7	74748,69542,74456,73884,70169,72122,73438
besnard	7	72631
biogaz	7	68881,67385,73690
10000	7	74748,72934,67068,70167,69821,69818,68387
protocole	7	68638,67386,67802,73687,68279,71359
progression	7	71357,73184,72935,70162,68276,70421
synergie	7	76211,72398,67803,67940,68279,75461
exclusivement	7	72932,67391,69183,70166,72636,70423,67937
enseigner	7	72932,76206,68281,72394,74751
appui	7	68638,74172,68275,76511,70744,68888,72634
continental	7	68388,67939,73434,71621,73880,70916
combien	7	68276,67794,72940,69812,76509,74745,75466
évapotranspiration	7	69537
princeton	7	72932,70422,71835
exploration	7	71357,70163,70420,74450,73880,71836
parcelle	7	69537,73877,71842,68279,75458
grec	7	72932,73683,71843,71835
fer	7	76512,70424,74450,68640,75066
batterie	7	70163,67386,68640
2030	7	71357,72392,70751,71840
dga	7	67553,69177,67941
latruffe	7	68387
miri	7	70163
think	7	74176,68383
tank	7	74176,68383
culturel	7	72933,72937,73182,73683,70751,68383
stade	7	73187,68882,73875,67800,75065
chronique	7	73187,69815,70746,70916
agroécologie	7	69817,69812,73877,70420,67071
4i	7	72400,75466
chimiokine	7	68388
sanguin	7	72117,67801,68387,73189
fluorescent	7	69183,70747,69539
disparaître	7	69533,71621,73431,73683,67558,75458,74169
ile-de-franc	7	73186,74749,73190,74172,71360,71358
note	7	67938,72113,74449,68882,73877,68383,68387
roucairol	7	72113,73182
mécatronique	7	73884,67941,68393
accéder	7	71357,71619,70923,70161,68643,71358,74168
ouest	7	69816,70917,71836,75463,75458
médaill	7	72932,70161,68276,72636,71835
transformation	7	72113,68885,69819,68279,74168
décideur	7	72113,70162,70164,67803,68645,72939
minéral	7	68280,67388,68642,72630,71612
supposer	7	71357,73432,67390,67794,72637,72631,74744
relatif	7	72932,72936,69536,69178,76514,69177,68383
mehg	7	68388
moi	7	72932,73430,70161,72636,72394
oxygène	7	72113,68883,76511,68884,70426,73688
tourner	7	72932,76210,71621,72114,74450,72397,75066
imprimer	7	72113,72114,73431,70167,70423
tradition	7	70161,68276,73875,73877,68383,74752
constructeur	7	68639,75796,67386,72399,70748,74745
polluant	7	68388,72114,69178,68645,70425,74453
psa	7	68639,70161,70748
hypothèse	7	74173,69533,73877,71843,72631,75463
simuler	7	68639,70162,75792,70421,74453,70914
introduire	7	69183,72634,72632,75064,75463,74168,71617
membranaire	7	72116,67391,72399
votre	7	67795,73684,74455,75462
taux	7	75457,73183,73684,69184,67802,70917
constitué	7	72114,69183,72635,73879,70746,75065,75458
2015	7	75068,68881,70164,75793,71842,70916
connecter	7	75068,75797,70162,67554,75791,76209
résoudre	7	75457,72932,76213,73182,73683,68283,74451
coûteux	7	72934,67554,67801,68280,75460,68390
martin	7	73434,71837
partout	7	73434,74749,72114,76511,70751,75066
ii	7	73183,72935,68275,75065,75464
restauration	7	74749,76507,75458
pluridisciplinarité	7	73431,67068,72398,68276,70745
pédagogie	7	75457,73437,76211,73876,68281,72939
soixantaine	7	69536,72629,73684,67945,72395,68387,75459
météorologique	7	67939,70914,70916,71617
exemplaire	7	74171,72933,73184,74745,71614,75458
bioalliance	7	75065
média	7	74167,72933,73876,72634,74455,70915,67937
bouteille	7	73684,69812
départ	7	76213,67068,70161,68882,67798,67937,74752
complètement	7	73430,76207,75794,69815,71840,74450,71359
centrale	7	71619,69814,72392,67941,72397,70915,74168
auroy	7	73684
envie	7	69534,75069,68881,70161,67794,74450
toulousain	7	73434,68644,72630,71362
diabète	7	69534,67802,76509,75458
36	7	76212,72629,67390,70747,73689,72631,69539
regarder	7	74749,74172,76206,73684,72392,69821,74752
récupérer	7	75792,69177,71842,72397
empêcher	7	74749,70747,70422,75065,71835,67937
miniaturisation	7	75792,72635,70747,70423,75070
lab	7	75068,71839,76513,73876,71362,71359
ale	7	73430,71614
mince	7	72114,67554,70749,71840,67558,70423,74744
goubet	7	73430
diagnostiquer	7	72935,70919,69815,74454,71841,76509,75458
pluie	7	67939,67796,70916,75458
virus	7	73183,72935,69813,74452
bertin	7	73879,71614
cohérent	7	67938,72934,67383,73877,72395,74751
schéma	7	76213,73182,70161,72940,68889,75065
imposer	7	74167,70918,69535,72629,67561,74450,70914
2004	7	73431,69811,75790,73684,67803,67942,68383
angleterre	7	70922,70163,67555,71361,71614,74168
rapprocher	7	73431,76507,70166,72392,70745,74455
printemps	7	73430,73683,72629,68883,73685,71362
intermédiaire	7	74167,69535,67386,75794,76510,72397,75465
humidité	7	67939,69537,69182,73880,71836,70916
radiation	7	69179,73688,69819,67942,69539,68391
intelliger	7	74170,68883,67940,67937
auditif	7	76508
ballon	7	69179,75789,70916
anthropologue	7	73431,75458
arkamy	7	76508
permanence	7	74167,76507,67389,76508,71359,74745,75458
sélection	7	67938,72932,72113,72629,70420
lance	7	75457,74176,76207,68274,69813,70424,72633
sang	7	74167,70919,67801,74455,76208,75459
siège	7	72116,71842,70421,67942,75461,75063
soumettre	7	73182,67387,67801,70743,70915,69539,68387
jacques	7	70922,72932,67068,72629,67940,71363,74745
cursus	7	75457,67795,69185,70422,75071,71362
archéologue	7	73431,73683,70745,75788
gst	7	73879
sanofi	7	73182,69813
impression	7	72114,75795,70744,71835,75066
peupler	7	73430,67554,75794,75792,68644,73879,70746
profondément	7	73430,73182,67794,73684,70915,71366,75458
cm	7	72114,69179,72633,70743,71836
diabétique	7	67802,76509,75459
sûreté	7	71619,76207,69178,70915
society	7	70164,69819
souple	7	72114,70167,70751,75789,70423,71617
armement	7	72114,70162,67553,69177,67941,74450,76208
sophistiquer	7	74171,69534,73431,76507,73877,69813,75065
bachelor	7	75457
notz	7	68885,67388
proximité	7	73430,76213,69535,73875,74455,76209
porteur	7	67938,73432,67556,74457,67940,73438,75465
sociétal	6	72113,74176,69535,68275,72939,70916
performer	6	74171,68883,67801,70425,75788,75063
substance	6	70162,76514,71843,70746,67799,67937
council	6	72113,68888,71615,68386
bull	6	72113,73182,70914
feillet	6	76213
peine	6	76213,74449,67794,75790,68281,67937
fields	6	72932,70161,68276,71835
aérien	6	67553,71840,70420,71358,71617
win	6	76510
revellin-falcoz	6	72113
coag	6	68885,67388
verne	6	75068,73683
umt	6	68885,67388
composante	6	76213,67555,73877,70424,71363,70914
poste	6	72113,75068,73182,70162,75789,75064
apport	6	69816,70753,72637,67942,71836,70916
irt	6	75068
ecolab	6	76513,75066
titane	6	70425,74454,68642,75067
collection	6	73431,73683,67800,68643,70420,72118
relais	6	67386,67383
emblée	6	71357,73185,73182,67068,75789,76509
manquer	6	68638,72937,73684,74450,71614
recommandation	6	76207,69541,68645,72393,67388,68383
feuille	6	76512,67387,68645,72630,68383,68386
témoigner	6	71842,70422,71835,71612,71362,74746
émergent	6	76512,74450,72396
poincarer	6	72932,68276,67940,71835
fioraso	6	71620,73182,70914,71837
manifestation	6	74176,72937,73683,69541,70166,75466
urgence	6	70918,73430,72940,67801,74457
nalini	6	72932
prolonger	6	67794,69178,74451,67798,74168
débattre	6	74176,67804,72400,73691,72393,75465
cerise	6	68273,73879,74450
fleuve	6	73434,72397,70917
concrétiser	6	70921,74172,67068,68881,72392,68643
foie	6	75065,73189,74750
racinaire	6	69817,70420
fondre	6	72114,68886,69819,67798,71614
excellent	6	67938,67068,74450,68387,67937
cuivre	6	70167,68644,75066
new	6	72932,69180,73875,69179,73876,71614
band	6	67939,69181,70743,75458
extrait	6	76516,73877,71845
préside	6	71357,73182,72629,71842,68643,68279
micro	6	68639,74174,68881,69814,69186
hémangiome	6	72117
sunaero	6	74167,67553,71840
apte	6	71619,76210,73182,73876,70420,71836
retorik	6	75063
tumeur	6	72117,70918,67068,67802
équation	6	72932,69180,68283,70422,74744
school	6	76513,73876,68641
show	6	75797,70170,73438
iii	6	72117,75065,71616
trustinsoft	6	76207
attaque	6	76207,76511,72630
incubateur	6	76207,73685,73879,73878,75461,71614
azote	6	67387,69183,68645,71837,71615,74752
adhésion	6	68273,74455,74750,71358
2016	6	72114,75792,73878,67942,75065
page	6	68276,72940,69821,71835,68383
difficulter	6	72934,67386,68882,70421,71614
adaptatif	6	72116,67556,68277,67937
sabatier	6	69180,72634,69819
2040	6	69533,69535,69538
configuration	6	71357,69178,68884,74168
esquisser	6	73430,69535,74449,73875,69177,68279
packaging	6	69814,67946,72120
hauteur	6	73434,74749,67557,69181,67387,71358
veolia	6	72392,74450
prochainement	6	67939,73186,74172,68883,67795,67941
phosphate	6	67388,68640,71612
up	6	68281,75466,71616
motif	6	67554,67795,76511,71835,75066,75458
val	6	74172,67945,72939,72938
déplacement	6	74170,70162,75794,68882,70744,70917
ec6	6	74749
boîte	6	67554,67383,70420,72939,71359
fédération	6	74172,67553,67944,70169,74746
oxydatif	6	76511,72394
méthodologie	6	76206,73431,68886,73685,69179,75793
mémoriser	6	76206,68887,76509,67389
démarrage	6	74749,72629,68881,73685,70424,68279
météorologiquer	6	67939,69177,75789,70916
richard	6	68881,73875,75790,74169
capsule	6	70166,75462
microencapsulation	6	70166,75462
quelle	6	74749,72940,69538,75462,76209,75458
franc-comtois	6	74172,68885,70745,74455,68279
aboutissement	6	74172,73683,69179,74454,70420,76508
encourageant	6	73184,74454,72630,68387,75458,74169
éventail	6	74749,69183,72940,73879,71612,71836
vente	6	73187,72629,76510,68273,70916,71614
dénutrition	6	75069,76507,74449,74746
ccl2	6	68388
métabolisme	6	73184,67800,71837,68385,75459
inra	6	67795,75790,68885,71842,67388,71837
nécessairement	6	74749,74167,67795,76508,67071,74168
orthopédique	6	71614,71616
nahum	6	71614
esiee	6	73190,70168,75071
8èm	6	73190,72937,72396
baptisé	6	73434,72629,68881,70424,72637,67941
millimètre	6	67554,75791,70425,73189,75458
contraire	6	71357,74167,68882,67383,69813,75458
nommer	6	67795,74449,70161,68882,72394
version	6	75793,69821,67940,70916,74168
stabiliser	6	67558,68390,74168
quasi	6	71357,72117,69537,67942,75065
ilser	6	74455
naviguer	6	73190,73183,73683,75063
automatique	6	69182,76510,69177,76208,74751
nasa	6	67939,73434,70163
règle	6	72398,75792,67553,76208,75063
vieillir	6	74749,74449,76515,75465
diffuser	6	73184,70918,68275,67795,70748,72393
prévenir	6	74170,72935,70165,73876,67799,75063
expédition	6	73183
survie	6	68388,71618,76213,75065,76208
primaire	6	71619,71841,68642,72631
défendre	6	74170,73184,68387,67937
5ème	6	69533,75797,73691,73687
électron	6	72934,76511,75070,72119
tableau	6	75457,70162,68276,73876,69177,68383
b	6	73183,70161,67946,72395,70915
marque	6	73183,76512,69179,73687,74450,72630
réaliste	6	67794,68882,75788,70914,68383,75463
fonctionnalité	6	67797,67554,76514,75788,67388
quitter	6	73183,73430,76206,68276,71842,75063
épisode	6	67938,73686,69813,73688,70916
géophysique	6	73434,69181,72398
1992	6	73434,71838,67068,76507,70916,75459
satisfait	6	75457,73184,72117,73683,68883,70166
supercalculateur	6	70424,70914,74744
considérablement	6	72934,76213,68275,67794,72635,76208
analytique	6	68885,73877,72118
planétaire	6	69533,71621,70163,75458
satellitaire	6	68275,69813,76208
banquise	6	69533,73183
100000	6	72934,67801,68646,70914,67937
institutionnel	6	72935,69812,70751,67945,75461,75464
décrire	6	67938,72932,69184,70747,68383,70916
sous-sol	6	73430,69181,73684,75792,72392,75788
pixel	6	68881,67554,72401,70424
center	6	68638,69180,73875,75788
cépage	6	76206,76512,73684,74169
particulière	6	67558,75065,71614,75458,74168
lara	6	76511,75793,68387
targuer	6	73434,73432,72629,70420,70915,74746
fois-ci	6	76206,72629,72940,70421,70422,75063
finalement	6	76206,73683,68886,72634,72630,74168
apprécier	6	76206,76512,68276,67555,68886
rémy	6	67939,72940,73878,76209
belgique	6	74749,69178,72394,71361,71615
raid	6	76212,73689
hercule	6	67941
gouvernement	6	72629,68888,68642,72396
cartographier	6	71618,69537,70424,67389,73880
bac	6	73437,70161,68273,75071,71358
bioaxial	6	74451
microscope	6	74451,72397,75070,69539,72119
entité	6	67938,67553,72634,74455,74744,75459
bachelier	6	75457
pathogène	6	71618,69183,73686,68643,68387
hpv16	6	72935
précisément	6	70923,69816,67794,69540,67389,71361
occidental	6	72114,68883,69815,75792,68646,75460
contrairement	6	72932,76206,67383,67558,74451,72631
mérite	6	73182,68274,70161,67794,70915
étage	6	69179,69177
pomey	6	73683
brest	6	74170,68883,74449,75460
plasturgie	6	72634,70752
bactérien	6	70922,73432,69815,69183,75067
témoin	6	72937,74175,75797,68646,68387
fauteuil	6	67940
neutron	6	69178,67558,74168
ferme	6	73185,68881,76511,69538,75463
porte-clés	6	68274
comporte	6	69534,73683,69177,75070,71835,74168
préoccupant	6	68389,75457,75792,68383,70916
séquence	6	73432,69177,68643,70914,75064
gravité	6	76210,68276,67801,73880
agrégat	6	74173
valoir	6	73185,72115,74457,70424,70914,71835
chrono-environnement	6	70745
ajouton	6	76210,70162,69811,69542,68642,68279
feder	6	68884,71841,70420,76508,71360,68385
francis	6	76515,71837,68383
ingénieri	6	72937,76210,76212,75791,73689,68390
investir	6	71621,72114,67794,70421,75461,68387
structural	6	74173,68639,67387,72636,69539,72119
gp	6	67939,69181,69177,68279,76208
arnaud	6	72933,73182,67068,76510,74746
fabrique	6	67796,70165,68273,74450,74451,71616
résistant	6	70922,69816,67794,75792,72630,75065
barrière	6	68389,73184,70751
ampleur	6	73182,70420,75065,71359,75458
honneur	6	72933,73182,69542,72393,67946
west	6	74450,75064,74168
gypti	6	73683
celles-ci	6	68389,69533,69537,69539,68387,75458
vulnérable	6	68389,71621,69816,68283
alpes	6	73683,67553,75789,73878,68393
didier	6	67939,75788,72633
suisse	6	73187,68638,74172,75069,73875,69179
denis	6	72115,75788,75462
résister	6	76210,73877,75789,74745,74750
maximal	6	68886,69179,68640,69538
maturité	6	74167,67554,67391,72395,75063
limitation	6	76210,72934,70163,67556,69820,68391
interagir	6	70922,67556,73879,73688,70421
favorable	6	68389,70919,73684,68885,75792,73687
arme	6	72115,70161,68276,70166
utilisable	6	68274,68881,75793,71843,70425
identique	6	68389,69540,73877,72392,67389,67388
voiture	6	68274,69814,73685,68640
inflammatoire	6	73432,76511,69815,75459
accident	6	68274,70915
biocarburant	6	70920,67385,75066,72121,68385,71617
classer	6	73182,67387,68881,73687,71361
erreur	6	73185,76207,68274,75792,74455,74169
précoce	6	73432,70918,67556,68646,75065
défaut	6	76210,67556,68886,73879,68391
promesse	6	73185,72115,76511,70745,72396,74746
cholestérol	6	67798,75459
dirigeant	6	73435,74749,74167,74455,68386
conscience	6	67938,70161,73876,67553,75458
gens	6	73182,68274,67383,74457,74746,75458
décollage	6	67939,69179,74450,71617
tenace	6	76210,73684
immunité	6	71837,67937
nicolas	6	72115,72629,68882
sonore	6	76508,73880,72939
préventif	6	73432,72935,73431,69813,68645,75458
californie	6	68274,68881,70422,73188
prêt	6	67068,68881,70426,74455,70421,72396
fragile	6	76210,73431,73683,68886,74746
infecter	6	74173,72935,69813,67937
esturgeon	6	70917
franco-indienn	6	67939,73434,69180,69177,72393
rayonnement	6	73186,70163,76511,68387,74744,71358
colorant	6	70747,75462,73189
moindre	6	74167,72934,73431,67386,67385,75463
ligature	6	73683
tiers	6	67555,74455,69819,71366
obligation	6	74167,76513,69185,72392,68279,71359
aérodynamique	6	71615,74745,71617
reformuler	6	69534,70161,68882
mutation	6	72933,73430,67556,72395
esrf	6	69819,69539,68391
amplifier	6	76211,67802,70747,68643,73189
avionneur	6	70920,72113,72636,71615,71617
adhérer	6	73685,67553,73879,74455,75063
instant	6	72115,71842,72394,67389,70422
préhistorien	6	75788
occurrence	6	67555,69540,70421,67798,72396,68391
fournisseur	6	76211,67796,75796,67388,74169
hydraulique	6	72940,71363
définitivement	6	72634,70422,70915,70917
chain	6	67557,72393,72637
diversification	6	67555,70749,74455,74169
industrialiser	6	70920,76210,72114,73182,69181,67554
niche	6	70921,74749,72114,75795,67553,68643
proportion	6	73432,69534,67795,67385,67388
active	6	72115,73691,72634,72394,67388
aerocampus	6	73687,69542
conducteur	6	72933,75794,67383,72635,75070
ivry-sur-seine	6	74171,68277,68646,74746
welience	6	72116,71842,72634
digestif	6	73432,70918,70746,71616
cayot	6	72394
débuter	6	69534,70161,70916,75063,67937,75458
participation	6	67795,67391,69178,73875,69542,74747
statut	6	72936,74449,70161,71358
thérapie	6	74171,72117,74454,74453,75065
première	6	68389,73184,70747,76508,72397,76209
aix-marseille	6	73683,73688,68385,68391
quantitatif	6	72116,73431,73685,68643,72939,71361
modérer	6	70743,68387,71358,74746
vulnérabilité	6	74167,69533,73183,69816,70916
suffisamment	6	74167,76213,68886,68644,70421,73880
régulièrement	6	73683,68881,69811,68281,75064
détail	6	73683,68276,69539,71836,73189
espoir	6	74173,71621,72115,74454,73878
propulsion	6	73683,70163,68883,69177,68644,74745
progresser	6	73186,70161,70420,69538,70917,74752
voler	6	69542,74450,71617
méditerranée	6	73683,69183,67389,75064,70916
couvert	6	73185,69537,69811,75463,70916
ont-il	6	74173,76512,73685,68643,72397,75458
métabolique	6	73432,67556,69815,71360,71837,68387
repenser	6	68882,73876,68279
laboratoir	6	73431,73683,72634,67799,75064,72121
hpv	5	72935
nouer	5	76212,73431,70422,72396,74744
similaire	5	68389,68887,71843,70421,74750
adresse	5	72629,72401,68273,67940,72939
selle	5	73432
décrocher	5	73432,73685,72630,71612
marche	5	73183,76213,73876,74746,75458
agroenvironnement	5	70745,68643,68279
compenser	5	68389,67555,75790
démantèlemer	5	72629,72392,70915
réglementaire	5	72629,73690,76516,72938,70917
supra	5	74168
exploser	5	72629,69812,71359
savoie	5	76212,67387,73689,73881
20000	5	73432,73183,76510,69541,73438
maximum	5	68281,70743,76209,70916
renouveler	5	76206,72398,72940,73684,73881
sofradir	5	71839,67796
révéler	5	68389,74748,70167,69819,73189
atterrissage	5	69177,74450,71617
préalablement	5	71618,76212,69183,75067,74750
potentialité	5	73432,72115,70162,67391,72630
maritime	5	73183,73683,76513,75789,71836
parfaire	5	69177,76509,71359,75063,71614
parc	5	76212,72392,67799,68279,71360
diplômer	5	72114,73430,73685,71362
faculté	5	69536,68392,71616
équivalent	5	74748,73431,72629,70424,68390
radeau	5	72116
sable	5	71621,73684,69819
rer	5	70421
dégradation	5	75069,69184,70917
écologie	5	72398,69812,67071,75460,75458
informer	5	73190,73182,76514,67803,72122
yve	5	72398,73875
incident	5	67068,70165,70915,69539
trystram	5	67795
périphérie	5	74455,68643,68279,75063,74746
yannick	5	69177,70424
délégué	5	67795,68885,74456,67388,74746
identité	5	67795,70161,68885
biophytis	5	67799,71360
tritium	5	74168
lipidique	5	72116,72631
absorber	5	71621,67385,70425,75462,74744
enseignant-chercheur	5	73190,70168,73882,71362,68393
retraite	5	75069,73431,72629,68387
maison	5	75069,76515,70914,72939,68387
hélium	5	74168
requérir	5	75069,72399,72631,71612
coagulante	5	67388
appellation	5	72116,69535,68885,74456,75063
initiateur	5	73434,72116,73876,72634,70424
pénétration	5	72116,76207,70746,71614
review	5	67068,75794,76208,73188
raft	5	72116
détruire	5	67068,76511,75065,68391
chaud	5	68389,67391,72393,68280
deutérium	5	74168
antare	5	73688
leti	5	70919,67554
3000	5	72115,67794,69543,70751,69821
souplesse	5	69535,68273,75792,71617
sarcopéniqu	5	67799,71360
chimiste	5	70745,72630,74752
goûter	5	76206,72631,71835,71366
screening	5	68643,72118
terifiq	5	69534,75790
homologation	5	68643,71616
midinnov	5	74748
fusionner	5	67558,74168
quantique	5	71839,70747,70421,70914
accueil	5	69536,73685,73875,70169,72633
organisateur	5	70921,74175,74174,72393,75066
doctoral	5	69536,68276,68888
encourager	5	71357,74748,76211,69535,72634
croître	5	69535,75793,67553,72938,74751
agglomération	5	74172,70170,71842
1980	5	67068,70917,71837,74745,74168
pont	5	74172,73875,74450,72396,70916
lsi	5	70421
élever	5	71621,73875,69538,74169,74747
evaluation	5	67798,67071,70915
séjour	5	76206,68881,69185,71837,75459
agrène	5	68643
psychologie	5	76206,72401
pierrot	5	67068,67383
collège	5	73434,67938,70161,68392
pologne	5	75069,67555,73875,68642,71361
140	5	67554,74454,72633,69818
vague	5	73434,69817,70744,70743
migrer	5	68389,71842,71837
électromagnétique	5	69177,67942,74744
fonctionnelle	5	73432,67391,76515,68887,71841
600	5	70169,72633,75466,74746
amont	5	72629,69821,68279,71359,74744
matrice	5	70746,72394,71616
exclusif	5	72117,76210,68274,68279
azur	5	73683,67553,75789,68393
supplémentaire	5	73431,70163,76513,70162,73875
coordination	5	73186,72933,73683,70163,68642
neurologique	5	73187,74171,74453
embarcation	5	73683
ruche	5	75068,71843,71842
loft	5	76513
couper	5	73431,68274,67937,74750,71617
françoi	5	71357,67383
créatif	5	75068,70161,67383,69821,72394
réplique	5	73683
obtention	5	76513,73684,71842,71845,73188
zirconium	5	68390
propriétaire	5	73431,73683,67797,73686,71616
commande	5	76207,76507,70161,73875
conduite	5	72937,72935,67940,72630
reprise	5	72937,67795,73684,71835
musculaire	5	70918,72115,67799
sollicitation	5	68639,70425,72394,67389
attentat	5	70162,70421
développeur	5	75068,76207,70170,70914,71359
peugeot	5	68639,70748,68383
archéologie	5	73683
75	5	68888,73878,76508,71837,71615
séparer	5	70918,68882,70167,68884,72397
saisir	5	70162,76511,72392,76209
relier	5	70162,73875,72635,70425
flexible	5	72114,75791,69541,70167,72394
palette	5	70162,68273,72630,70916
pulsé	5	70918,69178,75067
archéologique	5	73431,73683,75788
casque	5	70162,70421
sciencer	5	71620,69179,69819,74169
phenom	5	69817,70420
cinquantaine	5	74176,76211,73430,75065,74746
rendu	5	76508,70421
assembler	5	73683,67556,67390,68882,67383
2001	5	73434,69533,69812,71840,71837
expérimenter	5	74176,75065,74752
coqueugniot	5	73431
anglais	5	67938,71619,67555,68888
hélène	5	73431
era-min	5	68642
sous-marin	5	73683,73875,73688,70916
valise	5	73431
valley	5	67946,74455,74746
musique	5	72114,72939,71835
vircopal	5	73431
agro-environnement	5	71842
stéphane	5	72114,71837
sept	5	69537,69179,75064
entretenir	5	76211,72936,73182,70745,71359
bretenière	5	71842,68279
vaste	5	76211,67386,69184,74456,70421
fierter	5	76207,73431,70161,69821,74455
process	5	72114,67554,76511,68882
vallée	5	69537,69813,68645,72392
sec	5	69537,69182,75458,68385
délai	5	67386,76510,70915,74745
hollande	5	72936,68274
intervenant	5	67386,69820,67942,75465
déboucher	5	67068,76511,70420,72395,72630
veille	5	67386,73685,68273,74455
morpho	5	72633
appliqué	5	75068,67071,75063,71614,71616
procédure	5	73435,76207,69178,74454
philipp	5	71357,68885,72394,72631
geosud	5	68275
influence	5	76210,67387,72629,69812,67388
refroidir	5	76210,71839,67557,68640,74168
réservoir	5	68283,72397,75067
colasse	5	68274
trajectoire	5	69533,70744,68644
interdisciplinaire	5	68275,68645,67799,70916,68392
associant	5	72114,67557,73875,72630,74752
récompense	5	73435,72932,67383,72633,76208
cinquante	5	69533,73875,74168
impossible	5	72934,75794,73684,70744
rouler	5	67797,67940
amplificateur	5	72934
curi	5	69533,68277,67799,75460,68384
élite	5	71357,73182,67941
statistique	5	69180,73685,68645,68281,67942
habiter	5	73432,71621,67794
légitime	5	68389,72114,75792,74457,68383
dusko	5	73432,69815
ehrlich	5	73432,69815
alabouvette	5	68643
confier	5	70923,73182,73685,69179,67941
stimulus	5	69534,68887,67389
anomalie	5	67556,69815,67798,72118
etou	5	72935,67554
exercer	5	72636,73882,75458,68390
fukushima	5	72629,72392,70915
km2	5	73183
5000	5	70923,75795,68276,75066,68387
500000	5	72935,73683,70425,74453,76208
diode	5	72934,70747,75070
nice	5	69180,67561,75065
visualisation	5	75788
durablement	5	76213,70166,72637
spécialité	5	76507,68276,69185,71362,71358
dit	5	72114,72934,67802,67388,68642
écrire	5	72113,68276,71835
disasolar	5	72114
bénéfice	5	70918,75069,68645,67798,68383
habitude	5	76213,70161,68276,67794,72634
intestin	5	76213,69815,70166
peut-être	5	76213,72115,72634,71835
renaître	5	69821,71841,71360
regroupement	5	70921,72116,71839,67553,68386
conclure	5	70920,68882,72392,74450,71837
silencieux	5	67389,71617
portable	5	76507,67554,70747
affirmer	5	72113,72398,75792,73877,69821
allergie	5	76507,68645,70745,67937
plaquette	5	76210,69184
cosmique	5	73186,73688
montre	5	67938,69535,67794,71835,76209
minimum	5	71357,75457,69540,69185,68279
boëtsch	5	75458
fourier	5	69816,69178,67800,69819,69539
féliciter	5	73434,70163,68881,76510,69812
essence	5	69816,69814,71837,75458
date	5	73182,67795,68273,72636,68387
foulée	5	68274,72629,74450,71836,75458
photonic	5	72934,75795
affranchir	5	72934,75791,68884,70917,71836
change	5	72934,76213,70919,73876,68281
alumine	5	76210
poudre	5	76210,70166,68644,69819
viticole	5	69537,73877
souci	5	74749,76507,74745,75458
homologue	5	71618,72113,69814,70746,72119
endommager	5	70922,73431,74451
bloquer	5	75794,71843,69820,67937
massif	5	75794,73876,71837,75463,74169
emmanuel	5	67801,74455
crânien	5	67801
biochimie	5	74173,72115,69184,71837,68387
accepter	5	67939,74749,68274,68276,75458
lettre	5	70744,68889
virginie	5	74449,67389,68391
ressembler	5	74173,72932,73684,67553,71835
olfactif	5	74449,75790,76515,70749
2003	5	67939,72398,69177,68383,74744
2002	5	76510,69811,70916,71614
enrichissant	5	73185,72932,76211,73683,72394
nuage	5	67939,75788
cérémonie	5	69185,68888,71837,72120
retard	5	76510,73684,73877,71841,74169
hyme	5	70916
amplification	5	68638,72934,67802,74168
autoroute	5	76510,73875,74450,68640,71617
tunnel	5	76510,73875,72397,75070,72119
italien	5	73875,69179,67945,75463
poignée	5	73434,73430,72115,72634,72631
limité	5	73185,75793,70420,70421,68391
présider	5	73185,67794,76515,68273,68386
gain	5	74171,68882,70753,74455
aquitain	5	68638,72117,74176,73431,76512
géométrique	5	72932,69537,67390,68886,75067
panel	5	67390,71363,72120
tahiti	5	73684
silice	5	67390,69540,69819,74750
courte	5	67939,72934,67554,71617
multiplication	5	76511,68882,67553,70423,75458
sunaéro	5	74167
méthanisation	5	67385,73690,69538,72121
supméca	5	69541
sommet	5	67939,68389,72122,75458
lumineux	5	70167,70747,73688,75070,73188
lac	5	73434,70745,67944
cell	5	67385,73876,68644,72630,67937
symbiose	5	67385,71837
compléter	5	73437,73430,67798,72630
aluminium	5	74167,68644,75066
nutraceutique	5	71360
benoit	5	68273
invité	5	75795,69542,72393,67946
panorama	5	74167,68882,76514,73690,67388
peau	5	71360,75067,74744,74750
seconde	5	69179,69819,70914,74750,74168
soyouz	5	69179,69177,71836
laurier	5	71837
polaire	5	67939,73183,69179
aminer	5	67390
microscopie	5	67390,67558,74451,73189,68391
daniel	5	68638,70745
paléoanthropologue	5	67938
marqueur	5	74171,76206,68881,68643,67798
urbano	5	73685
francophone	5	69543,68888,69821
recyclage	5	72399,75792,68642,69538,71362
énergier	5	68638,72934
faisceau	5	69540,70421,68391
oh	5	68276,72940,69812,76509,75466
inévitable	5	72933,73432,76213,68273,71835
bit	5	69540
conçoit	5	72933,70165,71840,74455,71616
myocarde	5	68387
genci	5	70914
continuité	5	68882,69811,75789,72118,76208
advanced	5	72932,75068,71837
infarctus	5	68387
montagne	5	67555,75792,73881
marion	5	67794
dam	5	68638,74744
argent	5	72932,71621,73183,73684,67937
allaitement	5	67555,68887
guillou	5	67794
donneur	5	67553,68642,72120
matheron	5	67794
canada	5	69542,69820,74745,71614
emporter	5	67939,69179,69177,70424
mathématicienn	5	72932
habeat	5	67555
remise	5	72933,75797,76516,69185,68888
gaspillage	5	67794,71366,71617
croîtr	5	67553,72392,74450,72631,74745
conjointemer	5	72933,73876,75793,69177,70914
biomatériau	5	74454,71612,75067,71616
corse	5	68884
technicien	5	67939,75068,72115,68279,67071
signifier	5	67939,75457,72115,76510,67801
radar	5	69811,75789,70916
crucial	5	69178,69811,73878,69820,68642
logistique	5	73185,75069,68273,69812,67945
1998	5	67939,76507,72118,70917,68383
davi	5	75063
alternative	5	73436,67554,72635,75067
équatorial	5	67939,73684
reprendre	5	73436,73184,72115,70749,72394
contenter	5	70161,73876,70422,75458,71617
revoir	5	70161,73876,70749,71837,71614
salarier	5	70161,70748,73879,68643,75066
micro-geo	5	69818
compatible	5	73436,67386,70165,72635,74745
guinevere	5	69178
rang	5	73687,67943,70914,71361,74745
fine	5	68886,73877,70749,71841,70916
orléan	5	72932,71618,69812,67946
mère	5	72932,67555
parisien	5	68638,72936,76507,67799,76508
catalyseur	5	73436,72113,74174,67795,68280
mourou	5	68638,72934
taxibot	5	72933
microbiologique	5	69183,68882,72634,68643,72394
option	5	67804,72395,75071
cuisson	5	76511,72394,72630,71359,74752
perturbation	5	74173,69540,67802,67942
biosimilaire	5	72938
7ème	5	74749,75069,70168,69538,75458
provoquer	5	76511,68887,70424,70916,67937
météo	5	67939,69813,75789,67071,70916
ralentir	5	74749,74173,68646,68390
vendre	5	74171,72933,68274,71614,75458
atypique	5	74749,73430,73182,76516,72394
complémentarité	5	68279,71836,71358
berthet	5	73876
liten	5	75789,68640
culinaire	5	74749,71359,74752
visiter	5	71619,72629,72396,70916
prétendre	5	74749,73182,69535,67553,70422
danone	5	75793,72394,67798
coder	5	73184,67800,75790,72631
dense	5	71619,69542,72938,70915,71836
ranjard	5	69812
cherche	5	73184,68274,68276,75790,67383
creathe	5	70166
acte	5	71357,71621,70918,76516,74746
vétérinaire	5	73686,74455,75462,74750,68384
ceinture	5	67939,68274,67942,75458
iut	5	75457,67945,72394
bali	5	75793,67798
étroit	5	71357,72936,75797,75794,68888
pathoquest	5	73686
rotation	5	68279,72119,75463
puissant	5	68638,73432,67796,67554,71836
semi-conducteur	5	69814,72635,74451
palaiseau	5	68638,75796,70162,68641
marseill	5	74749,73683,72118,75458
paraître	5	67938,73432,72934,69821,67937
combustion	5	70426,68644,71615
foix	5	68277,74746
francilien	5	74171,74172,71620,76507
anesthésique	5	71843
bras	5	74749,74167,72117,67941,70422
licence	5	73187,72117,68273,75071,71358
sérieux	5	75457,72629,73684,69812,74453
huilier	5	70166
golfe	4	74749,73684,73688,70916
attirer	4	69535,72629,72632,70422
santa	4	68274,70422,73188
tore	4	74168
sensibiliser	4	73183,70164,67803,71845
encre	4	67938,72114
soulignon	4	73436,68645,69820,75466
commelin	4	74749
entrevoir	4	73185,67937,74746,74752
inéluctable	4	73876,74450,71614
représentation	4	76206,72398,75788,70916
approfondir	4	70920,69533,68881,72396
1993	4	67939,73683,72633
ads	4	69178
stationnaire	4	75789,74745
sensibilité	4	67796,75791,75793,70425
purement	4	73183,76507,69816,72393
barbara	4	68274,70422,73188
gemte	4	71361
vitre	4	68274,69819
brésilien	4	67939,73878,71362
acétate	4	68390
insulaire	4	71621
viande	4	71357,76511,67794
invention	4	68638,69542,72392,75067
acceptable	4	69535,68882,75065,74745
marteau	4	68274
novice	4	76206
prélever	4	73432,67801,75458
rééducation	4	67940
périmètre	4	74749,72396,74744
breveter	4	68274,68273,69813
détergent	4	70166,67558
led	4	75070
newvecty	4	68384
tumoral	4	73691,75065
hexagone	4	74749,74167,71362
élargir	4	73432,73182,72398,71836
50000	4	69811,73684
pêche	4	73183,69811,75460,70917
metz	4	73875
survivre	4	67938,67389,71837,75458
salaison	4	72634
océanographe	4	73434,71621,72940
déclencher	4	69811,68887,72119,67937
révolutionner	4	73875,67937,74752,68391
réfrigérateur	4	67557,70746
a-t-ell	4	70914,70915,74746
2018	4	73430,70163,73877
fêter	4	73875,69542,68643,76509
ong	4	73185,74457
créée	4	74749,73184,73875,75066
personnaliser	4	73691,68885,75071,71359
microcapsule	4	70166
arome	4	70916
garche	4	67940
carrefour	4	73876,73884
veau	4	67388,74750
briser	4	68389,68274,75462
ionique	4	72115,73878,68390
allaert	4	67798
pelco	4	67796
auvergn	4	73687
métrologie	4	73430,74451,75064
injectable	4	71612
passionnant	4	76206,71612,74752,74168
robuster	4	67939,69177,74751
moustique	4	69813
lointain	4	74749,70163,70424,71835
desquel	4	72115,72629,69821,68279
cibl	4	72115,69182,67555,75459
colombie	4	73875,74450,67942,71362
matinée	4	75457,71845
contacter	4	68274,68643,71612,71614
naval	4	73683,67386
delair	4	74450
biotech	4	75793,67798
frein	4	72933,68383,74746
biscarosse	4	69542
renard	4	75069
loire	4	70743,68279,72939,71358
merck	4	75793,67798,71360
marine	4	73683,75789
chantier	4	73683,72392,67941,68383
familial	4	75793,67798,74746
espérer	4	67555,75792,69819,69539
coller	4	68644,74750
optifel	4	75069
boucler	4	73683,76510,69811,75793
supélec	4	74751
manipulation	4	67555,68643,67941,74451
rapprochement	4	76211,67068,69535,71358
quantifier	4	75793,67388,75463,70916
atlantique	4	73433,68881,73684,75462
parkinsonien	4	74171,68646
dégrader	4	75069,71612
présure	4	67388
moderne	4	72933,68643,76508,74746
trente	4	67794,75788,68387
oiseau	4	74745,68387,75458,71617
frapper	4	67794,73688,73880,75065
conditionnement	4	75069,68273,72392,72120
poursuite	4	67794,73684,71837
4000	4	67794,69811,73684
oxyde	4	68644,71615
exporter	4	72933,72114,67553
issanchou	4	67555
activemer	4	73683,67554,68885,74168
scène	4	73683,67794,75792,70421
réglage	4	73186,68883,76508,75067
confronté	4	73683,67794,76509,71359
inattendu	4	73683,69184,67937
sylvie	4	67555
australie	4	70920,69185,75459
muséum	4	75788,67071
réguler	4	67555,69178,68887,67802
sommes-nous	4	74749,68882,73684,75458
liaison	4	73436,76213,67800,69542
kevin	4	71359
croissant	4	68638,67794,73685,67071
ballester	4	76206
écoulemer	4	69540,70421,72397
immédiat	4	69181,70163,76510,69540
instrumentation	4	69181,70163,69543,67946
camphuis	4	71359
portugal	4	74170,68281,67945,68642
dégustateur	4	76206,76512
encapsuler	4	70166,75065,75462
position	4	69540,75788,71614
province	4	73430,73684
françois-andré	4	67798
tellurique	4	69181,69817,70420
mur	4	73430,67068,70162,74168
journal	4	73436,67802,70169,69819
égal	4	68886,72118,75065,68385
cnrsecole	4	68886,70743,70916,73188
banc	4	68638,75064,70916,74168
jordi	4	76206
apprenti	4	73430,72636
pékin	4	68888
distribuer	4	67939,72114,68881,67555
incubation	4	76211,73878,75461
entourer	4	76211,76206,72635,67942
soler	4	68882
standardisation	4	68882,69812
pcrd	4	74749,75069,69538,71361
connu	4	68388,72115,69186
palais	4	72936,69535,68888,69820
antoine	4	72933,72392,74453,69539
paca	4	73683,67553,75789,68393
cité	4	72937,68643
standard	4	72936,76207,72629,68640
marseille-provence	4	73683
méditerraner	4	73683,70916
vérifier	4	69540,68281,76508,68279
mâle	4	72632
montebourg	4	72933,73182,74746
bille	4	69540,68644
plonger	4	69540,70421,72397
réduit	4	71621,67387,70420,76208
compliquer	4	71621,73683,71614
nord-occidental	4	70916
shs	4	73431,73683,72939
catalyse	4	67561,70425
hydrographie	4	67944
étonner	4	74167,73182,72629
cetp	4	75459
protip	4	74454
poughon	4	72114
kilo	4	69179,68273,68644
voile	4	72114,73683,68883,73880
sophie	4	70428,70749
nicklaus	4	70428,70749
reproduction	4	73431,70917
paysage	4	67938,70161,67794,73877
clubtex	4	70921,70751
exenuc	4	71619
récolte	4	73183,73684,68643
asiatique	4	74167,71621,71840
pomme	4	68273,74752
bus	4	72114,70162,71836
jacquart	4	71612
chimiothérapie	4	70922,73686,75065
network	4	72934,69817,70420
prouver	4	76207,67554,69815,67798
indium	4	72114,71839
belgiqu	4	69534,75069,69179,67944
angle	4	70921,72113,73182
obligatoirement	4	74167,76507,67389,71359
chazal	4	69534,72634
corée	4	74455,72396
viticulture	4	73684,73879,74450,75066
discours	4	73182,70914,74169
élu	4	73182,67803
roser	4	73684,71614
hasard	4	67802,72393,72631,71612
pays-ba	4	69534,75069,69179,68642
vecteur	4	67802,69813
cristallin	4	72114,68390,68391
dt-18	4	74450
apparition	4	70922,69815,72634,75065
malgré	4	72934,67391,67553,74453
veger	4	69179,69177
levodopa	4	68646
malade	4	68646,68641,73189,75063
livatag	4	75065
norme	4	76207,67794,72393,70169
carignan	4	73684
polytechnicien	4	74450,76208
matin	4	69541,69177,72396,75458
novateur	4	71838,72400,70164,73684
renommée	4	71619,67799,71359,72121
isoler	4	70918,67556,68886,69186
attache	4	70918,69183,69177,73883
candidature	4	75068,73683,75066
hépatocellulaire	4	75065
endurance	4	74450
préparatoire	4	75457,68888,75071,71358
concourir	4	75457,69536,76212,73438
pré-clinique	4	70918,67799,67798
météorologie	4	67939,68645,71836,70916
accroissement	4	67939,68887,74450,70423
fabmake	4	75068
superficiel	4	70918,68883,68279
tracker	4	74171,68646
suffisant	4	76213,73683,72940,68383
envisageable	4	76213,69178,74750,71366
après-midi	4	75457,73875,76516,75458
destination	4	74167,70748,71840,75063
nanofil	4	70167,72635
rotor	4	72119,75066
lendemain	4	70921,75796,70751,76509
cea-list	4	76207,70162,76510
concurrence	4	74167,70161,71359
oceans	4	73183
développ	4	76207,67796,74455,71616
garantie	4	68885,67388,68279,71358
nist	4	76207
gagner	4	74167,72113,69812,72939
smartphone	4	76207,76507,75792,76508
phéromone	4	70425,72632
micro-levier	4	70425
appareiller	4	76508
résection	4	70918,75065
endocrine	4	68887,67802,67937
biovision	4	75465
lagarde	4	74450
pancréatique	4	68887,67802
mamirolle	4	68885,67388
carcinome	4	75065
prestation	4	75068,68885,67799
greffer	4	67802,68644,70747,75067
gabonais	4	73684
séduire	4	73185,68274,70166,74169
oscillation	4	70919,70424
geste	4	75791,70421,75064
lille	4	75791,70751,67940
pect	4	68281
lill	4	75791,67940
filtre	4	67068,67385,75788,74744
irm	4	67068,73877,73189
cnrsespci	4	67068,70747,68280,74750
indicateur	4	73183,67801,75070,71359
rémi	4	67068,76208
vérification	4	74173,67390,69820,74751
réactivité	4	68389,70428,70749,74169
sont-il	4	74173,76213,73431,67068
va-t-ell	4	72116,72118,76209,71614
sensation	4	75791,72631,74752
ieh	4	75792
structuration	4	72116,70745,72637
respect	4	70170,70164,75792
cci	4	70170,67553,75071
partage	4	67939,68275,69541,68642
biomasse	4	72940,73877,72630,69538
plastipolis	4	72634,70752
colloqu	4	70170,67803,70749,67561
potentiellement	4	75790,67383,67389,68391
entrepreneuriat	4	73185,73876,70168,74450
cahier	4	76212,73689,74450,70915
pollution	4	73183,67386,76511,72399
genticel	4	72935
autorité	4	71619,73183,71841,70915
entraîn	4	69535,75794,72939,75458
delta	4	70165
dron	4	70165
engin	4	70165,70916
envisagent	4	69535,67794,69178,71617
hausse	4	73434,68389,69533,73876
au-dessus	4	67939,71621,68280,72632
estp	4	69185,73883
holothurie	4	71621
malier	4	70919,68881
élan	4	75790,67553,71842,67071
graver	4	70421
neurologue	4	74171,68646,71841,74453
fonder	4	73187,76510,68276,72633
inverser	4	67068,67794,75070,71835
basse-normandie	4	76515,67943,72939,75460
acceptabilité	4	69534,67555,75790,72393
1b	4	71836
flaveur	4	69534,75790
jean-philippe	4	73877
femtoseconde	4	72934,68641
reconstruire	4	75457,73431,71842,70745
électrode	4	74174,70167,72397
centimètre	4	72934,73684,70167
quinze	4	69819,76209,67937
filtration	4	70921,72399,70751
acquis	4	74171,74167,70923,72113
nano	4	74174,68881,69814,75065
activer	4	72934,72115,68274,67389
hors	4	72934,74449,74450,67937
haut-ogooué	4	73684
victime	4	74167,70162,76510,67801
prothèse	4	76508,74750,71614
tir	4	72934,71839,72629
bongo	4	73684
fréquemment	4	67939,73431,70420,70916
fixé	4	69534,75791,67553,70746
adulte	4	67801,73876,67802,76509
réactif	4	68389,73436,69819
feu	4	67068,70424,70421,75458
s-100b	4	67801
ultrason	4	73435,67068
réorganiser	4	67939,71357,68280,67389
genosol	4	69812
renversement	4	67068
baccalauréat	4	75457,70161,68888,72636
transdermique	4	73187
timbre	4	73187
viral	4	72935,67802
langevin	4	67068,70747
cardiovasculaire	4	72116,69534,68277,75459
propager	4	74173,72932,76210,69811
alpha-synucléine	4	74173
allier	4	70164,69541,68885,75458
inconnu	4	72932,67556
gilbert	4	70745
successivement	4	73183,68276,75790,68641
complication	4	67801,68646
tri	4	70921,69541,72392,73879
sagem	4	71839,67945,72633
anantharaman	4	72932
cnrssaint-gobain	4	76210,68886,69819,68390
linéaire	4	69533,74450,67943
bioénergie	4	72121
pointu	4	76507,68881,70749,72394
architecte	4	72113,73875,71836
convergence	4	74748,71360,72122,71359
consolider	4	76510,72396,75063
choc	4	71357,73430,67801,69820
rattacher	4	72113,73431,68646,75067
grappe	4	74748,73687,72630
lycée	4	72932,70161,73687,67937
druon	4	68641
personn	4	73187,76206,67068,72629
labex	4	73184,72938,71837,75459
présidence	4	72113,73182,70914,67937
physico-chimie	4	72394,67071,74744,74752
bioluminescence	4	73688
spectre	4	72113,70162,72629
chemin	4	68881,74450,67798,72631
équestre	4	71357,74748
conscient	4	70749,74455,75458
émérite	4	72113,73432,73183,73683
elle-mêm	4	76507,68882,75462,68383
spin-off	4	76510,73686,71360,71359
pltp	4	73184
1994	4	72932,75790,72630,70917
belge	4	72932,69178,72630
ohmi	4	75458
subsister	4	69816,70429,70917,68383
notoriété	4	72113,72114,68882,73684
incertitude	4	69816,70429
attentif	4	70749,67388,71835
huit	4	69816,69811,70916,72121
gi	4	69816,69812,68884
diviser	4	76510,75793,73877,68383
opinion	4	72113,72940,74457
booster	4	76511,74452,68393
mort	4	68388,68274,75065
gadzarts	4	70161,68276,70422
frère	4	70161,68276
280	4	72113,69811,68640
passé	4	70161,75792,70745,69821
sig	4	70162,68889
peut-ell	4	70162,70749,74457,69538
seine	4	74172,68279
formateur	4	70161,76509,75063
anti-radicalaire	4	76511
injecter	4	73184,68884,76509,73189
computational	4	68639,67945
séduir	4	74172,75788,70421,76209
mangeur	4	76507,74449,76209
citroën	4	68639,70748
irstea	4	72393,70917
enterome	4	69815
venture	4	69815,72400,75466
prévoit	4	73186,74171,71838,71839
adoption	4	69814,69542,68387
levier	4	68639,68882,71840,68642
vidéo	4	70162,67554,67802,76509
hélios	4	69177,71836
simultanément	4	70162,69182,69183,70743
superficie	4	74172,69814,75461,75458
cornée	4	68641
infime	4	70161,70425,67388,69539
1a	4	69177,71836
père	4	72932,68273,72636,67937
bois	4	72113,73683,67387
programmer	4	68883,73884,67071,71617
souvenir	4	72932,73182,71835,67937
conference	4	72393,67945,72396
capture	4	70162,67800,69177,70425
mauvais	4	72932,67556,73684,75459
hautement	4	72113,67553,68645,75464
entretien	4	71357,68881,71363
noter	4	73184,69533,72400,68387
cemafroid	4	72393
garder	4	72932,70161,68887,67553
éclairage	4	68280,68642,75070,73188
ms	4	76510
levée	4	69815,74451,71360,75063
explique-t-elle	4	72932,70749,72636,76509
hormone	4	67390,67802
photonique	4	75795,70748
xavier	4	68638,73879
delaunay	4	74746
e-learning	4	70923,75063
spontanément	4	67390,68644,70746,67558
toll	4	67937
dialoguer	4	73437,67803,71359,75063
efficience	4	74749,69182,69538,71617
biomimétique	4	67390,71612
recueillir	4	67797,68883,74449,69811
équipemer	4	75795,68273,75462
spécialisation	4	73437,69538,75063
barter	4	69177,75459
inclure	4	69533,70918,68881,67554
hambourg	4	67797,67944
dollar	4	75795,72392,71840,73878
med23	4	67556
recourir	4	70923,72934,68644,74453
coopératif	4	72394,68279,74169
ami	4	72932,68274,67937
95	4	70923,76210,74449,75792
reconnaît-il	4	67938,68274,68387,75459
club	4	71357,74748,71839,73690
ponctuer	4	72629,72940,69819,71837
mouche	4	67937
génomique	4	67391,68887,74453,71837
rival	4	74457
dattier	4	67391,72632,75458
transcription	4	67556
pétrole	4	68278,70423
palme	4	67391,74457
faux	4	72932,69183,71843,74455
distinction	4	71357,67068,71835,67937
géomatique	4	68889
jwst	4	70163
vivo	4	68388,68277,67389,71837
gestionnaire	4	69816,68275,76510
anthropique	4	69533,67942,75458
poster	4	74449,76516,72939
variable	4	74449,67800,68273,72395
grille	4	72635,74452
didactique	4	74748,73431,67392,67561
résidu	4	67385,71362,68387,73189
biom	4	71616
innovative	4	74748,73431,73683,72939
consulter	4	72932,73430,69535,69185
projection	4	69533,76515,70916
blocage	4	68388,76213,75794
nanoscience	4	68881,69186,74747
épilepsi	4	74453
umi	4	69180,68278
dynamiser	4	74748,68383
honoraire	4	72113,76213
scénarii	4	69816,72392,70751
nuit	4	72932,70425
transmettre	4	72629,70748,69813,76508
handicap	4	72629,67801,67940
prédir	4	71618,69816,67390,71837
invest	4	75795
bouger	4	75794,70744,74169
goc	4	73880
gauche	4	75794,69540
atteinte	4	71618,73431,68640,73189
115	4	68275,73684,69179,68640
survenir	4	72629,73688,70915,75458
sont-elle	4	71618,71621,67794,67798
comparable	4	68638,73436,67554,70915
couvertur	4	68275,67794,71835
ird	4	68275,68883,74457,67071
telescop	4	73186,70163
cependant	4	69533,70918,67553,73878
couplage	4	67385,69178,69186,71363
co-labelliser	4	74449,72634,73879,74169
commence	4	72932,75790,67553,75458
décarboner	4	72113,70426,71363,72121
nourrisson	4	72117,70428,70749
végétation	4	67387,69816,74450
hydrodynamique	4	69537,69542,70743,76208
breuillet	4	74172,76511,72396
accumulation	4	69182,67391
demeter	4	69177,67942
neuroscience	4	72401,75790,74453,73189
préclinique	4	68277,75793,75461,71360
co-dirige	4	73184,69534,73431,75459
hélicoptère	4	68393
fermeture	4	67795,73685,72635,75460
méthod	4	69183,73688,70424,72630
automatiquement	4	69182,71841,76508,71614
astrophysique	4	70163,70424,69819
robert	4	72932,72115,72392,71841
photo	4	75788,71612,71836
800	4	68277,70425
45	4	74170,67391,69543,71361
envoi	4	70163,67386,68279
dermatologie	4	72117,75067
estaca	4	71358
party	4	70163,72637,70420,72119
graine	4	67387,67391,70420,72630
cnrsuniversiter	4	68388,67387,72939,68391
compagnon	4	71357,72932,76509,70421
trait	4	67387,72632
grandir	4	67387,68387,71614
nation	4	71357,73430,75458
oral	4	72117,74449,72631
satisfaisant	4	73184,74449,70421,74453
étoile	4	70163,68881,67943,74168
stand	4	75796,67941,72939
plénier	4	75796,73691,69820
escatha	4	69177
pigment	4	72630
performanc	4	75796,69820,70914
albert	4	72932,73183,67389
signalisation	4	73184,72116,67802
oxyder	4	73184,76511
hybride	4	69814,73884,73879,70423
indian	4	67939,69180
séparatif	4	72399
périphérique	4	67554,75790,69184
scolaire	4	72932,68881,73876,71835
agronomique	4	67794,71837
raphaël	4	72932,74752
négligeable	4	74171,72932,70166,75070
aquatique	4	73190,71618,73433,71837
spectroscopie	4	67392,69186
envahir	4	72401,70161,70166,75462
céréale	4	69182,67794,68279,72121
clermont-ferrand	4	67386,73875,73687,67799
hydrique	4	69537,69182,68387
thale	4	70162,75788,71835
impulsion	4	68638,72934,68885
contaminer	4	68388
vilarem	4	72630
sud-ouest	4	76512,69816,73882
équipé	4	70163,70421,68640,74168
complexité	4	69537,73877,71837,74744
antimicrobien	4	70746,67937
sûr	4	67554,74449,67794,68882
tolérance	4	69182,69820,70746,75065
300000	4	67387,74449,70166,75458
fameux	4	68638,72932,67937,75458
empreinte	4	72932,68886,72633
radio	4	67386,70747,76208
crèche	4	72932,67555
éco-conception	4	76513,71845
pépinière	4	68277,75066,75458
fixe	4	67386,70420,71835,71836
régulier	4	69537,69182,70744
statique	3	76207,70744
chromophore	3	69539,73189
cd36	3	72631
supaero	3	71358
déconstruction	3	72392
pic	3	68273,73688
quarantaine	3	76508,72630,74746
pilot	3	67385,69813
om	3	72935,67798,74746
parfait	3	68273,69177,70916
caisse	3	68273,72633
enthousiaste	3	68881,70421,68383
phénoarch	3	69182
junior	3	69541,68390
miniaturiser	3	68881,70167
chromatographie	3	68881
12-hydroxy	3	67558
analytical	3	68881
elles-même	3	67385,67798,71358
dresse	3	67795,68276,71366
psychologique	3	76206,76511,67798
aerosol	3	72120
bonnevie	3	70915
dégustation	3	76206
epsztein	3	67389
beuff	3	74455
étendue	3	72629,73880
fils	3	70167,75789,76509
cyan	3	69539
item	3	75793
résorbable	3	71616
plat	3	75069,74449,75792
dehors	3	68887,68642,71359
dispose	3	72392,74452,75063
signe	3	72629,70748,73876
gouvernance	3	72629,72398,70164
tungstèn	3	75064,74168
marchandise	3	68273,74456,72939
difficilemer	3	76207,70749,71612
profession	3	68273,67388
motricité	3	68277,68646
inscription	3	67795,75071,74747
propulser	3	69179,71617
adosser	3	67795,71842
dispensing	3	72120
cobot	3	67941
artisanat	3	71614,74752
utilis	3	69179,73686,70916
gironde	3	70917
purification	3	70426,72118
administrateur	3	72629,70914
gent	3	67944
cubesat	3	69179,69177
médication	3	75793,67798
university	3	69179,68278,71614
neurobiologie	3	68277,68887,67389
entraînement	3	70744
enzymatique	3	67388
senobl	3	75793,67798
arabe	3	72629
encapsulation	3	75462
économiquement	3	67391,68882,75792
poncelet	3	75462
exactement	3	75788,76509,75459
formuler	3	75069,68882,74450
infectieux	3	73431,73686,68387
probiotique	3	75462,75067
controverse	3	74457
700	3	69179,68884,73438
foi	3	68277,74746
conçu	3	75069,67554,70424
oxy-combustion	3	70426
désir	3	75069,70161,68276
anthropologie	3	73431
lirmm	3	67383
aérospatial	3	75795,71358
régénération	3	71616,75458
réunion	3	75069,67555,73684
couvercle	3	68273
bombyx	3	70425
nanotechmap	3	74747
electronique	3	70748,72635,67940
thermonucléaire	3	75064,74168
destruction	3	67802,75789,70917
trophée	3	71840,70752,75458
introduit	3	76207,67390,69186
mabimprov	3	72938
ap-hp	3	68277,76508,74746
web	3	71362,71359
crédible	3	72629,75793,67383
faille	3	76207,76208
saône	3	68273,68279
charles	3	68277,70167,74746
cinquantenaire	3	69177,73882
hippocampe	3	67389
inhibiteur	3	67937,75459
simplifier	3	75793,68279,76208
mammifère	3	67937
atec	3	74456
géographie	3	68889,67944,73881
imprimante	3	73431,76513
314	3	70428,70749
éventuellement	3	67383,75789,72630
it	3	74456
confinement	3	75064,74168
reconstructeur	3	73431
opérer	3	75789,70424,69819
pathologique	3	73431,76511
expertis	3	76206,69541
chardonnay	3	76206
solliciter	3	70166,68643,70422
transporteur	3	69184,72631
sortie	3	68883,70169,71614
cadence	3	72934,67554
interprofessionnel	3	68885,73877
sporaltec	3	76212,73689
éolienne	3	68883,75792,70743
relâcher	3	72934,70917,74168
bruneau	3	73879
évacuation	3	72934,72392,67558
gaps	3	69814
séquençage	3	73686
exprimer	3	69184,73876,67802
wafer	3	67554
electron	3	72934,69814
inquiétude	3	75792,71835
anonyme	3	68281,68279,68383
spiral2	3	67943
trajet	3	68883,71617
emlyon	3	73876
isba	3	68885,67388
neuro-dsp	3	73879
rizlene	3	70422
business	3	73876
élémentaire	3	67554,68882,68279
98	3	68883,75066
audition	3	76508
colossal	3	69821,74744,75458
bénéfique	3	74450,68387
105	3	68883,68640
dyskinésie	3	68646
clairement	3	73876,70749,68279
intention	3	68881,73684,76209
900	3	73688,68640,74746
sylvain	3	71612,71616,68390
molécul	3	76511,72118,72119
adopter	3	72935,76511,71359
182	3	72935
recoller	3	74750
col	3	72935,74455
significativement	3	67554,73688,67798
sarcob	3	67799,71360
faibler	3	69184,75463,71614
cealeti	3	67554
utérus	3	72935,74455
hydrométallurgie	3	75792
externe	3	76212,76511,69178
essca	3	68281
e-biothon	3	74452
neurotransmetteur	3	69184
abeille	3	71843
additif	3	76511,68882,74750
viable	3	67554,75792,75789
abondance	3	69812,67943
touche-à-tout	3	76511,72394
rothschild	3	72935,76508
anti-oxydant	3	76511,72394,68387
procervix	3	72935
céder	3	76511,72633,71614
ostéoclaste	3	69184
motorisation	3	69814,75066,71836
passion	3	76212,73689,71837
éliminer	3	72935,76207,73189
47	3	72935,67553
compact	3	72934,68644,71836
banal	3	69812,72392,71614
alpespace	3	76212,73689
ion	3	72934,68640,72397
photon	3	67554,70747,73688
medtec	3	69543
visibilité	3	71358,74747,75465
magique	3	76206,73877
edwige	3	70915
jury	3	73689,75066,74746
rhône	3	68645,72392,71616
saint-jacque	3	75460
litre	3	75792,67388
assise	3	72938
euclid	3	70424
alsace	3	76206,73877
pcd	3	72120
roquette	3	76213,75793,67798
phytochip	3	75460
bouleverser	3	76213,72632,71837
pégase	3	75789,71358
épileptique	3	74453
ariane	3	69177
circulant	3	69184
empreindre	3	72633,74745,71617
microtechnique	3	74455,71359
erasmu	3	76206,67944
figurer	3	76511,68279,71359
pot	3	69182,70420
fameuse	3	70166,73879,75070
enrichir	3	72398,72637,71359
fier	3	69177,71842,70914
transparence	3	75789,71361
christoph	3	76511,76509
aquimer	3	76511,72396,71359
emc2	3	75068
technocampu	3	75068
résonance	3	70425,71837,73189
alenier	3	75789,71836
tourte	3	69821
cimer	3	71612
attaquer	3	76511,75065,74168
dégât	3	76511,67794,70916
cirimat	3	71612
inp-ensiacet	3	71612,71362
réseal	3	72934,70165,75071
réalisent	3	68885,74450,72939
agression	3	76511,67937
prouesse	3	72934,70425
zodiac	3	75789
décharge	3	75792
épaisseur	3	72934,73880
sylvaine	3	71612
auter	3	69182,69811,67388
khz	3	72934,73688
emmener	3	68881,74457,71612
cniel	3	68885
braun	3	68881
tensioactive	3	67558
mystérieux	3	70424,73880
avant-projet	3	75789
assiette	3	76213,76209,71366
sûrement	3	68881,73876,74455
metabrain	3	67799,71360
ressentir	3	72401,72398,70421
rédiger	3	72401,72940,74457
danger	3	76213,70162,72401
biomass	3	69182,70426,72121
bio	3	68881,73691,72396
évoqu	3	76213,70161,72630
31	3	68881,74449,73883
repartir	3	72398,70422,71362
primitif	3	75065
jame	3	70163,71614
michèle	3	74746
sous-critiqu	3	69178
laisse	3	68274,70166,72396
hollandais	3	68274,68640,71361
42	3	70162,70421,71359
microfissure	3	68886
group	3	70162,73687
engendrer	3	68886,71840,71617
nanomatériau	3	70429,75789,68640
police	3	68274,70162,72633
renne	3	70162,75794
ébauche	3	69178,72634,74746
routier	3	68274
invite	3	69178,69821
tpe	3	67553,72630,71614
attacher	3	70161,69539,75063
intensité	3	70916,73188,68391
sck-cen	3	69178
commandement	3	70162,71836
myrt	3	68884
incendie	3	68274,68283,67945
éleveur	3	75458
innorobo	3	72122
santébien-êtr	3	75797
patte	3	72632
bruxelle	3	67804,72394,68386
provenance	3	75797,69542,69820
champion	3	75797,68881,71617
tutelle	3	69181,68883,74752
boulet	3	75788
casser	3	68886,69178
exigeant	3	76513,67794,69185
93	3	69181,67387,69539
héler	3	69183,72630,75458
equipement	3	69181,68275,70914
dispos	3	70914,70916,74747
découper	3	76513,67554,73684
cantogether	3	69538
persuader	3	68274,73876,67553
alerte	3	70162,76510,70916
remonter	3	70162,70161,67798
jardin	3	73875,70746,75458
déterministe	3	70916
micelle	3	67558
ionosphérique	3	67942
tsunami	3	69811,73880,70915
frisbee	3	67557
sélectif	3	72115,67802,73879
iccc	3	72393
bague	3	74454
estuaire	3	72397,70917
criblage	3	72115,68277,69539
teillet	3	73685
arbault	3	75063
ensbana	3	73685,72394,72631
renessen	3	76507,74449
peinture	3	73685,75788,74744
aft	3	72634
grossir	3	73685,73876,71842
marquage	3	72115
auvergne	3	73687
dioxyde	3	69811,70425,71615
rationaliser	3	67557,67390,68279
parenthèse	3	72394
david	3	67796,76208
précise-t-on	3	70162,67944,75789
macromolécule	3	72394,70423,68390
brillamment	3	70161,68276,73684
1950	3	69178,74168
futurotextile	3	70751
6ème	3	69178,72631
engagement	3	70162,70753,71837
award	3	70751,72120
anticipation	3	70162,70420
faso	3	75458
synthétique	3	67558,70423,68390
décliner	3	72630,68383,70916
ducrocq	3	70916
géant	3	69811,73875,75463
profit	3	70161,70748,76208
midi	3	68276,70170,70916
hardware	3	71359,71614
répéter	3	69540,76508,75064
prôti	3	73683
ployage	3	73683
agro-industriell	3	72630
approvisionnement	3	68642,74169,71617
agrene	3	71842,68643,68279
lin	3	73683
jérôme	3	67389
embaucher	3	67553,68643,75461
vinneo	3	76512
export	3	76512,68273,67553
littérature	3	67555,72636,75459
teratec	3	75796,70914
hpc	3	75796
combler	3	73883,71612
artichaut	3	67555
salsifis	3	67555
mardi	3	75796,69177,70752
haumont	3	74752
meute	3	67553
éteindre	3	70163,70917
vitrine	3	72400,75466
projeter	3	67794,70421,75063
faim	3	67794,67555,71366
effondrer	3	67794,69811,67558
cataclysme	3	67794,73880
pler	3	69817,70420,71837
secondaire	3	68642,75065,68387
paysan	3	67794,69821
délaisser	3	69817,70420,67937
destructif	3	69817,73687,68391
mar	3	74752
phenome	3	69817,70420
spectro-imageur	3	70163,70424
micromètre	3	70163,73189,68391
solteiro	3	75788
kcalorie	3	67794
dynacomp	3	69820
morro	3	75788
formaliser	3	67553,68642,68279
proprement	3	73683,72392
épuration	3	72399
software	3	71359
grandeur	3	67386,68884,72397
landauer	3	69540
degré	3	69540,76508,71837
rassemblement	3	69542
préfacer	3	68276,74752
dévoiler	3	68276,72400,76209
biotechnology	3	73878,72121
coulisse	3	68276,72634,71835
femelle	3	72632
inviter	3	68276,69821,75465
rêve	3	73683,72396
autoriser	3	68884,75458,74168
chapitre	3	68276,68882,71617
piège	3	69540
inosport	3	75797
talent	3	68276,67383,76208
définition	3	68882,67802,71359
joie	3	68276,67937
montage	3	73683,72634
carrer	3	73683,72397,74168
somme	3	73683,73877,76509
ariège	3	72630,75066
aérothermique	3	71615
apercevoir	3	72630,67937,75459
réutilisation	3	72399
fractionnement	3	68882
confondre	3	68276,71842,75458
agren	3	68643
poreux	3	73683,74454,68390
acacia	3	75458
minimal	3	68882,69540
co-produit	3	68882,73877,72630
fossile	3	68882,76514,68278
label	3	73683,76509
fao	3	68882,69821
camille	3	73683,70749
terminal	3	76507,70161,72633
véroniqu	3	70916
soldat	3	73431,67941
facility	3	69819,69539,68391
structurant	3	68275,69177,75789
payraud	3	74169
télécommunication	3	75071,75063
fiju	3	74169
roger	3	68275,73687,67071
terroir	3	70745,68279
antibiotique	3	75067
raisol	3	74169
stéarique	3	67558
autorisation	3	68643,75065
emmanuell	3	76509
visuel	3	70744,75788,72939
lithographie	3	70747,70423
roulage	3	67797,68640
microprocesseur	3	70747,70423
héliobiotec	3	68385
organise	3	74174,69535,72400
foulon-sopagly	3	74169
cryosat	3	73880
pertinence	3	67801,70166,70916
sea	3	70164
spot	3	68275,69177,71836
tactile	3	67068,72401,73876
incontestable	3	68275,69815,73875
gervais	3	73877
bulle	3	75794,67558
droite	3	75794,69540
roboticien	3	67068,67383
lorenceau	3	70744
pousse	3	75794,68882,68643
blue	3	70164
isolant	3	69186
topologique	3	69186
approprier	3	68275,72401,72630
fijus-raisol	3	74169
bivb	3	73877
nancy	3	69186,71837
dangla	3	76208
granulaire	3	69819
immunologie	3	67937,75465
sud-est	3	73684,75064,70916
lanréotide	3	67390
jean-michel	3	76508
inné	3	67937
high	3	73182,75796,70751
33èm	3	75066
inaugural	3	73182,70165
colza	3	67391,68279,68385
diffraction	3	68391
mandibule	3	73431
narbonne	3	73690
définitif	3	74457,74454,68383
curiosité	3	72631,74752
énormément	3	73431,70161,69177
dégénérescence	3	68646,71360,68387
bordelais	3	73431,67801
avons-nou	3	73431,69812,71614
oléagineux	3	67391,72121
ulm	3	73182,69542
brio	3	72636,70422,71835
jean-françois	3	73182,67937
préoccuper	3	73182,75791,71835
nanoconstruction	3	74174
déficience	3	67556
recouvrir	3	73684,70422,67071
vigneron	3	73684,73877
38	3	73684,73686,68640
sarment	3	73684,73877
avis	3	73182,67555,72634
inciter	3	74457,68383,68387
acidité	3	73684,73877,74169
disque	3	70744
embryon	3	73684,73876,71842
laurence	3	67556,72393
analogue	3	67390,67800
hectolitre	3	73684
raczinski	3	76508
académicien	3	73182
georges	3	67068,74752
batiénergie	3	70169
charpak	3	67068
saint	3	67068,68279,70917
citadelle	3	69535
croisement	3	73884,70745,75063
amorçage	3	76510,73879,74451
illustration	3	76507,72940,72396
tablette	3	76507,72401,76508
galactolipide	3	67800
cabinet	3	69185,71361
habituer	3	68643,70421,71614
prospect	3	72395,71837
révélateur	3	70749,74457,68281
ferroviaire	3	76510,71358
avatar	3	70421
métropolitain	3	69535,69181
station	3	70165,69177,70917
coûter	3	76510,67801,76508
thomas	3	75790
magazine	3	69535,70752,71612
lissi	3	67945
météo-france	3	70916
serpent	3	72115,73878
managemer	3	73875,67945,71616
chilien	3	73875
tramway	3	73875
multidisciplinaire	3	69813,71359,71615
orée	3	73875,76209
ère	3	73875,70422,75063
saint-etienn	3	70161,68886
crue	3	70916
télé-épidémiologie	3	69813
gérant	3	76507,68643,75063
hydrométéorologique	3	70916
est-ell	3	73875,75792,70914
burkina	3	75458
telecom	3	70161,67945
scorpion	3	72115,73878
mamba	3	72115
saint-louis	3	76507,70425,75458
danguin	3	75790
immobilisation	3	76510,71840
procurer	3	73877,75458
bore-azote	3	72397
brûler	3	67068,73877
4ème	3	70170,71614
géothermie	3	69818
sénart	3	67945
physical	3	67068,75794,73188
rigide	3	67558,71836
juridique	3	70170,68392
43	3	74449,67794,75065
dépendance	3	74449,68278
temporel	3	67068,71837
émotionnel	3	73877,75063
marquant	3	74449,73875,70749
sympathique	3	67068,70166
immersion	3	70421,72939,74750
érosion	3	67071,74168
b2v	3	76515
gigantesque	3	72397,73880,74452
indépendammer	3	74449,68886,75791
régler	3	72634,74455,75458
variétal	3	73877,70420,68279
cru	3	73877,76209
lactalis	3	72634
agilité	3	71836
igm	3	70919
stratosphère	3	75789
découvert	3	72940
turbine	3	72397,74745
proton	3	74168
cultural	3	73877,72630,68279
adjoint	3	67068,67795,72630
800000	3	76510,75065
provepharm	3	75461
dakar	3	75458
fur	3	74449,71359,75063
orl	3	74454,76508
enthousiasme-t-il	3	67068,73683,67383
neurochirurgie	3	71614
surprendre	3	72629,70424,72631
singapour	3	74749,74167,71840
astrium	3	67939,69820,71836
conster	3	74749,73431,76507
sonder	3	68638,75070,73189
estimation	3	69533,72935,67392
exawatt-zettawatt	3	68638
prélèvement	3	71838,73183,70917
220	3	74748,75794,69813
couverture	3	73432,75789
trésorerie	3	74167,68643
équine	3	71357
atténuation	3	69533,75794,67071
cmip-5	3	69533
irrigation	3	69537,70746,74169
crédit	3	74749,76208,68383
vertical	3	67939,68883,72635
rétrospectif	3	69533,67794,68645
conversion	3	73436,68279
enseigne	3	72932,72394
academy	3	71619,68886,69184
république	3	72936,73684
avouer	3	72932,70166,71835
psychiatrique	3	73187,74171,74453
challenger	3	74749,69811,70422
actionnaire	3	72114,76510,71360
nord-américain	3	71838,68274,75063
future	3	72933,69179,69813
respectif	3	71838,68881,67561
initiation	3	70921,73437,68644
00	3	72932,69541
geneviev	3	71620,70914
citer	3	67938,71621,74751
parle	3	73432,67383,71842
colonne	3	74167,70916,71614
conjoindre	3	71838,68645,72637
généraliser	3	73187,75457,71835
intergouvernemental	3	69533,68642,70916
négliger	3	73432,71363,71835
stabilité	3	73436,70424,72938
clôturer	3	74175,76514,69186
anger	3	73436,74449,68281
fiabilité	3	70922,76207
syndrome	3	74171,68646
midi-pyrénée	3	73434,73884,75066
localement	3	73185,69535,69818
cnrsceauvsq	3	69533,68645,75463
i	3	71357,72935
optimiste	3	69533,73182,67794
progressif	3	75457,67556,68646
ademe	3	68389,73690,70169
toxicité	3	68388,72935,68387
forcémer	3	72932,67555,72939
inverse	3	71357,73184,67068
interfacer	3	73185,68885
vieillissemer	3	74749,69535
fonte	3	69533,73183
migration	3	68388,68389
gisement	3	72114,75792
calcium	3	76210,69819,71612
recentrer	3	71357,73430,72629
emprunter	3	73183,73875
cancérologie	3	72116,75065,76208
polar	3	73183
ambitionn	3	72116,71840,72938
laval	3	74175,71358
miroir	3	67938,67068,71836
globe	3	69533,67794,71836
philosophe	3	72932,72113,75459
mpi	3	74748,75066
métagénomique	3	73432,76213,69815
circle	3	73183
compétition	3	73436,70745,70914
illustre	3	73184,72113,71835
plancton	3	73183
entrepreneurial	3	73435,74450,71614
basée	3	72114,67941,67388
capturer	3	73186,70425,74751
150000	3	74173,74454,74744
restaurer	3	74749,73683,67802
48	3	75457,75789,72939
concilier	3	74749,72932,68283
molecular	3	73183,68387
étanchéité	3	74167,68273,71840
algorithme	3	74171,70421,68391
cnrsen	3	76210,73183,73189
allure	3	74167,74450
échec	3	75457,67390,70161
empilement	3	76210,68882
altérer	3	74167,73684,70745
maroc	3	72936,69820
tarder	3	72932,72630,71614
darwinienne	3	67938
épidémiologie	3	73184,67555,74452
cardiovasculairer	3	73184,76511
phytosanitaire	3	71618,68643
ead	3	67939,68393
mile	3	74170
sécurisation	3	74167,69535,68642
douarnenez	3	74170,68883
tropique	3	67939
passager	3	72932,74751,74752
muqueuse	3	70918,75790
jean-paul	3	73433,72398,74744
succéder	3	72932,72113,71835
intégrateur	3	73434,75796,72392
jambe	3	72933,72117,67941
nu-age	3	74749,74449
ioi	3	76211
énergi	3	73433,72937,75071
artisanal	3	72114,68885,71614
suspension	3	76210,68390
tracer	3	72114,70744
dissection	3	70918
impératif	3	69534,67794,67071
journer	3	71619,73690,76516
balayage	3	67939
big	3	74748,75796,70424
estomac	3	70918,70166,67388
certification	3	72933,68274,74450
décrypter	3	74748,73183,73877
revisiter	3	67939,70161
souligne-t-ell	3	72932,73431,75065
battre	3	72933,67387,73877
olive	3	74749,68273,68387
répartition	3	71618,70919,70424
traval	3	72932,76511,69819
recul	3	71357,69816,67937
sécuriser	3	74167,72633,72395
sentir	3	72932,68883,73685
ignorer	3	73432,74455
jouy-en-josas	3	73184,73432,69815
employé	3	74171,76212,68274
oui	3	74167,67794,72397
patrimoine	3	74167,73683,72939
aéroportuaire	3	72933,73875
handicapé	3	73190,67941
massard	3	68638
tractus	3	73432,68887
habitat	3	68389,69818,75466
lycéen	3	72932,70161
protecteur	3	68388
renseignement	3	71618,69177,75071
difficilement	3	68389,68280,71835
workshop	3	68638,70752
technopol	3	73433
mayonnaise	3	74167,73185,74752
souligne-t-on	3	67939,67941,70743
fléau	3	69534,76510,69813
générique	3	71618,67554,72938
adecal	3	73433
outre-mer	3	67939,73433,69181
résider	3	72932,68887,72118
franco-américaine	3	71838,68881
résulter	3	69534,73876,70420
déploiement	3	72114,75463
tracteur	3	72933
richesse	3	72933,73430,69821
gâteau	3	69534,73879,74450
7èm	3	73435,70168,71837
prairie	3	71618,68279,71837
suggèr	3	68388,67556,75063
désigner	3	76211,72397,72631
substantiel	3	73432,74169
renforcement	3	73430,68888,73883
placebo	3	72117,72935,75065
medicen	3	73184,67799,71360
vallett	3	71621
métallurgie	3	72113
réserver	3	75457,72940,71363
héliosynchrone	3	67939,67942,71836
google	3	67938,76207,75788
caractère	3	72113,69182,72393
propice	3	72932,67068,73876
indépendant	3	72113,67553,71840
philosophie	3	67938,70161,74169
escale	3	73185,73183
semble-t-il	3	73430,73182,70161
invasive	3	74171,73432,68645
scientifiquemer	3	73430,73683,68643
titulaire	3	75457,72113,67798
plateau	3	68638,67795,73684
cner	3	73434,69179,69813
malaisie	3	74167,71840
distinguer	3	74170,70916,72120
essor	3	73434,74746
microdomaine	3	72116
petawatt	3	68638
anormal	3	74173,75794,68646
dangereux	3	73430,76213,72392
laboratory	3	73183,70163
judicieux	3	72113,71836,74746
préférer	3	73185,68883,67937
retomber	3	73435,75790,72634
sentinelle	3	71621,70745
animation	3	73437,74748,75068
mariage	3	68638,68889,71359
perrier-cornet	3	71357
normalisation	3	73430,68885
minier	3	73430,75794,75792
gallium	3	72114,71839,69814
economiqu	3	72113,67561,68393
coaguler	3	73435,67388
four	3	76210,75462,71359
réputation	3	68638,70422
nacr	3	76210
obliger	3	71621,76511,69540
openlab	3	68639
aerokwai	3	74167,71840
mechanic	3	68639
rythmer	3	72932,70752,75458
cheminement	3	67939,70162,75064
350	3	70921,67553,67945
autrefoi	3	72117,67798,70917
cortex	3	68388,73877
roubaix	3	70921,70751
array	3	73186,73879
infantile	3	72117
chair	3	68388,69814,68393
physico-chimique	3	68639,70423,74752
gamma	3	73186
aqueux	3	73435,75792,74750
tanzanie	3	73185
energy	3	72113,69537,67557
lao	3	73185,72396
activation	3	68388,67556,69184
rhenovia	3	73187,74453
probablement	3	74170,70749,71359
élevage	3	71621,68881,69538
appartenir	3	72113,69183,75458
vaisseau	3	72117,69177,73189
houllier	3	71357
dériver	3	68388,72114,71360
pérou	3	73185
ican	3	73190,72934
engineering	3	72113,67945,71617
célébrer	3	72113,69542,71614
douter	3	73434,75794,68383
rejeter	3	71621,67557,67555
tendre	3	67938,72115,68387
village	3	73185,69542,75458
déduire	3	71357,73683
constate-t-il	3	67938,73430,74455
réjouir	3	74172,72629,72636
ciel	3	67939,70424,71617
surprenant	3	67938,67389,68390
indépendance	3	72113,73875
reposer	3	71357,72401,69814
john	3	72932,71835
redonner	3	75457,73430,70161
observatoir	3	73186,76515,70428
convertir	3	69537,69814,69539
programm	3	67939,72937,72395
gouvernemental	3	73185,74457,72396
comparaison	3	73185,73432,70424
impacter	3	73183,74449,74744
larve	3	73183,71843,70917
pluridisciplinaire	3	73183,75460,71615
influencer	3	72116,69815,67555
rongeur	3	73184,72631,75458
robotiser	3	73432,75791,67383
satt	3	72117,73431,75067
collecte	3	73432,73684,70916
échantillonnage	3	73183,68883,69812
examen	3	74171,67801
cern	3	68638
micro-ondes	3	67939
maturation	3	68388,75067
systématique	3	74167,68643,70420
conditionner	3	72116,67390,72392
10-15	3	68638,72934,70744
berlin	3	73186,67389,68386
interlocuteur	3	72113,68885,68643
différer	3	74173,67389,70423
intime	3	73432,69819,70914
infographie	3	73437
rein	3	68388,72115,73189
spécificité	3	72113,76507,67802
e-tribart	3	73437
bêta-amyloïde	3	73184,70914
xxième	3	69533,70161,68383
celle-ci	3	72936,69534,73182
alliage	3	74167,75792,71612
imager	3	74749,70424,74451
élévation	3	67939,73184,69811
tajimer	3	68638
diderot	3	70922,69184,70747
abondant	3	74173,67558,70423
volontaire	3	73185,67798,68387
saison	3	69537,75458
canader	3	73183,76206,74450
dijonner	3	73184,69534,72631
contraster	3	71357,73189
marier	3	72932,68644,71359
toshiki	3	68638
bourlinguer	3	72114,73430,74450
reine	3	67938
electric	3	73185,67796,74745
hydrologique	3	67939,69533
développemer	3	73185,72113,71616
remplir	3	72113,76211,74752
study	3	72932
ramener	2	67554,69177
micro-onder	2	67939
facilité	2	72401,69178
demandeur	2	67554,68884
simplicité	2	74450,74451
explique-t-on	2	67554,72118
ont-ils	2	72398,75065
virage	2	71837,71359
franci	2	71837
parrain	2	73190,70168
michaël	2	74450
2d	2	67554,68391
enfermer	2	70166,75462
oudghiri	2	76209
abandonner	2	74450,67937
méditer	2	72401,70429
bloc	2	67554,71614
forest	2	71837,71616
confortable	2	67554,72394
accompagne	2	71837,75459
radiomètre	2	67939
silicon	2	67554,74455
masquer	2	70166,75065
impôt	2	74749,68383
extia	2	73190,70168
guide	2	72401,74752
egalement	2	73190,70751
rmn	2	71837
symbiotique	2	71837
ipsos	2	76209
décerné	2	73190,70168
télévision	2	72401,70747
définit	2	70166,75063
parfum	2	70166,76516
cnrsinstitut	2	70425,69819
convoyeur	2	69182,70420
propulseur	2	73190,69179
enquête	2	67388,72630
elle	2	67388,72395
protéique	2	67388
considèrent	2	76511,76209
mturquoise2	2	69539
krl	2	76511
nano-moteur	2	72119
stator	2	72119
1995	2	75457,69533
megamix	2	76511
démence	2	73184,68277
vasculaire	2	69184,73189
moduler	2	67388,75459
fragment	2	73184,67802
circuler	2	69184,69813
affiner	2	67388,70916
majoritairement	2	69184,70743
relarguer	2	69184,72634
désaffection	2	75457,71835
contradictoire	2	69184,68283
conservateur	2	67388,76209
inter	2	69814,70420
formé	2	69814,67802
clair	2	67939,74457
instabilité	2	76511,68882
hydrophobe	2	75462,75459
gen	2	73184,69821
bts	2	75457
franco-américain	2	73434
consomme	2	76511,76509
deficit	2	73184,69537
viveris	2	74451,71616
super	2	74451
protein	2	73184,75459
sirat	2	74451
gabriel	2	74451
réserve	2	76511,68385
anti-oxydante	2	76511
carré	2	69812,70167
bibliographie	2	76511,69186
0	2	67939,69540
uv	2	76511,71360
eurobiomed	2	73184,68393
fédèr	2	73184,73689
antioxyder	2	73184
pallier	2	69539,76208
liberté	2	69812,67383
amsterdam	2	69539
oxford	2	69539
fromagerie	2	67388
nuageux	2	67939,75789
augment	2	67388,69538
montr	2	73184,67795
vitro	2	68277,74455
sommeil	2	68277,69184
dordogne	2	70917
fréquenter	2	70917,71617
multimedia	2	73876,70914
val-de-marne	2	68277,68885
conviction	2	73184,75793
débusquer	2	73876,74455
migrateur	2	70917,67937
mariani	2	68277,68888
incidence	2	73184,75065
device	2	69814
lâcher	2	70917,70916
allongement	2	68277,74746
8ème	2	73190,68279
repeuplement	2	70917
spécimen	2	70917
attractif	2	67795,67555
captivité	2	70917
saral	2	73434,69177
window	2	73190,76507
leurre	2	73876,71836
jérôm	2	67389,74746
mit	2	73876,70422
hôtel	2	68277,75063
media	2	73876,70169
pepsine	2	67388
laa	2	69814,72635
surmonter	2	69814,68391
chymosine	2	67388
uag	2	71362
condenser	2	67939,73188
conventionnel	2	69814,68644
verter	2	69814,72121
drogue	2	69184,70425
wisea	2	69814
génotype	2	69182,70420
modalité	2	69182,75790
génétiquement	2	69182,73684
calculer	2	69182,76509
rétine	2	73184
cent	2	67388,71837
fusée	2	73434,71836
pleine	2	70166,71835
supagro	2	69182,72121
tolérer	2	69182,69178
épithélial	2	73184
regretter	2	70166,67937
indirect	2	74748,72401
binôme	2	74172,74752
marchai	2	71836
veillet	2	67799,71360
investigation	2	67802,72939
pessimiste	2	69533,67794
stanisla	2	67799,71360
iii-paul	2	69180,69819
gervai	2	73877
inrier	2	69180,74452
bangalore	2	69180
saler	2	72397,72631
insister	2	71836
ifcam	2	69180
élire	2	72113,73182
2014-2020	2	73877
économe	2	69816,73188
ravir	2	67799,71612
doubler	2	75463,71614
incertain	2	69816,75458
déléguer	2	72113,71616
viti-vinicole	2	73877
myologie	2	67799,71360
systémique	2	73877
dassault	2	72113,67068
lego	2	73434
climatologue	2	69816,68645
doublement	2	75463,74169
dur	2	73877
pourtour	2	70916
imageri	2	68275,74451
colonel	2	71836
économiquemer	2	67554,73877
intensification	2	69533,70917
jean-marc	2	67556,67937
imagin	2	67556,73875
balayer	2	70420,72938
insulin	2	67802
colleal	2	67556
fierté	2	68383,67937
moelle	2	67802,70744
dlr	2	67797
générateur	2	67797,75066
a320	2	67797
immortaliser	2	67802
genet	2	68275,67071
démographique	2	69533,76213
phénotype	2	70420
mourir	2	67802,67798
transplanter	2	67802,67937
equipe	2	68275,72121
non-destructif	2	70420
différenciation	2	67802,74451
bourgogneagrosup	2	70420,72631
homogène	2	68275,75067
rcp	2	69533
sondeur	2	67939
lignée	2	67802
secret	2	67802,75459
insuline	2	67802,76509
demeure	2	68275,69819
biocitech	2	67799,71360
tempérer	2	69816,75789
mistral	2	70916
renaut	2	67939
sous-produit	2	73877
disponibilité	2	72394,70914
turbulent	2	73434,69537
panache	2	70162
ingénieurs-architecte	2	69185
ensaplv	2	69185
indique-t-on	2	70162,70164
inconvénient	2	70162,70916
cuve	2	72113,67388
post-doctorant	2	72394,71361
secours	2	70162,75789
applied	2	72113,69180
suède	2	69185,68642
moustiqu	2	69813
météo-franc	2	70916
courer	2	70162,74455
recommander	2	67939,71841
arpéger	2	70916
fièvre	2	69813
imperfection	2	70916,68391
prévisionniste	2	70916
ultime	2	69813,75070
pas-de-caler	2	71361
forcer	2	70162,71840
amphi	2	72394,74752
réintégrer	2	72394
systematic	2	70162,70421
bousculer	2	72113,74169
aisément	2	76507,72631
editeur	2	76507,67794
sociologue	2	72113,76509
utilité	2	72113,75793
grenelle	2	73877,69818
prôner	2	73434,72396
approuver	2	73877,70424
rattraper	2	73877,74169
ecology	2	69816,71837
précise-t-elle	2	73434,67555
raisonner	2	72113,76213
empirique	2	73877,74752
pharmacien	2	72113,70745
btp	2	67941,68383
dit-il	2	76507,74450
soulign	2	73877,67389
langue	2	72113,70422
menu	2	76507,67555
oriano	2	76507
commander	2	67941,74745
intrant	2	73877,68279
balbutiante	2	76507,74450
exclusivité	2	67941,74451
vertu	2	72113,67558
1970	2	76507,68383
moisson	2	73434,70749
navire	2	70916
datar	2	72113,69535
bouffée	2	72113,72934
cazenav	2	73434
sous-unité	2	67556,67390
légumineuse	2	70420,69538
boucle	2	71619,72116
battant	2	68883,68279
lit	2	74749,74746
ehpad	2	74749,74449
esc	2	75793,67798
fée	2	68881
prédire	2	68881,71837
1959	2	68881,72396
maîtris	2	74749,70915
racheter	2	67383,71842
remarquablemer	2	67383
généraliste	2	74748,72936
confort	2	75066,71836
souffler	2	68881,67937
infirmier	2	68881,76509
dt-26	2	74450
sert	2	67383,68646
innovateur	2	76208,71614
water	2	73434,69537
haleine	2	68881,72634
sysnav	2	76208
pétrochimie	2	68881,75066
delair-tech	2	74450,75066
gazeux	2	68881,70426
tecnalia	2	67383
bébé	2	68881,72401
évoque	2	67383,76209
contrer	2	74749
positionnée	2	74749,68273
53	2	68883,68392
stopper	2	68883,75065
constant	2	67554,75459
soudainement	2	74172,73688
guise	2	70166,72630
quatorze	2	75793
agroparis	2	74172,72121
cosmeto-food	2	76209
178	2	75793
empiler	2	67554,70161
melun	2	74172
lance-t-il	2	74749,73683
rogeal	2	75793
bluffer	2	75793,75063
inn	2	75066
programmable	2	67554,73879
lesieur	2	74172,75793
ovation	2	75066
pratiquemer	2	74172,71836
mapi	2	75793
128	2	75066,70916
111	2	75066,71361
verbaliser	2	75793
fédérateur	2	74172,72937
mini-drone	2	74450
romain	2	74172,75066
décidémer	2	74749,69184
swot	2	73434
nutrineuro	2	75793
ladhy	2	76208
goettmann	2	75792
traite	2	69533,75790
prioritaire	2	74748,73877
renaissance	2	72629,72939
prospection	2	72629,70914
chauffage	2	69818,74168
parfumerie	2	76516
aromatisation	2	76516
anglo-saxon	2	72629
structurellement	2	68383,74169
fermé	2	72629,71836
marc	2	70923,67940
grandement	2	70923,70423
élève-ingénieur	2	70923
annie	2	73434
constructibilité	2	73883
sauter	2	72629,73685
tince	2	73883
déroulement	2	70923,69177
10èm	2	68383,74746
muter	2	67556,67937
guy	2	68383
incapable	2	67556,72630
plasticité	2	67556,68887
transitoire	2	67556,70746
bourgogn	2	71619,70428
jun	2	67556
ferrary	2	68383
approcher	2	70167,70425
respectivement	2	69533,67802
tunisi	2	72629,69820
pompe	2	69818,76509
calorimètre	2	75067
niobium	2	75792
roukes	2	68881
vélo	2	74748
sh	2	74748,72939
2017	2	75792
souhaite	2	74748,76207
vlsi	2	68881
nanosystem	2	68881
pasadener	2	68881
rivière	2	73434,70914
apparent	2	76509,70915
kavli	2	68881
équateur	2	67939,73684
développant	2	75792,76508
touche	2	72629,72634
intensifier	2	71618,73877
éclore	2	75792,75461
onze	2	76509,75458
arp	2	71618
coréen	2	72629,73878
atomique	2	72629,67943
perceptible	2	72629,72631
traversée	2	72629,72634
ralentissement	2	72629,70424
33èmes	2	76516
applicable	2	71618,76207
parasite	2	71618
jeter	2	70915,71366
radicalement	2	75457,68390
ménager	2	76511,75458
androconie	2	72632
guinée	2	73684
cameroun	2	73684,74450
indication	2	68886,75788
america	2	68886,67553
kbcc	2	72396
proceeding	2	68886,69184
pna	2	68886,69184
fracture	2	68886
peur	2	74167,70422
une	2	68886,70424
absorption	2	73436,72631
niveal	2	73436,70915
noton	2	73436,69533
transversal	2	74167,75461
surfac	2	68886,69819
ph	2	73684,75067
chemistry	2	73436,70167
pire	2	73684,69177
houle	2	70743
flottant	2	70743
filmer	2	69540,70420
écoulement	2	69540,70421
samedi	2	72933,69177
extérieurer	2	69540,75067
insensible	2	69540,71836
construit	2	69540,71359
couramment	2	69540,67800
omar	2	73684
limitrophe	2	74167,76507
triarylamine	2	73436,70167
conquête	2	72396,76209
spatio-temporel	2	73186,70162
moltech-anjou	2	73436
yonn	2	68279
symptôme	2	74173,73184
argileux	2	68279
lagard	2	67801,74450
argilo-calcaire	2	68279
tremblement	2	74173,67942
environner	2	67801,67389
euratom	2	69178
pc	2	69178,70914
rassurer	2	67801,75458
dosage	2	67801,67388
répandre	2	73436,72632
fréquent	2	74173,68646
lithium	2	68642,68640
1991	2	69178,75063
fission	2	69178,74168
angers	2	73436,70422
ganil	2	67943
equateur	2	73684,71362
radiotoxique	2	69178
transmuter	2	69178
disserter	2	74167,67383
attarder	2	74167,68274
atoll	2	73684
plomb	2	69178
exclure	2	74167,68273
rénover	2	69178,71842
accroît	2	72396
ondimber	2	73684
cube	2	69540,69179
limon	2	68279
ouvrier	2	72933,67941
déterminant	2	68882
dégager	2	68882,71617
jerphagnon	2	68641
semer	2	72632,72396
125	2	68882,72392
racine	2	73684,71837
fabry	2	68641
graduate	2	68641
archon	2	72632
enfance	2	67555,70169
muscade	2	67555
décisif	2	72933,70917
vendange	2	73684,73877
paysandisia	2	72632
danois	2	67555,67945
palmivore	2	72632
consomment	2	67555,76209
éduquer	2	67555,75063
homm	2	73684,67798
fatiguer	2	73684,70744
maternel	2	67555,70422
tracter	2	72933
magnifique	2	73684,67383
vit	2	73684,67383
freiner	2	72933,72394
freinage	2	72933,71617
a380	2	72933,72636
lpo	2	74170,68883
atee	2	73690,70169
retarder	2	68882,68390
expliqu	2	68882,76508
567	2	74170,68883
senseur	2	72631
réellement	2	72631,75064
5050	2	73684,74745
toxicologie	2	72631,68387
remarquer	2	69540
endocrinologie	2	72631,67937
eyetechcare	2	73435
écriture	2	69540,71835
médian	2	72632,75065
papille	2	72631
loyal	2	68882,69811
sensofat	2	72631
cultivé	2	73684,70420
maguin	2	72933
40000	2	73684
voyageur	2	72933,74456
tromper	2	72631,75065
installé	2	72933,70746
localisation	2	72631,70916
intégrée	2	72632
flexibilité	2	68882,68273
va-t-il	2	68882,71835
amer	2	72631
umami	2	72631
succession	2	68882,67937
sucrer	2	73684,72631
vinification	2	73684,73877
louis-george	2	68882
champagne	2	73684,73877
segalen	2	67801,75067
kourou	2	69811,69179
humeur	2	73435,69184
boisson	2	74453,75462
bangladesh	2	73185
ind	2	67942,72396
250	2	67800,67071
copolymère	2	70423
thaliana	2	67800
arabidopsi	2	67800
toulon	2	73875,73688
priori	2	72940,69821
michelin	2	73875,73687
necker	2	73875,69184
théâtre	2	73875,71836
intègre	2	70423,71836
genèv	2	73875,73881
biodégradable	2	70423,75464
argile	2	72630
element	2	73186,69177
rhenepi	2	74453
292	2	73875,67801
lyonbiopôle	2	74453,75465
pharmer	2	74453,75065
bulgarie	2	73875
indigo	2	72630,71366
niccolaï	2	73185
leap	2	75791,74745
rêver	2	73185,72933
motion	2	75791,71614
globalité	2	73185,70166
épilepsie	2	74453
ensam	2	75791,70422
mgd1	2	67800
ultra-mince	2	70423
violent	2	72940,70916
pti	2	76514
doux	2	72397
gat	2	73186,73879
designer	2	75790,75788
odorant	2	75790,76516
elisabeth	2	75790
guichard	2	75790
déstructuration	2	75790
mw	2	72397,74168
cherenkov	2	73186
norvèg	2	74170,69534
smo	2	73880
préservation	2	76514,68279
alimentec	2	76514
propack	2	76514
pauvre	2	73185,75792
rmt	2	76514
barrage	2	70165,67944
égaler	2	73880,69539
philippine	2	73185
légèreté	2	70165,68280
scrupuleusement	2	70165,70915
dgac	2	70165,74450
étroite	2	70165,75064
strict	2	70165,67553
rhodia	2	68278
volant	2	70165,68640
surnommer	2	73185,68393
vital	2	72940,68642
tellement	2	73185,71835
inlassablemer	2	72630,74168
calotte	2	69811
cumuler	2	74453,68391
capa	2	72630
exceptionnelle	2	70164,71836
capital-risque	2	73691,71360
immunothérapie	2	73691,75465
beaux-arts	2	72630
organis	2	73691,76514
partnering	2	73691
receler	2	72630,74744
sentinel	2	69811
environment	2	69811,74168
mobilisation	2	70164,71359
écouter	2	73881,71835
sismologie	2	69811,67942
ens	2	69186,68278
esquisse	2	68279,75458
semis	2	68279
interrégional	2	68279
alterner	2	68640
austral	2	69811,73875
néel	2	69186,72397
73	2	74170,70424
gy	2	68279
virey	2	68279
symposium	2	69811
ozone	2	69811,68645
trou	2	69811,72397
guidage	2	68279
gigaoctet	2	69811,70424
glaciaire	2	69811
cocagn	2	72630
visage	2	72630
francisco	2	70422
spaghetti	2	74173
fraction	2	73875,67388
délicat	2	75791,73877
commettre	2	73185,70162
nettement	2	74173,73189
lmbo	2	73875
secrétaire	2	74453,67937
aléa	2	72630,75458
tomber	2	73875,72938
etudiant	2	73185,69179
voilà	2	73875,72397
lent	2	72630,71835
pénétrer	2	74173,76206
ghisolfo	2	73875
xixèm	2	73875,74752
san	2	70422
schneider	2	73185,67796
gtm	2	73875
bioinformatique	2	74452
qualitatif	2	73685,71361
embauche	2	73685,72394
précieux	2	73185,69184
constatent	2	73685,68383
tient-il	2	73185,72113
claud	2	74173,69540
cyceron	2	76515
soit-ell	2	70422
lambert	2	72630
baisser	2	70422,68390
subtilemer	2	74167,73877
kmh	2	72933,67941
kent	2	67940
génial	2	68638,72933
van	2	74449
polythiophène	2	75070
lumineuse	2	75070,73188
touch	2	74449,74453
optoélectronique	2	70748
miracle	2	72932,74457
ascension	2	70748,71617
impossibilité	2	75794,69185
propage	2	72932
envers	2	75794,67555
fermer	2	72932,71839
professionnalisation	2	75457,70748
rebondir	2	72932
géométrie	2	75794,70426
gamm	2	75794
soulignons-l	2	69543,70169
savon	2	75794
acousticien	2	75794
letter	2	75794,73188
résume-t-elle	2	72932,76509
section	2	72932
moule	2	67390
ruminant	2	68885,67388
fermier	2	68885
corréler	2	67390,68646
effectivement	2	67390,68882
american	2	69819,70422
incorporer	2	67390,72634
substituer	2	67390,67553
wymelbeke	2	74449
surgir	2	72932,74172
rédaction	2	74449,71612
joyeux	2	74449,68276
thermonuclear	2	75064,74168
experimental	2	75064,74168
reactor	2	75064,74168
productivité	2	76510,68882
cealist	2	70421
immobiliser	2	76510,69540
pann	2	76510,70165
câble	2	76510
câbler	2	76510
développe	2	76510,76208
éloigné	2	72932,73431
stimuler	2	72932,67937
tétée	2	68887
raisonnable	2	74167,74168
559	2	74449
gastro-intestinal	2	68887,69184
keller	2	75064
implantée	2	74167,73684
steady-state	2	75064,74168
segment	2	67939,69177
sélectivité	2	74449
fuite	2	74167,71840
professionnalisme	2	69541,70166
eurocopter	2	69541,68393
dépendant	2	74449
nominal	2	67939,69179
électroluminescente	2	75070
74	2	74449,72392
influer	2	67390,74168
anicap	2	68885
expérimentale	2	69538,74744
régir	2	67390,67801
paul	2	71612,68386
co-organiser	2	75795,72396
apprenant	2	73437,75063
annulation	2	76508
pourrait-on	2	67385,73877
basse	2	67939,75794
seine-saint-deni	2	76508,71360
lead	2	73437,75063
syti	2	76508
enil	2	68885,67388
frachet	2	76508
centr	2	68885,72119
biopuce	2	75460
photosynthèse	2	67385,68385
partiel	2	73435,69180
comanche	2	75460
coquill	2	75460
intelligibilité	2	76508
neuropsychopharmacology	2	73184
traire	2	73184,72392
visiblement	2	67385,74169
audio	2	76508
doubs	2	68885,68279
biocore	2	67385
prolifération	2	75460,68387
digestion	2	67385
robuste	2	75460,75067
lmd	2	67939
profiler	2	76511,75063
analyste	2	75795,71835
dispense	2	73437,75458
circulaire	2	73435,67942
aptitude	2	68885,72394
cnaol	2	68885
nanomatérial	2	67390,70425
animateur	2	68885,68383
classiquement	2	67390,70743
poincaré	2	72932,67940
cecaler	2	68885
caprin	2	68885
talence	2	75457,73882
unitaire	2	67390,71836
regret	2	71835,71614
tournesol	2	67391,68385
dénomination	2	68885
fourniture	2	68885,68279
orageux	2	67939,67942
coagulation	2	73435,67388
rocer	2	67939
ajoute-t-ell	2	72932,73431
6èm	2	71612
france-unesco-académie	2	71612
heureux	2	72932,67937
prenant	2	72932,72637
participante	2	75795,69541
bouleversement	2	67939,73876
pharmacotechnie	2	71612
2d3d	2	73437
réchauffer	2	67939,69540
ciment	2	71612
cavité	2	71612
sécréter	2	68887,71843
coré	2	75064,74168
sncf	2	76510,74450
sevrage	2	68887,67388
financièrement	2	67940,74745
ift	2	72399,68279
larguer	2	69179,70916
maman	2	72932
monolithique	2	69179
cliniquement	2	67940
justifier	2	73435,76207
pré-cliniqu	2	67798,72938
poussée	2	69179,71617
guérir	2	67798
p80	2	69179,69177
interdisciplinarité	2	67071,73189
principale	2	69179,75458
von	2	72932,71615
microsatellite	2	69179,67942
nash	2	72932,71835
remplie	2	72932
affect	2	67798,74453
picosatellite	2	69179
préliminaire	2	67798,75065
passif	2	74167,71838
aube	2	68276,74745
éthique	2	73435,72938
remporter	2	74170,75066
océanographiquer	2	74170,68883
instrumenter	2	74170,68883
ihe	2	72932
administratif	2	74167,68383
troie	2	75065
nourriture	2	67794,75458
injection	2	69179,76509
trentenaire	2	72932,76208
avons-nous	2	67794,75458
arc	2	72400,71612
rhônalpine	2	72400,72395
partenarial	2	73690,75464
catholique	2	67940
vertueux	2	69538,71359
ultra-pure	2	72118
inventeur	2	72933,68273
unir	2	72933,73430
propergol	2	69179
accent	2	67794,70753
bataille	2	72933,69178
asi	2	69179
écrir	2	67794,70744
finlande	2	74170,68642
affronter	2	70914
ajouté	2	72933,71358
prac	2	70914
tgcc	2	70914
venue	2	74170,72396
évolutif	2	67940,72631
r	2	67940
p80fw	2	69179
instar	2	70914,71617
incapacité	2	67794,67941
cic-it	2	67940
oseo	2	70914,68383
isen	2	67940
xxèm	2	72932,68276
doxorubicine	2	75065
assimiler	2	69183,68281
watt	2	69179,72397
lampe	2	70421
immerger	2	70421,75064
proposon	2	70161,70166
immenser	2	68273,70421
gadzart	2	70161,70422
fixée	2	70421,70422
austère	2	72932,67937
percevez-vous	2	70161
xi	2	70161,68276
lycer	2	72932,75066
1780	2	70161,68276
optimal	2	68273,71612
humble	2	70161,69821
frontal	2	70421
murier	2	70425
boursier	2	70161,68276
sociétaler	2	70161
poussière	2	68273,74168
intempérie	2	68273,72630
motiver	2	72932,71359
traçabilité	2	68273,74455
exploit	2	74170
jalonner	2	74167,72932
risquer	2	74167,74450
endocrinien	2	68887
tissulaire	2	68887
biomédicament	2	72938
mollard	2	68887
alerter	2	76510,70166
ophtalmologie	2	73435,72116
polygone	2	70421
horaire	2	72932,71836
redéfinir	2	75065,68392
leurrer	2	69183,75065
azoture	2	69183
365	2	74170,68883
judith	2	75065
cadeau	2	69183
greciet	2	75065
content	2	74167,73877
dédié	2	72395,71359
exhaustif	2	74167,74751
démocratiser	2	68273
mt	2	68273
révolutionnaire	2	68273,71614
frer	2	68273,75066
seventure	2	69815,71360
massachusett	2	70161,73876
pré-qualifier	2	72395
successif	2	72395,67940
finalisation	2	69815,73689
grave	2	69815,68645
loir	2	68273,72938
shna	2	69815
papier	2	72932,67068
bourdelai	2	72939
fleur	2	68273,76516
charenton	2	72939
combat	2	72939
traditionnellement	2	70161,72630
fonctionnent	2	74167,73877
masa	2	70162
âger	2	67799,74746
cargill	2	72394
façonnabl	2	68280
swarm	2	69177,73880
ministériel	2	69177,74746
pécresse	2	67068,67071
valérie	2	67068,67071
officialiser	2	69536,68888
dépistage	2	69536,74455
causer	2	68388,74173
sclérose	2	74171,70744
tm	2	71616
is	2	69177
foncier	2	71357,74457
smartox	2	73878
plaque	2	74171,67554
dentaire	2	71616
implantologie	2	71616
tension	2	71357,69184
sera-t-il	2	74456,76209
insérer	2	74454,74450
trachéal	2	74454
aménagemer	2	74456,72939
opportun	2	74456,70422
formulation	2	69534,72938
debry	2	74454
alimente	2	74457,71835
hydrogéner	2	74174,74168
enregistrement	2	74171,67389
wayna	2	68388
totaliser	2	67068,69177
230	2	67068,70745
floralis	2	73878
amusez-vous	2	67068
localité	2	71357,71840
revivre	2	67068,68273
46	2	69177,72119
chronologie	2	67068,75788
réémettre	2	67068,69539
fluidité	2	72116,68387
jean-louis	2	72116
25èm	2	75464
depo	2	75464
régner	2	67068,74168
junien	2	72116
mondiau	2	69820,75466
alè	2	75464
68	2	71616
c2ma	2	75464
atv3	2	69177
cachan	2	69820,73883
george	2	67068,68884
pur	2	69177,74169
océanographique	2	69177,70916
distributeur	2	73878,75063
connaisseur	2	67068,68643
constituant	2	72116,67800
genevièv	2	67068,71837
pourrait-ell	2	72116,69184
grain	2	73878,69819
omnt	2	74174,69186
transposable	2	69534,73684
intoxication	2	68388
tic	2	73182,71359
mechatronic	2	73884
meeting	2	73884
volontairement	2	71357,72119
technologue	2	73182,68882
srl	2	69534,67945
oeuvrer	2	75789,74746
djibouti	2	75458
modernisation	2	73182
réindustrialisation	2	73182
élection	2	73182,67937
avance	2	73884,74455
équin	2	71357
traumatisé	2	73431,67801
faiblesse	2	73182,68383
sauf	2	75789,74752
alenia	2	75789
écouler	2	74171,75069
reconstituer	2	73431,70745
gpan	2	72393
as	2	69534
frigorifique	2	72393
désertification	2	75458
economy	2	74171,74746
serg	2	74171,74453
pluviométrie	2	75458
napoléon	2	73431,72630
enveloppe	2	75789,75063
verrou	2	75789,73188
libération	2	69534,67802
soigner	2	73182,73878
nanoh2	2	74174
séminair	2	74174
universel	2	73182,70162
respirer	2	74454
laryngectomie	2	74454
1600	2	74454,75461
magasin	2	69534,68889
ambiance	2	71357,74449
emballer	2	69534,76514
substitution	2	69534,68642
acheter	2	69534,68274
levang	2	74457
plancher	2	73182,69541
grande-bretagne	2	69534,69542
télécommunicatier	2	75789,75071
équitation	2	71357
schiste	2	73182,76514
conflit	2	74457
éclairer	2	73182,74457
pspc	2	75789,71359
tardif	2	73182,68646
joindre	2	74457,67945
fourmill	2	68283,71835
massivement	2	71357,68884
front	2	73182,67068
geneviève	2	73182,70914
modulation	2	72116
gazéification	2	72121
faut	2	72393,70423
finalité	2	72116,68883
rcpg	2	72115
récurrent	2	71357,70916
contraction	2	72115,73882
contraste	2	72115
effluent	2	72392,69538
béhar	2	72392
brigit	2	71614
pharmacologie	2	72115
soulever	2	71357,71363
conservatoire	2	72115,69812
rachis	2	71614
jouy-en-josa	2	73432,70746
micali	2	73432
inser	2	71614,71616
éloigner	2	70424,68383
repérer	2	73432,67389
inhiber	2	73432,67800
pharmacologique	2	72115
décortiquer	2	73432,76206
insa	2	71614,72121
pré-industriel	2	73432,72121
pronostic	2	73432
araignée	2	72115,73878
budgétaire	2	73432
inc	2	71614
areva	2	72392,75464
massivemer	2	72392,75463
58	2	72392,71837
arrêt	2	72392,70915
dialogue	2	73432,70164
evolution	2	71843,67071
ambassade	2	68274
sauver	2	68274,73877
densification	2	76210,69181
artificielle	2	76210,67945
cheveux	2	74744
alléger	2	76210,75792
2-heptanon	2	71843
fumée	2	67796,70421
sarix	2	67796
uli	2	67796
metagenopolis	2	73432
ulis	2	67796
plos	2	71843,73688
sodium	2	71843,69819
one	2	71843,73688
revêtement	2	67557,74744
intéress	2	73432,73431
metahit	2	73432,69815
cold	2	67557,72393
visée	2	70424,71612
2-heptanone	2	71843
refrigeration	2	67557,72393
lidocaine	2	71843
prolongement	2	73432,71842
17èm	2	75466
rat	2	71843,67389
profonde	2	73688,70746
accumuler	2	72392,68385
compétitif	2	69535,67383
leibler	2	68280,74750
guider	2	71358,71616
poutre	2	70919
affectif	2	71357,75063
nem	2	70919,68881
vitreux	2	68280
insoluble	2	68280,67558
california	2	70919,68881
pesée	2	70919,69182
domotique	2	67068,75466
galileo	2	69177
pléïade	2	69177
mou	2	68280,74750
ludwik	2	68280,74750
260	2	71358,71366
réversible	2	68280,67558
paris-diderot	2	67068,75794
paristechupmcuniversiter	2	67068,70747
sur-	2	71366
bouffe	2	71366
raftomique	2	72116
résine	2	68280
nano-satellite	2	69177,68644
désorbitation	2	69177
recherche-industrie	2	72121
3bcar	2	72121
nanobiotechnologie	2	72121
emplacement	2	70919,74746
t2	2	74171
asteralis	2	72392
touristique	2	69535,70165
panoplie	2	72392,68643
physionomie	2	71357
salarié	2	69535,67553
lion	2	73688,70916
viennent	2	71621,74752
informationnel	2	69535,72637
convection	2	73688
subsistance	2	71621
trier	2	72392,75788
renouvellement	2	69535,70420
peuple	2	71621,68888
tourisme	2	71621,68645
délibérément	2	71621,74457
salon-de-provence	2	71358
regorger	2	71621,73684
mondialisation	2	69535,70422
subvention	2	70426,67799
attractivité	2	69535,69812
energétique	2	70426,71362
bannière	2	71358,74746
mensuel	2	69535,68889
em2c	2	70426
levallois-perret	2	71358
anse	2	71621
disparition	2	71621,76213
hoplia	2	68388
troupeau	2	75458
stratosphérique	2	75789
fontainebleau	2	67945
écologiste	2	70745
cyaa	2	72935
positionnement	2	70753,75789
administrer	2	72935,68885
biométrie	2	73879,72633
nano-antenne	2	70747
voyager	2	74169,71617
nouveauté	2	73183,72120
fresnel	2	70747,68391
inventaire	2	68389,69533
tandis	2	70747,68646
émetteur	2	70747,67942
innobio	2	72935,71616
danemark	2	68389,67555
compacte	2	70747,75067
idinvest	2	72935,73686
pain	2	73183,76213
planche	2	73183,73683
sensing	2	73879
menacer	2	68389,72632
reste-t-il	2	73183,70161
biopharmaceutiqu	2	72935,72118
chamard	2	68391
descendre	2	73183,73684
sandy	2	72636
sénat	2	72636,72396
impressionnant	2	73183,72934
lieux	2	73183,73876
isolation	2	70921,70751
antigène	2	72935
familiariser	2	70921,70162
nord-est	2	73183
véhiculer	2	72934,74455
rac	2	72934
symboliquement	2	74175,67798
quête	2	73879,74168
fui	2	73879,69818
amplificatrice	2	72934
doper	2	72934,67391
list	2	73879,75064
instauration	2	70745,69538
continuum	2	70745,72631
circumnavigation	2	73183
coherent	2	72934
nord-ouest	2	73183
suggèrent	2	72935,72631
planctonique	2	73183
conduction	2	72934,75794
catalogue	2	73879,74747
barreau	2	72934
facial	2	73879,72633
paramétrable	2	73879
gev	2	72934
merveille	2	67938,69177
prince	2	73183
monaco	2	73183
biology	2	73183,71837
personnage	2	67938,67937
aéronef	2	72636,68393
quell	2	73183,76209
technolac	2	76212,73689
barre	2	71840,71358
piéger	2	76206,74744
hommage	2	73430,69542
prédécesseur	2	73430,71615
imagination	2	70921,70421
topographie	2	67944,73880
120	2	73430,71360
largeur	2	70425,68391
crier	2	73430,70915
gustative	2	75069,74449
by	2	71617
explique-t-ell	2	75069,71612
franco-allemand	2	73430,70425
smarter	2	71617
télécom	2	73430,72633
skie	2	71617
pent	2	71617
trafic	2	71840,72939
discuter	2	70921,71363
ppb	2	70425,71612
volatil	2	70425
up-tex	2	70921,70751
fiche	2	75069,74747
hédonique	2	75069,74449
pencher	2	75069,68881
ppq	2	70425
tnt	2	70425
imt	2	73430
armer	2	73430,74455
descente	2	76212,71617
représente-t-il	2	76206,70917
étrange	2	67938,68638
cercle	2	73183,71836
monte	2	73430,69812
jean-baptiste	2	67938,71836
mines-télécom	2	73430
philip	2	75459
décor	2	76206,76213
oser	2	76206,70166
sahara	2	69821,75458
évidemmer	2	76206,72634
saccade	2	68646
onu	2	73430,68392
karine	2	70921
pressentir	2	73430,69181
prévalence	2	68646,75065
susceptible	2	70425,69538
pride	2	67561,68393
solidaire	2	67561,68393
inaccessible	2	70425,74168
authentification	2	76206,74449
lanc	2	67944,74169
math	2	73430
interroge-t-il	2	67938,73185
vassivière	2	67944
syndicat	2	67944,74746
bordeler	2	76206,73431
végétale	2	68389,75458
cheveu	2	72934,74744
kw	2	75789,72397
connecting	2	73438
préhistorique	2	75788
limoge	2	72114
mobilier	2	72114,73876
breton	2	67946
enrichi	2	73431,71359
microsystème	2	68644
orient	2	70920,73875
rupestre	2	75788
solidement	2	68644,68643
nouvellement	2	76207,74752
épreuve	2	76207,73689
dinasolar	2	72114
originaire	2	75788,71612
saluer	2	76207,69541
co-fondateur	2	76207,75462
menace	2	76207,74457
frama-c	2	76207
mélanger	2	68644,67558
certifier	2	72114,70165
dger	2	72114,67553
puissante	2	76207,69819
mali	2	75458
vialou	2	75788
nanoparticules	2	68644,74750
benjamin	2	76207,74450
naturaliste	2	67938
myriade	2	76207,67942
informaticien	2	73431,76509
dutailly	2	73431
cosmetic	2	67946,72120
homo	2	73431
contrasté	2	71357
prédiction	2	71357,67392
sénégalais	2	75458
copper	2	72114
aliou	2	75458
guisser	2	75458
ucad	2	75458
virtuellement	2	73431,75064
incongru	2	67938
ider	2	71842,74455
restaurant	2	71842,74752
pompéi	2	75788
singe	2	67938,73684
dutour	2	73431
labri	2	73431
corrélation	2	75788,67798
rude	2	72114,70161
sous-traitance	2	72114,69543
rachitisme	2	73431
tuberculose	2	73431
syphilis	2	73431
paléopathologie	2	73431
respectueuse	2	71842,71617
cosmétologie	2	67946
enclin	2	72114,67068
miser	2	72114,73685
gramme	2	68644,73878
derepa	2	76207
ine	2	72114,70915
financeur	2	72634,74746
habitation	2	68389,70169
integrated	2	71838,71614
détour	2	74455,72939
antigel	2	68390
agathe	2	72634
pener	2	72634
concurrente	2	72634,72633
observing	2	71838,69181
infectiologie	2	68384
port	2	72634,67941
noaa	2	71838
besançon	2	74455
échapper	2	67938,70749
prescrire	2	74455,75458
pam	2	72634,72394
dijonuniversité	2	72634,72394
head	2	71838,68386
tolérant	2	68389,70746
habitant	2	76213,73684
quae	2	76213,68882
corriger	2	71838,68644
auparavant	2	68281,69539
eco-campu	2	74175
égide	2	74175,67553
déposition	2	74168
onerer	2	72934,71358
travaille	2	76213,67937
restructurer	2	76213,69812
25000	2	72114,69542
perforation	2	70918,70746
bru	2	68888
beihang	2	68888
garanti	2	76207,67071
astronautique	2	68888
confiance	2	76207,67798
tsinghua	2	70920
polyvalent	2	68888,75458
endoscopique	2	70918
china	2	68888,68278
cuisinier	2	74752
tarte	2	74752
gastronomie	2	74752
post-opératoire	2	70918,71612
lsce	2	71838
couler	2	67938,72113
inflammation	2	68388
guidée	2	70751,75071
darwin	2	67938
écoute	2	74455,71835
dispersion	2	68389
prototypage	2	75068,76513
manufacturing	2	75068
lactali	2	72634
morphologie	2	68390
congélation	2	68390
paroi	2	76213,70421
traitant	2	73187,72637
semi-perméable	2	72397
patric	2	73683
calédonie	2	73433
longévité	2	67387,68277
52	2	67387,68275
calédonien	2	73433
trimestre	2	67553,71841
cote	2	73683,75789
inovsy	2	68393
adéquat	2	72936,68882
recenser	2	73433,68279
aîné	2	72936,68882
marocain	2	72936
ceux-ci	2	70744,75458
compiler	2	67387
côtier	2	73433,73683
try	2	67387
germe	2	73683,68643
fouille	2	73683,75788
représentatif	2	69537,67388
executiv	2	72637,71617
inner	2	67937
aldebaran	2	72633
varie	2	70744,67388
lem-phea	2	73189
réinjecter	2	68884,67558
réception	2	67386,70162
haider	2	71615
chapdaniel	2	72637
marius	2	72633
lavet	2	72633
bach	2	67937
index	2	69537
concession	2	73687,68383
transaction	2	72633,71614
arimnet	2	69817,70420
satellitairer	2	73434,68275
antille	2	69542,71362
sous-traitante	2	73687
mercredi	2	70752
oreille	2	68643,76508
tensioactif	2	67558
amm	2	68643
ponctuel	2	69181,75070
directer	2	69537,72121
drosophile	2	67937
bref	2	68638,76510
échelonner	2	74176,67794
oculomoteur	2	71841
urbaniser	2	69181,70916
foliaire	2	69817,69182
altimétrie	2	73434,69177
j-c	2	73683
radio-occultation	2	67939
sustainabl	2	72637
iri	2	72633,71360
celle	2	69817,70749
accrocher	2	70744,72119
arcachon	2	72937,69820
orgue	2	74176,73880
navigant	2	73683
igpsc	2	72937
conquérir	2	76512,75070
bombe	2	67937
vièm	2	73683
alpine	2	67387,73881
refaire	2	74176,73683
computing	2	75796,73686
dcn	2	67386
nautique	2	73683,75464
mini	2	68638
humanoïde	2	72633,75063
interfac	2	75063
câblé	2	67386,76510
communiquer	2	67386,67553
personnalité	2	75796,72400
nao	2	72633
engouement	2	68638,68387
téléphonie	2	67386,68279
biotechnologier	2	73433,67946
brochet	2	74745
validité	2	67392,75792
border	2	73683,73684
exclame-t-il	2	73683,70166
rihb	2	69542
saphir	2	67939
madras	2	67939
latécoère	2	69542
orienté	2	75796
demand-supply	2	72637
patrie	2	69542
applicatif	2	75796,74452
chimiométrie	2	67392
anecdote	2	73683,71835
douze	2	69537,71616
hélio-spir	2	67392
12ème	2	67392,72633
assurance	2	75063
brousse	2	69542,75458
vocal	2	75063
neuronau	2	68388,73879
seuil	2	67386,70425
parti	2	76211,71617
pareil	2	73683,71835
spécifiquement	2	70749,72631
scarab	2	67939
egypte	2	73683,74450
lisser	2	70744,74744
neutrino	2	68638,73688
jullian	2	73683
exécuter	2	73683,75064
cousu	2	73683
systèm	2	72637,67940
reverse-phi	2	70744
illusion	2	70744
admirer	2	69542,71835
éditeur	2	75796,68383
journalier	2	69537
biopolymère	2	70746,71616
conférer	2	70746,71612
confiant	2	68643,74169
1982	2	72633,70917
intermittent	2	68884,71363
alarme	2	68388,67937
acare	2	71615
peyne	2	69537
royal	2	72936,74450
megha-tropique	2	67939
lourde	2	70749,72394
ecrir	2	70744
del	2	73188
parl	2	71615,71617
parole	2	75796,76516
hormis	2	72635,70421
abstress	2	69817,70420
cisaillement	2	73683,70424
webb	2	70163
caoutchouc	2	70752,75464
bénin	2	72117,67801
dual	2	67553,71836
lame	2	68274,70420
semblable	2	69537,68644
novaqt	2	74176
sustainable	2	76513,68275
écoproduit	2	76513
impatiemment	2	68638,69177
canadien	2	70163,69542
traquer	2	70163,70421
sénartaise	2	67945
occident	2	72117,68383
aix-la-chapell	2	71361
insertion	2	76513,67940
observable	2	68638,73431
bris	2	68274
rwth	2	71361
montbard	2	68387
aerocampu	2	73687
edimbourg	2	70163,73880
idest	2	68392
monnet	2	68392
neutronique	2	69537,69178
lyonuniversiter	2	76210,73189
1996	2	68274,67937
isro	2	67939
carbonate	2	76210,69819
piquer	2	69813,67937
presser	2	68274
recours	2	76513,69818
soulagement	2	67939
réelle	2	67553
ecosse	2	70163,73880
knowledg	2	67945
étonnement	2	68274,74752
21èm	2	70163,75795
pérennité	2	67553,68283
chasser	2	67553
nôtre	2	70163,73685
fonctionnalisation	2	76210,68390
sous-ensemble	2	70163
mirim	2	70163
ineri	2	68645,75463
éco-extraction	2	71845
pédiatrique	2	72117
lacté	2	70163,70749
valence	2	67945,68393
aix-en-provence	2	71845,68393
négocier	2	68274,73683
discovery	2	67945,71614
1979	2	68638,73183
nacre	2	76210
15000	2	68274,67071
biennal	2	74176,69542
métallique	2	76210,71612
cnrsinser	2	76210,68390
rhepatch	2	73187
fragilité	2	76210,75069
urgentiste	2	68387
cea-dam	2	70162
indique-t-ell	2	73434,70422
eppn	2	69817,70420
lyonuniversité	2	76210,68390
créteil	2	67945,76509
adjuvant	2	67937
cassis	2	76512
querleux	2	74744
compression	2	74745,74746
upec	2	67945
post-opéré	2	68387
fabr	2	72117
rifler	2	68387
pass	2	71845
cartographique	2	69537,67944
atopica	2	68645
sismologique	2	69181
phenotyping	2	69817,70420
géodésique	2	69181
bourget	2	73687
sismicité	2	69181
security	2	70162,69811
biosimulation	2	73187,74453
cnam	2	71620,72115
mulhouse	2	73187,74453
eolienn	1	70743
elle-même	1	75788
1859	1	67938
immédiate	1	68281
segard	1	67940
energétiqu	1	70743
évoluton	1	67938
darwinien	1	67938
horlogerie	1	74455
ekhuft	1	67940
préhistorienne	1	75788
ergothérapeute	1	67940
cjd	1	73435
transmis	1	68281
sexuel	1	72632
soufflerie	1	70743
occupé	1	70743
essex	1	67940
céleste	1	73186
caroline	1	68281
constamment	1	68281
intrer	1	70420
abiotique	1	70420
cta	1	73186
leblanc	1	68281
avancement	1	67940
fluctuant	1	70420
stressante	1	70420
flottante	1	70743
biosip	1	67799
scale	1	68281
agueer	1	75788
phénotypique	1	70420
dépister	1	74455
cardiométabolisme	1	67799
vilhener	1	75788
lheea	1	70743
littoral	1	70743
rhenovier	1	73187
ilsa	1	74455
relance	1	70420
rt2012	1	70169
élimination	1	74455
piégeage	1	72632
vain	1	74455
réorganisation	1	74455
rencontrent-elle	1	68643
drastique	1	74455
logement	1	70169
ravageur	1	72632
accidentellement	1	72632
décernent	1	73435
parade	1	72632
scar	1	68643
exist	1	74455
high-tech	1	70420
ensmm	1	74455
imaginé	1	74455
pieux	1	74455
nuptial	1	72632
voeu	1	74455
salaire	1	68643
confinemer	1	70420
centrée	1	74455
anru2	1	70169
manip	1	68643
rt	1	70169
inracnrsuniversité	1	70420
ravager	1	72632
tertiaire	1	70169
bureal	1	70169
167	1	70169
endémique	1	72632
bienvenu	1	70420
consommable	1	74455
convoyée	1	70420
discret	1	74455
gentille	1	67938
infesté	1	72632
importation	1	72632
ornemental	1	72632
chemoecology	1	72632
conformer	1	70169
ffi	1	70169
congénère	1	72632
accru	1	70420
bosse	1	72632
calver	1	67940
saint-gobain	1	70169
filièr	1	73434
insatisfait	1	67799
griffe	1	72632
ascq	1	67940
morphologique	1	72632
reproductibilité	1	74455
villeneuve	1	67940
grdf	1	70169
verita	1	70169
beuffe	1	74455
sautelet	1	67940
émis	1	72632
ingénieurs-inventeur	1	72633
vouliez	1	67938
pathogènesmutualiste	1	70420
berck	1	67940
malvie	1	73434
consultant	1	68643
frotte	1	72632
pcr	1	68643
méchant	1	67938
comptabilité	1	68643
souligne-t-ildès	1	68643
armé	1	68643
arcane	1	68643
attraction	1	72632
modulable	1	70420
immuno-hématologie	1	74455
effinergie	1	70169
climatiser	1	70420
segmer	1	72632
tarse	1	72632
lafarge	1	70169
garches	1	67940
humboldt	1	67389
neuropic	1	73879
lewi	1	67938
bio-éthanol	1	72630
riz	1	72394
tenue	1	67558
retranchement	1	73434
mayer	1	72630
prédéfini	1	73689
francin	1	73689
trace	1	70425
sphérique	1	67558
amalgame	1	72630
basique	1	72630
altimétrique	1	73434
maya	1	72630
cathare	1	72630
oblige	1	72630
pentrite	1	70425
attapulgite	1	72630
baisse	1	67558
formulateur	1	72630
entraîné	1	70425
tourbillon	1	73434
meurent	1	73434
acclimater	1	72630
chien	1	70425
regrette	1	72394
lamarck	1	67938
150ème	1	70743
babethanol	1	72630
suis-je	1	69821
postface	1	69821
avait-il	1	72630
ricin	1	67558
cocagne	1	72630
brillant	1	69821
bouscule	1	69821
avantageux	1	67558
monumental	1	69821
ressourcer	1	72394
tinctorial	1	72630
ego	1	72394
lamarckien	1	67938
alter	1	72394
enrichissante	1	72394
mont	1	73434
phyto-chimiqu	1	72630
posteriori	1	72394
eurocentrist	1	69821
fortiori	1	69821
rhône-alpin	1	73689
sportloisirssanter	1	73689
brasser	1	72630
emma	1	72394
géophysicien	1	67942
reformer	1	67558
angewandt	1	67558
éruption	1	67942
volcanique	1	67942
arilait-recherche	1	72394
mori	1	70425
tsunamis	1	67942
insuffiser	1	70425
ionosphère	1	67942
109	1	70425
eco-extraction	1	71845
billion	1	70425
électrochimie	1	72394
mutualiser	1	71845
acv	1	71845
1015	1	70425
quadrillion	1	70425
tohoku	1	67942
radionavigation	1	67942
cinétique	1	73434
taranis	1	67942
gamma-ray	1	73186
exploitable	1	72397
advisor	1	72394
trinitrotoluène	1	70425
715	1	67942
region	1	67942
earthquak	1	67942
telescope	1	73186
nanostructure	1	70425
verticalement	1	70425
nestlé	1	72394
chemie	1	67558
aligner	1	70425
délocaliser	1	72394
zoologique	1	67938
amplement	1	67558
nouvelle-zéland	1	67942
tectonique	1	67942
bourg-en-bresse	1	72394
from	1	67942
detection	1	67942
nanostructurer	1	70425
shampoing	1	67558
electro-magnetic	1	67942
emissier	1	67942
mousser	1	67558
transmitted	1	67942
1809	1	67938
micrométrique	1	70425
sensille	1	70425
aval	1	69821
uniforme	1	72630
nota	1	69821
1280	1	68640
créneau	1	72633
jûlich	1	68642
vinnover	1	68642
sgu	1	68642
m2i	1	68642
neurofpga	1	73879
romeo	1	72633
prémice	1	73879
teke	1	68642
cdti	1	68642
fct	1	68642
field-programmabl	1	73879
fpga	1	73879
ncbir	1	68642
hongrie	1	68642
mbfh	1	68642
programmation	1	68642
adoptent	1	72633
président-directeur	1	73879
elektronen-synchrotron	1	73186
etp-smr	1	68642
alkan	1	73879
afi	1	72633
bmbf	1	68642
instance	1	68642
classification	1	73879
réactiver	1	68281
simulent	1	70743
semrev	1	70743
mini-quiz	1	68281
ferrer	1	70743
relancer	1	68281
registre	1	68281
aguerrir	1	72633
era-net	1	68642
rythme	1	68281
sélénium	1	68642
carroll	1	67938
neurologie	1	73879
maisonnier	1	72633
alice	1	67938
cnrscnesirdompuniversité	1	73434
volée	1	73879
handicapant	1	67799
monopoliser	1	68642
fragmenté	1	68642
obèse	1	67799
platform	1	73879
représentativité	1	68642
publics-privé	1	68642
manutention	1	67941
teindre	1	72630
exosquelette	1	67941
rb3d	1	67941
associative	1	73879
née	1	73879
effrénée	1	67938
investi	1	72633
intérieure	1	67941
millipol	1	67941
lectoure	1	72630
agrossup	1	72394
finaliser	1	73186
15ème	1	73879
cerface	1	73434
arve	1	73879
digitale	1	72633
alic	1	67938
cd-rom	1	69821
polytechniquecnr	1	73186
leprince-ringuet	1	73186
commencé	1	72630
shom	1	73434
méteo	1	73434
bene	1	69821
blocus	1	72630
auxerre	1	67941
sauveteur	1	67941
catar	1	72630
1024	1	73879
ax	1	68640
paindavoine	1	73879
établi	1	68640
254	1	68640
superviser	1	67941
inertiel	1	67941
relayer	1	68640
automated	1	72633
fingerprint	1	72633
supportant	1	67941
kwh	1	68640
supporter	1	67941
pack	1	68640
accumulateur	1	68640
tourne	1	72633
cognimem	1	73879
525	1	68640
deutsche	1	73186
dorsal	1	67941
cm1k	1	73879
desy	1	73186
imiter	1	73879
rhônes-alpe	1	73435
observe-t-on	1	67798
handicaper	1	67940
intra-oculair	1	73435
psychiatre	1	71841
faupel	1	73187
mancini	1	74450
orthoptiste	1	71841
bastien	1	74450
muon	1	73688
conversation	1	76508
téléphonique	1	76508
camarade	1	74450
auto-pilote	1	74450
arkema	1	68280
concurrencer	1	68280
debré	1	71841
publique-hôpital	1	76508
avicenne	1	76508
cassable	1	68280
téléviseur	1	76508
neuropsychologuer	1	71841
habitacle	1	76508
orthophoniste	1	71841
binoculaire	1	71841
inversemer	1	68280
pays-bas	1	74450
écho	1	76508
ciliaire	1	73435
photomultiplicateur	1	73688
baign	1	76508
ophtalmologue	1	71841
polonais	1	67945
altimètr	1	73434
louis-philippe	1	74451
braibart	1	74451
9000	1	73688
banjamin	1	74450
ébloui	1	73688
itti	1	67945
topex-poséidon	1	73434
12mois	1	74451
initiativ	1	74451
célia	1	74451
littéralement	1	73688
hart	1	74451
pmepmi	1	67945
gêné	1	73688
abyssal	1	73688
ha	1	71841
opt	1	76508
ce2	1	71841
citadin	1	76508
2400	1	73688
lectur	1	71841
durcisseur	1	68280
époxy	1	68280
inra-urtal	1	67388
échelon	1	74450
diplôm	1	74450
cohésion	1	70746
tonal	1	76508
modem	1	76508
pénalisant	1	76508
oto-rhino-laryngologie	1	76508
avicenn	1	76508
tridimensionnel	1	70746
phrase	1	76508
vilvorde	1	72394
egyptien	1	69819
uc3	1	73435
spécification	1	74450
chauffer	1	69819
ombre	1	69819
gravir	1	74450
permettront-elle	1	69820
faurr	1	74450
vibratoire	1	69820
planétologie	1	69819
grenoble-université	1	69819
tiendra	1	69820
parietal	1	69819
autoproduit	1	70746
audiogramme	1	76508
bain	1	70746
algérie	1	69820
eux-même	1	76508
madrid	1	74450
industriale	1	74450
ingeniero	1	74450
oculométrie	1	74171
manager	1	76508
séoul	1	76508
superior	1	74450
cofinancer	1	71841
flageller	1	70746
torpiller	1	70746
nuire	1	73187
tecnica	1	74450
tokyo	1	76508
escuela	1	74450
estii	1	74450
shanghai	1	76508
dommage	1	69820
détroit	1	76508
sytis	1	76508
amortisseur	1	69820
cyclo	1	73435
remboursement	1	76508
arkamys	1	76508
coïncider	1	73688
1l	1	67388
pré-industrialisation	1	73187
jason-2	1	73434
prédisposer	1	67389
renseigner	1	70424
amas	1	70424
ijcci	1	67945
automatiquer	1	74450
ic3k	1	67945
knowledge	1	67945
bao	1	70424
acoustic	1	70424
baryonic	1	70424
protéolytique	1	67388
jason-1	1	73434
dérangeante	1	70424
baryonique	1	70424
déclencheur	1	73434
arian	1	73434
caillage	1	67388
distorsion	1	70424
millilitre	1	67388
qualifiable	1	67388
lensing	1	70424
weak	1	70424
gravitationnel	1	70424
homéopathique	1	67388
exigu	1	74450
relevé	1	70424
epsetein	1	67389
silencieuser	1	67389
howard	1	67389
hugue	1	67389
paris-est	1	67945
jason-3	1	73434
brecht	1	67389
focal	1	70424
marne	1	67945
901	1	67389
intracellulaire	1	67389
curiecnrssoutenus	1	70424
fondamentale	1	67389
mellier	1	70424
rhepach	1	73187
mercator	1	73434
supposaient	1	67389
hubbl	1	70424
cartographi	1	67389
576	1	70424
excitateur	1	67389
bulletin	1	73434
foyer	1	70424
celllule	1	67389
far	1	74450
spc	1	70424
madère	1	67945
présur	1	67388
profonder	1	73688
suer	1	74450
satisfaiser	1	73187
toulon-var	1	73688
gdf	1	74450
négociation	1	67945
aix-marseilleuniversit	1	73688
cnrsirduniversité	1	73688
romer	1	67945
italia	1	67945
immunochimique	1	67388
2kg	1	74450
bovine	1	67388
sus	1	70424
boostent	1	73688
glal	1	67945
mediazioni	1	67945
recuite	1	67388
xiwrite	1	67945
cl	1	73434
insoupçonné	1	67388
slovaque	1	67945
pdc	1	67945
benharrosh	1	74450
imputer	1	67388
brosser	1	67388
bang	1	70424
midi-pyréene	1	74450
sisine	1	67945
extraite	1	67388
caillette	1	67388
abattu	1	67388
automatisation	1	74450
gageure	1	73187
gravitation	1	70424
majoritaire	1	67388
insticc	1	67945
inexplicable	1	70424
ergonomie	1	74450
certer	1	70424
systems	1	67945
nacl	1	67388
control	1	67945
poséidon	1	73434
azoter	1	67388
voilure	1	74450
pré-programmer	1	73187
mi-2014	1	74450
caquette	1	74450
kurosh	1	67945
madani	1	67945
privé	1	67945
visco-élastique	1	70746
béroud	1	73878
eyrolle	1	67938
irc	1	73883
interruption	1	75789
jalon	1	72395
suscite	1	74171
recaler	1	72395
cea-liten	1	75789
demand	1	72637
construction-réhabilitation-aménagemer	1	73883
kinkingnéhun	1	74171
supply	1	72637
btob	1	72395
networking	1	70752
gcn	1	73883
microbe	1	70420
accueill	1	73883
semencier	1	70420
explicite	1	72395
cache	1	70420
amorcer	1	72395
génotypage	1	70420
extra-tropique	1	75789
intra-tropiqu	1	75789
plasturgiste	1	70752
eyetechcar	1	73435
primer	1	73435
correctif	1	72395
visionnaire	1	73434
audit	1	72395
rillieux-la-pape	1	73435
vibreur	1	70421
chaude	1	69818
avertissement	1	70421
rhônes-alpes	1	69818
géothermal	1	69818
notoire	1	70421
recréer	1	70421
chaleursonde	1	69818
brûl	1	70421
serait	1	70421
enclaver	1	75789
tailleur	1	70421
pomper	1	69818
rhône-alpes	1	72395
acheminement	1	75789
tributaire	1	75789
moyenlong	1	72395
13ème	1	69818
mi-chemin	1	75789
tenerrdis	1	69818
latent	1	72395
ciat	1	69818
géodésie	1	73434
sous-titre	1	67938
33	1	75789
posture	1	72637
grosse	1	70420
euphorique	1	68643
nodosité	1	70420
devis	1	68643
verser	1	70420
iver	1	67940
manche	1	67940
situ	1	70420
rapporteur	1	70420
annoter	1	75788
retraité	1	68643
fossilisation	1	67938
roulant	1	67940
déranger	1	67938
day	1	75788
christell	1	68643
cordier	1	68643
innov	1	75788
colonie	1	70420
plantule	1	70420
adaptable	1	67940
vestige	1	75788
pétri	1	70420
grosso	1	75788
mato	1	75788
interreg	1	67940
attentil	1	68643
sysias	1	67940
franco-anglai	1	67940
statine	1	67798
allégation	1	67798
ébaucher	1	67798
rondonopoli	1	75788
naple	1	75788
sollicité	1	75788
lee	1	67389
peuvent-ils	1	75788
douleur	1	67798
ostéo-articulaire	1	67798
lombalgie	1	67798
quadriller	1	75788
courante	1	67798
ressortir	1	75788
parle-t-elle	1	67798
cognition	1	67798
colorimétrie	1	75788
toile	1	67798
stérile	1	70420
imperturbable	1	67798
photographique	1	75788
map	1	75788
inoviaflow	1	70420
rafraîchissemer	1	69818
observateur	1	70421
ocean	1	73434
maurice	1	74454
gadzartz	1	73882
enterococcu	1	70746
faecali	1	70746
listeria	1	70746
gar	1	73882
22000	1	73882
pan-européenne	1	74454
facette	1	73882
7000	1	73882
bérenger	1	74454
1963	1	73882
ré-industrialisation	1	73882
diasi	1	70421
renouveau	1	73882
monocytogene	1	70746
gazoduc	1	74450
cutané	1	70746
pipe-line	1	74450
égalité	1	73882
valve	1	74454
départemer	1	70421
topography	1	73434
ambiant	1	70421
amovible	1	74454
gourmand	1	69819
dangerosité	1	73878
aureu	1	70746
recensement	1	73878
inclus	1	70746
océanie	1	73878
ceramic	1	69819
interférer	1	70746
isère	1	73878
ujf	1	73878
micalis	1	70746
fourier-grenobl	1	73878
pner	1	70746
tomographie	1	69819
commercialise	1	74450
waard	1	73878
venimeux	1	73878
id15a	1	69819
cécité	1	73435
sous-population	1	70746
glaucome	1	73435
173000	1	73878
sillonner	1	70746
pore	1	70746
eyeop1	1	73435
staphylococcu	1	70746
quotidiennement	1	74450
nasal	1	70746
ablation	1	74454
ttc	1	69818
stratrobu	1	75789
repositionnable	1	75789
poitier	1	76509
piraterie	1	75789
dégrossir	1	75789
géodésien	1	73434
évocateur	1	76509
accidenter	1	70421
u	1	72637
lueur	1	70421
terrener	1	72637
montée	1	75789
sdsc	1	72637
masculin	1	74454
polyéthylène	1	75789
opacité	1	75789
ebt	1	74171
2018-2020	1	75789
organisationnel	1	72637
légère	1	75789
e-nutrition	1	76509
perturb	1	70421
sous-jacent	1	72637
non-invasif	1	73435
eh	1	70421
hifu	1	73435
ccip	1	70168
bioscience	1	70168
isb	1	70168
oculomotricité	1	74171
calculateur	1	76509
rétorquer	1	76509
revêt	1	74454
présentiel	1	76509
coaching	1	76509
naissant	1	76509
faite	1	76509
aiguille	1	76509
28000	1	74454
trachéotomie	1	74454
normalement	1	74454
ambulatoire	1	73435
permette	1	76509
insulino-dépender	1	76509
souffre	1	76509
présente-t-ell	1	70421
fontenay-aux-rose	1	70421
sofiproteol	1	72637
villain	1	76509
mari	1	76509
utilise	1	70421
intensiter	1	73435
conférencier	1	69820
off	1	75069
gradient	1	72397
agresseur	1	67937
rétrospectivement	1	67937
opposer	1	67937
neutraliser	1	67937
déclenche	1	67937
tlr	1	67937
receptor	1	67937
toll-lik	1	67937
microglie	1	68388
anti-microbienn	1	67937
dorso-ventral	1	67937
brillance	1	73189
dépourvu	1	68388
reichhart	1	67937
lemaître	1	67937
strasbourgeois	1	67937
drosophil	1	67937
exacerber	1	68388
criquet	1	67937
1978	1	67937
joly	1	67937
auto-immune	1	67937
insecticide	1	67937
221	1	68392
eurohorc	1	68386
prédictiver	1	74744
agon	1	74744
appuyé	1	74744
ménacher	1	74744
dam-ile-de-france	1	74744
leca	1	74744
rappelle	1	74744
enfer	1	74744
syrota	1	68386
andré	1	68386
europ	1	68386
rcuk	1	68386
uk	1	68386
esrc	1	68386
economic	1	68386
boyl	1	68386
esf	1	68386
foundation	1	68386
dissoudre	1	68386
combattre	1	67937
extérieure	1	67937
répertorier	1	67937
néon	1	73188
serein	1	75063
réfléchit	1	75063
maintien	1	75063
assistant	1	75063
hospitalisé	1	75063
limsi	1	75063
bourgognecnr	1	75063
eurêka	1	75063
labellisation	1	75063
prémices	1	75063
never	1	75063
puteau	1	75063
cogiter	1	75063
casquette	1	75063
homme-machine	1	75063
senser	1	75063
avez-vous	1	75063
conversationnel	1	75063
chemical	1	73189
revendeur	1	75063
économiser	1	73188
luxembourgeois	1	67937
neuroprotecteur	1	68388
adolescent	1	67937
oxydoréduction	1	68388
convivial	1	67937
chaleureux	1	67937
élégance	1	67937
éléger	1	67937
immunologist	1	67937
perpétuel	1	67937
injustifier	1	67937
joi	1	67937
bertrand	1	67937
joël	1	67937
shaw	1	67937
gairdner	1	67937
keyo	1	67937
attribution	1	67937
1954	1	67937
figurent	1	67937
gentleman	1	67937
étaler	1	74744
ultraviolet	1	74744
furtif	1	74744
croquette	1	68388
aimara	1	68388
diapason	1	71614
carton	1	71614
finalis	1	71614
vis	1	71614
pêcher	1	68388
opératoire	1	71614
vertébral	1	71614
york	1	71614
autofinancer	1	71614
rosa	1	71614
montpelliéraine	1	71614
réinvestir	1	71614
zimmer	1	71614
genou	1	71614
drire	1	71614
frileux	1	71614
mûrir	1	71614
cardiaque	1	71614
ensica	1	71358
ensma	1	71358
surgical	1	71614
aérotechnique	1	71358
iesf	1	71358
sayette	1	71358
gifa	1	71358
crea	1	71358
fcc	1	71358
capabilitie	1	71358
flying	1	71358
nourrit	1	71358
sous-officier	1	71358
recruté	1	71358
450	1	71358
elc2	1	71358
astech	1	71358
moveo	1	71358
dispose-t-ell	1	71358
ribon	1	71358
1925	1	71358
mayenne	1	71358
poitiers	1	71358
immi	1	71614
computer	1	71614
chevelure	1	74744
décollé	1	74750
autoréparable	1	74750
déformation	1	74750
diffèr	1	74750
consistance	1	74750
connexier	1	74750
innombrable	1	74750
adsorption	1	74750
étalant	1	74750
cnrsupmcespci	1	74750
physco-chimie	1	74750
marcellan	1	74750
alba	1	74750
mois-ci	1	74750
incision	1	74750
glial	1	68388
neuromédiateur	1	68388
graviter	1	74744
confidentialité	1	74744
coiffant	1	74744
morceal	1	74750
repositionner	1	74750
crânienne	1	71614
nanocristau	1	74750
velléité	1	71614
coventry	1	71614
neurotoxicté	1	68388
cameron	1	71614
zuckerberg	1	71614
mark	1	71614
job	1	71614
steve	1	71614
serie	1	71614
béninois	1	71614
leucocyte	1	68388
4i-	1	75466
-la	1	75466
positionne-t-il	1	75466
start	1	75466
rappelons-l	1	75466
scalpel	1	74750
morceau	1	74750
cellulose	1	74750
fourierceainsermchu	1	73189
colorer	1	73189
salin	1	72397
gemtex	1	71361
ensait	1	71361
noeton	1	71361
noetontexrank	1	71361
05	1	71361
appréhension	1	67939
multi-fonctionnel	1	71361
84	1	71361
enser	1	71361
spécialisé	1	71361
maille	1	70916
surclasser	1	73189
horizon2015	1	70916
aladin	1	70916
rebaptiser	1	67939
neige	1	70916
grêle	1	70916
lidar	1	70916
kit	1	70916
für	1	70916
karlsruher	1	70916
lodz	1	71361
gand	1	71361
critèr	1	71361
responsabilisation	1	71361
cocotte-minute	1	71359
1953	1	71359
autocuiseur	1	71359
super-cocotte	1	71359
soixante	1	71359
systeme	1	71359
imaginove	1	71359
agrimip	1	71359
euroneurop	1	72122
innoecho	1	72122
tronic	1	72122
thésam	1	72122
emm	1	72122
12000	1	72122
nationalité	1	72122
bora	1	71361
suédois	1	71361
dresde	1	71361
manchester	1	71361
dornier	1	70916
cnrscnesmétéo	1	70916
safir	1	70916
mégha	1	67939
polytechniqueensupmc	1	70916
laplac	1	70916
simon	1	70916
drobinski	1	70916
résum	1	70916
touriste	1	70916
rivage	1	70916
recrudescence	1	70916
sort	1	70916
var	1	70916
frappé	1	70916
gard	1	70916
vaucluse	1	70916
vaison-la-romaine	1	70916
meurtrier	1	70916
inondation	1	70916
météo-climat	1	67939
contour	1	67939
bateal	1	70916
hindi	1	67939
atmosphère-terre-surface	1	70916
atr-42	1	70916
sud-occidental	1	70916
falcon	1	70916
précipitant	1	70916
radiosondage	1	70916
dérivant	1	70916
dropsonde	1	70916
flotteur	1	70916
bouée	1	70916
météo-francecnr	1	70916
cnrm-game	1	70916
eal	1	70916
glider	1	70916
marchand	1	70916
théty	1	70916
atmosphère-mer	1	70916
tramontane	1	70916
denser	1	70916
prévue	1	70916
renfort	1	70916
adriatique	1	70916
cuisinière	1	71359
cuisiner	1	71359
ouf	1	67939
peroxysome	1	68387
agrochimie	1	68387
pslv	1	67939
sriharikota	1	67939
leucodystrophie	1	68387
lbmn	1	68387
oie	1	74745
865	1	67939
soufflante	1	74745
jacque	1	74745
motorist	1	74745
compresseur	1	74745
aubage	1	74745
comac	1	74745
c919	1	74745
737	1	74745
boeing	1	74745
a320neo	1	74745
monocouloir	1	74745
cfm56	1	74745
hépatique	1	68387
fécondation	1	68387
snecmer	1	74745
ensoleillé	1	68387
biphotonique	1	73189
optitec	1	68393
capenergie	1	68393
pegase	1	68393
munich	1	68393
franco-indien	1	67939
gestation	1	68387
buveur	1	68387
globule	1	68387
cholestérolémie	1	68387
boire	1	68387
apparenter	1	68387
55	1	68387
resvératrol	1	68387
barcelone	1	68387
sitge	1	68387
health	1	68387
polyphenol	1	68387
dégénératif	1	68387
general	1	74745
cfm	1	74745
nul	1	67939
advisory	1	71615
iroqua	1	71615
maia	1	71615
inca	1	71615
selongey	1	71359
appropriable	1	71359
cook	1	71359
testeur	1	71359
connecté	1	71359
format	1	71359
englober	1	71359
tonalité	1	71359
centré	1	71359
intègrer	1	71359
soft	1	71359
hard	1	71359
électroménager	1	71359
demi-siècle	1	71359
intertropical	1	67939
combinatoire	1	71359
poca	1	71615
aeronautic	1	71615
edge	1	74745
nox	1	71615
leading	1	74745
turboréacteur	1	74745
fluctuation	1	74745
instationnaire	1	74745
gazeuse	1	74745
bruyant	1	74745
turbomeca	1	74745
inclinaison	1	67939
perfectionner	1	74751
gif-sur-yvette	1	74751
blériot-fabre	1	74751
capitaliser	1	74751
virtuellemer	1	74751
karman	1	71615
cenaero	1	71615
cerfac	1	71615
aérothermiqueoptimisation	1	71615
haida	1	71615
no	1	71615
vivifiant	1	71358
gaspiller	1	71366
lhost	1	71366
toroïdal	1	74168
elevator	1	73438
béryllium	1	74168
becoulet	1	74168
tor	1	74168
récupère	1	74168
titan	1	74168
bécoulet	1	74168
faisabilité	1	74168
poloïdal	1	74168
soviétique	1	74168
pérenne	1	71366
isotope	1	74168
nontisser	1	70921
astre	1	74168
spunbond	1	70921
meltblown	1	70921
cogitation	1	70921
pause-café	1	70921
tungsten-w	1	74168
entame	1	74168
speech	1	73438
filage	1	70921
extrusion	1	70921
arrachage	1	74169
sca	1	74169
roquecourb	1	74169
sa	1	74169
impatient	1	74169
viticulteur	1	74169
cherchent-il	1	74169
évident	1	74169
devient	1	74169
rentabiliser	1	74169
pluri-annualiser	1	74169
poursuit-il	1	74169
mono	1	70921
plusieur	1	74169
qualimed	1	74169
ju	1	74169
bi	1	70921
pénurie	1	74169
basculer	1	74169
surproducteur	1	74169
facilitateur	1	70921
extrapolation	1	74168
quart	1	74168
cuir	1	74752
émulsionne	1	74752
cela	1	74752
étoiler	1	74752
dunod	1	74752
marx	1	74752
boulangerie	1	74752
fermentation	1	74752
pâtisserie	1	74752
escoffier	1	74752
auguste	1	74752
968	1	68388
étoilé	1	74752
fantasmé	1	74752
grand-mère	1	74752
cantonner	1	74752
immanquablemer	1	74752
soi-disant	1	74752
indica	1	75458
tamarindu	1	75458
gèl	1	74752
jaune	1	74752
éternel	1	74168
oeuf	1	74752
iasp	1	68384
translationnell	1	68384
newvectys	1	68384
salpêtrièr	1	68384
pitié	1	68384
walllois	1	70921
indéniable	1	68390
surprise	1	68390
net	1	68390
neutre	1	68390
anion	1	68390
cation	1	68390
obtenu	1	68390
ordinaire	1	68390
neurotoxicité	1	68388
acetate	1	68390
erc	1	68390
devill	1	68390
fou	1	74752
heracle	1	74169
pech	1	74169
oenologie	1	74169
cholesterol	1	75459
réformer	1	75459
bachelard	1	75459
gaston	1	75459
physiopathologique	1	75459
sporadiquement	1	75459
dyslipidémie	1	75459
c1	1	75459
apolipoprotéine	1	75459
caractérisé	1	75459
soupçonner	1	75459
finement	1	75459
puisser	1	75459
2012-2016	1	75459
solary	1	75459
imaginait-on	1	75459
bonne	1	75459
ester	1	75459
cholesteryl	1	75459
éventuellemer	1	75459
lipoprotein	1	75459
what	1	75459
natif	1	75459
else	1	75459
88	1	72120
apparue	1	72120
pouls	1	72120
conditionneur	1	72120
perfume	1	72120
catalyzer	1	75465
proposera	1	75465
investor	1	75465
traînée	1	71617
efficient	1	71617
croisière	1	71617
eco-climb	1	71617
presider	1	71617
vice	1	71617
actualiser	1	74747
fich	1	74747
photographie	1	74747
nanothinking	1	74747
atomisé	1	74747
saône-et-loire	1	75459
sydney	1	75459
spo	1	74169
met	1	68391
abîmer	1	68391
wallois	1	70921
etat-région	1	68385
ceacnrsuniversité	1	68385
lb3m	1	68385
bioénergétique	1	68385
bouches-du-rhône	1	68385
biodiesel	1	68385
surfacique	1	68385
hydrocarbure	1	68385
cyanobactérie	1	68385
barrièr	1	70921
optimisme	1	74169
excès	1	74169
soplagy	1	74169
foulon	1	74169
roule	1	74169
icv	1	74169
vassal	1	74169
régularité	1	68391
3ecole	1	68391
banlieue	1	75459
infini	1	68391
wollongong	1	75459
melbourne	1	75459
baker	1	75459
contingent	1	75459
transit	1	75459
remaniement	1	75459
quatre-vingt	1	75459
athérosclérose	1	75459
physiopathologier	1	75459
hoppe	1	68391
walter	1	68391
1969	1	68391
ptychographie	1	68391
détaille	1	68391
cliché	1	68391
dévier	1	68391
diffracté	1	68391
balaie	1	68391
concrètemer	1	68391
aegyptiaca	1	75458
balanite	1	75458
nilotica	1	75458
gérontologie	1	74746
silverecofr	1	74746
portail	1	74746
asipag	1	74746
pigniez	1	74746
cristalliser	1	74746
2025	1	74746
ager	1	74746
michèl	1	74746
b2b	1	74746
expo	1	74746
résolumer	1	74746
régénératif	1	71616
asset	1	71616
otc	1	71616
cdc	1	71616
améliane	1	71616
aquasourça	1	71616
sofimac	1	71616
sham	1	71616
émulation	1	74746
curie-paris	1	74746
maxillo-facial	1	71616
gériatrie	1	74746
elova	1	74746
tango	1	74746
canne	1	74746
denovo	1	74746
protibis	1	74746
galette	1	74746
solidage	1	74746
mention	1	74746
assis-debout	1	74746
aidant	1	74746
vertigo	1	74746
mk	1	74746
anti-fuite	1	74746
sous-vêtement	1	74746
hamac-senior	1	74746
enfilage	1	74746
ombistocking	1	74746
siéger	1	74746
soliage	1	74746
mérieux	1	71616
praticité	1	71616
mécénat	1	75458
nanochargé	1	75464
élastomère	1	75464
déchirure	1	75464
jeudi	1	75464
recycler	1	75464
bio-sourcer	1	75464
alès	1	75464
rednre	1	75464
gien	1	75464
presqu	1	75464
deformation	1	75464
serenad	1	72121
white	1	72121
genepi	1	72121
greenstar	1	72121
futurol	1	72121
éthanol	1	72121
pré-organisés	1	72121
aimarer	1	68388
régal	1	71366
thermoplastique	1	75464
piercan	1	75464
malléable	1	71616
gant	1	75464
spinal	1	71616
extrémité	1	71616
cardio-thoracique	1	71616
biocompatible	1	71616
cicatrisation	1	71616
adhérence	1	71616
matri	1	71616
cova	1	71616
cardio-thoraciqu	1	71616
implantable	1	71616
saint-priest	1	71616
collagène	1	71616
orpaillage	1	68388
gagnieu	1	71616
patricia	1	71616
picot	1	71616
lessivage	1	68388
nano-particule	1	75464
déformable	1	75464
levage	1	74746
klorane	1	75458
mauritania	1	75458
instituteur	1	75458
dépense	1	75458
bête	1	75458
dispensaire	1	75458
hypertension	1	75458
mil	1	75458
coucou	1	75458
caillé	1	75458
270	1	75458
thiengoli	1	75458
widou	1	75458
maraîchage	1	75458
goutte-à-goutte	1	75458
defcc	1	75458
mordre	1	75458
nullement	1	75458
herbe	1	75458
defccs	1	75458
chass	1	75458
terres-là	1	75458
incessant	1	75458
curieusemer	1	75458
bétail	1	75458
camion	1	75458
ziziphus	1	75458
raddiana	1	75458
senegal	1	75458
paléoenvironnement	1	68388
erythré	1	75458
ethiopi	1	75458
soudan	1	75458
tchad	1	75458
nigeria	1	75458
niger	1	75458
mauritanie	1	75458
bamako	1	75458
usttb	1	75458
ugb	1	75458
ouagadougou	1	75458
cnrst	1	75458
umi-es	1	75458
lentement	1	75458
intelligemment	1	75458
brièvemer	1	75458
reboiser	1	75458
hostile	1	75458
humide	1	75458
1973	1	75458
dune	1	75458
toxicological	1	68388
densifier	1	75458
méthylmercure	1	68388
ougadougou	1	75458
cen-sad	1	75458
sahélosaharien	1	75458
obasanjo	1	75458
olusegun	1	75458
nigérian	1	75458
transcontinental	1	75458
reproducteur	1	68388
téssékéré	1	75458
hommes-milieux	1	75458
umi-ess	1	75458
neurotoxique	1	68388
7700	1	75458
désert	1	75458
dure	1	75458
mousson	1	75458
réapparaître	1	75458
zébu	1	75458
aménager	1	75458
pare-feu	1	75458
chargent	1	75458
corvée	1	75458
allégemer	1	75458
rémunérer	1	75458
méticuleux	1	75458
alentours	1	75458
poussaient	1	75458
endémiquer	1	75458
co-directeur	1	75458
anta-diop	1	75458
cheikh	1	75458
plant	1	75458
545	1	75458
perturber	1	75458
climatologie	1	75458
chèvre	1	75458
mouton	1	75458
superposition	1	75463
impact2c	1	75463
fp7	1	75463
mp3	1	70914
escient	1	70914
bigot	1	70914
associé	1	70914
httpwwwteracteceu	1	70914
technopole	1	70914
httpwwwmaisondelasimulationfr	1	70914
hpc-pm	1	70914
championship	1	74170
adsl	1	70914
fichier	1	70914
luminy	1	75064
7600	1	70914
bruyères-le-châtel	1	70914
galle	1	74170
démocratisation	1	70914
méthylène	1	72118
monteil	1	72118
exigé	1	72118
pureté	1	72118
mettra-t-elle	1	72118
rivièr	1	70914
sailing	1	74170
caffarel	1	70914
pétaflopique	1	70914
brgm	1	67071
écotoxique	1	67071
ecotechnologie	1	67071
wrsc	1	74170
socialer	1	67071
géographi	1	67071
recherch	1	67071
pdg	1	75461
feraud	1	75461
pépite	1	75461
triplement	1	75461
gombert	1	75461
château	1	75461
world	1	74170
bouge	1	75461
ça	1	75461
molécule-clef	1	70914
description	1	70914
exaflopique	1	70914
pureter	1	72118
co-finance	1	72118
agrochimique	1	72118
fs	1	68641
bouyer	1	68641
photophysique	1	68641
picquer	1	68641
nathalie	1	68641
récompensé	1	68641
procur	1	72631
précarité	1	72631
inconscier	1	72631
oro-détection	1	72631
méfiance	1	72631
sucré	1	72631
salé	1	72631
oro-sensorielle	1	72631
physiologiquer	1	72631
oro-intestinal-hypothalamu	1	72631
eil	1	72631
hypothalamus	1	72631
lingual	1	72631
cd	1	72631
cognet	1	68641
réfractive	1	68641
41	1	69538
lasik	1	68641
mixter	1	69538
répartie	1	69538
végétaler	1	69538
together	1	69538
animals	1	69538
crops	1	69538
plénière	1	71363
hydrolienne	1	71363
réhabilitation	1	71363
pompag	1	71363
réunira-t-il	1	71363
ancienneté	1	71363
hydro	1	71363
cartier	1	71363
25ème	1	71363
f	1	68641
laser16	1	68641
greffe	1	68641
voisin	1	68641
ifsttar	1	67071
associatif	1	75071
réseauxtélécommunication	1	75071
bioproduction	1	72938
watier	1	72938
pre	1	72938
agenc	1	72938
aritt	1	72938
conjoint	1	67939
jaxa	1	67939
sévérité	1	72939
reconstruction	1	72939
réassurance	1	72939
benfield	1	72939
aon	1	72939
épidémie	1	72939
magéo	1	72939
2entpe	1	72939
géographe	1	72939
aménageur	1	72939
freturb	1	72939
msh	1	72939
catopsys	1	72939
monoclonal	1	72938
environnant	1	72938
xvièm	1	72939
biosimilair	1	72938
outillage	1	75064
retourner	1	75064
cohabiter	1	75064
restreindre	1	75064
mannequin	1	75064
mouvoir	1	75064
eumetsat	1	67939
environmer	1	75064
tungsten	1	75064
delphine	1	75064
cao	1	75064
cyclone	1	67939
cyclonique	1	67939
démonter	1	75064
measuremer	1	67939
lisière	1	75064
gpm	1	67939
seront-elle	1	72938
bioéquivalence	1	72938
restitution	1	72939
exact	1	72939
embarquésobjet	1	75071
réussissent	1	75065
inefficace	1	75065
sorafenib	1	75065
transplantation	1	75065
espérance	1	75065
asymptomatique	1	75065
tardivement	1	75065
parlent-il	1	75065
750000	1	75065
mensuration	1	74170
randomiser	1	75065
orphelin	1	75065
spécialiter	1	75065
1997	1	75065
httpwwwadmission-postbacfr	1	75071
btsdut	1	75071
coupe	1	74170
optionnel	1	75071
e-santé	1	75071
électroniquemicro	1	75071
ciblée	1	75065
nanoformulation	1	75065
partition	1	72939
32	1	75065
musicologie	1	72939
reconstitution	1	72939
minutieux	1	72939
cubiculum	1	72939
acuité	1	72939
athéner	1	72939
insh	1	72939
sociale	1	72939
nanomédicament	1	75065
nanomédecin	1	75065
dbi	1	75065
nanobiotix	1	75065
paris-sudcnr	1	75065
galien	1	75065
lipidots	1	75065
ex-oseo	1	75065
bpifrance	1	75065
retravailler	1	75065
chimioembolisation	1	75065
acid	1	72631
fatty	1	72631
strer	1	74170
séquenceur	1	74452
bio-informatique	1	74452
lanvéoc	1	74170
affecte	1	74453
ligue	1	74453
vercueil	1	74453
laurer	1	74453
indésirable	1	74453
persistent	1	74453
antiépileptique	1	74453
anti-épileptique	1	74453
conchyculteur	1	74170
bischoff	1	74453
dysfonctionnement	1	74453
igf	1	74453
fagni	1	74453
gin	1	74453
depauli	1	74453
synapcell	1	74453
biovalley	1	74453
protéomiqu	1	74452
haut-débit	1	74452
imminent	1	74170
bruter	1	74452
shasta	1	70422
guidon	1	70422
douer	1	70422
césure	1	70422
enchaîner	1	70422
bouchemoua	1	70422
sub-surface	1	74170
berkeley	1	70422
uc	1	70422
bi-centenaire	1	70422
denver	1	74452
sc13	1	74452
supercomputing	1	74452
téraflops	1	74452
tera-octet	1	74452
idris	1	74452
sysferer	1	74452
ibm	1	74452
péta-octet	1	74452
alsac	1	74453
affection	1	74453
afam	1	70422
smos	1	73880
moho	1	73880
manteau	1	73880
croût	1	73880
défini	1	73880
émergé	1	73880
inlandsis	1	73880
cryosphère	1	73880
fleuron	1	73880
extrapoler	1	72397
nano-ampère	1	72397
percer	1	72397
électriquemer	1	72397
isolante	1	72397
imperméable	1	72397
actuelle	1	72397
térawat	1	72397
prototyp	1	73186
embouchure	1	72397
exploite	1	72397
méga-séisme	1	73880
ouragan	1	73880
epilepsi	1	74453
terrer	1	73880
auto-organisée	1	70423
nano-glycofilm	1	70423
biocapteur	1	70423
permet-ell	1	70423
dérivé	1	70423
cylindre	1	70423
auto-organiser	1	70423
polystyrène-silicié	1	70423
cermav	1	70423
borsali	1	70423
redouane	1	70423
éco-efficient	1	68278
épuisemer	1	68278
shangher	1	68278
processe	1	68278
product	1	68278
eco-efficient	1	68278
ecnu	1	68278
east	1	68278
friend	1	70422
prime	1	70422
bourgeon	1	72631
indifférent	1	72396
bric	1	72396
sigle	1	72396
crci	1	72396
kong	1	72396
hong	1	72396
fructueux	1	72396
f2c	1	72396
kyushu	1	72396
cgns	1	72396
calme	1	72396
marathon	1	72396
vaut-il	1	72396
embûche	1	72396
mentalité	1	72396
thématique-phare	1	72396
supraconducteur	1	67943
placera	1	67943
riken	1	67943
msu	1	67943
brut	1	72396
moscou	1	72396
exotique	1	67943
fgbu	1	72396
lipido-récepteur	1	72631
spontaner	1	72631
gustation	1	72631
nutox	1	72631
canarie	1	74170
existe-t-il	1	72631
sien	1	72396
vôtre	1	72396
invite-ell	1	72396
lieue	1	72396
dit-elle	1	72396
tseu	1	72396
citation	1	72396
consolid	1	72396
jumeler	1	72396
volgograd	1	72396
maire	1	72396
ramn	1	72396
nii	1	72396
gsi	1	67943
ceacnr	1	67943
rizlen	1	70422
paramétrer	1	68279
dénommer	1	68279
antennes-relai	1	68279
geodata	1	68279
precisio	1	68279
corrigé	1	68279
agro-environnemental	1	68279
amendement	1	68279
harmoniser	1	68279
typologie	1	68279
franche-comter	1	68279
duvernois	1	68279
présélectionner	1	68279
86	1	68279
grenoble-alpe	1	73881
éphémère	1	73881
megève	1	73881
souhaiton	1	70422
challeng	1	70422
prospecter	1	70422
orpheon	1	68279
inopler	1	68279
açore	1	74170
haut-saône	1	68279
fertilité	1	68279
pluriannuelle	1	68279
pk	1	68279
fertilisation	1	68279
caillou	1	68279
broyage	1	68279
262	1	74170
mécaniquemixte-réduction	1	68279
chimiquetout	1	68279
désherbage	1	68279
organiquerotatier	1	68279
minérauxfertilisation	1	68279
solcipandésherbageamendement	1	68279
aiserey	1	68279
argilo-limoneux	1	68279
abbay	1	68279
nitry	1	68279
limer	1	68279
evry	1	68279
crvm	1	75064
démarr	1	75064
dsm-energie	1	75463
dépolluer	1	75066
indépendamment	1	76208
autonomieet	1	76208
circonstance	1	76208
géolocalisation	1	76208
inopérer	1	76208
magnéto-inertiell	1	76208
stilla	1	76208
vissière	1	76208
fusier	1	75066
géranium	1	75066
ergonomiquer	1	75064
déplass	1	75066
inptupscnrsomp	1	75066
caréner	1	75066
tricycle	1	75066
green	1	75066
trimouv	1	75066
gaulle	1	75066
maraîcher	1	75066
oz	1	75066
vissièr	1	76208
stiller	1	76208
ultra-sensible	1	76208
microfluidique	1	76208
bucco-dentaire	1	75067
antiseptique	1	75067
anti-carie	1	75067
probiotiqu	1	75067
odontologie	1	75067
salivaire	1	75067
lactobacille	1	75067
souchothèque	1	75067
carie	1	75067
relargage	1	75067
implant	1	75067
lcpo	1	75067
cbmn	1	75067
nanoobjet	1	75067
primordial	1	76208
gouttelette	1	76208
goutte	1	76208
fragmenter	1	76208
microfluidiqu	1	76208
naïo	1	75066
deexbio	1	75066
beta	1	75066
bouder	1	76209
censé	1	76209
fascination	1	76209
symboliser	1	76209
incogniter	1	76209
terra	1	76209
renoncer	1	76209
authentique	1	76209
appétence	1	76209
innocuité	1	76209
unanimité	1	76209
ipso	1	76209
banaliser	1	76209
cortège	1	71837
bonheur	1	71837
microsymbionte	1	71837
colonisation	1	71837
plante-hôte	1	71837
ausculter	1	67939
arbresmicroorganisme	1	71837
beal	1	76209
privilège	1	76209
crustacé	1	75066
inn-ovation	1	75066
pyrénées-méditerraner	1	75066
eurorégion	1	75066
crusta	1	75066
hybris	1	75066
actis	1	75066
raréfaction	1	75066
ravaud	1	75066
toursminute	1	75066
quercypôle	1	75066
cambe	1	75066
whylot	1	75066
hautes-pyrénée	1	75066
ger	1	75066
tarn-et-garonne	1	75066
tarn	1	75066
aveyron	1	75066
110	1	75066
210000	1	75066
dotation	1	75066
celia	1	75067
1cnrscea	1	75067
lasagyl	1	75067
zérodur	1	71836
coefficient	1	71836
carbonecarbone	1	71836
minière	1	71836
ré-échantillonner	1	71836
revisite	1	71836
garantit	1	71836
694	1	71836
970	1	71836
conjointement	1	67939
incliné	1	67939
sombrer	1	68383
titanesque	1	68383
adaptée	1	68383
huitième	1	68383
recommandant	1	68383
proposition	1	68383
multiplicité	1	68383
déficier	1	68383
lourdeur	1	68383
dilatation	1	71836
refocalisation	1	71836
regrett	1	68383
dépointage	1	71836
enea	1	75463
technico-économie	1	75463
idéaliser	1	75463
labo	1	75463
serrer	1	71836
passe	1	71836
discerner	1	71836
bande	1	71836
char	1	71836
livrée	1	71836
reconnaissabler	1	71836
interprète	1	71836
cie	1	71836
interarmer	1	71836
excellente	1	71836
gyroscopique	1	71836
actionneur	1	71836
inertie	1	71836
encastrer	1	71836
delcroix	1	68383
manifestement	1	68383
accordable	1	75067
déficitaire	1	68383
régresse	1	68383
ocde	1	68383
made	1	68383
leadership	1	68383
liquidegazsolide	1	75067
polyphasique	1	75067
calvet	1	75067
agitation	1	75067
bar	1	75067
calorimétrique	1	75067
adour	1	75067
pau	1	75067
lfc-r	1	75067
captage	1	75067
photocoagulation	1	75067
détatouage	1	75067
encombrant	1	75067
fibré	1	75067
spectral	1	75067
balance	1	68383
concitoyen	1	68383
bouygue	1	68383
pessimisme	1	68383
latécoèr	1	68383
pierre-george	1	68383
blériot	1	68383
louis	1	68383
eiffel	1	68383
gustav	1	68383
quelques-un	1	68383
timidité	1	68383
pmipme	1	68383
delcroi	1	68383
mériter	1	68383
hôtellerie	1	68383
luxe	1	68383
1960	1	68383
142	1	68383
prioriter	1	68383
colin	1	68383
armand	1	68383
211	1	68383
1987	1	71837
post-doctoral	1	71837
pédologue	1	71837
conclut-elle	1	71612
bagage	1	71612
corde	1	71612
dit-ell	1	71612
anti-bactérienne	1	71612
remodeler	1	71612
estime-t-ell	1	71612
dent	1	71612
biomatérial	1	71612
sabatierinp	1	71612
ingénérie	1	71612
inter-universitair	1	71612
combe	1	71612
christèle	1	71612
fourni	1	67939
alarme-t-il	1	71835
denrée	1	71835
détriment	1	71835
sous-discipline	1	71835
compétent	1	71835
flou	1	71612
mégha-tropiques	1	67939
conger	1	71835
co-financer	1	75460
victoir	1	70915
dosimétrie	1	70915
asn	1	70915
calendrier	1	70915
conformément	1	70915
dévaster	1	70915
daïchi	1	70915
irions-nous	1	70915
hiérarchiser	1	70915
précaution	1	70915
radiatif	1	67939
impropre	1	75460
pluri-thématiqu	1	75460
coquille	1	75460
gastronome	1	75460
maximus	1	75460
pecten	1	75460
gps-ro	1	67939
systerra	1	75460
porte-t-il	1	71835
génère	1	71835
247	1	70915
tranche	1	71835
kyoto	1	71835
repos	1	71835
grasset	1	71835
trip	1	71835
road	1	71835
figé	1	71835
écolier	1	71835
collégien	1	71835
éternité	1	71835
savant	1	71835
pythagore	1	71835
évocation	1	71835
hydrométéorologie	1	67939
polarité	1	75070
ipcm	1	75070
light-emitting	1	75070
collision	1	75064
restituer	1	75064
delphin	1	75064
hyderabad	1	71835
entrecoupe	1	71835
incompressible	1	71835
rappel	1	71835
termine	1	71835
aimer	1	71835
théorèm	1	71835
piano	1	71835
écrouler	1	71835
symphonie	1	71835
nuance	1	71835
répète	1	71835
âm	1	71835
foudre	1	71835
affût	1	71835
azimut	1	71835
dénicher	1	71835
inclassable	1	71835
courage	1	71835
jour-là	1	71835
légend	1	71835
héros	1	71835
incompréhensible	1	71835
dérive	1	70915
httpwwwbulletins-electroniquescomactualites64561htm	1	70915
foll	1	71837
granulat	1	70917
aggravant	1	70917
caviar	1	70917
faillir	1	70917
sturio	1	70917
acipenser	1	70917
relâché	1	70917
purifier	1	71360
affiche	1	71360
cardiométabolime	1	71360
mairie	1	71360
essonn	1	71360
additionnel	1	71360
maculia	1	71360
cm-cic	1	71360
biophyti	1	71360
serono	1	71360
souscrire	1	71360
co-détient	1	71360
dmler	1	71360
frayère	1	70917
gironde-garonne-dordogne	1	70917
maculaire	1	71360
castillon-la-bataille	1	70917
guimet	1	71837
fusible	1	75462
préférable	1	75462
éclater	1	75462
pizza	1	75462
couverte	1	75462
thé	1	75462
sachet	1	75462
hydrophile	1	75462
capsulae	1	75462
oniri	1	75462
conique	1	67939
subsist	1	70917
suppléer	1	70917
700000	1	70917
girond	1	70917
isl	1	70917
seurin-sur-l	1	70917
sauvegarde	1	70917
age	1	71360
bixiller	1	71360
horowitz	1	70915
rotule	1	72119
gadella	1	69539
theodoru	1	69539
inspecter	1	69539
déceler	1	69539
cnrsceauniversité	1	69539
royer	1	69539
cancéreuser	1	69539
réagit	1	69539
illuminé	1	69539
cartographient	1	69539
conformation	1	69539
infra-rouge	1	67939
illuminer	1	69539
osiris	1	70915
phénix	1	70915
masurca	1	70915
atpu	1	70915
plutonium	1	70915
rjh	1	70915
ruthénium	1	72119
pale	1	72119
quinolia	1	71360
raccourcir	1	72119
romainville	1	71360
lafont	1	71360
guadeloupe	1	71362
reformater	1	71362
prefalc	1	71362
mexique	1	71362
paulo	1	71362
sao	1	71362
dhet	1	71362
tianjin	1	71362
transfère	1	71362
engrenage	1	72119
préfigurer	1	72119
absolu	1	72119
zéro	1	72119
2685	1	72119
ohio	1	72119
elaboration	1	72119
ceme	1	72119
analytic	1	72939
lafaye	1	69813
darwinienner	1	67938
sous-utiliser	1	68275
nématode	1	71618
emirat	1	72629
amène	1	72629
prestigieu	1	70923
sarkozy	1	72629
chirac	1	72629
rêvé	1	72629
fouchecour	1	70923
eportfolio	1	70923
saider	1	70923
mraihi	1	70923
pa	1	72629
paisible	1	72629
patron	1	72629
interactivité	1	70923
faveur	1	67556
argument	1	67556
tcf4	1	67556
défectueux	1	67556
hôte	1	71618
ultérieurement	1	72629
forceps	1	72629
tempête	1	72629
invasion	1	71618
redémarrage	1	72629
exponentiel	1	71618
justement	1	72629
sud-africain	1	72629
kenya	1	72629
jordanie	1	72629
frémissement	1	72629
soubresaut	1	72629
afni	1	72629
invivable	1	72629
lituanie	1	72629
koweit	1	72629
liby	1	72629
zoologie	1	71618
framatome	1	72629
vignon	1	72629
franchit	1	72629
correctement	1	67556
cascade	1	67556
fo	1	67556
fournit	1	68275
roue	1	67797
détailler	1	67797
2010-2035	1	69533
étaient-elle	1	69533
modélisateur	1	69533
representative	1	69533
tetis	1	68275
emprunt	1	68275
régionaliser	1	68275
saint-quentin-en-yveline	1	69533
haute-résolution	1	68275
pathway	1	69533
gratuitement	1	68275
jouzel	1	69533
multilicence	1	68275
ign	1	68275
2100	1	69533
developmer	1	68275
sous-tendre	1	69533
versaille	1	69533
scolarité	1	70923
egly	1	67556
polymérase	1	67556
arn	1	67556
med	1	67556
médiateur	1	67556
multiprotéiqu	1	67556
mémorisation	1	67556
syndromique	1	67556
inserm-cnrs-université	1	67556
malades-fondation	1	67556
uvsq	1	69533
necker-enfant	1	67556
descartes-hôpital	1	67556
inserm-université	1	67556
neurosensoriel	1	67556
épigénétique	1	67556
pmrc	1	69533
mobilis	1	69533
météo-fance	1	69533
experts-partenaire	1	72629
nuisible	1	71618
aggroalimentaire	1	74748
suiveur	1	68883
consigne	1	68883
dépourvoir	1	68883
collaboratier	1	74172
turbidité	1	68883
nouffert	1	74172
résident	1	68883
expliqué	1	68883
ménage	1	68883
patrick	1	74172
seine-et-marn	1	74172
spirit	1	68883
breizh	1	68883
mi-janvier	1	68883
falconnier	1	74172
sénagral	1	74172
labège	1	74748
berceau	1	68881
devrait-on	1	68881
vélique	1	68883
affilée	1	68883
chameau	1	68881
territoir	1	74172
nano-micro	1	73190
débarqu	1	74172
complète	1	67554
étroitement	1	67554
collaborent	1	67554
rigidité	1	67554
francilienne	1	74172
souligine-t-il	1	74172
superposer	1	67554
décimètre	1	68883
seine-et-marne	1	74172
moore	1	67554
prédit	1	67554
gravure	1	67554
finesse	1	67554
stand-alon	1	67554
chargé	1	74172
favorablement	1	74172
feynman	1	68881
jean-lou	1	68881
tort	1	72629
very-large-scale-integration	1	68881
californien	1	68881
envier	1	68881
nanoélectronique	1	68881
nanosystème	1	68881
egalemer	1	74748
api	1	68881
prédiag	1	74748
collective	1	74748
technolgy	1	68881
licencier	1	74748
nanoscienc	1	68881
félicite-t-il	1	72629
ap1000	1	72629
gourminnov	1	74748
westinghouse	1	72629
ironie	1	72629
cookie	1	72629
french	1	72629
pasadéner	1	68881
rouke	1	68881
170	1	74748
cher	1	68881
prévisible	1	68881
empresse-t-il	1	68881
fiction	1	68881
bronchite	1	68881
tuyau	1	68881
i-phone	1	68881
tousser	1	68881
evoquer	1	68881
1160	1	74748
profitant	1	68881
empoi	1	74748
2600	1	74748
poumon	1	68881
mechanical	1	68881
electro	1	68881
volumineux	1	68881
bénévole	1	74748
774000	1	74748
geoinformation	1	68275
évaporation	1	69533
peut-il	1	70425
confirmation	1	69533
écotechnologie	1	76513
niçois	1	76513
fablab	1	76513
tradmatik	1	76513
co-fonder	1	76513
tapir	1	72117
sds-nice	1	76513
cou	1	72117
room	1	75797
tronc	1	72117
haie	1	75797
co-développée	1	72117
diaganer	1	75797
stéphan	1	75797
voiron	1	75797
bêta-bloquant	1	72117
guérison	1	72117
avère-t-il	1	67387
persister	1	67387
maurill	1	76513
larivièr	1	76513
disposeront-il	1	76513
212	1	70162
sapeur-pompier	1	70162
gendarmerie	1	70162
zonal	1	70162
sapeur	1	70162
préfet	1	70162
multi-physique	1	68639
multifonctionnel	1	68639
géoconcept	1	70162
géo	1	70162
machine-outil	1	76513
nano-structuré	1	68639
pilotable	1	68639
nommée	1	72117
sita-suez	1	76513
toyota	1	76513
hermès	1	76513
fraise	1	72117
dao	1	76513
feuillage	1	67387
quasi-complèt	1	72117
terr	1	67387
spectroscopique	1	67392
estival	1	69537
minimiser	1	67386
relai	1	67386
usure	1	67386
degrer	1	67386
dépassement	1	67386
affluer	1	69537
hérault	1	69537
prétraitement	1	67392
minet	1	67386
inter-instrument	1	67392
discrimination	1	67392
chimiométrique	1	67392
occupe	1	69537
assocation	1	67392
émergente	1	75796
aster	1	69537
offreur	1	75796
impartir	1	67386
équipe-projet	1	67386
maruho	1	72117
léauté-labrèze	1	72117
69000	1	67387
nîmessupagrociradepheirdinra	1	67387
evolutiv	1	67387
fourieruniversité	1	67387
levant	1	72117
106	1	67387
porosité	1	67387
propranolol	1	72117
valo	1	72117
hipercom	1	67386
brevetabilité	1	72117
reproductive	1	67387
probante	1	69537
cartogaphier	1	69537
telit	1	67386
monocultur	1	69537
coordonne	1	67386
ocari	1	67386
fatigue	1	68639
openlabs	1	68639
radiologique	1	70162
etablissement	1	72113
cada	1	72113
sessile	1	69816
chêne	1	69816
hêtre	1	69816
dépit	1	69816
regrettable	1	72113
1901	1	72113
dominant	1	69816
qdiv	1	69816
répétition	1	69816
grenoble	1	69816
letters	1	69816
devise	1	72113
spectr	1	72113
urbaniste	1	72113
juriste	1	72113
diététique	1	76507
soignant	1	76507
dryade	1	69816
mortalité	1	69816
aversion	1	76507
indo-french	1	69180
kanpur	1	69180
bombay	1	69180
fundamental	1	69180
tata	1	69180
dérivée	1	69180
2060	1	69533
sophia-antipoli	1	69180
mathematic	1	69180
dehli	1	69180
assumer	1	72113
sylvicultur	1	69816
atténuer	1	69816
2013-2014	1	72113
résilience	1	69816
compromettre	1	69816
sylvestre	1	69816
pin	1	69816
dépens	1	69816
webrest	1	76507
françaiser	1	72113
secrétariat	1	72113
academie	1	72113
soa	1	70162
motoriste	1	72113
sortant	1	70162
entrant	1	70162
disposion	1	72113
ordonnancement	1	70162
fondeur	1	72113
manuel	1	70162
géo-localiser	1	70162
bâti	1	70162
matérialiser	1	70162
renseignement-sitac	1	70162
judiciaire	1	70162
euro-cas	1	72113
événementiel	1	70162
observation-main	1	70162
conteneur	1	70162
independence	1	72113
oriented	1	70162
rue	1	70162
lobby	1	72113
1981	1	76507
gpao	1	76507
winrest	1	76507
hertzienner	1	76507
windows	1	76507
saisie	1	76507
vérifion	1	72113
domomédecine	1	72113
micro-informatique	1	76507
attester	1	76507
sidérurgique	1	72113
1946	1	76507
signification	1	76507
noisy-le-grand	1	76507
métallurgique	1	72113
planifier	1	70162
immersif	1	70162
training	1	70162
foule	1	70162
contest	1	73190
optronique	1	67554
spi	1	73190
tsv	1	67554
valorial	1	74449
enthousiasme-t-ell	1	72932
mystère	1	75794
décrir	1	72932
confiner	1	72932
ralenti	1	75794
interférence	1	72932
essayons-nous	1	72932
chaotique	1	72932
auto-assemblé	1	67390
déplaire	1	72932
maxime	1	72932
kontsevich	1	72932
nm	1	67390
entraîne	1	67390
angström	1	67390
courbure	1	67390
ouplus	1	72932
auto-assembler	1	67390
alia	1	74449
remu	1	74449
co-labellisé	1	74449
observe-t-elle	1	72932
souligne-t-elle	1	74449
altéré	1	74449
auditoire	1	72932
veiller	1	74449
authenticité	1	74449
déclin	1	74449
field	1	72932
chimio-sensorielle	1	74449
bibliothèque	1	72932
arranger	1	72932
document	1	72932
confrère	1	72932
file	1	72932
141	1	74449
hébergement	1	74449
101	1	74449
289	1	74449
69	1	74449
composée	1	67390
dimère	1	67390
somatostatine	1	67390
290000	1	75795
biogenèse	1	67391
phénoménal	1	72932
surhumain	1	72932
cocotier	1	67391
athlète	1	72932
87	1	75795
photonics	1	75795
impacte	1	75795
employer	1	75795
camerounais	1	67391
449	1	75795
620	1	75795
anania	1	75795
giorgio	1	75795
login	1	73437
oem	1	75795
bisannuelle	1	75795
alpha-route	1	75795
ségalen	1	67391
tunisien	1	67391
pense-t-elle	1	72932
solder	1	67390
anneau	1	67390
successivemer	1	67390
aminé	1	67390
cyclique	1	67390
octapeptid	1	67390
déclare-t-ell	1	72932
ipsen	1	67390
cea-ibitec-	1	67390
tentative	1	67390
métabolome	1	67391
nano-objet	1	67390
modestie	1	72932
étoffe	1	72932
transcrire	1	67391
transcriptome	1	67391
transcriptionnel	1	67391
confirme	1	72932
bic	1	67391
identifiable	1	74449
palier	1	74449
précéder	1	74449
penseron	1	72932
wwwmetahiteu	1	69815
flore	1	69815
alcoolique	1	69815
stéato-hépatite	1	69815
tuer	1	70161
calibrer	1	70161
arrêton	1	70161
curieux	1	72932
inquiéter	1	70161
seventur	1	69815
rassurant	1	70161
retentissant	1	70161
léguer	1	70161
devons-nous	1	70161
cdio	1	70161
bt	1	70161
prometteuser	1	70161
revisité	1	70161
percée	1	69815
lunbeckfond	1	69815
néophyte	1	72932
macromoléculaire	1	69183
polysaccharide	1	69183
pneumophila	1	69183
legioneller	1	69183
typhimurium	1	69183
salmoneller	1	69183
coli	1	69183
escherichia	1	69183
gram	1	69183
glycochimie	1	69183
crayon	1	72932
cnrsaix-marseill	1	69183
lâche-t-elle	1	72932
mici	1	69815
stratification	1	69815
ambitionner	1	69815
breveté	1	69815
natixis	1	69815
débute	1	72932
2014-2015	1	70161
déshérence	1	70161
brièvement	1	74449
inutile	1	76510
coupure	1	76510
peter	1	72932
6000	1	76510
350000	1	76510
rff	1	76510
ferré	1	76510
30000	1	76510
sarnak	1	72932
remplacement	1	76510
malfaiteur	1	76510
motivant	1	72932
stationner	1	76510
bourgain	1	72932
surveillanc	1	76510
nutritionniste	1	74449
décoration	1	74449
condiment	1	74449
portion	1	74449
dissuasif	1	76510
appétit	1	72932
perpétuer	1	70161
reconfigurer	1	70161
écrivain	1	72932
fondamentalement	1	70161
croyez-moi	1	70161
abstrait	1	70161
revendiquer	1	70161
mathématiquer	1	70161
sentez-vous	1	70161
entendai	1	72932
recrutement	1	70161
insomnie	1	72932
paris-vi	1	72932
ledrappier	1	72932
prestigieuse	1	70161
peltier	1	76510
moyen-orient	1	76510
souffrance	1	72932
ati	1	76510
generis	1	76510
réutiliser	1	67385
ingérer	1	67385
fumer	1	67385
technicité	1	68277
ex	1	68277
bioprotein	1	73184
recombinant	1	73184
mémoir	1	68277
abrite	1	68277
comportementale	1	68277
publiques-hôpital	1	68277
lapine	1	73184
transgénique	1	73184
lamprecht	1	73184
upmccnrs	1	68277
praticien	1	68277
neurobiologiste	1	68277
lara-spiral	1	73184
causalité	1	73184
reconduire	1	73184
lnc	1	73184
ambiguïté	1	67795
immobilier	1	68277
gérontechnologie	1	68277
correspondant	1	73190
transpiration	1	69182
carbure	1	69814
gap	1	69814
incontournabler	1	69814
peptid	1	73184
supplémenter	1	73184
contrecarrer	1	73184
allèle	1	69182
successive	1	69182
poursuivent-elle	1	73184
alf	1	73184
rétinien	1	73184
intervalle	1	69182
bretillon	1	73184
arrosage	1	69182
œil	1	73184
répercussion	1	73184
dysfonctier	1	73184
650	1	69182
réforme	1	67795
bioindustrie	1	73190
aggravation	1	73184
cuvée	1	73190
clinicienscet	1	72401
psychologue	1	72401
pommier	1	72401
cacher	1	72401
désarmer	1	72401
involontairement	1	72401
abusent	1	72401
déconcertant	1	72401
console	1	72401
relire	1	72401
cinéma	1	72401
santé-environnement-handicap	1	73190
stmicroelectronic	1	67554
interconnexion	1	67554
reflow	1	67554
connectique	1	67554
traversant	1	67554
through	1	67554
éducateur	1	72401
rigueur	1	72398
veux	1	67795
engref	1	67795
dressez-vou	1	67795
massy	1	67795
killer	1	73190
multiplatform	1	73190
accomplir	1	67795
android	1	73190
phone	1	73190
ensia	1	67795
p-g	1	67795
parution	1	72398
ina	1	67795
subject	1	73190
demay	1	72398
boutte	1	72398
munir	1	73190
coriolis	1	72398
plongeur	1	73190
après-kyoto	1	72398
nitrure	1	69814
fraunhofer	1	69814
nettoyer	1	67385
prion	1	76511
écotoxicité	1	76511
engranger	1	76511
intersection	1	73184
increased	1	73184
amyloid-ß	1	73184
milan	1	76511
corino	1	76511
carlo	1	76511
peptide-induced	1	73184
produir	1	67385
memory	1	73184
faudra-t-il	1	76511
phospholipid	1	73184
irréprochable	1	76511
transfer	1	73184
biosynthèse	1	76511
découle	1	76511
bâtie	1	76511
astronaute	1	76511
biométhane	1	67385
non-circulante	1	76511
symbios	1	67385
rncp	1	73437
méthaniseur	1	67385
ovoïde	1	67385
infographist	1	73437
3d2d	1	73437
silico	1	67385
naskéo	1	67385
ecosym	1	67385
carbonique	1	67385
biocarburer	1	67385
rejet	1	67385
bac3	1	73437
vectoriser	1	73184
phosphaté	1	67385
engrai	1	67385
ammoniac	1	67385
antipolis-méditerraner	1	67385
sophier	1	67385
réséder	1	76511
circulante	1	76511
iisb	1	69814
mimer	1	73184
infatigable	1	76511
aviculture	1	76511
etudesuniversité	1	73184
larer	1	76511
amylgen	1	73184
equilibr	1	76511
erlangen	1	69814
blanche	1	69814
front-end	1	69814
1989	1	76511
épitaxie	1	69814
wiseer	1	69814
picf	1	69814
carnot-fraunhofer	1	69814
mobisic	1	69814
cemes-cnr	1	69814
leb	1	69814
erlangen-nuremberg	1	69814
accuser	1	76511
insermecole	1	73184
knockout	1	73184
liposoluble	1	73184
mice	1	73184
nano-vectoriser	1	73184
hémato-encéphalique	1	73184
rétinopathie	1	76511
tabagisme	1	76511
alcoolisme	1	76511
accroissent	1	76511
heureusement	1	76511
oxydant	1	76511
710	1	73184
invalidation	1	73184
radicalaire	1	76511
pltp-knocked	1	73184
out	1	73184
réagissent-il	1	76511
célibataire	1	76511
apparier	1	76511
rétorque-t-il	1	76511
indice	1	69537
wdi	1	69537
sessier	1	75796
charcuterie	1	69534
opv	1	72114
cybersécurité	1	76207
organic	1	72114
photovoltaic	1	72114
ockham	1	76207
conformité	1	76207
rigoureux	1	76207
métrologique	1	76207
disamegamark	1	72114
department	1	76207
fédéral	1	76207
durcir	1	76207
durcissement	1	76207
limousin	1	72114
décelable	1	76207
java	1	76207
issus	1	76207
monate	1	76207
cuoq	1	76207
bagarre	1	72114
émanation	1	72114
copie	1	73431
dirigé	1	73431
erectu	1	73431
encéphale	1	73431
considérabler	1	72114
commercialis	1	72114
3ème	1	72114
hec	1	72114
préhistoire	1	73431
pacea	1	73431
yacht	1	72114
fidèle	1	73431
tivmi	1	73431
âme	1	72114
customiser	1	72114
paléopathologist	1	73431
desbarat	1	73431
paleo-specimen	1	73431
climatisation	1	72114
virtual	1	73431
fabrice	1	76207
microsoft	1	76207
fabric	1	76207
clara	1	70918
fabshop	1	75068
fibreux	1	70918
sectionner	1	70918
maker	1	75068
fabulous	1	75068
fabmak	1	75068
cancéropôle	1	70918
154	1	75068
preuv	1	70918
netsis	1	70918
fab	1	75068
enki-heh	1	70918
ponchon	1	70918
conduit	1	70918
cochon	1	70918
multicentrique	1	70918
viand	1	76213
persistance	1	76213
bistouri	1	70918
impulser	1	75068
mimétique	1	72114
pérennisation	1	75068
voltage	1	72114
navigateur	1	72114
paris-saclay-ile-de-france	1	76207
oesophage	1	70918
incuballiance	1	76207
colo-rectum	1	70918
durcit	1	76207
cyber-criminalité	1	76207
transposer	1	75068
thinking	1	75068
dsm	1	70918
intergénérationnell	1	75068
transdisciplinaire	1	75068
enlever	1	70918
séance	1	75068
latéralemer	1	70918
payant	1	75068
marge	1	70918
cadmium	1	72114
possibler	1	73431
tellur	1	72114
déplore-t-il	1	73182
boom	1	73182
pilier	1	73182
orval	1	69534
1983	1	73182
actia	1	69534
hier	1	73182
adria	1	69534
reflet	1	73182
piétiner	1	73182
weil	1	73182
276	1	73182
asséner	1	73182
restant	1	73182
mid	1	73182
federalimentare	1	69534
réalise	1	73182
servizi	1	69534
pib	1	73182
gouvernant	1	73182
brasserie	1	69534
journaliste	1	73182
in-vivo	1	69534
nano-structuration	1	74174
équilibrer	1	69534
excessif	1	69534
chemosen	1	69534
naît	1	73182
masticateur	1	69534
inspecteur	1	73182
porteuse	1	73182
insuffisant	1	73182
1466	1	69534
guère	1	73182
décortiqué	1	73182
commercer	1	73182
loger	1	73182
centiv	1	69534
gmbh	1	69534
heritage	1	69534
dehecq	1	73182
dresse-t-il	1	73182
bouquet	1	73182
cdte	1	72114
ulcération	1	73431
thin	1	72114
courbe	1	72114
autobus	1	72114
cnrs-académie	1	73431
franco-russe	1	73431
paceer	1	73431
eph	1	73431
cig	1	72114
syphilitique	1	73431
bv	1	69534
gomme	1	73431
fémur	1	73431
diaphyse	1	73431
selenid	1	72114
ossement	1	73431
rachitiquer	1	73431
ci	1	72114
selenide	1	72114
2èm	1	72114
valis	1	73431
crédibilité	1	73182
modeler	1	73431
dodaro	1	69534
spa	1	69534
nofima	1	69534
mat	1	69534
maniérer	1	73431
millba	1	69534
stimulant	1	73431
greffon	1	73431
per-opératoire	1	73431
nizo	1	69534
gabarit	1	73431
projectile	1	73431
miliaire	1	73431
leiv	1	69534
vidar	1	69534
wageningen	1	69534
tuberculeux	1	73431
universiteit	1	69534
connaisson	1	76213
probable	1	76213
assimile	1	76213
sereine	1	73430
rhônalpin	1	76212
rattachement	1	73430
réeuropéanisation	1	73430
démystifier	1	76206
appréciation	1	76206
étiquette	1	76206
cévenne	1	73430
marketer	1	76206
inquiet	1	73430
adresser	1	73183
douai	1	73430
dg	1	73430
délibérer	1	76206
dgci	1	73430
polymorphe	1	73430
vocabulaire	1	76206
étonne-t-il	1	73430
coque	1	73430
autochtone	1	73183
reculer	1	73183
vendanger	1	76206
papillome	1	72935
investmer	1	72935
diplomatique	1	73183
edmond	1	72935
wellington	1	72935
frôler	1	73183
maxi	1	73183
creux	1	73183
jean-claude	1	73183
porteuser	1	72935
trail	1	76212
loceanipsl-cnrsupmcirdmnhn	1	73183
diminué	1	73183
chris	1	73183
bowler	1	73183
immiscer	1	73183
exposé	1	76212
rallier	1	76212
vtt	1	76212
geler	1	76206
recrutemer	1	73430
remercier	1	73183
elderly	1	75069
not	1	73430
sicard	1	75069
mariette	1	75069
lean	1	73430
idé	1	73430
optimised	1	75069
portage	1	75069
products	1	75069
déglutition	1	75069
accueillanter	1	73430
terralia	1	75069
vegepoly	1	75069
fragilise	1	75069
hospitalisation	1	75069
collectée	1	75069
réuni	1	75069
catherin	1	75069
intégratif	1	75069
b9	1	75069
shanghaï	1	73430
post-doc	1	76206
thésard	1	73430
ontario	1	76206
souvient-il	1	76206
chimiquemer	1	76206
gewurztraminer	1	76206
sup	1	73430
spé	1	73430
sauvignon	1	76206
dea	1	76206
valencia	1	76206
ergonomique	1	75069
régale	1	73430
215	1	73430
affiché	1	73430
admettre	1	73430
réeuropéaniser	1	73430
royaume-uni	1	75069
finland	1	75069
espagn	1	75069
edrip	1	72935
irdi	1	72935
influ	1	76213
atteindron	1	76213
culturelle	1	76213
prévoient	1	71838
pluriel	1	76213
mac	1	71838
gagnant	1	76213
agriculteur	1	76213
urbanis	1	76213
vieillit	1	76213
irlande	1	71838
sociétale	1	76213
aircore	1	71838
tev	1	72934
positron	1	72934
equiper	1	72934
pouvaient	1	72934
64	1	72934
unesco	1	74175
interféromètre	1	72934
religion	1	76213
lsc	1	71838
militant	1	74175
note-t-il	1	76213
mange	1	76213
simili-viande	1	76213
ceacnrsuvsq	1	71838
ico	1	71838
substrat	1	76213
tas	1	76213
nourricier	1	76213
nourricière	1	76213
agronomie	1	76213
pénaliser	1	76213
carbon	1	71838
gorger	1	76213
sceptique	1	76213
oceanic	1	71838
productive	1	76213
atmospheric	1	71838
impliqu	1	76213
mètre-étalon	1	71838
insurmontable	1	72934
millième	1	72934
amundi	1	72935
clairance	1	72935
volt	1	72934
agrès	1	73183
giga-octet	1	72934
limitent	1	72934
sous-type	1	72935
multivaler	1	72935
délivrance	1	72935
bivalent	1	72935
proportionnel	1	72935
bourgois	1	73183
embl	1	73183
infectée	1	72935
contrée	1	73183
cancéreux	1	72935
millon	1	72935
fund	1	72935
equity	1	72935
privat	1	72935
vêtement	1	73183
etienn	1	73183
bauc	1	74175
ancre	1	73183
vice-recteur	1	74175
recombiner	1	72934
can	1	72934
copenhague	1	74175
eco-campus	1	74175
refroidissement	1	72934
monomode	1	72934
rubis	1	72934
lorier	1	73183
récolter	1	73183
amplifying	1	72934
ultra	1	72934
chuter	1	72934
médiocre	1	72934
méconnaître	1	73183
parachever	1	73183
évacuer	1	72934
2009-2012	1	73183
sauce	1	69534
naco-caractérisation	1	74174
s-seb	1	69537
tribun	1	74174
145	1	72936
aventur	1	73683
métropol	1	73683
lucratif	1	72936
va-t-elle	1	72936
pacte	1	72936
mi-octobre	1	73683
emergence	1	72936
2009-2015	1	72936
commune	1	72937
caresser	1	73683
cession	1	72937
smart	1	72937
grid	1	72937
amiral	1	72937
coindreau	1	72937
typique	1	69181
wwwepos-euorg	1	69181
plate	1	69181
grecque	1	73683
naviger	1	73683
arc-nucléart	1	73683
jules-verne	1	73683
conseill	1	76211
entre	1	76211
roi	1	72936
188	1	73683
972	1	73683
barque	1	73683
métropole	1	73683
mohamed	1	72936
convoité	1	73683
gipc	1	73683
vi	1	72936
bordée	1	73683
biausser	1	72936
alexandriner	1	73683
rome	1	73683
déclenchant	1	73683
capitale	1	73683
312	1	72936
interopérabilité	1	69181
aéromaritime	1	72937
illustré	1	72937
denier	1	76210
aragonite	1	76210
intrinsèquement	1	76210
resté	1	68274
hiérarchique	1	76210
distributing	1	68274
géologie	1	76210
hammer	1	68274
life	1	68274
material	1	76210
stipule	1	68274
lamellé	1	76210
colloïdal	1	76210
sédimentation	1	76210
auto-assemblage	1	76210
andrews	1	68274
maria	1	68274
contourner	1	76210
microbolomètre	1	67796
aurai	1	68274
rasoir	1	68274
harmattan	1	72937
adjonction	1	76210
libye	1	72937
gravimètre	1	69181
accéléromètre	1	69181
sismomètre	1	69181
750	1	69181
mobilise	1	69181
assystem	1	72937
combine	1	76210
porte-ceinture	1	68274
poinçon	1	68274
éducatif	1	68274
ormeau	1	76210
pro-actif	1	68274
norvège	1	68274
gagn	1	68274
bivalve	1	76210
rétractable	1	68274
acier	1	68274
tpepme	1	76211
mazar	1	76211
co-mandataire	1	73683
coronographique	1	70163
moyenner	1	70163
piézométrique	1	69537
125000	1	69537
appleton	1	70163
rutherford	1	70163
vibratier	1	70163
opto-mécaniqu	1	70163
spatialiser	1	69537
masque	1	70163
luminosité	1	70163
cnrsobservatoir	1	70163
lesia	1	70163
basse-résolution	1	70163
spectromètr	1	70163
coronographe	1	70163
multi-spectral	1	70163
irfu	1	70163
genopole	1	71620
marle	1	70163
nappe	1	69537
ré-ingénierie	1	71620
appelle	1	76512
simplified	1	69537
balancer	1	69537
moût	1	76512
triplé	1	76512
vinicole	1	76512
pédo-paysagère	1	69537
astrolabe	1	76512
terreo	1	76512
néovin	1	76512
savez-vous	1	76512
servadou	1	76512
négrett	1	76512
malbec	1	76512
ifv	1	76512
covariance	1	69537
vini-viticole	1	76512
violette	1	76512
progress	1	76512
ifris	1	71620
csa	1	70163
altran	1	76211
parle-t-on	1	73683
lagon	1	73433
amical	1	73433
serrage	1	73683
aquacultur	1	73433
adrien	1	73433
rivaton	1	73433
pré-assemblage	1	73683
cheville	1	73683
préalable	1	73683
bordé	1	73683
squelette	1	73683
construite	1	73683
cadoret	1	73433
eldorado	1	73433
impérativement	1	73683
arkaeo	1	73683
charpentier	1	73683
borg	1	73683
aquarium	1	73433
vrillage	1	73683
vivrons-nous	1	74176
comprend	1	73683
multi-site	1	74176
décryptée	1	74176
écophysiologist	1	69817
chrono	1	74176
poindre	1	74176
proposeront	1	74176
72000	1	73433
geapsi	1	69817
muséographique	1	73683
étuver	1	73683
recèlent	1	73433
rénovation	1	73683
achille	1	73683
talon	1	73683
coudre	1	73683
formule	1	73683
nouméa	1	73433
flamme	1	73683
dorn	1	67796
auo-assemblage	1	76210
fiabiliter	1	67796
échantillonner	1	67068
aurait-il	1	67068
microenvironnement	1	72116
traduction	1	72116
génique	1	72116
phospholipide	1	72116
micro-onde	1	67068
sismique	1	67068
poly-insaturé	1	72116
retournement	1	67068
pratiquent	1	67068
amuser	1	67068
séquestration	1	72116
protéines-clé	1	72116
régulateur	1	72116
résume	1	67068
rétrocontrôle	1	72116
lewiner	1	67068
genne	1	67068
gouverner	1	72116
boutade	1	67068
militaro-industriel	1	67068
focalisation	1	67068
nanoelectromechanical	1	70919
nano-composant	1	70919
sonn	1	72116
invitation	1	72116
impérativemer	1	67068
biomédical	1	67068
plasmique	1	72116
retournemer	1	67068
élastographie	1	67068
élucider	1	72116
photo-acoustiqu	1	67068
acousto-optiqu	1	67068
multi-onde	1	67068
lipidoprotéique	1	72116
subtil	1	72116
carminatti	1	67068
tourin	1	67068
intact	1	67068
pierre-gille	1	67068
agoniste	1	72116
résonnant	1	70919
antimonur	1	71839
ufr1	1	69536
puits	1	71839
photodétecteur	1	71839
photodetector	1	71839
infrared	1	71839
well	1	71839
quantum	1	71839
qwip	1	71839
insb	1	71839
arséniure	1	71839
stap	1	69536
rimer	1	69534
co-responsabl	1	69534
destructuration	1	69534
missile	1	71839
autodirecteur	1	71839
renforcemer	1	71839
attendent-il	1	74174
ingaa	1	71839
iii-v	1	71839
désorganisation	1	72116
bougognefranche-comté	1	72116
turboméca	1	67068
snecma	1	67068
aerospatial	1	67068
qualifient	1	67068
reprogrammation	1	72116
pharmacologue	1	72116
pres	1	72116
aime	1	67068
multimédia	1	67068
gie	1	71839
étonne	1	72116
cgn	1	72116
duflo	1	67068
esther	1	67068
honorer	1	67068
châtenay-malabry	1	69536
lucent	1	71839
alcatel	1	71839
millionième	1	70919
lipid	1	72116
veurey-voroize	1	67796
brian	1	72115
quantitative	1	73432
metaquer	1	73432
ligand	1	72115
metafun	1	73432
firme	1	72115
intégrant	1	73432
muscarinique	1	72115
kobilka	1	72115
lefkowitz	1	72115
angusticep	1	72115
g	1	72115
2003-2004	1	72115
étudie	1	72115
protéine-protéin	1	72115
mini-protéine	1	72115
biochimiste	1	72115
-80	1	73432
précurseur	1	73432
dendroapsi	1	72115
spontanée	1	73432
pharmacologu	1	72115
écart	1	67557
brouillard	1	67796
obscurité	1	67796
thermographie	1	67796
vidéosurveillance	1	67796
hallucinant	1	73432
agroalimenaire	1	67557
achèvent	1	67557
metagenopoli	1	73432
indusriel	1	67557
préconiser	1	67557
finance	1	67557
micro-obese	1	73432
along	1	67557
optimization	1	67557
environmental	1	67557
benefit	1	67557
consumer	1	67557
savety	1	67557
obtenant	1	72115
chimist	1	72115
revenu	1	71621
raffoler	1	71621
métropoliser	1	69535
urbanisation	1	69535
démographie	1	69535
donnant	1	71621
iéner	1	69535
hypostyle	1	69535
magistral	1	69535
concombre	1	71621
nanotechnology	1	70919
similarité	1	69535
madagascar	1	71621
collectivement	1	70919
lointaine	1	70919
waldenström	1	70919
liège	1	71621
désaisonnaliser	1	71621
immunoglobuline	1	70919
ponte	1	71621
résidentiel	1	69535
mosaïque	1	71621
ibitec-s	1	72115
protectionnisme	1	69535
prédation	1	72115
réceptif	1	73432
restriction	1	73432
rallonge	1	73432
dérisoire	1	73432
satisfair	1	69535
aspiration	1	69535
relocaliser	1	69535
alterindustrialisation	1	69535
déséquilibre	1	69535
ile	1	71621
spécialisée	1	69535
avant-poste	1	71621
etre	1	71621
causse	1	71621
flexisécurité	1	69535
dématérialisation	1	69535
effervescence	1	69535
kdo	1	69183
sacrifier	1	72932
gam	1	69183
grand-témoin	1	68889
aerier	1	73687
avia	1	73687
câblage	1	73687
usinage	1	73687
slicom	1	73687
rexiaer	1	73687
integration	1	73687
nse	1	73687
ceadam	1	68638
constellium	1	73687
duval	1	73687
aubert	1	73687
top	1	73687
fermilab	1	68638
kek	1	68638
lhc	1	68638
ajoute	1	69813
comte	1	69813
larvaire	1	69813
rectorat	1	73687
claustre	1	73687
ifma	1	73687
14ème	1	69542
200m2	1	69542
pavillon	1	69542
centenaire	1	69542
hydro-ulm	1	69542
hydro-hélicoptère	1	69542
royaume	1	69542
14èm	1	69542
co-signer	1	68638
déstabiliser	1	68884
essaimage	1	73687
décentraliser	1	68884
stabilisation	1	68884
capénergie	1	68884
supplément	1	68884
électrolyseur	1	68884
hélion	1	68884
electriqu	1	68884
peri	1	68884
vaccination	1	69813
fass	1	69813
paludisme	1	69813
tanin	1	73877
dorer	1	73877
flavescence	1	73877
précocement	1	73877
rentable	1	73877
phénolique	1	73877
chaudière	1	73877
cst	1	73877
quid	1	73877
amertume	1	73877
modernité	1	73877
décortiquant	1	73877
apollon	1	68638
c3	1	68638
viniculture	1	73877
oïdium	1	73877
mildiou	1	73877
cesse	1	70922
auxiliaire	1	73877
vitalité	1	73877
villette	1	69185
rift	1	69813
élargie	1	69813
environnement-climat-santé	1	69813
kick	1	75069
muriel	1	69813
intuition	1	68638
conceptuel	1	69813
presse-bouton	1	69813
aire	1	69813
chirped	1	68638
charmeil	1	69813
redoubler	1	69185
neuville	1	69813
vacccin	1	69813
hémorragique	1	69813
aegypti	1	69813
aede	1	69813
pulse	1	68638
expatrier	1	69185
cpa	1	68638
biscarossaise	1	69542
dhc	1	69542
beaver	1	69542
vladimir	1	68638
affichent	1	70744
verwaerd	1	68638
cnrsupmcinserm	1	70744
epinièr	1	70744
méga-projet	1	68638
arrière-plan	1	70744
lisse	1	70744
figure	1	70744
lithographique	1	72635
luminance	1	70744
nanoscal	1	72635
chrome	1	72635
hainaut-cambresisisen	1	72635
valencien	1	72635
lilleuniversité	1	72635
planaire	1	72635
interrupteur	1	72635
poutin	1	68638
tournis	1	68638
hertz	1	70744
borne	1	72635
amyotrophique	1	70744
tables-ronde	1	68889
ateliersdébat	1	68889
trame	1	68889
pénètr	1	68889
ensg	1	68889
marne-la-vallé	1	68889
femto-seconde	1	68638
artiste	1	70744
latéral	1	70744
clignotant	1	70744
automatisme	1	70744
surfer	1	70744
finit	1	70744
oculomètre	1	70744
saccader	1	70744
mouvant	1	70744
illusoire	1	70744
nette	1	70744
born	1	72635
conclut	1	70749
hydraviation	1	69542
1940	1	69542
83	1	68638
trésorier	1	67553
prenante	1	67553
isolément	1	67553
exportatricer	1	67553
vide	1	68638
enac	1	69542
afpa	1	69542
biscarosse-fort-de-franc	1	69542
exawatt-zetawatt	1	68638
mythique	1	69542
631	1	69542
anniversaire	1	69542
65èm	1	69542
denhaut	1	69542
donnet-lévêque	1	69542
coqu	1	69542
catalina	1	69542
hypothétique	1	68638
paternité	1	67553
revitaliser	1	68638
wagner	1	70749
retombée	1	70749
parentalité	1	70749
tient-ell	1	70749
pnrer	1	70749
exawatt	1	68638
certainement	1	70749
sub-exawatt	1	68638
satisfaite	1	70749
sandrer	1	70749
pact	1	67553
schwartz	1	70749
agréer	1	67553
réfléchissent-ils	1	67553
defense	1	67553
aero	1	67553
laad	1	67553
couvrent	1	67553
trompe	1	68638
faune	1	73877
parasitoïde	1	73877
oxydo-réduction	1	73877
reported	1	75793
style	1	75793
béton	1	74749
nutrimer	1	75793
locomotive	1	74749
inrauniversité	1	75793
marmite	1	74749
déséquilibrer	1	75793
outcomer	1	75793
pro	1	75793
esc-lessac	1	75793
caution	1	75793
faision	1	74749
elaboré	1	75793
monsieur	1	74749
cris	1	70166
jourdain	1	74749
gn	1	70166
agréable	1	70166
lessac	1	75793
lu-mondeler	1	75793
prose	1	74749
rechargement	1	71619
carburer	1	75792
yttrium	1	75792
scandium	1	75792
lanthanide	1	75792
creusot	1	71619
tantale	1	75792
01	1	75792
considération	1	71619
pwr	1	71619
sodexo	1	75793
espagnol	1	67383
barquette	1	67383
chocolat	1	67383
conjonction	1	67383
wany	1	67383
solitaire	1	67383
accorder	1	67383
adept	1	67383
externaliser	1	70166
texturation	1	70166
débarrasser	1	75792
avant-coureur	1	73876
différemment	1	73876
doyen	1	73876
1985	1	73876
mêler	1	73876
préconisation	1	74749
inspiration	1	73876
luxembourg	1	74749
look	1	73876
gratuit	1	73876
idefi	1	73876
onlin	1	73876
mooc	1	73876
mâcon	1	74749
ménopauser	1	69184
ostéoporose	1	69184
antimigraineux	1	69184
antidépresseur	1	69184
nullemer	1	74749
idea	1	73876
sociologique	1	73876
assimilation	1	70166
work	1	74749
creathes	1	70166
ignorant	1	74749
pâteux	1	70166
creather	1	70166
couvr	1	74749
chômé	1	74749
technolgiqu	1	70166
nu-ag	1	74749
échangent	1	67803
hewlett	1	73876
journalistes-météo	1	67803
changemer	1	67803
coche	1	73876
rater	1	73876
package	1	74749
pupitre	1	73876
hp	1	73876
packard	1	73876
grandissant	1	75792
recyclent	1	75792
iuvv	1	73877
foetal	1	67802
url	1	67802
dissocier	1	67802
retirer	1	67802
mature	1	67802
scid	1	67802
immunodéficiente	1	67802
réparer	1	70922
promoteur	1	67802
pancréas	1	67802
nanomanipulation	1	70922
cnrsumpcinserm	1	67802
épinière	1	67802
ravassard	1	67802
845	1	67802
scharfmann	1	67802
raphael	1	67802
nuclear	1	71619
glucagon	1	67802
httpredirectixbulletins-electroniquescomsilxw	1	67802
tcr	1	70922
îlot	1	67802
quarante	1	73877
guyot	1	73877
constitution	1	73877
redoutable	1	70922
monod	1	70922
pesticide	1	73877
ecophyto	1	73877
infernal	1	73877
pulvérisation	1	73877
mesurent	1	73877
glycémie	1	67802
bristol	1	70922
rvvs	1	73877
septentrional	1	73877
colmar	1	73877
rockefeller	1	70922
foisle	1	70922
endocells	1	67802
clinical	1	67802
langerhan	1	67802
alpher	1	67802
irréprochabler	1	75792
venu	1	71619
inhabituel	1	76516
lavandin	1	76516
lavande	1	76516
dépérissement	1	76516
appam	1	76516
médicinal	1	76516
aromatique	1	76516
digne-les-bain	1	76516
transformateur	1	75792
spiritueux	1	76516
recycleur	1	75792
métallurgiste	1	75792
acceptera-t-il	1	75792
livraison	1	75792
sereinement	1	75792
balard	1	75792
savoir-fair	1	75792
réactivé	1	75792
mets	1	76516
succinct	1	76516
pancréa	1	67802
doudin	1	70167
nano-circuit	1	70167
industriellemer	1	70167
pnb	1	71619
ampèr	1	70167
2106	1	70167
flash	1	70167
microcircuit	1	70167
ipcms	1	70167
supramoléculaire	1	70167
nano-fibre	1	70167
requalifier	1	71619
sadron	1	70167
giuseppone	1	70167
nicola	1	70167
xero	1	70167
photocopie	1	70167
chimiquement	1	70167
conductricer	1	70167
master-clas	1	68889
allocution	1	68889
observée	1	69184
wolton	1	68889
camembert	1	72634
cloche	1	72634
bactéricide	1	72634
désorption	1	72634
sorption	1	72634
chanvre	1	72634
agro-sourcer	1	72634
fontaine	1	72634
installée	1	72634
356	1	68389
mougin	1	72634
herbacée	1	68389
charcutier	1	72634
excéder	1	68389
cetilab	1	70751
vernissage	1	70751
postulat	1	70751
ifm	1	70751
rarement	1	68389
perméable	1	72634
micro-aéré	1	72634
welienc	1	72634
regroupe	1	72634
reim	1	72634
esiec	1	72634
lemp	1	72634
bioindustriel	1	72634
cvg	1	72634
icmub	1	72634
wipak	1	72634
plastilax	1	72634
fragmentation	1	68389
financièremer	1	72634
agro-ressource	1	72634
iar	1	72634
positivemer	1	72634
paticipant	1	72634
équipage	1	72634
viagora	1	72634
implanté	1	72634
légitimité	1	72634
flore-climat	1	68389
csc	1	68888
scholarship	1	68888
artemi	1	71842
auto-assemblent	1	68644
2è	1	67946
cbb	1	67946
to	1	67946
parfumerie-cosmétique	1	67946
participent	1	71842
puzzle	1	71842
puzzl	1	71842
farin	1	71842
achevé	1	70920
farine	1	71842
bulbe	1	71842
biotisa	1	71842
agri	1	71842
equitation	1	71357
coop	1	71842
amphithéâtre	1	71842
jardiner	1	71842
hélice	1	68644
interuniversitaire	1	68644
trilingue	1	68888
originel	1	68644
pékin-beihang	1	68888
pékn	1	68888
nicole	1	68888
adéquate	1	70920
usager	1	70920
appoint	1	68644
produiraient	1	68644
nitroglycérine	1	68644
coiffer	1	68644
toulouse	1	68644
nanoscopique	1	68644
séparément	1	68644
410c	1	68644
chauffé	1	68644
enflammer	1	68644
collant	1	68644
toulousecnr	1	68644
3inp	1	68644
chrono-environnemer	1	70745
montagnard	1	68389
devraient-elles	1	68389
préférentiellement	1	68646
valros	1	67561
trimatec	1	67561
novachim	1	67561
couple	1	67938
8000	1	68646
variationsélection	1	67938
03	1	68646
souffrant	1	68646
dopamine	1	68646
dispensé	1	67944
physiopathologie	1	68646
tison	1	68646
idiopathique	1	68646
ose	1	67938
ams	1	68646
multisystématiser	1	68646
atrophie	1	68646
cbd	1	68646
creuse	1	67944
universiter	1	67944
mouiller	1	67938
asie-pacifique	1	71840
essai-erreur	1	67938
actualité-innovation	1	70425
us	1	71840
aerowing	1	71840
société-soeur	1	71840
inpi	1	71840
arrive-t-elle	1	67938
135	1	71840
asie-pacifiqu	1	71840
multiculturel	1	67944
bahru	1	71840
johor	1	71840
aerokwer	1	71840
genay	1	71840
impler	1	71840
master2	1	67944
hydrographique	1	67944
accréditer	1	67944
cortico-nasal	1	68646
psp	1	68646
essayant	1	70745
géoscience	1	70745
contaminant	1	70745
erik	1	70745
groenland	1	70745
viking	1	70745
millénaire	1	70745
sédiment	1	70745
tourbière	1	70745
géosystème	1	70745
inee	1	70745
pâturage	1	70745
quasi-totalité	1	70745
néolithique	1	70745
agréger	1	70745
agrosystème	1	70745
lorrain	1	68389
vaine	1	70745
inter-disciplinarité	1	70745
géologue	1	70745
multi-exposition	1	70745
aoc	1	70745
supranucléaire	1	68646
luminescent	1	70747
paralysie	1	68646
fille	1	72636
saint-nazaire	1	72636
bodet	1	72636
serait-il	1	67938
exercent	1	72636
ajusteuse	1	72636
cryptographie	1	70747
aarhus	1	68389
souhaite-t-il	1	70745
synthétiquer	1	70747
aix-marseill	1	70747
osciller	1	70747
bio-inspirée	1	70747
concurrentiel	1	70753
34	1	70753
sillage	1	70745
comté	1	70745
hall	1	71842
prévoît	1	71842
réhabiliter	1	71842
heurter	1	72392
radioprotection	1	72392
irradier	1	72392
up1	1	72392
environnemer	1	72392
véolia	1	72392
polluer	1	72392
décontamination	1	72392
intervenu	1	72392
assainissement	1	72392
plausible	1	71357
réclame	1	72392
frérot	1	72392
découpe	1	72392
électronucléaire	1	72392
126	1	72392
encadrement	1	71357
sciatique	1	71843
nerf	1	71843
germinet	1	72392
interdire	1	71357
anesthésiant	1	71843
presse	1	69177
micro-satellite	1	69177
dessous	1	69177
2-1a	1	69177
succè	1	69177
acharner	1	69177
couronne	1	69177
2-1b	1	69177
ride	1	69177
prédominer	1	71357
saut	1	71357
dressage	1	71357
simultaner	1	70426
brûleur	1	70426
dimensionnement	1	70426
charbon	1	70426
macroscopique	1	70426
schuller	1	70426
c02	1	70426
teign	1	71843
intrus	1	71843
public-priver	1	71357
immunologiste	1	68645
point-clé	1	68645
allergène	1	68645
allergénicité	1	68645
dioxyd	1	68645
ineris	1	68645
cnrsupmcensecole	1	68645
dermatologue	1	68645
allergologue	1	68645
quality	1	68645
artemisiifolia	1	68645
user	1	68645
land	1	68645
climate	1	68645
changing	1	68645
diseaser	1	68645
atopic	1	68645
allergique	1	68645
evaluer	1	68645
ambrosia	1	68645
communément	1	68645
éjecter	1	71843
chypriote	1	71843
repousser	1	71843
mordu	1	71843
arthropode	1	71843
paralyser	1	71843
mandibulaire	1	71843
glande	1	71843
legs	1	71843
spéciation	1	71843
trouve	1	71843
ambroisi	1	68645
2-h	1	71843
supranational	1	71357
occasionner	1	68645
proliférer	1	68645
zetta-exawatt	1	68638
abandonnée	1	68645
allergisant	1	68645
armoise	1	68645
elisa	1	69177
est-l	1	69177
rapatrier	1	71842
fascicule	1	74457
puit	1	68283
parieur	1	71357
stigmatiser	1	74457
marteler	1	74457
projecteur	1	74457
immergé	1	74457
nord-sud	1	74457
arrangent	1	74457
encyclopédie	1	74457
marcher	1	73884
plaire	1	74457
triturer	1	74457
antagoniste	1	74457
mondialiser	1	74457
agro-économist	1	74457
biologist	1	74457
caricatural	1	74457
élitiste	1	71357
11èm	1	73884
emm2013	1	73884
controvers	1	74457
mènent-il	1	72393
faiblir	1	71842
ifc	1	71357
jumelage	1	72393
amf	1	72393
institutionnaliser	1	72393
supermarché	1	72393
frigorigène	1	72393
nouvelle-zélande	1	72393
fournaison	1	72393
connected	1	73884
sponsoriser	1	72393
avicole	1	71357
dep	1	71357
aff	1	72393
iir	1	72393
sustainability	1	72393
ifce	1	71357
ciblé	1	73884
trancher	1	74457
majeure	1	74457
félicité	1	69177
recentrage	1	71357
msl	1	69177
rover	1	69177
considérablemer	1	71357
argos	1	69177
doris	1	69177
altika	1	69177
nanosatellite	1	69177
résumé	1	69177
accostage	1	69177
magnétomètre	1	69177
iss	1	69177
ravitaillement	1	69177
atv2	1	69177
affiler	1	69177
réinsertion	1	71357
pac	1	71357
débris	1	69177
myriad	1	69177
chemcam	1	69177
absoudre	1	69177
planteur	1	74457
patronage	1	74456
agro-industrie	1	74457
malbouff	1	74457
déforestation	1	74457
malbrunot	1	74456
prestataire	1	74456
planification	1	74456
directif	1	74456
cuvillier	1	74456
persistant	1	71357
exomar	1	69177
41èm	1	74456
atv	1	69177
habituel	1	69177
elementest	1	69177
reporter	1	69177
iasi	1	69177
iasi-ng	1	69177
metop	1	69177
disney	1	74749
résorber	1	69184
dénombrer	1	69183
pla	1	76514
choisie	1	73185
déçu	1	73185
glob	1	69811
vendée	1	69811
iceberg	1	69811
baltique	1	69811
prestige	1	69811
marée	1	69811
légine	1	69811
illégal	1	69811
méthane	1	69811
saisonnier	1	69811
conteste	1	73185
mesur	1	69811
autriche	1	69811
salzbourg	1	69811
volcan	1	69811
concentratier	1	69811
téraoctet	1	69811
antarctique	1	69811
gme	1	69811
monitoring	1	69811
portière	1	73685
rappelle-t-elle	1	73685
culot	1	73185
enitiaa	1	73685
mohammad	1	73185
yunu	1	73185
sunlabob	1	73185
peintur	1	73685
pamatec	1	73185
practical	1	73185
geos	1	69811
presentation	1	73691
companie	1	73691
egg-energy	1	73185
micro-environnement	1	73691
eccp	1	73691
oslo	1	73691
sentinel1	1	69811
earth	1	69811
serait-ce	1	73185
225	1	69811
co-construire	1	73185
moyen-long	1	69178
genérateur	1	69178
genepi-3c	1	69178
composent	1	69178
nécessitent-il	1	69178
auto-entretenue	1	69178
transmutation	1	69178
géologique	1	69178
radiotoxicité	1	69178
driven	1	69178
mol	1	69178
accelerator	1	69178
réussissant	1	69178
soluble	1	73436
atteler	1	69178
radioactif	1	69178
010	1	73436
sont-ils	1	73436
manuscrit	1	70429
intense-3	1	69178
eurotrans	1	69178
onzième	1	69811
ipno	1	69178
co-construir	1	73185
grenobleinp	1	69178
lpsc	1	69178
cosmologie	1	69178
subatomique	1	69178
iphc	1	69178
curien	1	69178
hubert	1	69178
cnrsensicaen	1	69178
freyer	1	69178
lpcc	1	69178
corpusculaire	1	69178
1laboratoire	1	69178
2023	1	69178
myrrha	1	69178
relationnel	1	73185
sous-critique	1	69178
2011-2015	1	69178
expiration	1	73685
observent-il	1	73685
premic	1	73685
électrification	1	73185
banquier	1	73185
herbicide	1	67800
biotechnologique	1	67800
paix	1	73185
germination	1	67800
synthétisée	1	67800
galactolipides	1	67800
photosynthétique	1	67800
sond	1	67800
unmanned	1	70165
galvestine-1	1	67800
24000	1	67800
amériqu	1	73875
andin	1	73875
barracuda	1	73875
saragosse	1	73875
portzamparc	1	73875
aile	1	73875
ua	1	70165
aircraft	1	70165
naturaliser	1	73875
bourg	1	76514
traitera	1	76514
emballag	1	76514
rfid	1	76514
anti-bactérien	1	76514
néoformer	1	76514
contamination	1	76514
agro-alimentaire	1	76514
bresse	1	76514
agricultur	1	70165
microcrédit	1	73185
inspection	1	70165
grameen	1	73185
périodique	1	70165
topographique	1	70165
remontée	1	70165
avalanch	1	70165
bank	1	73185
applique	1	70165
britannique	1	73875
québec	1	73185
résument-il	1	73685
utilisent	1	73875
rachat	1	73875
buy-out	1	73875
leveraged	1	73875
planet	1	73185
vinci	1	73875
giron	1	73875
data	1	73875
corinne	1	73185
larchey	1	73185
bancaire	1	73875
ingénieriste	1	73875
sculpture	1	73875
soirée	1	73875
rodin	1	73875
fête	1	73875
dsf	1	73185
biene	1	73685
stagiaire	1	73685
endettement	1	73875
obligataire	1	73875
rogers	1	73875
ingénierist	1	73875
sir	1	73875
poursuit	1	73875
seee	1	73875
demi	1	73875
carnet	1	73875
roumanie	1	73875
danube	1	73875
bridge	1	73875
medellin	1	73875
actionnarial	1	73875
conde	1	73875
las	1	73875
chili	1	73875
mozambique	1	73875
privilégie	1	73875
85	1	73875
180	1	73875
équilibré	1	73875
manufacturée	1	70429
néfaste	1	70429
étaper	1	73436
irréversible	1	67794
agenda	1	67794
déclarent-il	1	67794
héraut	1	72933
spéculateur	1	67794
congress	1	72932
émeute	1	67794
lorgnette	1	67794
mathematical	1	72932
surexploitation	1	67794
scepticisme	1	72933
physic	1	72932
civilisation	1	67794
concluent-il	1	67794
icmp	1	72932
bourin	1	67794
salem	1	72932
herbrand	1	72932
co-écrit	1	67794
bailleur	1	67794
devront-il	1	67794
ensemblier	1	72399
tremplin	1	72400
pédiatre	1	67555
varsovie	1	67555
grèce	1	67555
560	1	72933
lamur	1	72400
trophé	1	72400
alpin	1	72400
encaisser	1	72933
16èm	1	72400
déploré	1	72933
archétype	1	72933
précisent-il	1	67794
disparité	1	67794
audacieux	1	72933
redévelopper	1	67794
pauvreté	1	67794
rural	1	67794
vivrier	1	67794
iil	1	67794
centrifugation	1	72399
épidémiologique	1	67555
syngenter	1	67804
humanisme	1	68276
séjourner	1	72932
tequi	1	68276
ann	1	68276
vercherand	1	68276
texte	1	68276
tranquille	1	72932
dénommé	1	68276
saf-agriculteur	1	67804
oppenheimer	1	72932
elo	1	67804
organization	1	67804
landowner	1	67804
détacher	1	72932
abstraire	1	72932
bures-sur-yvette	1	72932
dénombrement	1	69183
lenter	1	69183
fraternité	1	68276
neumann	1	72932
flottation	1	72399
einstein	1	72932
décantation	1	72399
ifts	1	72399
outre-atlantique	1	72932
pourcentage	1	68276
mba	1	68276
mastère	1	68276
alternance	1	68276
jersey	1	72932
apprécie	1	68276
galerie	1	68276
pouvait-il	1	68276
préface	1	68276
kurt	1	72932
gödel	1	72932
joliment	1	68276
fourmiller	1	68276
habilité	1	68276
portrait	1	68276
747	1	72933
attitude	1	67555
manufacturer	1	70429
désordre	1	69540
acoustiquemusique	1	72933
pince	1	69540
lauréate	1	72933
augsburg	1	69540
expérimentalement	1	69540
inventif	1	72933
qualifié	1	72933
exige	1	69540
binaire	1	69540
ircam	1	72933
1961	1	69540
déchiffrer	1	72933
dépenser	1	69540
nécessit	1	69540
effacement	1	69540
montloui	1	72933
nutritionnellement	1	68882
culturellement	1	68882
eux-mêmes	1	69540
indifféremment	1	69540
117	1	72933
svi	1	68886
effondremer	1	68886
propagner	1	68886
united	1	68886
attendu	1	68886
plexiglas	1	68886
lyonecole	1	68886
ltd	1	68886
tribologie	1	68886
rayonnemer	1	68886
couse	1	69540
cea-irami	1	68886
rayleigh	1	68886
solvant	1	73436
coûteu	1	73436
court-moyen	1	69540
lente	1	69540
viscosité	1	69540
bpi	1	72933
indre-et-loire	1	72933
louis-georges	1	68882
parental	1	67555
châteaurou	1	72933
brica	1	68882
russel	1	68882
esnouf	1	68882
dualine	1	68882
merveill	1	72933
israël	1	72933
aerospac	1	72933
antin	1	72933
consommé	1	67555
louis-georger	1	68882
lufthansa	1	72933
allaiter	1	67555
diffèrent	1	67555
estomper	1	67555
francfort	1	72933
diète	1	67555
préparons-nou	1	67555
satiéter	1	67555
dress	1	68882
envol	1	72933
substitut	1	68882
homogénéisation	1	68882
processing	1	68882
écolo	1	72933
arrière	1	68882
ajustement	1	68882
contester	1	68882
lot	1	68882
celuii	1	68882
robustesse	1	68882
supputer	1	68882
alis	1	68882
formellement	1	68882
essoufflement	1	68882
nutritionnelle	1	68882
tourn	1	68882
dualin	1	68882
sorigny	1	72933
dissociation	1	68882
décomposer	1	68882
ductilité	1	76514
parrainer	1	76514
immun	1	69184
alexandre	1	76514
énumérer	1	68273
yaourt	1	68273
dluo	1	68273
cardon	1	68273
saumure	1	68273
est-elle	1	68273
décrèt	1	74167
classiquemer	1	74167
étanche	1	68273
myrtille	1	68273
asperge	1	68273
rose	1	68273
tulipe	1	68273
clientèle	1	68273
sélective	1	68273
perméabilité	1	68273
recyclable	1	74167
renferment	1	74167
fuselage	1	74167
abri	1	68273
joint-venture	1	68273
dynamiquement	1	68887
rack	1	69541
unrper	1	69541
eurali	1	69541
i-comèt	1	69541
outdoor	1	69541
cbs	1	69541
exoès	1	69541
dior	1	69541
dynamism	1	69541
adhésif	1	69541
habituellement	1	68887
supmécer	1	69541
project	1	69541
speed	1	69541
rapidité	1	74167
prolactine	1	68887
téter	1	68887
lactation	1	68887
hypophysaire	1	68887
a350	1	74167
isab	1	68273
beauvai	1	68273
filament	1	69179
ngl	1	69179
launchers	1	69179
generation	1	69179
qualifiée	1	69179
électromécanique	1	69179
vérin	1	69179
époxyde	1	69179
bobiner	1	69179
grise	1	74167
lare	1	69179
61	1	69179
temporaire	1	74167
coiffe	1	69179
polyvalence	1	69179
avum	1	69179
propulsif	1	69179
zefiro-z9a	1	69179
zefiro-z23	1	69179
séparation	1	69179
relativité	1	69179
hermétique	1	68273
orbital	1	69179
distinct	1	68273
agronom	1	68273
psychosocial	1	70428
là-bas	1	74167
pouvon	1	74167
publiquement	1	70428
bipolaire	1	69179
légal	1	74167
systèmes	1	69179
almasat-1	1	69179
expresso	1	69179
montpellier-2	1	69179
bipolar	1	69179
annexe	1	74167
robusta	1	69179
coopérant	1	69179
comptable	1	74167
bologne	1	69179
ingénieurs-chercheur	1	70748
fip	1	75457
sudcnrs	1	70748
cloud	1	73686
aurinvest	1	73686
anticancéreuse	1	73686
greff	1	73686
post	1	73686
immunosuppresseur	1	73686
congénital	1	73686
immunodépression	1	73686
teste	1	73686
infectieuser	1	73686
biofund	1	73686
alfort	1	73686
explication	1	75457
subtiliser	1	75457
documentation	1	68885
laitière	1	68885
haute-savoie	1	68885
jurer	1	68885
ile-et-vilain	1	68885
kurma	1	73686
bordeaux-talence	1	75457
cantal	1	68885
thermorégulation	1	69184
hématopoïès	1	69184
cytokine	1	69184
lariboisière	1	69184
insermpari	1	69184
articulation	1	69184
606	1	69184
vernejoul	1	69184
décroître	1	75457
régule	1	69184
châlons-en-champagn	1	75457
post-bac	1	75457
pactole	1	69812
référentiel	1	69812
maron	1	69812
aquifère	1	69812
post-doctorale	1	69812
tgu	1	69812
sti2d	1	75457
charente-maritim	1	68885
alpes-de-haute-provence	1	68885
postuler	1	75457
itplc	1	68885
pme-pmi	1	68885
larf	1	68885
esr	1	75457
jura	1	68885
doub	1	68885
francs-comtoi	1	68885
concrètement	1	75457
carmejane	1	68885
itff	1	68885
trossat	1	68885
châlons-en-champagne	1	75457
rôdé	1	75457
disséminer	1	75457
histol	1	68885
notable	1	75457
colzauprot	1	68885
fromsant	1	68885
rhône-alpe	1	69543
cecalait	1	68885
promulguer	1	75457
ain	1	68885
décalage	1	75457
laitère	1	68885
désoler	1	75457
r23ae	1	68885
ariatt	1	68885
ctfc	1	68885
comtois	1	68885
affinage	1	68885
anime	1	68885
particip	1	68885
étalonnage	1	68885
actilait	1	68885
déplorable	1	75457
artisanau	1	68885
fini	1	68885
iso	1	68885
afnor	1	68885
interprofession	1	68885
interlaboratoire	1	68885
1367	1	69179
301	1	69179
arianespace	1	69179
aplatie	1	74173
pyréner	1	70170
assortir	1	70170
électromagnétisme	1	70170
empile	1	74173
antem	1	70170
law	1	70170
appli	1	70170
articule-t-elle	1	70170
sicoval	1	70170
reler	1	76515
touché	1	75791
taire	1	74173
doigt	1	75791
gibaru	1	75791
ur10	1	75791
tms	1	75791
musculo-squelettique	1	75791
pénibilité	1	75791
semain	1	76515
enzymologie	1	74173
reproduir	1	75791
co-concepteur	1	70164
explos	1	69186
lpem	1	69186
dépression	1	74173
lamour	1	69186
perspectif	1	69186
motrice	1	74173
agrégation	1	74173
consultation	1	70164
pourvoyeur	1	70164
eustache	1	76515
fibrillaire	1	74173
mutuel	1	70164
responsabiliser	1	70164
boulogne-sur-mer	1	70164
jonction	1	74173
replier	1	74173
neuro-anatomie	1	76515
neuropsychologie	1	76515
périple	1	73185
colporter	1	72940
spin-orbite	1	69186
évènement	1	75790
co-diriger	1	75790
métaboliser	1	75790
hexagonal	1	73185
olfaction	1	75790
briand	1	75790
loïc	1	75790
perceptif	1	75790
péri-récepteur	1	75790
affecté	1	75790
coureaud	1	75790
postdoctoral	1	75790
muhammad	1	73185
buck	1	75790
linda	1	75790
axel	1	75790
yunus	1	73185
bangladais	1	73185
feingenbaum	1	76514
memolap	1	75790
qualimer	1	75790
légitimer	1	72940
forger	1	72940
de-là	1	72940
de-ci	1	72940
glaner	1	72940
parcellaire	1	72940
rumeur	1	72940
352	1	72940
agit-il	1	72940
gouvernent	1	72940
130	1	72940
guichet	1	75790
énergivore	1	72940
mosseri	1	72940
géochimiste	1	72940
jeandel	1	72940
intersensoriell	1	75790
compensation	1	75790
interindividuel	1	75790
qualigras-phy	1	75790
conductivité	1	69186
spintronique	1	69186
suèd	1	69179
agrandir	1	73684
enchantement	1	74167
titrer	1	73684
chablis	1	73684
épingle	1	73684
doigté	1	74167
beaujolais	1	73684
ali	1	73684
décès	1	73684
provenaient-il	1	73684
fertiliser	1	73684
évolué	1	73684
hyper-rustiqu	1	73684
dirigeer	1	74167
natal	1	73684
conjuguer	1	74167
verbe	1	74167
défunt	1	73684
convenir	1	73684
amender	1	73684
estimant	1	73684
libreville	1	73684
narbonn	1	73690
proie	1	74167
ariane-5	1	69179
monocorp	1	69179
déplore	1	74167
dimensionné	1	69179
dérober	1	74167
structurel	1	73690
jri	1	73690
voyon	1	73684
assiami	1	73684
dominiqu	1	73684
vivr	1	73684
absurde	1	73684
raisonnement	1	73684
hiver	1	73684
détracteur	1	73684
capitaler	1	74167
malymas	1	73684
vitivinicole	1	73684
propreté	1	73684
spin	1	69186
incontrôlable	1	74173
curatif	1	74173
sûre	1	67801
routine	1	67801
onéreux	1	67801
doser	1	67801
manifeste	1	74173
astrocyte	1	67801
utilier	1	67801
ribereau-gayon	1	67801
a-t-on	1	73684
897université	1	67801
uniter	1	67801
constitue-t-il	1	67801
hémorragie	1	67801
diffus	1	74173
thermomagnétique	1	69186
thermoélectrique	1	69186
thermoélectricité	1	69186
batailler	1	74167
pacifique	1	73684
germer	1	73684
granitique	1	73684
ver	1	74167
scrupule	1	73684
scarabée	1	73684
chenille	1	73684
boa	1	73684
hyène	1	73684
éléphant	1	73684
ensoleillement	1	73684
uranium	1	73684
choquer	1	74167
manganèse	1	73684
minerai	1	73684
pensée	1	74167
congo	1	73684
longer	1	73684
equatorial	1	73684
délimité	1	73684
malyma	1	73684
speaker	1	72120
