token	freq	section	docs
ceti	17	titre	70921,70751
international	153	titre	70921,67939,68638,71619,74167,72932,73184,73190,69533,72113,74176,72936,73432,72934,76207,73431,75796,69180,72629,67795,75795,74449,70161,67794,72400,73875,70170,76515,70164,73684,69179,68273,70748,68885,69812,67803,76516,69813,73687,69542,67553,70749,69177,68283,72393,67944,71840,73878,69820,67945,70752,67799,70420,73883,72630,67942,68278,70422,67943,72396,70914,75071,75065,72938,75064,71835,71362,71837,76208,70916,72122,74745,68387,75063,67937,68392,75466,71614,71358,72121,75458,68384,74168,73438
forum	39	titre	70921,75796,67804,72400,70170,69543,67803,70751,70752,72122,75466,72121,75465,72120
rendezvou	37	titre	70921,75457,74748,74176,73430,75796,75797,67385,75795,73691,73875,76514,69543,68889,69177,73884,67946,70751,67561,70752,72630,73881,75466,73438
unique	77	titre	70921,68638,71619,73432,69534,72114,73183,67068,70919,73683,69817,75797,76513,70162,72629,68881,67795,69182,69815,69178,75790,75793,69185,73687,68884,67553,71842,72634,67944,73879,74455,75788,68643,67941,67799,70420,69818,69819,70421,67798,72397,74453,68279,72631,72939,75070,70915,76208,70916,72122,67937,71616,74168,73438,74169
autour	137	titre	70921,67938,70920,71357,68638,71619,74749,73185,73184,74172,74748,68639,71620,74176,73432,72116,69536,72114,73430,76212,76213,73431,73182,67068,69535,73683,67392,68881,69814,76511,70161,67794,72400,67555,68882,73685,73875,70170,70164,68273,68885,73876,67803,75793,73877,70749,70426,69177,74456,73884,72393,71842,67946,70751,72634,70745,73879,69820,70424,67558,70421,70743,68642,68640,72630,68279,72396,70914,75065,72939,72938,71612,75462,68383,71361,71615,74745,75466,71358,72121,74746,74752,68384,74168,74169,68385,75459,71617,75465,72120
textile	29	titre	70921,73685,70166,73687,70751,71361
technique	128	titre	70921,67939,73186,73434,74171,68638,70922,74749,73185,72933,72113,72936,69536,70918,71838,72934,75068,73431,73182,67068,72115,73683,75796,70162,72629,67554,67795,72399,73685,67801,73690,69179,68885,69812,73876,67383,73877,73687,68884,67553,72392,73884,72393,70751,70747,72636,67561,73689,73879,75788,69820,68643,72394,67389,67388,76508,69819,67940,72632,68642,70423,68279,67943,69538,75071,72939,71835,69539,70917,70916,74745,73189,75464,74746,74168,68391,74747
coeur	77	texte	70921,73435,73434,74172,74748,72113,72117,72116,73430,75068,73182,67068,69817,76512,68277,69182,76511,68276,69178,69186,73684,68887,68885,69184,73876,70166,75792,68283,71842,70745,71840,73879,74455,73878,70746,72637,68643,76508,72395,67798,68279,67943,72118,70914,75461,75065,71612,69539,75462,75066,75067,71361,71359,68387,75458,74168,75459
région	140	texte	70921,67939,73186,73435,73434,74171,68389,68638,74749,72933,73190,74172,74748,72113,72117,69537,74176,72114,73183,73430,76206,75068,73431,73683,69817,76512,76513,70162,76507,68275,69182,76511,67391,68276,67794,70170,76515,73684,70428,69543,68885,70166,75792,73877,73687,67553,74457,73884,71842,70745,71840,74455,75789,73878,68643,69818,74450,70421,72395,67798,70743,72630,68279,67943,72396,69538,72118,75461,75071,72938,70915,71360,75066,75067,75463,70916,71361,68387,68393,71614,71358,75458,68384,74169,68391
10	54	texte	70921,73434,68638,71619,74173,72933,72117,72937,70918,76212,72934,73182,72115,73683,70163,76512,75797,68881,69814,75795,67390,67555,68882,69811,73684,69179,68273,69541,68885,69185,72635,70751,70747,68281,73688,72633,76508,70743,75065,71360,68383,71359,68392,75464,75458
octobre	45	texte	70921,68388,67939,68389,71357,74173,69537,70918,75069,76212,75068,75795,67804,73691,73690,69179,70428,67803,70749,69177,70751,67944,73689,74454,67945,72394,73883,74450,73882,68640,72396,71612,68387,67937,68386,68385
prochain	90	texte	70921,74170,73434,74171,68389,70920,75457,74167,72932,69533,73432,72116,69534,70918,73430,73431,69535,73683,69817,76512,67386,76513,68883,67795,67794,67555,70429,69811,73875,69186,70428,69543,73876,75793,73687,70749,70744,72392,71842,67944,71840,70420,76509,67389,67388,76508,73880,72396,71363,75071,72939,71835,71612,75460,72119,75462,71837,76209,70916,74745,67937,71614,71616,74168,74169,75459
centre	140	texte	70921,73435,71357,71619,75457,72932,73184,74172,71618,68639,69537,73433,76211,73432,71621,72116,69534,70918,76206,75068,71839,72115,69181,73683,69817,67387,70162,69816,67797,67795,68277,67391,74449,69815,68276,67794,67555,69178,73685,73875,75790,70170,76515,70164,67801,70428,68885,75792,67802,68884,70749,70744,68889,69177,73884,72393,67946,68644,68888,70751,72634,68646,71840,73689,73688,70424,67945,70746,69818,73882,70421,67798,67940,72630,68278,70423,74452,70422,67943,71363,70914,72939,72938,75064,71612,75460,75067,71836,70916,71359,74745,68387,68393,75063,74744,71358,75464,74752,68384,74168
européen	159	texte	70921,67939,73434,70920,74749,74167,72113,73432,69534,72114,71838,73430,75069,72934,71839,67557,68274,69181,73683,69817,70163,75797,72629,67554,68277,69815,67804,72400,67555,69178,69811,70164,69179,69812,67803,75792,68884,68645,72392,69177,73884,72393,70751,72636,67944,69821,68281,70424,67945,71841,70752,70420,76508,68642,72630,73880,68278,67943,69538,70914,75065,75064,71835,70917,68383,75463,71361,75063,68386,75466,71358,74746,74168,74169,68385,71617
innovant	54	texte	70921,74167,73437,73184,74748,74176,72936,69536,72114,70918,67068,69535,69817,75797,76513,72400,73691,76514,70164,73876,67553,69177,73884,71842,70751,69821,70169,74454,73878,70420,74452,68279,68641,75461,69539,68383,71359,75466,71614,71366,71616,74746,75465
localiser	20	texte	70921,72116,70919,76507,74449,76510,70165,68646,74455,71841,67389,70743,68278,68279,72938,69539,71616,75459
roubaix	3	texte	70921,70751
inaugurer	18	texte	70921,71619,68639,73433,69535,69817,68277,69178,73875,68884,70751,70420,68278,70914,74751,68393,68385
occasion	81	texte	70921,67939,71357,68638,75457,72933,73190,74748,72113,72936,73432,73183,75069,67068,73683,69817,70162,70161,67804,72399,72400,67555,69811,73685,73875,70165,76514,70170,70164,69186,67801,70428,73877,69542,70749,69177,74456,68283,72393,67946,68888,70751,67561,70168,67945,70752,71845,67941,73883,67388,73882,72396,72939,72938,75064,71612,70917,75462,71837,70916,72122,75464,74746,75458,74752,75459,75465,72120
pôle	169	texte	70921,73434,68638,71619,74749,73184,74172,74748,73433,72116,69534,75069,75068,73431,71839,69817,75796,70162,76507,67795,68277,76511,75795,74449,67555,73691,73685,73875,70428,68273,68885,69812,70166,75793,75792,73877,73687,68884,69542,71842,67946,72634,70745,67561,73879,74455,75789,70752,68643,71845,72394,67799,70420,69818,76509,67388,76508,70421,67798,74453,68279,72396,72631,72938,70915,71360,75462,76209,71359,68387,68393,71358,74746,74169,75465
compétitivité	89	texte	70921,71619,74749,73184,74172,74176,72116,69534,73430,75069,75068,69817,75796,70162,76507,67795,76511,75795,74449,67804,67555,73691,73685,70428,68885,69812,70166,73687,68884,71842,67946,72634,70745,67561,73879,74455,75789,72637,70752,68643,71845,67799,69818,76509,76508,70421,74453,68279,72396,72631,70914,72938,71360,75462,76209,71359,68387,68393,74744,71358,74746,73438,74169,75465
upte	2	texte	70921,70751
clubtex	4	texte	70921,70751
organiser	67	texte	70921,74170,68638,73437,74172,74748,70923,71620,72114,74175,76212,73182,67392,70162,72629,74449,67804,72399,68882,70170,76515,69186,73690,70428,68887,69541,69543,76516,67802,67553,68889,74456,73884,72393,67946,70751,67561,73689,75788,67945,71845,67941,73883,67940,73880,72396,71363,67071,75071,72939,72938,72122,75466,72121,75464,74746,68384,71617,72120
lendemain	4	texte	70921,75796,70751,76509
après	88	texte	70921,67939,73435,73434,74171,74173,73185,72932,73437,72114,74175,73430,76206,76213,68274,73683,72629,68881,74449,70161,69815,67555,69540,69178,69811,75790,67801,68887,70166,69185,70744,72392,71842,68888,68646,68281,74455,74454,71841,72633,72394,76509,67798,72632,72630,70422,72396,68641,75461,75071,71835,71612,70915,75462,71837,68383,71836,71359,68387,75063,67937,71614,71358,74752,68390,75459
journée	56	texte	70921,72932,73437,73190,74748,74174,67392,75797,76511,76514,76515,70164,69186,73690,69541,67803,76516,70749,72393,68888,70751,70168,69820,70752,72938,75462,75063,72121
inauguration	11	texte	70921,68639,73433,76514,76516,70751,74746
notamment	154	texte	70921,67939,73434,74749,75457,74167,74173,73185,73436,73184,73190,69533,72113,76211,72937,73432,72116,69536,72114,75069,76207,73431,72115,73683,76512,67387,76507,69816,69180,67556,72629,67554,72401,76511,67385,75794,68276,67794,73685,73875,76514,75790,69186,73684,70428,68273,68887,70748,73876,70166,67383,75792,67802,68884,69542,67553,69177,72393,71842,68644,70751,70745,71840,69821,73879,75788,75789,70424,71841,70420,74450,67798,67940,70743,67942,70423,74452,73881,72396,72631,70914,67071,75064,71612,70917,76209,76208,75067,68383,71836,75463,70916,71361,72122,68387,75063,67937,74750,71358,71616,74746,75458,74752,75459
expliquer	97	texte	70921,67939,73187,68389,68638,74749,74173,72932,76210,73432,71621,72116,69534,73183,75069,73431,73182,73683,69817,67392,67386,76513,76507,68275,68883,76511,75795,67390,75794,74449,67794,67555,68882,73685,70165,75790,73684,69812,69184,70166,75792,73877,69813,72392,72393,72634,70745,71840,73879,74455,73878,68643,67558,72394,70420,67389,76508,70421,67798,72630,74453,68279,72631,72118,75461,75065,75064,69539,71837,76209,68383,71359,74745,74744,71614,74746,75458,74168,74169
raison	24	texte	70921,67939,68389,69537,76210,72934,76507,67795,69183,68882,69811,73685,70165,75792,69821,73878,67558,68642,75065,70916,74744,74169,71617
regroupement	5	texte	70921,72116,71839,67553,68386
même	132	texte	70921,67939,74170,73434,67938,74167,73185,72932,74748,72113,76210,73432,72116,73183,73430,76206,76212,75068,73182,70919,73683,67386,67387,70162,72629,68881,68883,67554,76511,75795,70161,68276,67794,68886,73685,67800,70165,73684,68273,68887,69184,73876,67383,75792,73877,68884,67553,70744,71843,72392,74457,71842,72634,70745,70747,72636,73689,74455,75789,74454,73878,68280,68643,67558,72394,67941,70420,74450,67389,67388,69819,70421,73880,72631,75064,71835,71612,70915,71362,76209,76208,75463,70916,71359,74751,74745,67937,74744,74750,71614,71358,75458,74168,74169
lieu	36	texte	70921,72932,74748,72113,71621,70162,68881,75795,74449,76510,73684,69179,73876,69820,67945,70420,74450,67389,68642,68279,70917,71358,71366,74752
différent	160	texte	70921,68388,67939,67938,71357,75457,73185,72933,72932,72113,72937,69534,72114,71838,73430,76213,73431,73182,70919,69535,70163,70162,76507,68275,72629,67554,72398,67795,69182,76511,67390,75794,74449,70161,67794,67555,68882,68886,69178,73691,73685,75790,76515,73684,73690,69541,73876,75793,67383,75792,76516,73877,69813,68884,68645,72392,69177,68283,72393,70751,72634,70745,73879,74455,75788,75789,70168,68643,72633,72394,76509,67389,76508,69819,67798,70743,68640,72397,73880,68278,70422,68279,72631,69538,72939,69539,75462,76209,75067,70916,71361,72122,71359,74751,74745,68387,75063,71358,74746,68390,71617
acteur	71	texte	70921,73435,73434,70922,71619,75457,73185,74172,76211,73183,75068,76207,74174,69535,69817,76512,75796,67386,70162,68275,72629,76511,70161,70170,70164,73690,68273,67803,70166,75792,67802,72392,74457,73884,72393,71842,67946,72634,69821,74455,70169,72637,71845,69818,74450,67388,67798,68641,74751,75466,71358,74746,74169
régional	57	texte	70921,67939,73434,74749,72933,74172,74748,74176,73430,69535,69817,68277,69182,67391,67804,72400,68885,73687,68884,67553,70749,71842,70745,67561,73879,74455,75789,71841,70420,67388,76508,72395,67798,70743,72630,70422,72396,72938,75066,70916,68393,68385,71617
secteur	129	texte	70921,74749,74167,73185,74172,74748,72113,72937,72116,72114,76206,72934,76213,76207,73182,67068,68274,70163,75796,67386,75797,76507,72629,75795,75794,74449,76510,70161,69815,73685,73875,70165,68273,69541,68885,67803,70166,75793,67383,73877,73687,67553,70749,68889,69177,74456,73884,72393,72634,70753,72636,73689,73879,74455,70169,68280,72637,70752,68643,67558,72394,74450,76508,73882,70421,72395,67798,68642,68279,70914,75461,75065,75462,76208,75067,68383,71359,75063,73188,68392,74744,74750,71614,74746,75458,74169,74747
aborder	21	texte	70921,72113,72937,73182,67392,72398,67794,67555,76514,70170,67803,72393,73879,70169,74452,71363,72938,71362,72120
perspective	24	texte	70921,67939,69537,74174,69816,72398,67795,67804,69540,67800,68887,69184,73877,75788,70752,67558,72632,71363,76208,67937,75466,68390
second	89	texte	70921,68388,67939,68389,70920,71357,68638,74173,74748,69533,68639,72935,72934,67068,69535,69817,76507,72629,67385,75794,70161,67794,67555,68882,69540,73685,76514,75790,68273,68887,73686,75793,67383,76516,70167,67802,70749,69177,72393,71842,70751,70745,68646,73879,70169,75789,74454,70424,70420,76508,73882,70421,67942,72397,72118,75064,71360,76209,76208,75067,70916,71361,72122,71616,74752,74168,74169,71617
pratique	32	texte	70921,73184,74748,72113,69537,76211,72937,75069,73431,73683,67392,76513,72401,67555,73685,67801,68885,73876,75793,67383,74455,73883,70421,72630,68279,75071,71362,73438,74169
quelque	109	texte	70921,73434,68389,71357,68638,75457,74167,72933,72932,73184,70923,72113,72937,73432,71621,73430,76206,72934,73431,73182,70919,69535,68274,73683,70163,67386,75797,76507,72629,76511,75795,67390,70161,68276,67555,73685,75791,67801,73684,69179,70166,75793,70167,73877,70744,71842,68644,71840,70425,69821,73879,68281,70169,75789,73878,68280,73688,67558,72394,70420,70421,67942,72397,72396,75065,71835,71612,75462,71837,76208,68383,71836,70916,73189,67937,74744,74750,71358,75458,74752,74168,73438,74169,68391,74747
350	3	texte	70921,67553,67945
400	14	texte	70921,72933,75797,73691,69812,67553,75789,68640,68279,75065,71837,75067,70916,75458
participant	23	texte	70921,68638,71619,72937,73683,75796,75795,72399,73691,73877,73884,72634,67944,73689,70169,69820,73882,71363,75464
monde	142	texte	70921,67939,74170,67938,70920,71357,68638,75457,74167,73185,73436,72933,72932,71618,72113,69537,74176,73433,76211,73432,71621,72116,69534,73183,73430,72935,76213,75068,76207,73431,73182,69535,72115,68274,69181,73683,69817,75796,67387,75797,76507,72629,68881,72401,67795,67391,70161,68276,67794,70429,69811,76515,69179,70748,67383,67802,69813,72635,71843,72392,74455,74454,73878,69820,70420,74450,70421,70743,68640,73880,70422,72396,72631,70914,75065,72939,71835,71612,71837,68383,70916,71359,74745,67937,68392,74744,71358,71366,74752,74168,74169,75459
entier	21	texte	70921,67939,72933,73431,68274,69181,69183,70429,69811,67800,76515,67802,72635,73880,71612,71837,71359,74745,74744,75459
discuter	2	texte	70921,71363
confronter	25	texte	70921,67938,74167,74173,71621,69534,73182,72629,72398,70161,68882,73877,67553,74455,68643,67389,70421,72396,75458,74168
leur	130	texte	70921,67939,73434,68389,68638,71619,75457,74167,72933,71618,69533,71621,72116,69536,69534,73183,73430,75069,76212,73431,73182,74174,69535,72115,68274,73683,70163,75796,67387,75797,76513,70162,69816,68275,72629,68881,72401,68277,69814,67391,69183,67794,72400,67555,68886,73691,73685,73875,72940,69186,68273,75792,73877,68645,74456,70753,67561,71841,70746,72394,76509,74450,67389,76508,72395,67798,67940,72632,72630,70422,72631,75461,72939,75070,72119,71837,75067,68383,71836,75463,72122,71359,74751,74750,71614,75458,68384,74169,68391,75459,75465
idée	78	texte	70921,68638,74167,73185,72933,72932,73184,74172,72113,69537,71621,76206,75068,73431,74174,67068,72115,68274,73683,68881,67554,73685,67801,73876,75793,67383,75792,73877,67553,70744,68644,72634,69821,70424,76508,70421,72395,68642,70423,71363,75461,75065,72939,75063,74750,71614,75458,74752,74169,75459
afin	152	texte	70921,74170,73186,70920,71619,74749,75457,72933,72932,73184,76211,72937,69534,72114,73183,75069,76213,75068,76207,72115,67557,69181,73683,70163,67386,67387,70162,69816,68275,67797,72629,75794,74449,70161,67794,68882,69540,70429,69178,69811,73691,75790,75791,70170,73684,68887,73876,70166,75793,67383,75792,73877,69813,68884,67553,70749,72635,69177,73884,71842,72634,70425,75788,75789,74454,67558,71845,72394,74450,67389,76508,69819,70421,67940,72630,72397,73880,74452,70422,68279,69538,72118,75065,75064,75070,71612,69539,72119,76209,75066,70916,71359,75063,74744,71366,75458,74168,74169,74747,71617,75465
émerger	31	texte	70921,73434,67938,68638,74167,71620,72114,76213,73431,68882,69811,73876,75793,67383,69813,70744,71842,68643,74450,68279,71612,76209,74751,75458,74752
projet	433	texte	70921,67939,73186,71357,71619,74749,75457,73185,72933,73190,74172,74748,70923,69537,74176,73433,76211,72936,72937,73432,72116,69534,72114,70918,73183,73430,75069,76212,75068,67557,73683,69817,70163,76512,67386,76513,70162,76507,69816,69180,68275,68883,68277,69814,76511,67385,75794,74449,70161,69815,68276,72400,67555,69178,69811,73691,73685,73875,75790,70164,73684,69179,70428,69541,68885,73876,70166,75793,67383,75792,69813,73687,68884,67553,70749,68645,72392,69177,71842,72634,70745,73879,68281,74455,75789,70168,67945,72633,72394,67799,70420,69818,76509,74450,67388,76508,70421,72395,67798,67940,70743,68642,67942,68279,67943,72631,68641,71363,69538,72118,70914,75461,75065,72939,75064,71835,71612,75460,71360,75066,76208,75067,68383,75463,70916,71359,74751,68387,68393,75063,68392,71614,71358,72121,74746,75458,74752,73438,74169,68385,75465
générer	29	texte	70921,73434,68638,73184,74748,72113,73432,71621,72116,72114,67390,75794,72399,68882,67802,68643,76508,70743,72397,74453,75064,71361,73188,71366,74746,74168
application	114	texte	70921,74170,73434,68638,73190,69533,72113,68639,73433,76210,72116,72934,76207,73431,73182,71839,67068,67796,75796,67392,75797,76507,68881,67554,76511,75795,67390,70161,72399,70429,67800,70170,69179,73876,70166,70744,69177,68644,73879,70169,75788,69820,68280,71841,72633,72394,76509,74450,74451,76508,70421,72630,70423,74453,74452,70422,68641,75461,75071,71835,69539,76208,75067,71836,72122,71359,68393,75063,67937,68392,74744,74750,71616,68390,68384,75459
moins	101	texte	70921,67939,67938,68389,71357,74167,74173,72932,73437,73184,69533,72117,74176,76210,73432,71621,69534,76206,72934,76213,73683,68881,68883,67554,69814,76511,75794,70161,67794,68886,69178,69811,70165,75790,67801,73684,70166,73877,67553,70744,71843,72393,70747,73879,74455,75789,70424,71841,68643,69818,69819,68640,72397,68279,72631,75064,71835,75460,72119,75462,71837,76208,75067,68383,71836,71359,71615,74745,71614,74752,74168,74169,75459,71617
long	90	texte	70921,67939,74170,73434,73187,74749,74167,74173,73185,72932,72116,69534,70918,76213,73182,73683,70162,72629,68881,68883,76511,75794,68882,70429,69178,73875,76515,73684,68273,68887,70167,70744,72392,72393,72634,70747,70425,73879,75789,74450,67940,72396,72631,72939,75064,71835,71837,70916,71366,75458,74752,74169,75459,71617
terme	127	texte	70921,74170,73186,73187,68638,74167,74173,73184,69533,72937,73432,72116,69534,72114,70918,73430,75069,76206,76213,75068,70919,69535,68274,73683,69817,72629,68881,68883,67554,68277,69814,76511,67391,67390,75794,70161,69183,67794,68882,69540,68886,70429,69178,70165,73684,68273,68887,69812,73876,75793,75792,69813,68884,67553,70749,70744,71843,71842,72634,70745,70753,70747,73879,74455,75788,75789,74454,68280,70420,76509,67388,74451,69819,70421,72395,69538,75461,75064,71835,70915,76209,75067,68383,70916,71361,73189,75063,73188,74744,71358,71366,75458,74752,68390,75459
agir	122	texte	70921,68388,67938,70920,74749,75457,73185,73436,73184,68639,76210,69536,69534,73183,76206,73431,72115,67796,68274,69817,67386,70162,72629,68881,67554,72401,67795,69814,67385,67390,76510,70161,67794,67555,69178,69811,73685,67800,75790,69186,73876,75793,67383,75792,69185,69813,67553,68889,71843,72392,69177,72393,70745,70747,68646,67944,71840,75788,75789,74454,72637,68643,71845,67941,74450,67388,72395,67798,70743,68278,70423,73881,68279,72396,72118,67071,75064,71835,70915,71362,71837,75067,68387,67937,71614,75458,74752,68390,74168,74169,75459
susciter	12	texte	70921,71357,68638,76206,72934,72940,70424,68278,72631,72938,71360
imagination	2	texte	70921,70421
sorte	27	texte	70921,68638,74749,70923,72113,72116,72114,67385,67391,74449,70161,67553,70744,72393,72634,73879,70420,76509,72631,71835,71612,76209,75458
celer	101	texte	70921,68388,67939,67938,71357,68638,74749,75457,74167,73185,69533,73432,71621,69534,72114,73430,76206,76213,73182,67068,69535,72115,68274,73683,76507,72629,67795,69814,67385,67391,75794,70161,67794,67555,68882,75790,67801,73684,70166,75792,73877,70749,72392,69177,74457,69821,73879,74455,75789,72637,68643,67558,72394,70420,74450,67388,72632,72630,67942,74453,70422,68279,75065,71835,69539,72119,70917,71837,68383,71836,75463,71359,68387,75063,67937,74750,71614,75458,74752,74168,75459
concrétiser	6	texte	70921,74172,67068,68881,72392,68643
collaboration	89	texte	70921,68388,70922,74749,74173,72932,73184,71618,72113,76211,76210,69536,72114,71838,73430,76212,75068,76207,67387,70162,69180,68881,76511,67385,67391,69540,68886,69178,70165,68885,69812,73876,70167,67802,73877,68884,71843,72392,68644,72634,70425,71841,72394,76508,69819,70421,72397,68278,70422,68279,67943,75064,75070,71612,69539,75463,72122,68387,73189,75063,73188,74750,71358,75458,68390,68384,68391,75459
partenariat	87	texte	70921,74170,73434,70920,71357,73185,74172,74748,68639,71621,69536,73430,75068,74174,68883,72398,67795,70161,69815,68276,73691,76515,73684,70748,73876,70166,75793,69813,68888,70751,70745,70753,67561,67944,73689,74455,67945,70420,70421,68642,72630,68278,70422,72396,71363,72938,71612,71360,72122,68393,68392,74744,71358,72121,75464,68384,75465
résumer	45	texte	70921,74749,75457,74167,72933,74172,69533,75069,76206,73431,72115,69817,68881,76511,73875,73684,69179,70166,70749,74457,74455,75788,74454,68643,70420,72631,70914,75065,75064,71612,76209,75066,68383,74745,71358,75458,74752,74168,74169
karine	2	texte	70921
wallois	1	texte	70921
chef	21	texte	70921,71619,74749,74172,72113,74176,75069,75068,68274,76511,70166,75792,72395,70916,75063,74744,75458,74752,74168
cadre	158	texte	70921,73186,73435,74171,68638,74749,73184,69533,72117,69537,73433,73432,69536,70918,72935,72934,75068,76207,73431,73182,74174,69535,73683,69817,67386,76513,70162,69816,68275,72629,72398,67795,68277,69814,76511,67385,75794,74449,68882,69178,69811,73685,73875,75790,70164,73684,69179,69541,68885,69812,73876,75793,73877,73687,70749,69177,72634,70745,70753,68646,73879,75789,74454,68280,70424,71841,68643,72394,67799,70420,73883,69818,67388,70421,67940,70743,72630,67942,74453,70422,73881,72631,71363,69538,75064,71612,75460,71362,71360,76209,68383,71359,74751,68387,68393,74744,74750,71358,75464,71616,74746,75458,74752,68384,74168,68385,75459
ailleurs	44	texte	70921,71357,68638,74749,75457,74167,70923,72113,73432,73430,76206,67068,72115,76507,68883,67795,76511,74449,76510,68273,68885,69185,73687,70749,68645,69177,72393,67944,71840,75788,70421,67798,68279,75065,71360,71836,70916,71359,68387,74746,68390
charger	24	texte	70921,67939,72932,72116,73683,69178,75790,69179,70428,70749,69177,74456,72393,72634,73688,74450,72630,70422,74746,75459
présenter	87	texte	70921,68388,71357,71619,73436,73184,73190,74748,69537,74176,76210,71621,72114,75069,75068,73431,74174,69535,72115,73683,70162,67556,67554,67385,67391,74449,72399,72400,69811,73691,76514,70164,69186,67801,70428,69541,73877,67553,70749,74456,72393,70751,72634,75788,70168,68280,73688,70752,67558,71845,67941,67389,67388,76508,72630,70423,74452,70422,68279,72118,72939,70915,68383,74744,75464,74746,74169,68385,75459,75465
industriel	219	texte	70921,73434,75457,74167,73436,72933,73190,74172,70923,72113,76211,72936,72937,73432,72116,69534,72114,73183,73430,76213,75068,76207,74174,71839,67068,69535,67557,68274,69817,75796,67392,67386,68275,72629,68881,67554,76511,67385,75795,75794,70161,69815,68276,72399,67555,68882,73685,73875,76514,75790,75791,70170,69179,68273,69541,70748,68885,73876,70166,75793,67383,75792,67553,70749,72392,70426,74456,73884,72393,67946,68888,72634,70753,71840,73879,74455,68280,67945,70752,67558,72394,70420,69818,74450,67388,76508,69819,73882,67798,68642,68278,70422,72396,68641,71363,70914,75071,75065,72938,70915,71362,71360,70917,75462,68383,71361,71359,71615,68393,73188,68392,74744,71614,71358,75464,74746,68390,74168,74747,75465
sou	106	texte	70921,67939,70920,68638,71619,75457,74173,72932,73190,74748,72113,68639,74176,76210,72114,70918,74175,75068,76207,73182,72115,67796,68274,69181,73683,69817,70163,76512,68881,68883,67554,72401,68277,76511,74449,69815,67555,69540,70429,70165,76515,73684,68273,68885,73686,70167,67802,68884,67553,72635,74456,73884,68644,72634,70425,74455,75788,68280,68643,67558,70420,67388,67798,68279,72939,71612,69539,75462,75067,68383,75463,70916,71358,72121,74746,74752,75465
3	76	texte	70921,68388,73434,73184,72936,69534,73183,75069,76212,72935,67387,67556,76511,69815,68276,72400,67555,69811,75791,69179,68887,69541,68885,73686,75793,67802,73687,68884,67553,70749,68889,69177,68888,70751,72634,67944,72633,73883,74450,70743,68642,72397,68279,69538,75071,75065,75462,75067,68387,75063,67937,75458,74168,75459
angle	4	texte	70921,72113,73182
technologie	241	texte	70921,73435,68638,71619,75457,74167,73185,73436,73184,73190,70923,72113,72117,76210,73432,72116,69534,70918,71838,75069,72935,72934,76213,76207,73431,73182,74174,71839,67068,69535,72115,67557,67796,75796,69180,67797,72629,68881,67554,69814,75795,67390,70161,69815,68276,72399,70429,69811,73691,69179,68273,68885,73686,73876,75792,68884,67553,72392,70426,69177,74456,68283,73884,72393,70751,70753,71840,73879,68281,75789,70168,74454,73878,72633,67388,74451,76508,70421,68642,68640,72630,72397,70422,72118,70914,75461,75065,72938,75064,71612,70915,75462,76209,75066,76208,75067,75463,70916,71359,74745,74744,71614,74746,74168,74747
fibre	24	texte	70921,72932,72934,70167,70751,68641,71614
1	104	texte	70921,68388,73187,74171,71619,74749,74173,73185,73184,72117,76210,69534,75069,72934,73431,72115,73683,67387,68881,68277,69182,69814,75794,68882,69540,69178,67801,73684,69179,68273,69541,68885,75793,67802,73687,68889,72392,72634,68646,70425,73689,71841,68643,72394,76509,67388,76508,67940,70743,68640,72397,74453,68279,72631,68641,67071,75065,75064,70915,71362,71360,75067,68383,70916,73189,72121,75458,68390,68391
management	14	texte	70921,73190,72937,70748,70751,70168,74451,72395,68383,74751,71616
innovation	342	texte	70921,74170,73186,73187,74171,67938,70920,75457,74167,72933,73190,74172,74748,69533,72113,68639,69537,71620,74176,73433,76211,72937,69536,70918,71838,73430,75069,76212,72935,72934,76213,75068,73182,71839,67068,70919,69535,67557,67796,68274,69181,70163,67386,67387,75797,70162,76507,69816,69180,67797,67556,68883,67795,68277,69814,67385,76510,70161,69815,68276,72400,68882,70165,76514,75790,75791,70164,68273,70748,69543,68885,73686,73876,67383,73687,68884,70744,72392,74456,72393,67946,70751,70753,67561,71840,73689,73879,74455,75789,70168,74454,70424,71841,70752,72633,67941,70420,73883,69818,76509,74451,73882,72395,67940,72632,70743,68642,68640,72630,67942,73880,68278,70423,74453,74452,68279,68641,71363,69538,70914,67071,75071,75065,72938,75460,71360,70917,76209,75066,76208,68383,71361,72122,71359,71615,68393,68386,74744,74750,75466,71616,74752,68384,73438,68385,74747,71617,75465,72120
2	71	texte	70921,67939,73435,71357,73437,73184,74748,69533,74175,69817,76512,75796,67387,72398,69182,70161,69815,68276,67794,67555,69540,67800,69186,68273,68885,69812,67802,73877,69813,73687,69542,72635,69177,72393,70746,72633,74450,67388,67940,68279,72631,75071,70915,72119,71360,75066,71836,70916,74751,68392,72121,74746,75458,72120
barrièr	1	texte	70921
filtration	4	texte	70921,72399,70751
isolation	2	texte	70921,70751
familiariser	2	texte	70921,70162
outil	127	texte	70921,73434,74171,74167,72932,71618,68639,69537,69536,69534,76207,73431,73182,72115,75796,76513,70162,76507,68275,67554,76510,70161,69815,69183,67555,68882,69811,73685,76514,72940,70170,68885,69812,73876,70166,73877,69813,72392,73879,68281,75788,69820,72637,68643,70420,70421,67798,68279,70914,75064,75070,76208,71359,74751,74745,74744,74168,75459
notre	191	texte	70921,67939,73186,67938,74749,74167,72933,73184,74172,72113,73432,69534,72114,73430,75069,76213,76207,73431,67068,67386,76507,68275,72629,68881,67554,72401,72398,67795,76511,75794,70161,67794,70429,69811,73685,73875,72940,73684,68273,69812,73876,70166,67383,75792,73877,69813,67553,70749,72392,74457,71842,70745,70753,73879,74455,70746,68643,72394,70420,74450,67389,70421,72630,70422,72396,70914,75461,67071,75065,75070,71835,70915,75462,76209,76208,68383,71836,71359,74745,68387,67937,74744,71614,71358,74752,74168,74169,71617
disposition	17	texte	70921,71618,69536,69181,70162,69811,73876,67553,70753,68281,76508,74452,70914,71359
mono	1	texte	70921
bi	1	texte	70921
tri	4	texte	70921,69541,72392,73879
composant	37	texte	70921,71619,71620,72116,72114,76213,71839,67068,70919,68881,67554,76510,68882,69179,67383,72635,74454,70424,69818,70914,75064,75070,72119,74168
extrusion	1	texte	70921
filage	1	texte	70921
nontisser	1	texte	70921
spunbond	1	texte	70921
meltblown	1	texte	70921
futur	51	texte	70921,73186,71357,68638,74167,74748,69533,72936,73183,76212,76213,75068,76513,67797,69182,70161,67804,68882,69178,70170,69543,75792,72392,69177,73884,70751,70745,69821,67945,72394,70421,72119,71837,75066,71359,72121,74752,71617
travers	36	texte	70921,67939,74749,73184,74748,72936,69536,69535,67796,68275,67554,67555,68882,76515,70164,70748,70745,67561,70169,70424,73883,70421,67798,72630,72631,71363,75070,75460,71362,68383,74751,74744
j	36	texte	70921,73185,72932,73430,76213,67068,72115,68274,76507,72629,67795,76511,70161,69812,70166,69813,69821,72394,74450,72631,71835,71612,67937
appeler	41	texte	70921,73435,71357,69533,70919,67387,76511,74449,68276,67555,75790,67801,73877,69813,72635,68645,71842,70745,73879,75789,70746,68643,67558,72394,67388,73882,72632,68642,73880,67943,71837,71359,75063,74750,74746,75458
cogitation	1	texte	70921
assez	15	texte	70921,74167,72932,73182,73683,68275,67554,68882,69186,75793,72394,74450,71836,75459
genre	13	texte	70921,67939,73431,70162,69178,68884,71842,70420,70421,72939,70915,74169
montrer	63	texte	70921,68388,68389,74749,74173,73184,69533,72113,69534,76206,72934,73431,70919,68274,67387,69816,67554,76511,67390,75794,74449,67794,68882,68886,67800,68887,72635,70744,71843,70753,73689,68281,70746,67558,71845,72632,67942,70423,72631,70914,75065,70915,75463,72122,68387,67937
comment	56	texte	70921,67939,67938,68638,70922,72932,72113,74176,69534,74175,73183,70163,70161,67555,75790,72940,73876,67803,75793,73877,68884,72392,74457,70745,70420,67389,70421,72631,69538,71835,69539,76209,74751,67937,74744,74752,74168,75465
constituer	68	texte	70921,73434,68389,71357,68638,74167,69537,73432,72114,76213,70919,73683,70163,67387,70162,67797,67795,68277,67390,74449,68882,69178,72940,73684,69179,68885,70167,70426,72393,71842,72634,67944,70425,75789,74454,73878,68280,70746,67558,67941,70420,72632,68642,72397,74453,67071,75065,75070,71612,72119,71836,68387,73188,67937,74746,68390,75459,74747,75465
représentant	19	texte	70921,68274,70163,70162,70164,69186,69541,68885,73877,69542,70749,75788,70422,72396,75071,75064,74744
faciliter	18	texte	70921,73187,72932,73184,74748,70923,70918,75069,68275,69814,75790,70744,70746,67558,67389,72630,71359,74746
échange	32	texte	70921,67939,72932,71618,70923,76211,74175,73430,74174,72398,67794,72400,68882,73690,73877,70749,67946,68888,70751,71840,72394,73882,68642,70422,72396,69538,75071,75458,74169
contact	38	texte	70921,74749,74173,73185,72932,74172,68274,67556,67390,69183,76514,75791,70167,67553,69819,70421,72397,70422,72396,67937,74750,74168
rencontre	42	texte	70921,67939,74748,74176,74175,73182,74174,67068,68274,75797,68881,75795,68886,73685,76515,67383,76516,73877,68889,74456,70751,72634,70752,70743,71612,71837,68392,72121,74752,75465
lors	85	texte	70921,67939,68638,71619,72933,72932,74172,69533,72937,73432,69534,72935,72934,73431,73182,73683,70163,76513,67797,68881,68883,76511,72400,68882,69811,73691,73684,68887,73686,69184,75793,67383,73687,68884,67553,70749,69177,74456,67944,71840,75788,75789,70168,73688,71841,70746,68643,76509,67388,72632,70743,73880,74452,72396,75064,71360,75462,76209,70916,67937,74744,75459,71617,72120
table	26	texte	70921,74172,72937,72935,75797,74449,76510,69815,72400,76515,69186,73686,75793,76516,74456,70751,70752,71845,73882,71360,75462,75466,73438
ronde	7	texte	70921,75797,76515,74456,70752,73882,73438
pausescafé	1	texte	70921
visite	11	texte	70921,75457,74748,76515,67553,70751,75071,72939,75458
machine	22	texte	70921,74171,68638,72933,72114,72934,67386,76513,75791,72393,67945,75064,74168
organisateur	5	texte	70921,74175,74174,72393,75066
11	17	texte	70921,68389,72937,68276,67555,73684,68273,69541,68889,70751,67944,73689,68642,73880,70915,72121,75458
souhaiter	79	texte	70921,68638,74749,75457,74748,71618,75069,76206,75068,76207,73431,73182,74174,67068,68274,73683,72629,72401,67795,70161,73685,73875,67800,70165,73684,68273,69812,73876,75792,73877,73687,67553,70749,72635,72392,70425,74455,68643,70420,69819,70421,72395,68642,72630,70422,75461,72938,71835,71612,75462,71359,74746,74752,74168,74747
jouer	29	texte	70921,68388,73434,73185,72932,72116,68275,68881,70161,69815,68886,75790,69184,70749,72392,75788,73878,72631,70914,75070,76209,68387,67937,75459
rôle	53	texte	70921,68388,73434,73185,72932,73184,72116,76206,68274,69181,73683,67556,68881,76511,70161,69815,68882,69540,68886,73691,73685,67800,69184,67803,70749,67946,72634,73878,72631,70914,75070,72119,76209,68387,67937,74744,74746,75459
facilitateur	1	texte	70921
aboutir	28	texte	70921,67939,73187,74167,73185,75069,73431,67068,72115,76511,73876,67383,70749,72393,72634,75789,74450,76508,71835,71612,71362,74751,74744,74168,74169
action	37	texte	70921,73435,67938,71357,73185,74172,74748,72113,69536,73182,67795,76511,68882,70164,73690,70748,69184,70167,67553,68645,68280,70746,71845,74450,76508,72395,70914,75462,68386,71366,74746,75458
concret	7	texte	70921,73435,75457,68881,69541,71845,68383
exemple	92	texte	70921,74170,71357,74167,73185,72933,72932,68639,69537,71621,72116,73430,73431,67068,70919,69535,72115,69181,69817,67386,67387,69816,68275,72629,68881,67554,67795,76511,67385,74449,69815,67794,68886,69811,73685,70165,75790,68273,73876,70166,67383,75792,73877,72392,69177,72393,70751,70745,70753,72636,75788,68643,67558,70420,74450,70421,67798,72632,72630,74452,70915,75462,71836,71359,74745,68387,74744,71614,74752
initiation	3	texte	70921,73437,68644
viser	66	texte	70921,73435,70922,74749,75457,74173,74748,68639,69537,71620,73432,72114,71838,76206,74174,68274,67386,69816,68881,69814,76511,74449,68882,75790,69541,68885,69813,68884,70426,69177,72634,70745,68646,74455,71845,72394,69818,67388,70421,67798,68642,68279,72939,75064,75067,70916,71615,74751,71614,75464,68384,74168,68385
optimiser	34	texte	70921,73434,73436,73184,75069,73182,67557,68274,70163,76507,67554,74449,68882,67800,75790,68885,69813,72393,71840,72637,72395,72630,72118,75064,75070,71612,69539,75462,75464,68385,71617
combinaison	7	texte	70921,67939,73187,67796,76209,71836,74168
déjà	148	texte	70921,68388,74170,67938,68389,70920,74167,73185,72933,72932,73184,71618,73432,71621,69534,72114,70918,73430,76206,72935,76207,73431,73182,70919,72115,69181,69817,76512,70162,69816,72629,68881,67554,67795,76511,67385,74449,70161,69815,67555,70429,69811,73685,73684,69179,68273,73876,75792,69813,67553,70749,72635,70744,71843,72392,74457,71842,72634,70745,68646,75788,68643,72633,70420,76509,74450,67389,74451,76508,69819,70421,72395,67798,70743,72630,73880,68279,72631,69538,72118,70914,75065,75070,71362,76209,75067,68383,71836,71359,71615,74745,75063,67937,68392,74746,75458,68390,74168,75459
existant	21	texte	70921,71620,72114,75068,67386,67387,67795,67555,68887,68885,75792,73687,70745,73883,68642,74453,72118,71362,75067,75458
voire	42	texte	70921,74749,72932,69533,73432,71621,72114,75069,72115,76511,67390,70161,68886,73685,73875,73684,67383,73687,70749,70744,71843,68283,75789,68280,70424,70420,74450,69819,70421,70743,70422,72396,72939,71835,71359,74751,74750
créer	137	texte	70921,73435,74171,67938,68638,71619,74749,75457,73185,74172,72113,68639,72117,74176,73433,76211,72936,72937,73432,71621,73430,76207,73182,67068,70919,69181,76512,70162,76507,69180,72629,68881,72398,67795,69814,67804,69540,73691,73685,68273,69541,70748,73686,69812,73876,67803,70166,67383,75792,73687,67553,72392,68888,68646,67944,71840,73879,74454,70424,71841,72637,68643,72633,73883,69818,76509,74450,74451,67798,68642,72630,74453,70422,72118,67071,75065,72939,75064,71362,71360,75066,76208,75067,68383,74751,74745,68393,75063,68392,74744,71614,71358,71616,74746,75458,74752,68384,74169,74747
nous	458	texte	70921,67939,73434,67938,71357,68638,74749,75457,74167,72933,73184,70923,69533,72113,73432,71621,69534,72114,75069,76206,76213,76207,73431,73182,67068,72115,68274,73683,69817,76507,68275,72629,68881,72398,67795,76511,74449,70161,68276,67794,67555,68882,73685,73875,70165,75790,72940,73684,68273,68887,68885,69812,73876,70166,75793,67383,75792,73877,67553,70749,72392,69177,74457,68283,72393,71842,72634,70745,69821,73879,68281,74455,75788,75789,68643,72394,67799,70420,74450,74451,76508,70421,67798,72630,70422,68279,72396,72631,70914,75461,75065,75064,71835,71612,70915,75462,76209,75066,68383,71836,70916,71359,74745,68387,75063,67937,74744,71614,71358,75458,74168,74169,75459,71617
étranger	28	texte	70921,74167,71618,72113,72629,67795,70161,72399,73875,69185,67553,72393,69821,72637,76508,72630,70422,72396,71837,68383,71614,71358,74169
rendre	43	texte	70921,73434,68389,72932,73437,69533,72936,76210,71621,73430,72934,76207,73182,67068,67387,72629,67795,75794,70161,67555,73685,69541,69542,70744,73879,75788,67941,67798,72630,70422,68279,72396,70914,75065,71835,75460,69539,76209,71836,71359,74744,75458,75459
compte	88	texte	70921,73435,74171,68638,74749,74167,72933,71618,69533,72113,76211,72936,72114,72935,76213,76207,67068,70163,67386,67387,70162,76507,72629,70161,69815,68886,73685,73875,73684,68885,69812,73876,70166,69813,67553,68645,72392,69177,68646,73879,74455,73878,73688,71841,72633,74450,74451,70421,68642,72630,70422,69538,70914,67071,71835,71362,70916,71361,68387,75063,68386,74744,71614,71358,71616,75459
quel	63	texte	70921,74749,72932,74748,76210,74175,73183,75069,76206,76213,73182,69816,68881,67554,72401,67795,67390,70161,67794,68882,69540,75790,72940,73684,69813,68645,72392,68283,70745,70425,68643,74450,67388,70422,75064,71835,70915,69539,76209,75463,67937,71358,71366,74168
point	66	texte	70921,67939,71357,72933,74176,73432,69534,72114,75069,76206,76213,74174,70919,75796,67386,70162,67554,68277,76510,70161,69183,67555,68882,67800,75791,68273,68885,75793,69813,74457,72634,70747,70425,75788,69820,73883,74450,70743,73880,74453,74452,71363,72118,70914,71612,68383,71836,75063,74744,75464,68384,74168
regrouper	48	texte	70921,67939,73434,73187,74171,67938,68638,73184,72113,68639,72934,75068,69181,69817,75796,68275,68276,68885,73877,73687,67553,71842,72634,67388,68642,68279,70914,67071,75065,71837,71361,71359,71615,74746,74168,68385,74747
site	60	texte	70921,75457,76210,71838,75068,67386,70162,67797,67795,74449,69178,67800,68885,69184,75792,67802,69813,68884,69542,72392,74457,71842,69821,75788,67941,70420,74450,69819,70743,68279,70914,75064,76208,75463,71358,68384
avenir	39	texte	70921,71357,74167,73184,70923,72117,74176,73432,71621,72114,70919,69535,69181,69817,76507,69816,67385,67804,69178,72940,67801,69812,69177,70420,70421,72938,75070,75067,71359,71358
qu	208	texte	70921,68388,67939,74170,73434,68389,71357,74749,75457,74167,74173,73185,72932,73184,69533,72113,76210,73183,76206,72935,76213,73431,73182,67068,69535,72115,68274,73683,70162,76507,72629,68881,67795,68277,76511,74449,70161,69183,67794,67555,69540,68886,69178,70165,75790,72940,70170,67801,73684,68887,69541,69812,73876,75793,75792,73877,69813,73687,67553,70749,70744,68645,69177,73884,72393,71842,72634,70745,70753,70425,69821,73879,68281,74455,74454,71841,68643,72394,67941,74450,67389,67388,76508,70421,70743,68640,72630,70423,70422,72631,70914,75065,75064,75070,71835,71612,70915,70917,76209,76208,68383,75463,70916,71359,74745,68387,75063,67937,71614,71358,74746,75458,74752,68390,74168,74169,75459
ici	49	texte	70921,70920,71357,68638,72933,70923,69533,76211,72114,73430,75069,67068,69181,69817,67387,69816,68881,67795,69182,75795,67794,69178,73684,70748,68885,72392,71842,70745,75789,72394,74451,70422,68279,69539,71362,68383,75463,75063,71614
possible	61	texte	70921,68388,73435,73434,71357,74167,73184,73432,71838,72934,67068,69535,72115,73683,67386,70162,67554,67795,69182,67385,76510,69183,67794,68882,69540,69178,69811,67801,73876,67383,67553,70744,70746,67558,67798,70743,72397,68279,70914,75071,75065,72939,75070,76208,75067,71836,70916,74168,75459,71617
parvenir	43	texte	70921,73187,70922,74173,72113,72114,75069,76213,67068,68274,76512,68275,75794,70161,69183,69178,67800,75791,75792,73877,70749,70744,68644,70425,68280,67558,69818,69819,68640,72630,70422,67071,75065,70916,74744,74750,74168,74169
marché	136	texte	70921,73435,67938,71357,71619,74749,74167,73436,74748,72114,75069,76207,69535,72115,68274,73683,76512,72629,68881,76511,75795,73685,70165,76514,69179,68273,73876,67383,67553,70749,72392,69177,73884,70751,72634,70753,71840,74455,73878,68643,72633,69818,74450,67388,74451,76508,72395,68279,72396,72118,75065,72938,75070,71360,75462,76209,75066,75067,68383,72122,71359,74745,75063,68392,71614,71616,74169
produit	140	texte	70921,67939,73187,74749,74167,72933,74748,72113,69534,72114,75069,72935,75068,76207,67068,67557,68274,75797,76513,76507,72629,67555,68882,69811,70165,76514,68273,68885,73876,70166,75793,67383,75792,69813,72393,72634,73879,71841,72633,67558,67799,74450,67388,74451,76508,70421,72395,67798,68642,72630,68278,68279,72396,68641,69538,72939,69539,71362,71359,68387,67937,74744,71616,68390,68391,74747
ne	315	texte	70921,67939,73434,67938,68389,71357,68638,74749,75457,74167,74173,73185,73436,72933,72932,74172,71618,70923,69533,72113,72117,71620,73433,72937,76210,73432,71621,69534,72114,73183,73430,75069,76206,72935,72934,76213,76207,73431,73182,67068,69535,72115,73683,67386,70162,72629,68881,68883,67554,67795,76511,67391,75794,74449,70161,69183,68276,67794,67555,68882,70429,73875,75790,67801,73684,68273,68887,68885,69812,69184,73876,70166,67383,75792,67802,73877,69813,73687,67553,70749,72635,70744,72392,69177,74457,72393,71842,68644,72634,70745,70747,72636,69821,73879,74455,75788,75789,71841,68643,67558,72394,67941,70420,76509,74450,67389,67388,74451,76508,70421,67798,67940,67942,70423,74453,70422,67943,72396,72631,69538,75065,72938,71835,70915,69539,70917,76209,68383,71836,70916,71359,74745,68387,75063,67937,74744,74750,71614,74746,75458,74752,74168,74169,75459,71617
reste	55	texte	70921,73187,74167,73185,73436,73433,76210,72114,76213,73182,67068,72115,67557,73683,70163,72629,67554,67795,69182,75794,67555,68273,68887,69184,70167,69813,67553,72634,72636,70425,75789,68643,74450,67389,67388,76508,71835,71612,76209,68383,71614,74168,68391,74747
pas	370	texte	70921,73434,67938,68389,71357,68638,74749,75457,74167,74173,73185,72933,72932,74172,70923,69533,72113,69537,71620,74176,72937,76210,73432,69534,72114,73183,73430,76206,72935,72934,76213,76207,73431,73182,67068,69535,72115,68274,73683,67386,76507,72629,68881,67795,76511,67391,75794,74449,70161,69183,68276,67794,67555,68882,69540,69178,73685,73875,75790,72940,76515,67801,73684,68273,68887,68885,69184,73876,70166,75793,67383,75792,73877,69813,73687,67553,70749,72635,70744,72392,69177,74457,72393,71842,68644,72634,70745,72636,67561,71840,69821,73879,74455,75789,74454,73688,68643,72394,67941,70420,74450,67388,74451,76508,69819,70421,67798,67940,72632,72630,70423,74453,70422,67943,72396,72631,70914,72939,71835,71612,70915,69539,72119,70917,71837,76209,68383,70916,71359,74745,75063,67937,74744,71614,75458,74752,68390,74168,74169,75459,71617
niche	6	texte	70921,74749,72114,75795,67553,68643
considérer	17	texte	70921,68389,74167,73185,72932,74175,76206,72115,67556,72629,72400,67801,73877,74457,72637,72394
fort	67	texte	70921,67939,67938,71357,68638,73185,72933,73184,74176,72936,72937,73430,72934,76213,69535,67796,69181,73683,70163,69816,69182,76511,75795,72400,69811,73691,73685,76515,69186,69813,69177,74457,68283,69821,75788,67945,70752,67389,74451,76508,70421,70743,72630,70914,75461,76209,76208,75067,74750,75466,71614,71358,72121,75458,74752,73438,71617
valeur	23	texte	70921,70920,72933,73182,69535,76511,68276,69540,69811,70748,73876,72637,72395,72939,71358,74169
ajouter	47	texte	70921,67939,67938,71357,73436,72933,72932,72935,67068,69535,76512,67386,76507,72629,68881,76511,68276,67555,75791,73684,68273,69184,73876,70166,69177,69821,70424,67558,70421,68642,72396,70914,75071,71835,70917,68383,75063,67937,71358,75458,74752
déclarer	43	texte	70921,67939,68638,73185,72933,74172,70923,72114,75069,70919,67796,70163,72629,68881,68883,72398,70161,69815,67794,73685,72392,69177,74456,70745,68646,68281,74451,70421,74453,70914,67071,68383,71836,75063,67937,74744,71358,74752
walllois	1	texte	70921
au coeur des régions	28	rubrique	70921,73435,73434,74748,72117,75068,69817,76512,69182,76511,68885,70166,75792,71842,70745,74455,73878,68643,72395,67798,68279,67943,72118,75461,75066,75067,71361,68387
273	10	bulletin	70921,70920,70922,70923,70918,70919,70914,70915,70917,70916
11/09/2012	10	date	70921,70920,70922,70923,70918,70919,70914,70915,70917,70916
jean-françois desessard	325	auteur	70921,68388,67939,74170,73186,73435,73434,73187,74171,67938,68389,70920,71357,68638,70922,71619,74749,75457,74167,74173,73185,73436,72933,72932,73437,73184,73190,74172,74748,71618,70923,69533,72113,68639,72117,69537,71620,74176,73433,76211,72936,72937,76210,73432,71621,72116,69536,69534,72114,70918,71838,74175,73183,73430,75069,76206,76212,72935,72934,76213,75068,76207,73431,73182,74174,71839,67068,70919,69535,72115,67557,67796,68274,69181,73683,69817,70163,76512,75796,67392,67386,67387,75797,76513,70162,76507,69816,69180,68275,67797,67556,72629,68881,68883,67554,72401,72398,67795,68277,69182,69814,76511,67385,75795,67391,67390,75794,74449,76510,70161,69815,69183,67804,68276,72399,67794,72400,67555,68882,69540,68886,70429,69178,69811,73691,73685,73875,67800,70165,76514,75790,72940,75791,70170,76515,70164,69186,67801,73684,73690,69179,70428,68273,68887,69541,70748,69543,68885,73686,69812,69184,73876,67803,70166,75793,67383,75792,76516,70167,67802,73877,69185,69813,73687,68884,69542,67553,70749,72635,70744,68889,68645,71843,72392,70426,69177,74456,74457,68283,73884,72393,71842,67946,68644,68888,70751,72634,70745,70753,70747,72636,68646,67561,67944,71840,70425,73689,69821,73879,68281,74455,70169,75788,75789,70168,74454,73878,69820,68280,73688,70424,67945,71841,70746,72637,70752,68643,72633,67558,71845,72394,67941,67799,70420,73883,69818,76509,74450,67389,67388,74451,76508,69819,73882,70421,72395,67798,67940,72632,70743,68642,68640,72630,67942,72397,73880,68278,70423,74453,74452,70422,73881,68279,67943,72396,72631,68641,71363,69538,72118,70914,75461,67071,75071,75065,72939,72938,75064,75070,71835,71612,75460,70915,69539,72119,71362,71360,70917,75462,71837,76209,75066,76208,75067,68383,71836,75463,70916,71361,72122,71359,71615,74751,74745,68387,68393,73189,75063,73188,67937,68392,74744,74750,75466,71614,71358,71366,72121,75464,71616,74746,75458,74752,68390,68384,74168,73438,74169,68385,68391,75459,74747,71617,75465,72120
ceti international forum - karine wallois et anais stael : tél. : +33 (0)3 62 72 61 33 email : internationalforum@ceti.com	1	contact	70921
agent	13	titre	68388,72115,73686,70746,67388,74453,71612,68387,75063
protecteur	4	titre	68388
contre	45	titre	68388,72933,69536,73430,72935,76207,69816,76511,74449,76510,73877,69813,72635,70746,67798,72632,74453,71835,75067,67937,74746,75458
neurotoxicité	2	titre	68388
mercure	8	titre	68388,73183
direct	50	texte	68388,68389,70922,74167,74173,73436,74748,71618,76210,69816,72401,67391,67390,75794,69183,69540,68886,67800,67801,68887,69184,70167,67802,72635,68645,71843,67946,68644,70753,70747,68646,68280,73688,70746,67558,67389,69819,72630,72397,75070,69539,72119,75463,73189,73188,74750,68390,68391
connu	4	texte	68388,72115,69186
infection	9	texte	68388,72935,70746,71612,75067,67937
inflammation	2	texte	68388
chimiokine	7	texte	68388
visàvis	16	texte	68388,74167,73432,69534,67557,70161,75790,72394,68279,74745,68387,75458
cerveau	31	texte	68388,74171,74173,73184,76213,67801,68887,67802,70744,68646,73879,67389,74453,69539,73189,74752
souris	18	texte	68388,74173,73184,68887,69184,67802,72631,73189
alimentation	88	texte	68388,71357,74749,73184,74172,69537,73433,69534,75069,76206,76213,68275,67795,76511,67385,74449,67794,67555,68882,73685,75790,70428,75793,70749,71842,70746,67798,68279,72396,67071,75462,76209,68387,75458,71617
contaminer	4	texte	68388
chercheur	389	texte	68388,67939,74170,73186,73435,73434,67938,68389,70922,74173,73436,72933,72932,73184,74172,71618,69533,72113,69537,73433,76210,73432,72116,69534,73183,75069,76206,72934,76213,75068,73431,74174,67068,70919,72115,67557,69181,69817,70163,76512,67386,76513,69816,68275,67556,67554,72401,69182,69814,67391,67390,75794,74449,69815,69183,68276,67555,68882,69540,68886,69178,69811,67800,75790,72940,75791,76515,70164,67801,70428,68887,70748,69812,69184,67383,75792,70167,67802,73877,70749,72635,70744,68645,71843,72392,70426,74457,72393,71842,67946,68644,70745,70753,70747,68646,70425,69821,75788,73878,68280,73688,70424,67945,71841,70746,68643,67558,72394,70420,67389,69819,70421,67940,72632,70743,72630,67942,72397,68278,70423,74452,70422,73881,72631,68641,70914,67071,75065,72939,72938,75070,71835,71612,69539,72119,70917,75462,71837,75067,75463,70916,71615,68387,73189,73188,67937,74750,72121,75464,75458,74752,68390,74168,68385,68391,75459
unité	63	texte	68388,74170,73184,71618,73432,75069,73431,67068,73683,69180,67556,68883,68882,76515,68885,69812,69184,75793,67802,73877,73687,70426,72393,71842,70745,70425,70746,72633,72394,67941,70420,67389,67388,70743,72630,68278,72631,71612,71837,71836,70916,68387,75063,75458,68384,74169,68385,75459
968	1	texte	68388
institut	168	texte	68388,71357,68638,70922,74173,73436,72933,72932,71620,76211,69534,73183,73430,75068,76207,67068,70919,72115,76512,69180,68275,67556,68881,72398,68277,69814,67390,75794,70161,69183,68276,72399,67794,68886,69178,69186,68273,68887,70748,68885,73686,73876,75792,70167,67802,73877,73687,72635,70744,68283,72393,70751,72634,70745,70753,70747,68646,67561,71840,70168,73688,70424,67945,67799,73883,67389,67388,74451,69819,67940,72397,74453,74452,73881,72396,68641,75065,72939,75064,75070,71835,71612,69539,71362,71360,75463,70916,71615,73189,68392,71614,71358,72121,71616,75458,74168,74169,68391,75459
vision	29	texte	68388,73434,68638,76211,73430,70162,70161,67794,68886,70164,73876,75793,70749,70751,67561,67945,70421,68642,71360,68383,71617
inserm	15	texte	68388,76515,67801,68887,67802,73878,67389,74451,72631,68387,68386,75459
environnement	143	texte	68388,67938,71357,69533,76211,72937,76210,73432,71621,72116,71838,73431,70919,69535,70163,76513,69816,68275,68881,72398,76511,67385,75795,70161,67804,67794,70429,69811,73875,70165,76514,70170,70164,73684,73690,68885,69812,75792,73877,69813,73687,68645,72392,69177,68283,72393,71842,70745,70425,73879,68281,70169,70746,68643,70420,69818,67389,70421,70743,73880,71363,69538,67071,75071,75064,75070,70915,71362,75462,76209,75067,75463,68387,73188,75458,71617
paléoenvironnement	1	texte	68388
océanique	8	texte	68388,73434,73688,70743,73880
continental	7	texte	68388,67939,73434,71621,73880,70916
cnrsuniversiter	5	texte	68388,67387,70745,72939,68391
bordeaux	24	texte	68388,74749,75457,72117,74176,73431,75795,67391,67801,75793,68646,73882,70422,68641,75067
4	85	texte	68388,67939,74170,73434,73185,73436,72932,73184,74748,72117,71620,69534,72935,73431,74174,69535,72115,67557,70163,76512,75796,67387,72629,67795,68277,74449,72399,67555,68882,69178,70165,70170,70164,68273,69543,68885,69812,67803,70166,69813,67553,70749,69177,73884,72393,68646,70169,75789,68643,67941,74450,67388,74451,72395,67940,72397,68278,68279,72396,70914,75461,72939,75460,71362,76209,75067,71836,71615,75458,74168
japonais	11	texte	68388,67939,72113,72117,68274,73875,72396,76209
résultat	143	texte	68388,68389,70920,71357,74167,74173,73436,73184,74748,69533,72117,76210,71621,72114,70918,76206,72934,73431,70919,69535,76512,69816,67556,72629,76511,67385,67391,75794,74449,69183,67555,69540,68886,70429,69811,73685,67801,73684,70428,68887,68885,69184,70167,67802,70749,72635,71843,72392,70751,72634,75788,74454,68280,73688,70746,72633,67558,74450,67388,76508,69819,70421,72632,72630,67942,72397,72631,75065,72939,75460,70915,69539,70917,71837,76209,76208,75463,68387,73189,75063,73188,67937,74750,71614,75458,74752,68390,74168,74169,75459,71617
publier	72	texte	68388,67938,68389,70922,74167,74173,73436,73184,74748,70923,69533,72113,76210,71621,72934,76213,73431,73182,67068,69816,67556,72401,72398,75794,74449,68276,67794,68882,69540,68886,70429,72940,68887,69184,70167,67802,72635,71843,70753,70747,68280,73688,70746,67558,76508,69819,72632,72397,67071,71835,72119,68383,75463,71361,68387,73189,73188,67937,74750,74752,71617
revue	26	texte	68388,68638,73184,76210,70163,67556,69815,69540,68886,68887,70167,67802,72635,71843,68280,70746,67558,72632,75064,75463,68387,73189,73188,67937,68391
toxicological	1	texte	68388
science	140	texte	68388,73434,68638,73436,72932,73184,74748,69533,72113,72117,71620,76210,69536,69534,71838,73183,76206,73431,73182,67557,73683,69180,67556,72401,72398,67795,75795,70161,69815,68276,67794,67555,68882,68886,73685,75790,75791,76515,69179,70428,69184,75793,69813,70749,68889,68645,69177,68283,72393,68280,72394,67799,76509,67388,72630,70422,70914,67071,72939,75064,71835,71612,75067,75463,71359,73189,75063,67937,68386,74744,71614,71358,71616,75458,68390,68391,75465
rappelon	82	texte	68388,74170,73186,73435,73437,73190,74748,72113,71620,72936,76210,69536,73430,76212,72935,76207,67796,73683,75796,68275,67554,75795,74449,69815,72399,69811,67800,70165,69186,67801,73684,70428,70748,73876,67802,69185,69542,68889,69177,72393,68644,68646,71840,70425,70169,67945,67558,67799,69818,67389,67388,73882,70743,67942,73880,74453,68279,67943,75071,75065,72938,75460,69539,71360,70917,75462,75067,71836,70916,72122,71615,67937,68392,72121
métal	18	texte	68388,75792,70167,73687,68280,68642,71612,75066
lourd	11	texte	68388,69178,69179,69177,67941,70421,74168
parmi	47	texte	68388,69537,76211,73432,73182,69181,75797,67556,67554,72398,67795,74449,67800,67801,73684,69179,68885,67383,73877,70744,72392,72393,70745,70425,73879,75788,70420,70422,72939,75064,71612,71837,76209,75066,76208,68383,71615,67937,74744,74746,75458,74752
on	230	texte	68388,73435,73434,71357,68638,75457,74167,73185,72933,72932,73190,71618,72113,74176,76210,73432,71621,72116,73183,73430,76206,72934,73431,73182,67068,69535,72115,68274,73683,69817,76512,67387,76513,76507,69816,72629,67795,76511,67391,69815,68276,67555,69811,76514,75790,67801,73684,69179,73876,70166,67383,75792,73877,73687,70749,72635,71843,72392,74457,72393,71842,70745,72636,68646,71840,70425,69821,73879,75789,74454,70424,67945,71841,70746,67558,70420,76509,74450,67388,76508,73882,70421,67798,72632,70743,68642,72630,67942,72397,73880,70422,72631,71363,72938,71835,72119,70917,75462,71837,76209,68383,71359,68387,75063,73188,67937,74744,74750,71614,74746,75458,74752,68390,74168,74169,68391,75459
trouver	61	texte	68388,73434,72933,72932,73437,76210,71621,69534,67068,69535,72115,73683,76507,68882,72940,73684,68273,67383,75792,73687,70749,70744,73884,70745,68646,75788,75789,72394,70420,74450,67389,70421,67798,72630,72631,72118,75461,75065,70915,76208,71359,74745,71614,71358,74746,75458
élément	34	texte	68388,73434,69533,71620,76210,73432,71621,72114,76206,67386,72629,74449,70161,69178,73875,69179,75792,72635,67558,67388,74451,69819,70421,70914,71836,67937,74744,74168,73438
chimique	21	texte	68388,73436,72113,76206,70162,68881,76511,67800,76514,75792,67558,67388,72632,72118,70914,74750,68390
extrêmement	41	texte	68388,68638,73185,72932,76210,73432,72934,76213,73431,72115,67554,74449,72400,69540,67800,76515,69184,67383,75792,73877,72392,70745,70747,70425,72394,74450,76508,75065,71836,71359,68387,74744,71358,75458,74168
polluant	7	texte	68388,72114,69178,68645,70425,74453
méthylmercure	1	texte	68388
mehg	7	texte	68388
dériver	3	texte	68388,72114,71360
organe	18	texte	68388,73184,73432,76213,76511,73686,69184,67383,67802,72632,67937,74750
rein	3	texte	68388,72115,73189
reproducteur	1	texte	68388
étudier	41	texte	68388,67939,73186,73434,75457,71618,73430,70919,72115,70163,69182,67391,69178,67800,69812,69184,70167,68645,69177,70745,68646,73878,67558,67942,73880,67943,72631,75460,69539,71837,67937,68390,68385,68391
neurotoxique	1	texte	68388
blocage	4	texte	68388,76213,75794
toxicité	3	texte	68388,72935,68387
via	47	texte	68388,67939,73434,68389,74167,74172,70923,72116,76207,73431,68274,70162,67554,76511,70161,67555,75791,69179,75793,67553,71842,70745,73878,73688,70420,76509,69819,68279,72396,71362,76208,68383,68387,71358,75459
système	184	texte	68388,67939,73434,73187,74171,70922,73185,73190,69533,71620,72937,72116,71838,76213,76207,71839,70919,69535,67557,67796,68274,73683,69817,70163,75796,67387,70162,76507,69180,67556,68881,68883,68277,69814,76511,67385,67390,75794,68276,68882,68886,70165,75791,69179,68887,73686,67383,73877,72635,70744,70426,69177,74456,68644,70425,73879,75788,75789,70168,69820,70424,67945,72633,70420,69818,70421,74453,68279,72631,71363,69538,67071,75071,75064,71362,75067,71836,75463,70916,74751,68393,73189,67937,71358,71366,74746
physiologique	8	texte	68388,72116,75069,76213,67387,75793,75459
utiliser	176	texte	68388,67939,73435,73434,71357,68638,70922,73436,72933,72932,73184,69533,69537,69534,72114,70918,72934,76207,72115,67796,69181,73683,67386,67387,70162,76507,67797,68881,68883,67554,76511,67385,67390,75794,69183,69540,70429,69178,69811,67800,70165,75791,69186,69812,70166,75792,76516,70167,73877,70744,68645,71843,70426,69177,72393,68644,72634,70747,68646,75788,75789,73878,68280,67558,71845,67941,70420,74450,67388,69819,70421,72632,68642,67942,72397,70423,68641,70914,75065,75070,71612,69539,71837,75066,76208,75067,70916,71359,74745,73189,73188,67937,74744,74750,71616,68390,74168,68385,71617
modèle	81	texte	68388,67939,67938,70922,75457,73185,73184,71618,69533,76211,72936,72116,72114,76213,69535,67387,76507,69816,68277,69182,67385,67390,70161,68882,73875,69184,73877,72635,68645,70426,74456,68888,70745,70425,70421,67798,73881,68279,75065,75064,71837,75463,70916,74751
expérimental	27	texte	68388,73434,68639,73683,72401,67390,67555,73876,75793,73877,70426,69820,67798,72397
reproduire	11	texte	68388,71619,69533,73431,69178,75791,67802,70421,70917
chez	97	texte	68388,71357,74749,75457,74167,74173,73184,70918,75069,72935,73431,67796,70162,68881,76511,67391,74449,69815,67555,67800,70164,68887,73686,69184,75793,67802,70749,68645,71843,72634,70745,72636,68646,73879,74455,75789,74454,71841,68643,67799,70420,67389,74451,76508,72632,72631,72118,75065,71837,68383,71359,68387,67937,71614,75458
intoxication	2	texte	68388
alimentaire	84	texte	68388,73432,72116,69534,75069,76213,67557,76511,74449,67794,67555,68882,73685,76514,75790,70428,68885,70166,75793,70749,72393,72634,70745,70746,72394,67798,72632,72630,72631,69538,76209,68387,74750,71366
indien	10	texte	68388,67939,73683,69180,69811,72393,71615
wayna	2	texte	68388
vivre	27	texte	68388,67938,74749,73185,71621,75069,72629,67795,74449,67800,73684,67383,73877,69813,69821,73688,70746,72396,71835,75458
guyane	7	texte	68388,69811,69179,69177,71362,71836
causer	2	texte	68388,74173
activité	98	texte	68388,71619,74749,69533,72937,72116,69536,72114,73183,76212,75068,73182,71839,69535,72115,68274,72629,72398,75795,76510,70161,68276,68882,69178,73875,67800,69186,69179,68885,69812,70166,67553,72392,70426,70745,70753,73879,75789,73878,73688,68643,72394,74450,67389,76508,73882,67942,70422,75461,72938,71612,75460,70915,75462,68383,71361,68387,68392,71614,75458,74168,74169,68385,75459
orpaillage	1	texte	68388
lessivage	1	texte	68388
sol	63	texte	68388,67939,73434,69537,76213,67797,69182,76510,73684,69812,68645,69177,71840,75788,75789,68643,73880,68279,69538,67071,71837,75066,71836,75458,71617
naturellement	18	texte	68388,74173,73182,76507,68882,73684,68273,70166,71843,68646,72394,74450,76508,71612,68383,68387,71614,75459
riche	13	texte	68388,71619,73185,72115,70161,76515,73876,75792,72394,72396,72938,74168
chaîne	35	texte	68388,70920,74749,75069,73431,67557,67554,69814,68882,69178,70165,67383,73877,69177,72393,70745,69821,70746,72637,71366
poisson	10	texte	68388,71621,73183,76213,74449,69811,67383,68387
aimarer	1	texte	68388
hoplia	2	texte	68388
consommer	15	texte	68388,75069,74449,67794,67555,68882,69179,74745,75458
perte	14	texte	68388,72932,75069,69814,74449,76510,67799,68640,72939,75066,71617
environ	54	texte	68388,73435,74173,73436,73184,72117,73433,73432,69536,73430,72934,72115,67554,75794,74449,67794,67555,68882,68886,69186,67801,73684,69813,72635,70744,69177,68646,70425,68281,73878,70424,67799,69818,72395,72397,74453,70422,68279,75065,72939,71612,71362,76208,71359,68387,73188
30	36	texte	68388,74749,72932,74748,72114,76212,69535,67392,68881,75795,75794,76510,69178,76514,74456,72393,70751,68646,70425,75789,76508,70743,72397,74453,72396,71837,71359,74745,75063,71358,74746,74752,74168
cellule	84	texte	68388,70922,74173,73436,72117,73432,72116,72114,72935,70919,70162,67556,68277,76511,67801,68887,69541,69184,70167,67802,70747,72636,75789,70746,67389,74451,68642,70423,74453,75065,69539,75067,68387
nerveux	12	texte	68388,73187,72115,67556,68277,74453,69539,71616
cortex	3	texte	68388,73877
observer	93	texte	68388,73434,67938,68389,70922,74167,74173,73185,73184,74172,70923,69533,72113,69534,75069,73182,67068,69535,70163,76511,74449,67794,67555,68886,69811,73875,68273,75793,70167,73877,69813,67553,72634,70745,75788,73688,70424,70746,67558,70420,74450,67389,74451,76508,69819,70421,67942,72631,72939,75070,69539,76209,75067,68383,70916,68387,75458,68390,75459
dès	89	texte	68388,73434,68638,75457,73185,73432,73430,72934,76207,73431,67068,73683,69817,76512,67386,76513,70162,76507,69816,68881,67554,67795,76511,70161,69540,69178,70164,73684,69541,69812,73876,75793,75792,69813,70749,69177,70751,71840,70746,72633,67558,70420,74450,67798,72630,70423,72396,72631,72938,71362,70917,71837,71836,74744,71616,74746,75458,74168,74169,68391,75459
mois	71	texte	68388,74170,74171,75457,74167,73185,72933,72932,74172,70923,72114,73183,73430,75069,73431,73182,68274,70162,72629,75794,70161,73875,67801,68273,68887,67802,69185,67553,69177,71842,73879,75788,75789,71841,67558,70420,67388,74451,70421,72395,70743,72630,70422,68279,72396,75065,71612,72119,71359,75063,67937,71614,71616,75458
traitement	61	texte	68388,73435,73434,73187,74173,72117,73433,73432,72935,73431,67796,76512,68883,67554,69814,73691,73685,73684,73686,69813,72392,69177,68646,73879,70424,72637,67799,69819,72630,74453,74452,75065,71360,76208,75067,71616,75458
croquette	1	texte	68388
contenir	11	texte	68388,72934,67391,70751,73879,70746,67388,74750,68391
chair	3	texte	68388,69814,68393
aimara	1	texte	68388
pêcher	1	texte	68388
partie	45	texte	68388,67939,73185,73184,71618,73432,69534,76206,72934,69817,70162,68881,68882,73685,69184,67802,73877,67553,70745,70425,73879,68281,70424,70420,76508,70421,67798,72630,68279,72631,71835,71612,69539,76209,75463,74745,68392,71614,71358
étude	132	texte	68388,67939,73186,68389,70920,68638,75457,73185,73184,74748,72113,72117,69537,73433,69536,73183,76206,72935,73431,72115,69181,73683,69816,67556,68277,75794,68276,67555,68886,69178,73685,70165,69186,69179,68885,73686,69812,75793,73877,69185,72393,70751,72634,70745,68646,73879,68281,75789,74454,71841,68643,72633,67389,67798,67942,70422,75065,72938,75064,71612,76209,75463,68387,67937,71366,75464,75458,74169,75459
ccl2	6	texte	68388
neurotoxicté	1	texte	68388
petit	98	texte	68388,73434,74749,72933,72932,73433,73432,73430,76206,72934,73431,68274,73683,76507,72629,68881,69182,76511,67390,67794,67555,69540,70429,73685,67800,70165,67801,69179,68887,69812,70166,75792,71843,69177,74457,68283,71842,72634,70747,71840,70425,73689,74455,70169,71841,72633,67558,70420,74450,70421,72395,67798,72630,70423,72939,75070,72119,71837,76208,71359,71614,71358,71366,75458,74169,68391
protéine	49	texte	68388,74173,73184,72116,75069,76213,72115,67556,67801,73878,72394,70420,72630,72631,69539,71837,68390,75459
initialement	9	texte	68388,67939,73187,68883,69815,73876,72636,67558,68387
participer	55	texte	68388,68638,74167,73185,73184,73190,71620,73432,69536,73430,76207,73431,67556,72398,67385,75795,76510,70161,73685,69543,68885,73686,69812,67383,73687,69542,67553,70749,72634,67944,73689,67799,67798,67940,72630,67942,73880,74453,70422,70914,75065,68383,70916,72122,74751,68387,68386,75466,71614,75458,73438
immunitaire	11	texte	68388,72935,70919,68887,67937
maturation	4	texte	68388,75067
migration	3	texte	68388,68389
leucocyte	1	texte	68388
particulier	149	texte	68388,67939,73434,71357,71619,75457,73185,72932,73437,73184,74172,69533,72113,72936,73432,71621,72116,69536,69534,73183,73430,75069,76206,72934,76213,73431,73182,72115,73683,76507,72629,68881,67795,69814,76511,70161,68276,72399,67555,68882,68886,69178,69811,73691,73875,67800,70164,73684,68273,68885,69184,73876,75793,67383,75792,76516,73877,69813,73687,67553,70749,68645,69177,72393,71842,72634,70745,74455,70169,75788,75789,73878,69820,70420,74450,67389,70421,70422,72396,71835,71612,71360,68383,71836,70916,71359,68387,74744,74750,71614,71358,74746,75458,74752,74168,74169,75465,72120
dire	139	texte	68388,67939,67938,74749,75457,74167,73185,73184,69533,72113,76210,73432,73183,73430,75069,72934,76213,73431,73182,67068,69535,72115,73683,70162,67556,68881,67554,67795,69814,76511,67391,75794,74449,70161,72400,68882,68886,69178,67800,75790,73684,73876,75793,67383,75792,70167,73877,73687,67553,70749,72635,72392,73879,75789,74454,70424,68643,67558,67799,70420,76509,67389,67388,76508,70421,72632,70743,67942,68279,72631,75065,72938,75064,75070,71835,69539,71837,76209,75067,75463,71359,71615,74745,68387,67937,74750,75458,74168,74169,68391
neurone	16	texte	68388,74173,67801,70425,73879,67389
glial	1	texte	68388
fabriquer	25	texte	68388,73433,72114,75069,76213,67068,70919,68274,67554,68882,70429,68885,73877,73879,74454,68280,67388,69819,72119,74168
libérer	9	texte	68388,76511,70166,75065,75462,75067
alors	259	texte	68388,67939,73434,67938,71357,68638,75457,74167,73185,72932,73184,69533,72113,72117,69537,73432,72116,69536,69534,70918,73183,73430,75069,76206,72934,76213,73182,67068,69535,72115,68274,69181,73683,76507,72629,68881,68883,67554,69182,76511,67385,67390,75794,74449,70161,69183,67794,67555,68882,69540,69178,69811,73685,73875,75790,72940,75791,67801,73684,68887,69812,73876,70166,75793,75792,67802,73877,68884,67553,70749,70744,68645,71843,70426,69177,71842,68644,72634,70747,72636,74455,75788,75789,74454,73688,70424,68643,72633,67558,72394,67941,70420,74450,67389,76508,69819,73882,70421,67798,72632,72630,72397,70423,70422,68279,72631,71363,75461,75065,72939,75064,75070,71835,71612,69539,72119,75462,71837,76209,75067,70916,71359,74751,74745,68387,73188,67937,74744,71614,71358,75458,68390,74168,74169,75459,71617
neuromédiateur	1	texte	68388
induire	11	texte	68388,72935,70429,70744,68646,70746,70420,67942,72631
diminution	12	texte	68388,72933,73184,72114,72934,67556,67555,69540,75792,67799,67798,71617
concentration	15	texte	68388,69533,71838,73183,69811,68645,72634,70425,68281,71837
activation	3	texte	68388,67556,69184
microglie	1	texte	68388
préciser	83	texte	68388,67939,74171,67938,71357,68638,74749,75457,72933,73184,72113,72117,69537,76210,69534,73430,72935,76213,75068,67068,70919,72115,73683,69817,67386,72629,68881,76511,68882,73875,69179,68887,69541,68885,73686,69812,73876,67802,67553,70749,70426,69177,71842,70745,67944,70425,75789,72633,71845,70420,67388,76508,70421,70743,73880,74452,72396,72631,70914,75071,75065,75462,76209,76208,70916,71361,71359,68387,68393,71358,72121,75458,74752,74168
dépourvu	1	texte	68388
gène	32	texte	68388,73184,73432,67556,69182,67391,70161,69815,67800,75790,67802,70420,72631,71362,71837,76208,71359
exacerber	1	texte	68388
suggèr	3	texte	68388,67556,75063
présence	24	texte	68388,68638,73185,71618,72936,76210,73183,73430,70919,68274,70162,74449,73875,68885,75792,69542,68888,70424,75460,74744,74746,74168
nécessaire	81	texte	68388,73186,73187,67938,68638,74749,75457,74167,73185,70923,73432,72116,75069,76213,73182,73683,67387,70162,69816,67797,68883,67795,76511,70161,67794,68882,69540,73685,67800,73684,67383,75792,73877,70749,70744,72392,72634,75788,74454,70424,68643,72394,70420,69818,74450,67798,68642,72630,74453,68279,71363,70914,75065,75064,71837,76209,75067,75463,74745,75063,74744,71614,75458,74168,68391,75459
survie	6	texte	68388,71618,76213,75065,76208
neuronal	10	texte	68388,74173,73879
condition	52	texte	68388,67939,73435,68389,73185,72933,73432,69534,72934,76213,69817,72629,69182,67385,70161,69183,67794,73684,68887,70748,76516,73877,73687,69821,75789,68643,72394,70420,76508,70421,70743,72631,72939,75067,70916,74744,74168,68385,71617
normal	14	texte	68388,72932,73183,73182,69180,70161,69540,73684,69184,70166,69820,71841,68278
parallèlement	53	texte	68388,73186,68638,73437,74748,69533,69537,69536,69534,72114,76206,72935,73182,68274,69181,70162,72629,72398,67795,76510,70161,67555,68882,73691,67801,69541,68885,75793,73687,67553,70425,73879,75788,74454,68643,72394,67389,76508,69819,67940,72630,73880,70422,69539,68387,71614,74746,68384,74168
expérience	53	texte	68388,68638,74167,73185,72932,72113,72937,73432,76206,70919,73683,72629,72399,69540,69178,73875,72940,73684,73690,70748,73876,75792,69813,70749,72392,75789,68643,71845,72394,67389,76508,72397,70914,68383,75063,71614,74746
in	21	texte	68388,73184,73190,67557,68277,67385,75795,73877,68645,74455,70420,67389,75064,71837,68383,71615,74168
vivo	4	texte	68388,68277,67389,71837
culture	41	texte	68388,67938,74167,74173,73185,71620,76211,72936,76206,76213,73431,73182,73683,67385,67391,69183,67794,73876,76516,67802,74457,68643,70420,74450,68279,72396,69538,76209,68383,68385
transmission	10	texte	68388,72115,67386,67554,75794,70748,69820,74453,73881,68391
augmenter	32	texte	68388,67939,71618,73430,72934,69816,67554,67795,67391,74449,76510,68882,68886,68273,75792,72635,69177,68646,70425,67558,70421,70422,69539,71837,70916,73188,75464
mort	4	texte	68388,68274,75065
mécanisme	38	texte	68388,67938,70922,73184,69533,73432,72116,70919,68881,76511,67555,69811,67800,76514,75790,69813,70746,68643,69819,67942,74453,72631,70914,75065,71837,71836,67937,68385
intervenir	10	texte	68388,74167,69541,72634,69820,68643,69819,73882,74745,75063
oxydoréduction	2	texte	68388,73877
alarme	2	texte	68388,67937
neuroprotecteur	1	texte	68388
déficit	11	texte	68388,73184,67556,69182,73883,68383
neuronau	2	texte	68388,73879
en direct des laboratoires	40	rubrique	68388,68389,70922,74173,73436,71618,76210,67391,67390,75794,69183,69540,68886,67800,67801,68887,69184,70167,67802,72635,68645,71843,68644,70747,68646,68280,73688,70746,67558,67389,69819,72397,75070,69539,72119,73189,73188,74750,68390,68391
264	11	bulletin	68388,68389,68383,68387,68393,68392,68386,68390,68384,68385,68391
1/12/2011	11	date	68388,68389,68383,68387,68393,68392,68386,68390,68384,68385,68391
institut de la vision, umrs 968 - william rostene : tél. : +33 (0)1 53 46 25 72 - email : william.rostene@inserm.fr	1	contact	68388
meghatropique	3	titre	67939
mission	91	titre	67939,74170,73434,74172,70923,72113,76211,69534,73430,76207,70163,72629,68881,68883,67795,69811,70170,69179,68885,68884,68645,69177,72393,75789,73688,70424,72394,74450,67940,67942,73880,70422,75064,71362,71359,68393,74746
spatial	65	titre	67939,73434,72113,69537,71839,70163,68275,69811,70170,69179,69812,69177,73884,70424,70746,69819,73880,70914,75066,71836,73189,68392,71358
mieux	78	titre	67939,70922,74749,72932,74172,72113,73432,73183,73430,75069,76206,76213,73182,72115,67557,69181,73683,67387,75794,70161,67794,67555,68886,69811,73685,67800,75790,72940,70164,68885,69812,73877,69813,70749,72634,70745,74455,75788,73878,73688,70420,74451,72397,73880,70423,67943,72396,67071,75462,75066,70916,73189,67937,74750,75458,75459
connaître	67	titre	67939,73434,75457,74167,74172,71618,72113,72116,72114,73183,73430,75069,76206,73431,73182,70919,72115,67387,76507,67556,68881,72401,70161,67794,69540,68886,73685,73875,67800,67801,68885,69184,73876,70166,70744,74457,73884,73879,74455,70169,75788,73878,68643,69819,70421,72632,72630,72397,72396,71835,70916,68387,67937,74752,68390
cycle	39	titre	67939,71619,74167,73437,69533,72936,72934,67387,72629,69540,73684,68889,72392,68888,71845,73880,67071,75071,71362,70916,72122,74751,72120
eau	92	titre	67939,74170,73434,73190,69537,73433,76210,71621,70918,73183,67387,69816,68275,68883,69182,67390,72399,69540,73685,73875,69812,69813,68884,69542,72392,73688,70746,67558,72394,69818,72397,73880,71363,67071,75460,70917,75462,68383,70916,68387,74750,75458,68390
tropique	4	titre	67939
satellite	65	texte	67939,73434,69537,71839,70163,68275,69811,70170,69179,69813,69177,68644,75789,67942,73880,71836
programme	107	texte	67939,73186,71619,74749,74748,69533,72113,68639,72117,74176,71621,73183,73430,76207,74174,69181,73683,67386,75797,72629,68881,69814,74449,68882,76515,73684,73690,70428,69543,76516,69813,69542,70749,68889,69177,74456,73884,72393,67946,70751,67944,69820,70424,70752,72394,67941,74450,67940,72630,70422,72118,75071,75065,72938,71835,75460,71362,75067,70916,71359,71615,75063,74744,71616,74168,73438,75459
francoindien	1	texte	67939
méghatropique	13	texte	67939,69177
lancer	86	texte	67939,73434,74171,67938,75457,73436,73184,69537,73433,73432,72114,75068,76207,73182,67557,69181,73683,69817,70163,76512,67795,67555,69811,70164,73684,73686,69812,70166,75793,69813,68645,72392,69177,72634,68646,74455,70424,72394,67941,76509,74450,67388,72395,72630,67942,73880,70422,68279,67943,72396,68641,69538,72118,75461,75065,71835,75460,71362,68383,71836,70916,71615,75063,74744,71614,75458,74168
12	26	texte	67939,74170,71619,73436,73182,75797,69180,68881,68277,67555,73689,70424,74451,72395,67798,73881,68279,70914,67071,75065,72122,71614,74746
lanceur	19	texte	67939,69179,69177,75789
pslv	1	texte	67939
depuis	176	texte	67939,73434,74749,75457,74167,73436,72933,72932,73184,69537,71620,76211,73432,71621,72114,71838,73183,76206,72935,72934,73431,73182,72115,68274,73683,69817,76512,76507,68275,72629,68881,68883,67795,69814,76511,67385,70161,68276,67794,67555,68882,69811,73685,73875,67800,76514,75791,69186,73684,70428,68885,69812,73876,70166,75793,67383,75792,70167,67802,73877,69813,70749,70744,72392,69177,74457,70745,72636,71840,73879,74455,70169,74454,67945,68643,72394,70420,76509,74451,73882,70421,72630,68279,72396,72631,68641,70914,72939,69539,71362,70917,75462,71837,68383,71836,71359,74745,68387,67937,74744,75466,71366,71616,74746,68384,68385,75459,74747,71617
base	48	texte	67939,74749,73185,73436,76210,72114,75069,76207,72115,67557,67387,67554,69814,67390,69811,70164,69812,67802,72635,72392,68644,72634,73879,75788,75789,68280,68640,72630,70423,68279,72631,68383
sriharikota	1	texte	67939
inde	18	texte	67939,69180,67553,69177,72393,72630,75064,74168
contrôle	35	texte	67939,74171,74167,76207,67068,67557,70162,69180,67390,69183,73685,67800,68885,67802,73687,72635,72392,71840,73879,67945,71841,72938,72119,75067,74751,68390
indian	4	texte	67939,69180
space	15	texte	67939,70163,70170,75789,71836
research	16	texte	67939,69534,70162,69180,67799,71360,71837,71615,68387,68386
organisation	21	texte	67939,71357,71619,75457,73185,73430,76206,72935,69535,72629,70166,74457,67944,75788,70746,72637,67798,70423,74746,68384
isro	2	texte	67939
placer	24	texte	67939,70920,76207,69181,68883,68277,69182,70161,67800,69179,70425,70424,72637,67558,70420,72395,68279,72119,74752,74168
orbite	22	texte	67939,73434,69811,69179,69177,67942,73880,71836
865	1	texte	67939
kilomètre	38	texte	67939,68389,73183,76212,73683,68883,76510,69811,69179,69812,71840,75789,67941,74450,68640,67942,71837,71836,75458
altitude	9	texte	67939,68389,69179,75789,67942,71617
inclinaison	1	texte	67939
20	45	texte	67939,73190,70923,72113,69535,67557,68274,76512,67556,75795,67391,68276,73875,70165,76515,70164,73684,69542,68645,67561,68281,75789,74454,73878,67558,67941,70743,70423,72396,71363,70914,75071,76208,68383,70916,71615,68387,75063,74752
emporter	5	texte	67939,69179,69177,70424
bord	24	texte	67939,73434,72933,73190,73183,68883,69811,70165,69179,69542,68645,69177,68644,72634,70424,76508,68640,70917,68383,71836,74751
instrument	57	texte	67939,74171,67068,70919,69181,70163,69811,69177,74455,73688,70424,74451,70914,72119,71836,70916
français	177	texte	67939,73186,67938,71357,68638,71619,74167,72933,72932,73437,69533,72113,69537,72936,69536,69534,72114,71838,73430,75069,72935,72934,73431,73182,71839,67068,69535,68274,69181,73683,69817,70163,76512,67392,69816,69180,72629,68881,69814,70161,68276,73875,70165,67801,73684,69179,70748,68885,69812,75792,73687,67553,72392,68283,72393,68888,70751,70753,69821,74455,75788,70424,70752,72633,70420,69818,73880,74453,74452,70422,68279,67943,72396,68641,70914,72938,71835,71612,75460,76209,76208,68383,71836,71359,71615,74745,71614,71358,71366,74746,75458,74752
saphir	2	texte	67939
scarab	2	texte	67939
madras	2	texte	67939
fruit	52	texte	67939,73434,74167,72117,73430,75069,76213,69535,69817,70162,68881,67391,67555,68882,69178,73685,68273,68884,72393,68888,69821,67941,70421,70422,67943,70914,72939,75462,68383,71359,68387,68393,75063,71614,71358,75458,74752,75459
coopération	25	texte	67939,73434,69536,67795,69814,76511,67794,67555,67553,69177,72393,67945,72396,70914,71362,71361,68392
francoindienn	7	texte	67939,73434,69180,69177,72393
radiooccultation	2	texte	67939
gp	6	texte	67939,69181,69177,68279,76208
aller	327	texte	67939,74170,73434,67938,71357,68638,74749,75457,74167,73185,72933,72932,70923,69533,73432,72116,69534,72114,73183,73430,75069,76206,72935,76213,73431,73182,67068,69535,73683,69817,67387,70162,68275,72629,68881,67554,67795,68277,76511,67385,67390,76510,70161,69815,68276,67794,67555,68882,69178,73685,73875,67800,75790,76515,73684,68273,70748,73686,69812,73876,70166,75793,67383,75792,67802,73877,69813,68884,70749,72635,70744,71843,72392,73884,72393,71842,72634,70745,68646,71840,70425,73689,74455,75788,70168,70424,67945,68643,67558,72394,70420,74450,74451,70421,67798,72630,72397,70423,68279,72631,75461,75065,72938,75064,75070,71835,71612,75460,69539,71362,71360,70917,75462,71837,76209,76208,75067,68383,71836,70916,71359,74751,74745,73189,75063,67937,74744,71614,71358,74746,75458,74752,74168,75459
fournir	24	texte	67939,74749,72932,71618,67796,73683,70162,69816,68886,69178,69811,70424,68640,72118,71362,76208,71836,68391
donnée	91	texte	67939,73434,74749,74167,70923,69533,73183,75069,72935,73431,73182,69535,67557,69181,67387,76507,68275,67797,68883,69182,76511,74449,67794,67555,69811,73685,72940,70170,69179,70428,69812,67553,70749,68889,72392,71840,75788,70424,71845,69819,72630,73880,74452,71837,70916,71359
atmosphérique	11	texte	67939,71838,69816,68645,70743,75463,70916,71617
énergie	123	texte	67939,73434,68638,73185,73436,72933,73190,76210,71621,72934,76213,67557,67797,72629,72398,69814,68882,69540,69178,67800,70165,72940,73684,70166,68884,72393,68644,75789,73688,70424,69818,74450,69819,70743,68640,72397,71363,69538,75071,72939,69539,72119,71362,75066,75067,68383,75463,74751,75063,73188,72121,74168,68385,71617
intertropical	1	texte	67939
attendre	32	texte	67939,68638,74748,72937,72116,73182,73683,75796,75797,72629,68881,75795,67555,69811,73691,73684,68273,69543,67802,69542,69177,69821,69820,67945,68643,75065,73188,73438,72120
communauté	38	texte	67939,73434,68389,68638,74172,69533,73432,72934,74174,73683,68275,70161,69811,70170,67803,70420,68642,67942,70914,72939,75460,71837,68387,75466,75458
scientifique	172	texte	67939,74170,73186,73434,68638,75457,72932,69533,72113,68639,71620,72936,69536,69534,72114,73183,76206,72934,76213,71839,67068,70919,72115,67557,73683,69817,76512,67387,69816,69180,68275,72398,68277,76511,74449,70161,69815,67794,67555,69811,73685,75790,72940,76515,73690,69812,69184,67803,75793,67383,67802,73877,69813,68884,70749,74457,72393,72634,73689,75789,69820,70424,68643,72633,72394,70420,73883,74450,67388,68642,67942,73880,74453,68279,67943,72396,71363,70914,67071,72939,71612,75460,70917,75462,71837,68383,70916,71361,71359,68387,75063,67937,68386,71614,71358,72121,75464,71616,68384,74168,75459
impliquer	92	texte	67939,73186,73434,71357,68638,74749,72932,73184,74172,69533,72937,72116,69534,72114,75069,76207,73182,74174,67557,69181,73683,69817,76512,76507,67556,69814,76511,67390,70161,67555,75790,70164,68885,69812,75793,75792,69813,70749,68645,72392,70745,74455,70424,67945,70420,74450,67389,68642,72630,73880,74453,68279,72631,70914,71835,69539,71359,68387,71358,72121,74746,75458,68390,74168,74169,75459
climat	45	texte	67939,68389,69533,71838,73183,69816,68275,72398,72940,73684,69813,68645,69177,70745,72394,73880,69538,67071,71837,75463,70916
nul	1	texte	67939
doute	35	texte	67939,68389,71357,74167,72932,71621,73430,73182,72115,67794,68882,73875,73876,70166,75793,73877,70749,71842,74455,75789,72394,71835,71359,74752,74168,75459
ingénieur	137	texte	67939,74170,73434,67938,74749,75457,73185,72933,74172,70923,72113,72936,73430,76206,76212,75068,73431,74174,67068,72115,69181,68883,67554,72398,67795,70161,68276,68886,73685,73684,68273,69541,70748,69185,68645,70426,68888,72634,67944,73689,73879,74455,72633,72394,74450,73882,70743,67071,75071,75064,71612,71362,68383,70916,71361,71615,74751,68393,75063,71614,71358,74747
technicien	5	texte	67939,75068,72115,68279,67071
réalisation	24	texte	67939,68638,75457,69533,72116,75068,70919,73683,76512,68881,72399,73875,68885,72392,72393,71842,70753,67798,67940,70743,68386
pousser	7	texte	67939,73434,71357,67068,73684,71835,68387
ouf	1	texte	67939
soulagement	2	texte	67939
quand	61	texte	67939,67938,73432,72114,76207,73431,73182,70919,72115,68274,70163,76507,69816,72629,67795,76511,74449,70161,67555,73685,75790,73684,73876,70166,75792,73877,69813,68884,67553,72393,71842,71840,72394,70421,70422,71835,70915,71359,74745,67937,74750,71614,75458,74168
savoir	105	texte	67939,68389,68638,74749,75457,74167,74173,72932,69533,72113,73432,76206,72935,76213,76207,72115,73683,70163,67386,70162,76507,69816,67795,76511,70161,69815,69811,73875,73684,68273,69541,70748,69812,75793,67383,73877,69813,73687,67553,74457,72393,71842,72634,71840,69821,73879,74455,70746,72394,76509,74450,76508,70421,67798,73881,69538,70914,70915,71362,75462,76208,71359,74751,74745,75063,74744,71614,71358,74168,75459
car	23	texte	67939,68389,73432,71621,73183,76206,75797,76511,75794,70161,73684,75793,70744,69821,74455,70421,70423,72396,71835,75067,67937,75458
exister	72	texte	67939,67938,70920,75457,74173,73185,72932,73184,74172,71618,72117,71620,76210,72935,72934,76213,72115,67386,70162,75794,74449,70161,69815,69183,67555,73685,68273,75792,69813,70749,74457,71842,70425,75788,73878,68643,76509,74450,67388,68279,67943,72631,75065,71835,75462,68383,71359,71615,67937,71614,71358,68390,74168,68391
toujours	57	texte	67939,68389,68638,74167,73185,72932,73432,73183,76206,76213,73182,67068,73683,67386,75797,76507,72629,67554,70161,68276,70429,69812,70166,67383,73877,67553,74457,72393,73879,74455,68643,74450,76508,70423,70422,72396,72939,71835,71612,75066,74745,73189,74744,71614,74746
certaine	12	texte	67939,73432,72114,76207,73431,68887,72634,74455,67798,68383
appréhension	1	texte	67939
moment	21	texte	67939,73187,72932,73183,67068,72629,76511,67555,73691,73685,75792,70749,69177,68643,67389,75065,75064,75063,71617
décollage	6	texte	67939,69179,74450,71617
ensuite	53	texte	67939,70920,71357,73185,72932,73432,69534,72934,76213,73182,72115,73683,67554,69182,76511,67385,74449,69183,68882,69540,69811,67802,73877,69813,68884,68645,68643,67558,72394,74450,76508,72630,72397,70422,75065,71835,68383,71359,68387,72121,75458,68391
mise	66	texte	67939,73434,71357,75457,74167,73185,73432,69536,69534,72114,74175,75069,69181,73683,76512,76507,72629,68881,68277,67385,75795,74449,69183,67800,73684,68887,68885,73876,70166,75793,67383,69177,72393,72634,68643,72394,74450,76508,67798,70743,70422,72631,72118,70914,75065,71612,71836,71615,75063,68386,71358,68384
autant	156	texte	67939,73434,68389,68638,74749,75457,74167,73185,72933,72932,73184,74172,72113,69537,76210,71621,72116,72114,74175,73183,73430,72935,72934,76213,73182,67068,67557,69181,73683,67386,69816,72629,68883,72401,76511,75794,70161,69183,67794,73685,73875,72940,67801,69812,69184,73876,75793,67383,75792,73877,69813,73687,67553,70749,70744,69177,74457,72393,71842,72634,70745,72636,71840,73879,70169,74454,69820,73688,67558,70420,69818,76509,76508,67798,70422,72631,70914,75461,75065,72938,75070,71835,71612,70915,71837,76209,75066,68383,75463,70916,74745,75063,73188,67937,74744,71614,75464,74746,74752,68390,74168,74169,68391,75459
cheminement	3	texte	67939,70162,75064
puisqu	20	texte	67939,73431,73182,70162,67795,76511,67391,69540,73875,69812,67383,69813,74450,69819,70421,67071,75064,71359,74168
évoquer	26	texte	67939,74749,74167,72932,73184,76213,67386,67795,67794,76514,67801,75793,75792,76516,73877,69177,67561,72630,72631,71835,75462,75063
fois	125	texte	67939,74170,73434,74171,70920,71357,68638,75457,74167,73190,69533,76211,76210,73432,69534,74175,73430,75069,76206,72934,76213,76207,67068,69535,69817,70163,76507,72629,68881,67554,72401,76511,75794,74449,70161,69815,68276,67555,69540,68886,73685,70170,76515,67801,68885,69812,73876,70166,67383,70167,67802,69813,67553,72635,69177,74456,73884,71842,68644,70745,70747,68281,75789,69820,70746,67558,67799,67389,67388,76508,69819,70421,70743,68642,72630,72397,73881,67943,70914,71835,72119,76208,75067,71359,71614,71358,71366,72121,75458,74168,68385
1993	4	texte	67939,73683,72633
colloque	36	texte	67939,71357,72113,71620,69534,74175,74449,70170,70428,67803,73877,70749,67561,67945,67942,72396,71363,75464,68384
prospective	10	texte	67939,71357,69535,68642,75465
cnes	29	texte	67939,73434,68275,70170,69179,69813,69177,67942,71836
recommander	2	texte	67939,71841
baptiser	35	texte	67939,71357,68638,73433,72934,75068,69535,68274,73683,69817,70162,72629,68881,69182,75790,73684,69179,73876,73687,75789,71841,72633,76508,68279,72118,75067,71359,71615,67937,74746,75458,74168
dédier	42	texte	67939,68638,71619,75068,69181,73683,76507,72398,68277,69814,69178,73691,70165,76514,71842,67946,73879,67799,68640,67942,68278,67943,69538,75461,75460,71361,72122,71359,71614,68384,74169,75465
équatorial	5	texte	67939,73684
propriété	43	texte	67939,73436,69537,70163,76511,67390,76510,75790,69186,70167,67802,71843,68644,72634,71840,73878,68280,70424,70746,67558,67389,67388,70421,75070,71612,69539,74751,74750,71614,71616,68390
surface	40	texte	67939,74170,73434,73190,69537,76210,72114,72934,76213,69817,68883,67554,69182,75794,67794,68886,69178,69811,69186,69184,72392,70425,70746,75461,75070,72119,75462,75067,74744,74750,68385
n	237	texte	67939,73434,73187,67938,71357,74749,75457,74167,73185,72932,74172,69533,72113,69537,76210,73432,69534,72114,73183,73430,76206,72935,76213,76207,73431,73182,67068,69535,68274,73683,67386,76507,72629,68881,67795,67391,75794,74449,70161,68276,68882,69540,68886,69178,69811,73685,72940,76515,67801,73684,68273,68887,69184,73876,70166,75793,67383,75792,73877,69813,73687,67553,70749,72635,70744,71843,69177,71842,68644,72634,70745,72636,71840,68281,74455,75789,74454,73688,68643,72394,74450,67389,76508,69819,70421,67798,72632,70743,68642,68640,72630,72397,70422,72631,70914,75065,72939,75070,71835,71612,70915,70917,71837,76209,75066,68383,75463,70916,71359,74751,74745,68387,73189,75063,67937,71614,75458,68390,74168,74169
1998	5	texte	67939,76507,72118,70917,68383
rebaptiser	1	texte	67939
mégha	1	texte	67939
signifier	5	texte	67939,75457,72115,76510,67801
nuage	8	texte	67939,74749,74449,75788
hindi	1	texte	67939
véritablement	9	texte	67939,76206,69535,73683,68881,76511,70744,70915,75458
démarrer	14	texte	67939,74749,70918,76507,72629,68881,67795,74449,72634,68279,72631,75065,71359
rappeler	93	texte	67939,73434,74171,67938,71357,73185,72933,72932,74172,69533,72113,72117,73432,73430,76213,76207,73182,73683,72629,68881,68883,76511,75794,67555,73875,75790,73684,69179,68273,69541,73876,75793,67383,73877,73687,72392,69177,68644,68646,67944,71840,73879,75788,68643,72630,72396,72631,72118,70914,71835,71612,70915,75462,76208,68383,71836,71359,74745,67937,74744,71614,71358,75458,74752,74169,75459
didier	6	texte	67939,75788,72633
renaut	2	texte	67939
responsable	56	texte	67939,72933,73437,70923,71620,74176,75069,73431,68274,73683,69817,76512,76513,70162,67556,72629,72401,76511,67391,67800,67801,69179,68885,73876,73877,69813,67553,74456,72393,67946,71840,69821,75788,75789,72637,72394,76508,68279,72396,72631,75064,69539,76209,71836,71359,75063,74744
programm	3	texte	67939,72937,72395
météoclimat	1	texte	67939
contour	1	texte	67939
fixer	12	texte	67939,75069,67385,67800,73684,73876,70743,68279,75070,72119,71615,74744
microonde	6	texte	67939,67068
imageur	10	texte	67939,67068,70163,67554
précipitation	8	texte	67939,69533,75463
sondeur	2	texte	67939
vapeur	9	texte	67939,73683,70426,72394
fin	74	texte	67939,73435,73434,71357,75457,74167,74172,74748,69533,76211,69534,72114,73183,76213,73182,67068,70163,72629,68881,68883,75794,74449,70161,73875,67800,73876,75792,73877,69542,67553,70749,72392,72634,67944,70168,68643,67558,74450,76508,72395,67940,67942,73880,70422,68279,72396,72118,75461,72938,71612,71359,68393,67937,74744,71614,74746,74168,74169,75459
2003	5	texte	67939,72398,69177,68383,74744
période	17	texte	67939,71357,75457,69533,72113,73432,67555,73877,70749,68643,70916,75459
difficile	35	texte	67939,74167,73185,73436,76210,73432,73431,73182,72115,73683,69817,67387,70162,69816,72629,74449,68276,72940,73684,73877,69177,69821,72394,76509,76508,70421,74452,72396,75461,71614
difficulté	20	texte	67939,67938,74167,75069,72934,73683,68882,68643,70420,76509,74450,76508,71614,74747
financier	18	texte	67939,73186,68389,74167,73185,69181,73683,72629,75795,73685,69177,72637,75461,71614,75465
partage	4	texte	67939,68275,69541,68642
réorganiser	4	texte	67939,71357,68280,67389
accepter	5	texte	67939,74749,68274,68276,75458
prendre	85	texte	67939,73186,73434,67938,71357,71619,74749,75457,74167,73185,72933,72932,71618,69533,72113,71620,71621,73430,72935,73182,68274,70163,67386,76507,72629,68883,69182,76511,75794,70161,69540,73685,75791,73684,73876,75792,69813,73687,67553,68889,68645,72392,69177,74456,70424,70421,72630,67942,73881,72396,72631,69538,75064,71835,71362,71837,71361,71359,74745,68387,67937,74744,74750,74169,75459,72120
charge	29	texte	67939,73436,69533,76212,73431,67555,67801,69179,68885,69184,75792,73689,75789,72394,67941,74450,68640,70915,68390
plateforme	56	texte	67939,68638,75457,73190,70923,73432,72116,69817,70162,76507,69180,69182,67391,76514,69812,76516,69177,70420,67798,68642,74452,68279,72939,76208,71836,71359,68393,75063,74168,68385
année	310	texte	67939,74170,73435,73434,74171,68389,70920,71357,68638,75457,74167,73185,73436,72933,72932,73184,71618,69533,72113,71620,76211,72937,73432,71621,69536,69534,73183,73430,76206,73431,73182,67068,72115,68274,73683,76512,67387,76507,72629,68881,72398,67795,76511,67385,70161,69815,68276,67794,72400,68882,69178,69811,73685,73875,67800,76514,75791,70170,70164,67801,73684,69179,68887,68885,73876,67803,75793,75792,70167,67802,73877,69185,69542,70744,72392,69177,74457,68283,72393,71842,68888,68646,71840,69821,68281,74455,75788,75789,74454,73878,73688,67945,72394,76509,74450,76508,70421,72395,72632,72630,73880,70423,74452,70422,73881,72396,72631,68641,75461,75071,75065,72939,75064,71835,71612,70915,69539,72119,71362,70917,75462,71837,76209,76208,68383,71836,70916,71359,74745,68387,75063,67937,68392,74744,75466,71614,71358,74746,75458,74168,74169,68385,68391,75459,74747,75465
suivant	10	texte	67939,75457,70162,68881,70161,70164,68643,67798,72396,67937
signer	33	texte	67939,68638,74172,72936,69536,72114,71838,71839,67796,69180,72629,67795,76511,70161,68276,73875,69541,73687,72392,72393,73878,72396,74746,68384,74168
accord	38	texte	67939,68638,74172,72117,69536,71838,71839,67796,68274,67795,76511,70161,70166,76516,72392,72393,68888,73878,72396,67937,74168
officiel	9	texte	67939,74167,72936,69534,67553,68888,70751,70169,68643
conjointement	1	texte	67939
méghatropiquer	1	texte	67939
france	200	texte	67939,73435,73434,73187,67938,71357,68638,74749,75457,74167,74173,73185,72933,72113,69534,71838,75069,76206,76213,76207,73431,73182,69535,68274,69181,73683,75796,76513,76507,69816,68275,72629,67795,69182,76510,70161,67804,68276,72399,73875,70165,76515,70164,73684,69179,68273,69543,68885,67383,75792,67802,69185,73687,69542,67553,68645,72392,74456,72393,71842,68888,70745,70753,72636,68646,67944,73689,68281,74454,70424,71841,72637,70752,71845,67799,74450,67388,73882,72632,68642,72630,74453,74452,70422,68279,70914,67071,75065,75064,71835,71612,70915,70917,76209,75066,76208,68383,71836,70916,67937,71614,71358,71366,71616,74746,75458,74168,75459
lancement	40	texte	67939,68638,72936,73432,69534,72114,73183,75069,70163,68275,69179,75793,70749,72392,69177,72394,74450,74451,76508,68279,67943,71836,70916,71359
incliné	1	texte	67939
équateur	2	texte	67939,73684
originalité	12	texte	67939,74171,68881,68276,68887,75793,75792,69813,68643,71835,68387
luire	81	texte	67939,73434,74749,74167,72932,74172,72936,72935,75068,73182,67068,72115,68274,73683,72629,68883,69815,69811,73875,73684,69812,67383,67802,72392,69177,72636,68281,74455,74454,73878,70746,67558,72394,67941,69818,76509,67389,67388,70421,72395,67798,72632,72630,70422,68279,72631,70914,75461,71835,71612,71360,71359,67937,71614,71358,74752,74168
revisiter	3	texte	67939,70161
fréquemment	4	texte	67939,73431,70420,70916
tropical	15	texte	67939,69181,74457,69821
nombre	62	texte	67939,73434,73187,70920,71357,71618,72113,72936,73430,67068,72115,73683,69817,67387,70162,67795,69182,70161,69540,73875,75790,67801,70166,75793,75792,67553,72635,72392,70745,70753,70425,68280,70420,67388,76508,67798,68642,70422,68279,70914,76209,70916,71359,74751,74745,68387,75063,74744,71358,74752,75459
passage	23	texte	67939,73184,73183,73430,76213,73683,68881,75792,72635,69820,73688,68643,68640,72118,75462,71836,74168,75459
6	52	texte	67939,74170,73185,73190,74176,72114,73183,76212,67557,73683,70162,68881,67555,70164,68273,73687,70749,68889,70426,69177,68888,70745,72636,73879,70169,75788,75789,67558,70420,73882,67940,70743,72630,70423,72938,70917,71836,70916,71359,68386,74746,74168,75465,72120
jour	82	texte	67939,73187,70920,68638,74167,74173,72932,73190,74748,73433,72936,72937,71621,74175,73183,72934,73182,72115,69817,76511,75795,76510,69183,67794,67555,70429,69811,73691,73875,69179,68273,68885,70166,73877,69813,67553,70749,68889,71842,72634,72636,70169,70168,73878,76509,74450,74451,76508,73882,72395,67798,72630,70422,73881,71363,71360,70916,71359,73189,71614,71358,74168
polaire	5	texte	67939,73183,69179
héliosynchrone	3	texte	67939,67942,71836
passer	86	texte	67939,73187,74171,71357,74167,73185,72932,73437,73190,69533,73432,69534,74175,73430,72934,75068,73431,73182,67068,72115,73683,70163,67386,67387,67554,67795,69814,76511,67385,75795,70161,67794,69540,73685,67801,73684,68273,73876,70166,69185,72635,72392,72634,72636,71840,69821,68281,70168,68280,73688,67945,68643,72633,72394,74450,76508,73882,70421,72395,72397,68641,67071,75065,72939,75070,71612,75066,71359,75459
terre	46	texte	67939,76210,71621,76213,69181,67794,69811,69812,75792,67553,68645,69177,68644,70745,70424,70420,68642,67942,73880,67943,71836,75463,70916,68387,74168
plusieurs	121	texte	67939,73186,73435,73187,68638,70922,75457,74167,74173,72932,73184,74172,69533,69537,72937,73432,71621,72116,69534,76213,73431,73182,67068,72115,68274,73683,69817,70163,76512,76513,69816,69180,72629,68881,68883,72398,67795,76511,67385,74449,69183,68882,70165,75790,76515,69179,68273,68887,68885,69184,73876,67803,70166,75793,75792,76516,70167,67802,69813,68645,71843,74457,71842,72634,70745,73878,70424,72633,72394,70420,76508,72395,72630,67942,74453,70422,68279,72396,72631,75065,71835,71612,75460,70917,75462,76209,70916,71359,67937,71616,74746,68390,74169
non	98	texte	67939,73434,74171,67938,71357,68638,75457,74167,73185,73436,72932,72113,72117,76211,72936,76210,72116,73430,75069,76213,76207,73431,73182,67557,69817,76512,67386,70162,68275,67556,72629,76511,75794,70161,69815,72399,67555,69178,73685,72940,73684,69541,70748,68885,73876,70166,75792,69813,73687,68884,70744,74457,68646,69821,74455,72394,69818,67389,67388,74451,76508,70421,67798,68642,72630,70423,73881,72396,72631,70914,67071,71835,70916,74751,68384,74168,74169,71617
seulement	48	texte	67939,73434,74171,71357,74167,73436,72113,76211,76210,72116,75069,76213,67557,76512,68275,70161,72399,69178,73684,68273,69541,70748,68885,73876,69813,68884,67553,71840,69821,69818,67389,67388,74451,70421,67798,70423,73881,70914,67071,74745,68384,74168,74169,71617
ausculter	1	texte	67939
traverser	10	texte	67939,68389,72629,75794,72397,75458
disposer	104	texte	67939,73434,67938,68638,74749,74167,73185,70923,69533,72113,73432,72116,69534,72114,76206,76212,76213,73431,73182,73683,69817,67386,70162,76507,69816,72629,68881,67554,69182,76511,74449,70161,67794,69178,73875,70165,69186,67801,69179,69812,73876,70166,67383,75792,73877,69813,69542,72392,69177,68888,70425,73689,69821,68281,74455,75788,75789,73878,68643,67941,70420,74450,76508,69819,70421,72395,67798,68640,72631,70914,75461,75070,71612,75462,71836,70916,71359,67937,74744,71614,71358,75459
ensemble	94	texte	67939,73186,74171,71357,74749,69533,72113,76211,73432,69534,74175,75069,76213,74174,69535,72115,69181,73683,70162,68275,68881,68277,67391,74449,70161,67794,73685,73875,70170,70428,68273,70748,69812,67383,75792,73877,73687,67553,72392,69177,73884,72393,68644,70751,67561,74455,75788,75789,70424,72637,67388,76508,72395,74452,70914,75071,72939,72938,76209,70916,71359,74745,71614,71358,75458,74168,68391,74747
fait	62	texte	67939,73434,67938,74749,72932,73184,74172,72113,76206,76213,73182,68274,73683,76513,70162,72629,76511,74449,70161,67794,67555,69540,73685,72940,68887,75793,67383,67553,72635,70744,72392,71842,73879,74455,75788,70424,68643,70421,72397,70423,72631,75065,72939,70917,75066,71836,71359,68387,75063,74746,75458,74168,68385
adapter	44	texte	67939,67938,68389,76211,72116,72114,75069,76512,76507,67554,72399,75790,73684,68273,68887,69813,70425,73879,68281,70420,74451,76508,70421,68642,72630,70914,71835,75462,71837,75066,75067,68387,75063,74168,68391
atmosphère	18	texte	67939,73186,73434,73183,67557,69811,68273,70916
souligner	54	texte	67939,71357,73185,72933,74172,72113,73433,71621,73430,76213,73182,69817,70162,69816,72629,72398,76511,73685,73875,75790,73684,69812,67383,75792,69813,70749,69177,74451,70421,68279,70914,75461,75065,71835,70915,75066,76208,68383,74745,67937,74744,74746,75458,74169
principal	43	texte	67939,67938,68389,71619,72114,73430,76213,69535,75796,70162,72629,67795,69815,67804,68276,68886,69178,67800,68273,69177,72393,72634,69821,74455,68643,69818,67388,72395,68642,74453,71363,70914,67071,71360,68383,75466,75458
radiomètre	2	texte	67939
balayage	3	texte	67939
conique	1	texte	67939
ead	4	texte	67939,68393
astrium	3	texte	67939,69820,71836
mesure	65	texte	67939,74170,73434,74171,69533,69537,71620,72114,71838,73430,69817,68275,68881,68883,67554,67390,74449,67794,69811,70165,75791,69813,67553,72635,72392,70426,67946,73688,70424,70420,76508,70422,70914,75064,75460,75067,70916,71361,71359,75063
profil	18	texte	67939,73430,76212,76512,67795,75792,67553,72394,76508,73880,75071,71358
vertical	3	texte	67939,68883,72635
concerner	64	texte	67939,73187,74167,69533,71621,69536,76213,76207,73431,73182,69535,73683,67387,70162,76507,69816,67556,76511,67385,69815,67555,69178,73875,69186,73684,70428,68273,69813,70749,68889,72393,70745,70169,67388,67942,68279,72396,70914,67071,71835,70915,71360,68383,71361,71615,74751,74745,67937,75464,75458,74169,71617
condenser	2	texte	67939,73188
forme	86	texte	67939,71619,75457,74167,74173,72932,74172,74748,74176,76210,72114,70918,75068,73182,69535,68274,73683,76512,67556,67554,72401,76511,67390,74449,70161,69815,68276,67555,70429,76515,69179,68273,68887,70166,68884,72635,73884,68644,68888,72634,73879,74455,75788,67558,72939,69539,68383,75463,71358,72121,75459,75465
liquide	18	texte	67939,75794,69540,70166,70426,75789,68280,70746,69819,72397,75462,74752
glace	14	texte	67939,76210,76206,69811,73880,68390
contenu	16	texte	67939,71619,73184,76213,69535,67387,70424,75462,76209,71359
intégré	19	texte	67939,74175,73183,76206,70163,70162,67797,67554,68882,73685,73876,69813,69818,75071,71836,71614,74168
transverse	8	texte	67939,74748,72937,72116,70161,68642
développé	33	texte	67939,73186,73435,73434,67938,71618,69534,72935,73431,67068,67386,67554,76511,70161,69179,68273,73876,68646,73879,71841,74450,74453,72631,72939,71612,76208,75067,71358,75458
mesurer	37	texte	67939,73434,74171,68638,72113,72934,70919,69182,76511,75794,69540,73685,69179,75793,73877,68646,70425,73688,70424,71841,76508,72397,73880,69539,72119,74168
nuageux	2	texte	67939,75789
ciel	3	texte	67939,70424,71617
clair	2	texte	67939,74457
0	2	texte	67939,69540
troisième	27	texte	67939,68389,71357,69533,68639,73432,72114,76213,69535,72629,68882,75793,70749,72635,71842,70745,68281,75067,71361,71359,68387,71614,68385,71617
large	33	texte	67939,74749,69533,72113,72117,73432,72934,74174,69181,73683,67556,67390,75794,69183,67794,73875,72940,69186,73876,68889,73879,74454,73688,72630,71363,71612,75067,71836,71359,75458
bande	2	texte	67939,71836
visible	13	texte	67939,73182,68273,67553,70424,70420,67388,70422,69539,75067,71359
infrarouge	26	texte	67939,69537,71839,67796,70163,76512,67392,69186,70424,70420,71836
grâce	97	texte	67939,73186,73435,74171,70922,74167,72933,73437,74748,70923,73432,71838,75069,75068,71839,67068,69817,70163,67392,70162,76507,68881,67554,69182,67385,75794,76510,70161,67555,69540,69178,69811,67800,75791,67801,73684,68273,70748,73686,70166,75792,67802,69813,73687,70744,70751,75788,71841,72633,70420,67389,70421,72395,70423,67943,72631,69538,70914,72939,75064,69539,71362,71837,76208,71836,74745,73189,67937,71614,75464,75458,74168,68391
auquel	37	texte	67939,74167,73184,69534,73182,70162,76507,72398,67385,76510,69183,68882,67801,73684,69179,69543,73686,69812,75792,73687,70749,70744,69821,67799,70420,76509,70421,67798,67071,75064,70916,75063,75458,74168,68391
flux	13	texte	67939,75457,73430,69535,67796,70162,72637,74751,75458,74168
radiatif	1	texte	67939
sortir	8	texte	67939,76211,70161,67794,68882,74752
sommet	6	texte	67939,68389,72122,75458
onde	36	texte	67939,72932,72934,67068,70163,67386,75794,68886,70747,70420,67942,73880,68641,75067,74744
courte	5	texte	67939,72934,67554,71617
vol	29	texte	67939,72937,76511,76510,70165,69179,69542,69177,74450,68387,71617
concevoir	99	texte	67939,74170,73187,74171,68638,71619,74749,74167,71620,76210,72114,73183,75069,72934,76213,76207,73431,67557,68274,73683,70163,76512,70162,76507,68881,68883,67554,67795,69814,67385,67390,76510,68276,69540,73684,67383,75792,72635,70744,72392,69177,68644,72634,70747,70425,73879,74455,74454,68280,70420,74450,74451,76508,67798,68640,72630,70423,69538,70914,67071,72939,75070,69539,75066,76208,71836,71359,74751,74745,75063,68392,74744,75466,71614,74746,74169
issu	42	texte	67939,74749,72113,72114,75068,76207,76512,67392,67387,70162,68881,67554,67795,70161,72400,73684,68885,72634,72637,68643,67558,69818,72395,72630,70423,75064,75066,76208,70916,71615,75063,67937,68392,68386,71616
concept	31	texte	67939,68638,70918,72934,67068,67386,68881,69178,73687,73689,73879,72637,76508,70421,70914,71835,76208,71836,71359,74751,71617
météorologie	4	texte	67939,68645,71836,70916
dynamique	34	texte	67939,71620,72116,69535,69180,70161,72400,68882,68886,69813,68645,70745,74455,69820,70422,70914,75460,75067,70916,68393,75458
lmd	2	texte	67939
enfin	98	texte	67939,73434,71357,75457,74167,72932,69533,68639,74176,72937,72114,71838,73430,76212,75068,73182,74174,69535,69817,76512,75796,75797,70162,68275,67795,76511,75795,74449,68276,72400,67555,68882,76514,69812,70166,67383,76516,67802,73877,69813,67553,69177,74456,73884,72393,70751,70745,71840,73879,69820,74450,72395,68642,74453,70422,72396,72631,68641,71363,67071,75071,72939,72938,71835,75462,71837,70916,71361,71615,73189,74744,74750,71358,75464,74746,74168,72120
gpsro	1	texte	67939
récepteur	20	texte	67939,72116,72115,69181,75790,69184,73878,72631,67937
température	35	texte	67939,74170,73434,68389,73190,69533,69537,76210,67557,68883,69182,69811,68644,68280,73688,67558,69819,68640,72119,75463,70916,68390,74168
donner	41	texte	67939,68638,71619,75457,72936,72937,71621,73182,75796,68881,67390,74449,69183,67794,67555,68882,69540,73875,75790,73684,75793,67553,72635,69177,73884,70424,72394,67389,72630,68279,71835,74168,74747
dimension	20	texte	67939,73434,75068,73683,67554,69182,73876,75793,74456,75788,70424,70746,71837,76208,75458
mondial	75	texte	67939,73186,73435,68638,71619,72933,69533,72117,76211,72935,72934,75068,76207,69535,67557,67796,69181,68881,67795,69814,67391,69815,69178,69811,70170,76515,70164,69179,69812,67383,70426,72393,71840,74454,72633,67941,67798,74453,67943,71363,69538,70914,67071,72939,72938,75064,71360,70917,68383,71359,74745,67937,74744,71614,74746,75465
réchauffement	10	texte	67939,73434,68389,67387,69814,73688
parler	33	texte	67939,71357,74167,72933,72932,73433,76206,69535,68274,72629,67795,70161,76514,76515,68273,72393,69821,74454,71841,72397,72631,71363,72938,71835,74751,71614,74752,74747
contexte	71	texte	67939,73434,71357,74749,75457,73184,72113,76211,69534,76206,76207,73431,73182,69535,67557,70162,76507,68275,72629,68881,67554,69814,67390,75794,67794,68882,70429,69178,67801,69184,73876,75793,76516,73877,69813,67553,72635,72392,70426,69177,70745,73688,70746,69818,67388,76508,67798,72632,68642,68278,74452,72631,71363,69538,72938,75066,68383,75463,70916,71359,74751,75063,74169,68385,74747
global	45	texte	67939,73434,74167,73436,69533,74176,73183,69535,67557,73683,67387,67554,76511,68886,69811,75793,69813,67553,72393,71840,73879,75788,75789,70424,76508,68279,72938,75463,71361,75458,74169
changement	62	texte	67939,67938,68389,69533,71621,72116,73183,73430,76213,70919,69535,69817,67387,69816,69182,70161,67794,68882,67803,75793,73877,68645,72393,70745,72637,72395,67942,71363,67071,69539,71837,75463,70916
climatique	66	texte	67939,73434,68389,71618,69533,71621,73183,76213,69535,69817,67387,69816,69182,69814,67794,68882,73684,67803,73877,69813,68645,71842,70745,73688,71363,67071,72939,71837,75463,70916,75458
conséquence	15	texte	67939,67938,71357,69533,70918,68882,70429,76514,72940,69184,68645,74453,72631,70916,71366
accroissement	4	texte	67939,68887,74450,70423
humidité	7	texte	67939,69537,69182,73880,71836,70916
basse	2	texte	67939,75794
couche	12	texte	67939,72114,70918,68883,67554,76511,69811,70746,74744
autrement	35	texte	67939,67938,75457,74167,76210,73183,75069,67554,76511,74449,69178,75790,73684,73876,69821,68643,70420,76508,70421,70743,70422,68279,72631,75065,75064,75070,71615,68393,74168,68391
réchauffer	2	texte	67939,69540
diminuer	13	texte	67939,75457,69533,67554,69814,76511,67794,67800,73688,67558,68387
selon	39	texte	67939,73434,74171,68389,68638,74749,74167,73185,73436,69533,72935,69535,70162,67556,72629,68883,76511,75794,76510,67794,73684,69812,69184,67383,73878,73688,71841,67558,67388,68279,72631,75064,71835,75067,75463,74744,74746
élévation	3	texte	67939,73184,69811
généralement	27	texte	67939,71357,68274,70162,76507,69816,72629,68881,67554,72401,72398,67795,70161,67794,68882,68273,75792,73877,69542,67553,70745,72395,67798,68642,75070,71835
bouleversement	2	texte	67939,73876
hydrologique	3	texte	67939,69533
conséquent	26	texte	67939,73432,71621,72935,68274,67554,67391,68882,67800,68885,69812,73877,67553,72392,74455,75789,70424,70421,68279,72118,69539,75067,74169,71617
façon	51	texte	67939,73435,73434,73187,71357,74173,72932,74172,74748,71618,76210,72114,67068,69181,67392,67797,72629,68881,67554,72401,74449,69815,69183,68882,70429,73685,75790,70164,73684,68887,73876,71843,69177,70425,73879,68643,73882,70421,72397,74453,75064,71835,70916,74751,68387,75063,71617
pluie	7	texte	67939,67796,70916,75458
répartir	15	texte	67939,74749,73184,69181,75794,74449,73875,70164,69541,70422,72939,71612,71615,68387,75063
territoire	40	texte	67939,71357,72933,74172,74748,72113,72937,74175,69535,69181,68275,73875,69812,68889,74455,70422,68279,69538,67071,72939,76209,75066,74746
observation	35	texte	67939,74170,68638,69533,71839,69181,70163,68883,74449,69811,69177,75789,70424,74450,74451,72632,73880,72119,71836,70916
historique	9	texte	67939,76507,73686,71842,72939,71835,70917,75063,71616
appréhender	16	texte	67939,73185,68639,73182,69817,75797,72940,70164,73877,69813,67553,67389,70421,75064,76209
réponse	37	texte	67939,71357,68638,69533,72116,76212,72935,73182,69535,69181,73683,76507,69816,75790,72940,73684,68887,69184,73689,67389,76209,76208,68383,73188,67937,75458,74752
fourni	1	texte	67939
échelle	45	texte	67939,71619,73185,73436,69533,69534,76207,69535,67557,73683,72629,67554,68886,69812,67803,75792,69813,72392,70426,72634,70745,70424,70421,68642,72397,70423,69538,75461,72939,75064,70915,70917,76208,75463,70916,74168,71617
air	34	texte	67939,71357,68881,69182,75794,69813,69542,67553,68645,70426,70745,71840,70425,75789,67558,70916,71358
robuster	5	texte	67939,69177,74751
apparaître	29	texte	67939,73434,74167,74172,73432,71621,76213,69181,68275,72401,67385,69178,67801,73876,70166,73877,71843,68643,67388,67798,76209,71361,71359,75063,67937,74744,74746,75459
différence	23	texte	67939,74173,72932,72117,73430,76206,67387,67555,73875,73876,75793,75789,67389,67388,70421,72397,68641,75463,74745
constater	19	texte	67939,74171,68389,76213,68275,74449,67555,69811,67801,68885,70166,67553,68643,70917,68383,68387,67937
rémy	6	texte	67939,72940,73878,76209
rocer	2	texte	67939
bien	119	texte	67939,73186,73434,71357,68638,74167,73185,72932,74172,72116,69534,70918,73430,75069,76213,73182,67068,69535,72115,73683,69817,70163,67386,72629,68881,76511,74449,70161,68276,67794,70429,67800,75790,76515,69186,73684,68273,69812,69184,70166,67383,69813,70749,70744,72392,74457,68283,70745,74455,72637,67389,67388,76508,70421,72632,70422,72396,70914,72938,75064,71835,71612,70915,70917,76209,76208,68383,75463,71359,74751,67937,75466,71614,71358,75458,74169,68391,75465
comprendre	90	texte	67939,73434,68638,70922,72932,71620,73432,73183,73430,75069,76206,72934,76213,73182,67068,72115,67557,69181,70163,69816,68277,76511,70161,68276,67555,68886,69811,67800,75790,72940,69186,69812,75793,67802,73877,69813,70749,68889,68645,70745,68281,73878,73688,70424,72394,74451,76508,72397,73880,67943,72631,71835,71612,69539,71359,73189,75063,67937,75458,74752,74168,75459
évoluer	18	texte	67939,70923,76213,70163,68275,70161,73685,67553,74454,67389,70423,72631,71835,76209,71366
circulation	8	texte	67939,73434,76510,67801,73688,68640,75463
apporter	55	texte	67939,71357,73185,73184,69533,72937,73432,72116,75069,73182,73683,75796,76507,67556,72401,69182,76511,70429,67801,68273,70166,75793,73884,74455,75788,68280,73688,68643,67389,74451,73882,70422,71612,76209,76208,68383,71359,67937,74744,71614,71358,75458,74752,68391
certains	12	texte	67939,73432,70161,69183,73875,67802,72636,75788,68643,76209,75067,68387
question	62	texte	67939,68638,74749,72932,73184,74748,69533,74175,75069,76206,73182,70163,68275,72401,72398,70161,67794,67555,68882,72940,75793,75792,73877,67553,70749,74457,69821,68643,67389,76508,70421,68642,72630,71363,72938,71835,71837,76209,68383,75463,71359,74751,73188,67937,74752
bilan	13	texte	67939,72113,67795,67555,73877,70915,71614
ceinture	5	texte	67939,68274,67942,75458
vie	67	texte	67939,73435,67938,71357,74167,72933,72932,71620,72116,76213,73182,67068,69535,68274,72629,68277,75795,70429,69178,69811,67801,73684,75793,67383,75792,72392,69177,67944,69821,73688,71845,72394,67799,67798,67071,75071,75065,71835,69539,71362,71836,74751,75063,67937,75464,74746,74169,75465
orageux	2	texte	67939,67942
prévision	25	texte	67939,73434,69533,69816,69177,70745,70914,70916
météorologique	7	texte	67939,70914,70916,71617
opérationnel	33	texte	67939,73434,68638,73185,72936,72114,76513,70162,68275,69178,69811,68887,69812,69813,67553,71840,72633,67798,74453,70914,70916
hydrométéorologie	1	texte	67939
pendant	17	texte	67939,73434,70162,69811,69185,70749,71843,67558,76509,74450,67389,68642,75460,71837,67937,68391
trois	119	texte	67939,73434,68389,74749,75457,74167,72933,72932,71618,69533,72113,74176,69536,69534,72114,73430,76213,76207,67068,68274,73683,67386,70162,76507,68881,72398,67795,69182,74449,70161,69183,68276,67555,69811,73685,75790,70164,73684,73690,69179,67383,73877,67553,68645,72393,71842,68888,72634,73689,74455,75788,75789,69820,70424,70746,72637,68643,69818,67388,73882,72395,68642,68640,72630,72397,73880,74453,74452,70422,73881,68279,70914,72119,71362,70916,71361,71615,75063,67937,75466,71614,71366,75464,71616,74169,68391,74747
an	209	texte	67939,73434,71357,74749,75457,74167,73185,72933,72932,73437,73184,70923,72113,73433,73432,69536,69534,72114,74175,73430,76213,75068,76207,73182,67068,67557,68274,73683,69817,70163,76512,76507,68275,68881,72398,67795,76511,67391,74449,67794,67555,69811,73685,73875,75790,70164,69186,73684,70428,69812,75793,67383,75792,73877,69813,70749,68645,70426,69177,68888,72636,68646,71840,74455,75789,74454,67945,71841,72637,68643,72394,67799,76509,74450,67389,74451,72395,67798,70743,72630,72397,74453,70422,68279,68641,72118,70914,75071,75065,72939,71362,71360,71837,75066,76208,68383,71836,70916,71359,74751,74745,68393,75063,67937,68392,74744,71614,71358,71366,74746,75458,74752,68384,74168,74169,75459
durée	50	texte	67939,74170,73187,74749,74167,73185,73437,69536,69534,73183,75069,76213,67557,70162,76511,67555,69811,70164,73684,68645,71843,70426,69177,72634,73689,69821,75789,72637,74451,70421,68642,72118,70914,75065,75064,69539,71362,71836,70916,74751,75464,74168
nominal	2	texte	67939,69179
bénéficier	38	texte	67939,74167,73185,70923,73433,72114,76207,67557,68275,67554,69814,69540,73685,68273,70748,68885,69812,67553,67944,73879,68280,68643,72394,70420,74450,76508,70422,75461,71360,71837,76209,71359,74746,68385,71617,75465
extension	9	texte	67939,74172,73183,71360
complémentaire	22	texte	67939,71618,73432,76212,68881,67555,68882,73875,67553,73884,68644,67944,75789,67388,70915,71836,71358
segment	2	texte	67939,69177
recevoir	43	texte	67939,73186,72933,72932,73437,72113,76206,73182,75790,67801,69185,70749,68888,72634,72636,69821,70169,73878,76509,74450,67389,72396,75065,71837,75066,76208,68387,75063,67937,71358,74746
traiter	25	texte	67939,73187,72932,72937,70918,73183,72935,73431,73683,67794,69813,72393,68646,70424,67799,68642,68641,75065,75067,68391,71617,72120
distribuer	4	texte	67939,72114,68881,67555
service	80	texte	67939,73434,71357,74167,73185,73190,74748,68639,72937,73430,75069,74174,69535,75796,67392,67387,70162,76507,76510,70161,67555,69811,70170,67801,68885,75792,69813,68889,72392,74456,73879,70169,75789,74454,70746,74450,76508,70421,72397,68279,72118,75461,68383,72122,71359,74745,75466,74746
valider	22	texte	67939,69537,70918,75069,72934,67797,67385,74449,69178,73875,75793,72634,74453,67071,75064,75067,74168
composer	32	texte	67939,71618,69533,76210,76212,70163,76507,67554,67385,67390,75794,67800,69179,68273,75793,67802,71843,68646,70425,73689,72397,73880,75070,72119,71360,75066,75458,68390
responsabilité	11	texte	67939,70920,71619,72113,74175,73683,69817,70163,74455,68279
récemment	23	texte	67939,73436,72932,73184,72117,72116,73431,73182,70161,73685,73875,68885,69184,73876,67553,71843,72630,68279,71837,68383,74751,67937
21	11	texte	67939,72113,69177,72636,74452,72396,71363,72122,71359,68386
américain	31	texte	67939,72933,73184,72114,76207,72115,68274,70163,72629,68881,67391,69540,75790,73876,67383,69177,71840,72633,72394,70422,72119,74745,71614
sélectionner	16	texte	67939,67938,70920,73190,70918,72629,67794,67800,69179,70420,69818,72631,74169,68385
appel	30	texte	67939,74167,73433,70918,75068,67557,69817,76513,68275,72629,67554,74449,72399,67794,70429,73875,75790,73876,69813,73879,75788,67941,69818,70421,68279,69539,71614,74752
offre	20	texte	67939,76211,75068,69535,72629,72398,72399,76514,73687,70749,72637,68643,70421,75071,71361,71359,71358
eumetsat	1	texte	67939
numérique	43	texte	67939,70923,69533,68639,76207,73431,73182,75796,72401,67385,70161,69540,75791,73876,70426,73879,69820,70421,67940,74452,70914,75064,76209,70916,71359,74745,75063,74744
temps	108	texte	67939,73434,74171,68638,70922,74749,75457,74167,73436,72933,72932,74172,74748,71618,70923,69537,72937,72116,72114,75069,72934,67068,68274,73683,70162,68275,72629,68883,67385,76510,70161,67794,72400,67555,68882,69811,73875,75791,76515,69812,67383,75792,67553,70744,69177,74457,68646,71840,73689,73879,74455,75788,70424,70752,76509,76508,69819,67798,72630,73881,68279,72396,70914,71835,69539,71837,70916,71359,67937,74750,75466,72121,73438,75459,71617
surveillance	14	texte	67939,71839,76510,69811,69812,69177,75789,67945,71836
phénomène	27	texte	67939,72932,68639,73683,76507,73877,70426,74457,69820,70746,67558,70421,67942,74453,75070,71836,70916,74745,73188,74752,74168
essentiel	39	texte	67939,72933,76211,71621,69534,76206,73431,67796,68274,72398,75794,70161,73875,70170,75792,76516,73877,67553,73884,73881,72396,69538,70914,75065,75064,68387,75063,71358,75459
structure	71	texte	67939,73434,74749,74167,74173,73436,73184,68639,69537,73433,76210,69534,73430,72629,68881,67390,75794,68886,73685,75790,68885,70167,71842,70745,70425,69820,70424,68643,67558,67941,73883,72632,68642,70423,70422,68279,67943,72396,75065,75462,71836,71614,75458,68391,75459
interne	9	texte	67939,76211,69181,73685,73876,75792,74455,72118,71358
cyclone	1	texte	67939
réel	30	texte	67939,70922,70923,76211,69534,67387,70162,67385,76510,70161,75791,67553,73879,71841,68643,76508,69819,70421,75067,74751,67937,75459
météo	6	texte	67939,69813,75789,67071,70916
protection	9	texte	67939,72115,67557,69811,67553,69177,68643,71360,70917
cyclonique	1	texte	67939
département	29	texte	67939,72933,74172,74748,71618,67068,76513,67554,72398,68885,67944,70746,72118,71837,76209,75066,70916,74744,71358,75458,68384,74169,68385
outremer	3	texte	67939,73433,69181
souligneton	3	texte	67939,67941,70743
cne	16	texte	67939,70163,69179,69813,69177,70424
outre	31	texte	67939,73435,74171,75457,73190,70923,72934,68274,73683,70163,76512,68881,72398,76510,70161,68276,70165,67802,69542,68644,70425,68280,70914,75461,71836,73189,68392,71358,71617
measuremer	1	texte	67939
gpm	1	texte	67939
conjoint	1	texte	67939
nasa	6	texte	67939,73434,70163
jaxa	1	texte	67939
agence	33	texte	67939,74749,74748,73432,69536,70163,67386,76513,76507,69816,72629,67385,75794,74449,69811,75790,69179,70428,70749,70426,68643,68642,73880,70422,75460,75066,68383,75463,68386
nombreux	85	texte	67939,74170,68638,74749,73185,73436,69533,72113,76210,72116,75069,68274,67387,76507,68275,72629,68883,72401,72398,67795,76511,75794,74449,69815,70429,69811,73685,67800,72940,73684,69812,75792,67802,73877,67553,68645,71843,72392,69177,74457,72393,68644,74455,70169,73878,68280,70424,67945,67558,67799,74451,70423,68279,67943,68641,70914,75064,71835,69539,71360,70917,75066,76208,68383,74751,75063,68392,74746,75458,68390
devoir	175	texte	67939,73435,68389,70920,68638,74167,73185,72933,69533,74176,76211,76210,73432,71621,72114,73430,75069,72935,76213,75068,73431,68274,69181,73683,69817,70163,67386,67387,70162,76507,68275,68881,67795,69814,76511,75795,67391,75794,74449,70161,69183,68276,72399,67794,68886,70165,72940,70164,67801,73684,69812,69184,75793,75792,69185,69813,68884,67553,72392,69177,74457,71842,72634,70747,71840,70425,73689,75789,73688,72637,72394,67941,76509,67388,70421,67798,67942,73880,74453,70422,68279,72396,69538,70914,67071,75071,75065,71835,71612,71362,75462,71837,76208,68383,75463,70916,71359,74745,68387,75063,73188,67937,74744,75466,71614,71358,75464,75458,74169,68391
prochainement	6	texte	67939,73186,74172,68883,67795,67941
véritable	53	texte	67939,73186,73187,75457,74167,73185,73436,74172,70923,72113,73433,76211,71621,75068,73182,75797,76507,68275,72401,67795,70161,72400,70170,68885,73876,67383,69813,67553,72635,71842,70745,72636,72633,72394,67941,70421,72630,74453,67071,75065,71835,75066,68387,74169,74747
brésilien	4	texte	67939,73878,71362
intéresser	95	texte	67939,68389,68638,74749,74167,73185,72932,69533,72113,72114,73183,73430,75069,76206,76213,73431,73182,67068,68274,69817,67556,72629,76511,67390,69178,67800,70165,75790,68273,69812,73876,70166,75793,67383,76516,67553,70745,68646,69821,73879,75788,75789,68643,70420,74450,73882,70421,72630,72396,72631,75065,72939,71835,71612,75462,71836,71361,68387,67937,68392,75466,74746,75458,74168,75459,71617
utilisation	56	texte	67939,73434,73436,69533,76210,72116,75069,73431,74174,70919,69535,72115,67386,68881,69182,69814,67385,67390,75794,69183,70170,68273,75792,76516,73877,67553,72635,69177,68646,75788,69820,70746,67558,74450,74451,76508,70914,75067,71836,70916,68392,75464,71616,75458,68390
météorologiquer	6	texte	67939,69177,75789,70916
audessus	4	texte	67939,71621,68280,72632
préparation	18	texte	67939,71838,75069,76511,69179,70749,71843,67388,67942,71363
focus	89	rubrique	67939,67938,71357,68638,75457,74167,73185,72933,72932,73184,69533,72113,73432,72116,69534,72114,73183,73430,76206,76207,73431,73182,67068,69535,72115,68274,73683,70162,76507,68275,72629,68881,67554,67795,74449,70161,68276,67794,67555,68882,69178,69811,73685,73875,75790,73684,69179,68273,69812,73876,67383,73877,69813,67553,72392,69177,72393,75788,75789,72394,70420,74450,76508,70421,72630,70422,72631,70914,75065,75064,71835,71612,70915,71837,68383,71836,70916,71359,74745,75063,67937,74744,71614,71358,74746,75458,74168,74169,75459
262	11	bulletin	67939,74170,67938,67946,67944,67945,67941,67940,67942,67943,67937
19/10/2011	10	date	67939,67938,67946,67944,67945,67941,67940,67942,67943,67937
institut pierre simon laplace (ipsl) - laboratoire de météorologie dynamique (lmd) - rémy roca : tél. : +33 (0)1 44 27 21 67 - email : roca@lmd.jussieu.fr	1	contact	67939
coupe	2	titre	74170
robot	40	titre	74170,73190,68883,75791,67383,72633,67941,70420,72119,75066,71614
voilier	18	titre	74170,73183,68883,72634
autonome	18	titre	74170,73185,67797,68883,74449,75789,74450,67940,71361,71359,74746
exploit	3	titre	74170
vaimo	13	titre	74170,68883
coup	11	texte	74170,74167,72932,73683,67800,69177,70747,74450,68279,71835,75066
365	2	texte	74170,68883
poids	10	texte	74170,73430,69535,68883,69179,75792,74450,68640,71366,68385
300	18	texte	74170,76210,73430,72935,75068,75797,76507,68883,67554,73875,69543,75793,75065,71837,70916,74747
kilogramme	17	texte	74170,70163,68883,70165,69179,75789,67941,74450,68640,72630,75461,75066,71836,71366
tel	101	texte	74170,73187,67938,70920,71357,75457,74167,73436,73184,72937,76210,73432,71621,72114,71838,73430,75069,76206,76213,73182,69535,73683,75796,69816,68275,68883,69182,69814,74449,70161,69183,67794,67555,68882,68886,67800,75791,68887,70166,67383,73877,72392,69177,72393,68888,72634,70745,70747,70425,69821,74455,68280,73688,70420,74450,67388,72630,67942,70423,70422,69538,75065,71612,70917,75462,76209,68383,71359,71615,74745,68387,75063,71366,71616,74168
mensuration	1	texte	74170
instrumenter	2	texte	74170,68883
océanographiquer	2	texte	74170,68883
intelliger	9	texte	74170,68883,67940,67937
distinguer	3	texte	74170,70916,72120
remporter	2	texte	74170,75066
course	11	texte	74170,67938,71357,74167,72932,76212,76213,73876,72396,75070
distance	25	texte	74170,73434,68389,74167,70923,72934,68883,76510,68882,69811,73686,70425,70424,74450,70421,71362,75458,71617
wrsc	1	texte	74170
world	1	texte	74170
robotic	9	texte	74170,67383,73884,67945,72633,72122
sailing	1	texte	74170
championship	1	texte	74170
brest	6	texte	74170,68883,74449,75460
ensta	11	texte	74170,68883,67944
bretagne	14	texte	74170,68883,67553,67946,67944,75460
partenaire	111	texte	74170,73434,70920,74749,72933,73184,73190,74748,70923,76211,69536,69534,72114,73183,75069,69817,76513,69180,72629,68881,67554,69182,67385,74449,67555,69178,73875,70164,69179,68273,69812,73876,70166,75793,69813,68884,72392,73884,71842,67946,68888,72634,70753,67944,73879,75789,70168,73878,67945,72637,67388,70421,67940,68642,72630,68278,68279,72396,69538,75461,75071,75064,71360,71837,71359,71615,74745,68393,74744,71358,72121,75458,74168,75465
septembre	46	texte	74170,70922,75457,74172,68274,73683,67392,67386,76513,68883,67795,76514,76515,76516,73687,73884,67561,73879,70752,73880,73881,71362,70917,70916,71615,74745,67937,71358,73438,71617
événement	55	texte	74170,73190,74748,74176,72937,72116,74175,76212,68274,73683,75796,75797,70162,72629,75795,74449,72400,76514,76515,70164,69541,70166,69177,74456,73884,72393,67946,70751,69820,67945,70752,76509,73882,73880,73881,72939,72938,70916,67937,73438,72120
rassembler	18	texte	74170,76212,75068,76207,67557,67386,67387,75795,70170,70164,68645,73884,70753,70424,69818,71359,68392,75465
bateau	15	texte	74170,73434,73183,73683,68883,74450,70916
7	37	texte	74170,73435,73187,74167,73436,74748,74176,69534,72114,74175,73183,76213,69817,68276,67794,70164,67801,68885,69185,69177,68888,71840,73879,74455,72633,68279,71612,75063,74746,74168,72120
venue	2	texte	74170,72396
portugal	4	texte	74170,68281,67945,68642
allemagne	9	texte	74170,72933,73430,67944,67943,71361,74746
pays	106	texte	74170,67938,68638,71619,74749,74167,73185,72933,72113,72117,72936,69534,73430,75069,73182,69181,70163,76512,75797,76507,69180,72629,67391,67794,67555,73691,70164,73684,68273,69813,69542,67553,72393,68646,68281,73878,67945,72633,70743,68642,72630,70422,72396,72631,69538,70914,71362,76209,75067,68383,70916,73188,68392,68386,71614,71358,74746,75458,74169
galle	1	texte	74170
finlande	2	texte	74170,68642
janvier	35	texte	74170,68638,73185,73184,74748,72113,67068,70162,69180,68881,67555,73685,68887,68885,69812,69184,68884,72635,72392,69177,74456,71842,68888,70745,71840,70169,72633,71845,72396,72119
2012	68	texte	74170,73435,70920,68638,71619,73184,74748,71620,73432,69534,72114,73183,73430,76213,72115,68881,69540,73685,73875,70170,70164,69543,69542,67553,68889,72392,69177,72393,70751,73879,70169,70168,74454,69820,70752,72633,67798,72396,71363,75065,71835,71837,75463,70916,72122,74752
école	89	texte	74170,73185,73437,70923,76211,69536,72114,73430,67068,76513,68883,67795,70161,68276,67555,69541,69185,70168,71841,72394,74450,70743,70422,75071,74751,71614,71358
technologique	117	texte	74170,74171,68638,75457,74167,72933,73190,74748,69533,72113,68639,72116,69534,76213,75068,76207,73182,71839,75796,67797,68881,68883,67554,76510,70161,68276,72400,68882,73685,76514,75790,69179,68273,68885,70166,75792,73687,67553,72392,72393,71842,72634,68281,74455,75789,70168,69820,70752,67799,73883,67388,74451,72395,67940,72630,74453,71363,70914,75071,71835,71362,71360,71837,75066,68383,71359,68393,75466,71358,74746,74168
ifremer	11	texte	74170,73433,68883,67385,67071,75460
physique	48	texte	74170,73186,68638,69536,72934,67068,69180,68883,67390,75794,69540,69178,72940,75791,70167,68645,68280,73688,70424,72637,70421,67798,70422,67943,70914,75070,74745,73188,74168
océan	27	texte	74170,73434,73183,73683,68883,72401,69811,70164,73684,73880
lpo	2	texte	74170,68883
parcourir	12	texte	74170,68389,73183,67068,68883,69811,68640,75458
567	2	texte	74170,68883
mile	3	texte	74170
complet	21	texte	74170,72117,73431,70919,67557,73683,67554,70161,69179,69541,73686,75793,75792,72392,69818,74450,70421,74745
autonomie	15	texte	74170,70923,75069,68883,74449,67553,67941,74450,69538,75466,74746
douarnenez	3	texte	74170,68883
avant	82	texte	74170,73434,68389,74749,74167,72932,70923,73432,71621,74175,73430,76206,76213,73431,73182,73683,76507,67797,72629,68881,67385,75795,69183,68276,67794,67555,73685,73684,69179,68273,69541,68885,73877,72392,69177,71842,68888,72634,70745,72636,69821,71841,76509,74450,67389,67388,67942,70422,72396,72118,75071,75065,75064,71835,69539,70917,71836,71359,74751,67937,74168,75459
août	9	texte	74170,73434,70919,67556,69177,67558,71835,70916,74169
record	12	texte	74170,73430,75797,68883,73689,68640,74168
campagne	13	texte	74170,70164,69813,69177,75064,70916,67937,71616
océanographie	17	texte	74170,73434,73183,69811,67944,73688
strer	1	texte	74170
île	8	texte	74170,71621,67945,75464
canarie	1	texte	74170
açore	1	texte	74170
73	2	texte	74170,70424
heure	54	texte	74170,73187,72932,73184,74176,73430,76212,72115,68881,67385,74449,76510,69811,67801,69541,75792,73877,69177,70425,73689,75789,67558,72394,74450,67388,76508,67940,68640,67942,72397,70423,71835,75460,70916,74745,71614
durer	64	texte	74170,74171,73185,72932,72113,69537,72937,73432,69534,74175,73430,72935,72934,73182,68274,72629,68881,68883,70161,67794,73685,67801,73684,69179,68273,75793,70749,69821,73879,70169,75788,72394,76509,74450,73882,67798,72630,74453,73881,71363,72939,71835,76208,68383,71836,71359,68387,67937,75464,75458,74752,74168,75459
sonde	15	texte	74170,75794,67800,70916
embarquer	17	texte	74170,73187,73190,70165,67553,69177,73879,70168,76508,75071,71836,74751
enregistrer	15	texte	74170,74171,67068,72629,67795,76510,70749,70744,67389,70421,70916
continu	9	texte	74170,73437,68883,69178,69811,73688,70746,75067,71617
salinité	8	texte	74170,73434,68883,73688,72397,73880,70916
masse	14	texte	74170,73436,68639,70919,70163,75794,69179,73688,67799
subsurface	1	texte	74170
45	4	texte	74170,67391,69543,71361
peu	98	texte	74170,73434,67938,68389,68638,74749,74167,73436,72932,72113,71621,72114,73183,73430,76206,76213,76207,73431,73182,67068,68274,69181,69817,76507,68275,67391,74449,67555,68882,73875,75790,67801,73684,68887,70166,73877,70744,74457,71842,72634,70425,69821,73879,75788,68280,73688,68643,72394,76509,74450,70421,72395,68640,70422,68279,72631,72939,71835,75460,75067,71836,70916,68387,67937,71614,68390,74169,75459
rond	12	texte	74170,72932,74172,72937,72400,69186,76516,70751,71845,75462,75466
lanvéoc	1	texte	74170
envisager	30	texte	74170,71357,68638,69533,70918,76213,73182,69535,70162,68881,68883,70161,68882,70429,69178,68645,74455,74454,68280,70746,71845,74450,70423,69538,70917,75463,68387,68390,75459
servir	20	texte	74170,68638,73431,72115,70162,69183,67555,69811,70744,68645,68644,70425,72394,74450,70421,73880,72119,71359
déplacement	6	texte	74170,70162,75794,68882,70744,70917
microalgue	26	texte	74170,73433,76213,67385,75460,72121,68385
toxique	14	texte	74170,74173,73436,72115,70162,71843,72392,70746,75460,73189
prévenir	6	texte	74170,72935,70165,73876,67799,75063
public	78	texte	74170,74171,71357,72933,72113,72114,75068,73182,67068,69535,73683,75796,70162,68275,72401,75795,69183,67794,69178,73875,70164,67801,73690,70748,69812,67803,70166,76516,69813,68884,68645,72392,74457,72393,67946,70753,75788,71841,72633,73883,73882,67940,68642,75071,75065,72939,72938,71835,71612,70915,71360,71615,71366,74746,74752,68384,75465
conchyculteur	1	texte	74170
arrivée	14	texte	74170,76507,73877,69821,74450,74451,74453,74452,72118,72938,71612,71836,74744
imminent	1	texte	74170
côte	8	texte	74170,73683,67553,68279,70917,68393
poursuivre	52	texte	74170,73434,75457,73436,72932,70918,73430,76206,67068,72629,76511,76510,73685,73875,70166,67383,70749,72635,72634,71840,70425,74454,72394,67388,72395,67798,72630,73880,72396,70914,75065,70915,71362,71360,70917,68383,70916,74745,68392,74746,74752
optimisation	16	texte	74170,67385,68882,75791,75793,68889,67561,72630,74453,70914,71362,76208,75067,75464
probablement	3	texte	74170,70749,71359
défendre	6	texte	74170,73184,68387,67937
titre	9	texte	74170,71357,73430,73683,68275,67794,69812,68383,71359
norvèg	2	texte	74170,69534
actualité innovation	66	rubrique	74170,73186,73187,74171,70920,68639,69537,69536,70918,71838,72935,72934,71839,70919,67557,67796,69181,70163,67386,67387,69816,69180,67797,67556,68883,68277,69814,67385,69815,70165,75791,70164,73686,73687,68884,70744,71840,74454,70424,71841,72633,67941,74451,67940,72632,70743,68642,68640,67942,73880,68278,70423,74453,74452,68641,67071,71360,70917,76208,71615,68386,71616,68384,68385,74747,71617
285	10	bulletin	74170,74171,74167,74173,74172,74176,74175,74174,74168,74169
21/10/2013	10	date	74170,74171,74167,74173,74172,74176,74175,74174,74168,74169
ifremer - johanna martin - tél. : +33 (0)2 98 22 40 05 - email : johanna.martin@ifremer.fr - http://www.ifremer.fr/webtv	1	contact	74170
le voilier robot vaimos crédits : ifremer / michel gouillou	1	legendeImage	74170
cherenkov	3	titre	73186
telescop	6	titre	73186,70163
array	4	titre	73186,73879
caméra	21	titre	73186,71839,67796,70162,67554,69540,73879,70424,70420
prototyp	2	titre	73186
rayon	16	titre	73186,67390,74450,69539,68391
gamma	4	titre	73186
cosmique	6	titre	73186,73688
installation	27	texte	73186,68638,73432,67795,68277,69178,73875,68884,72392,70743,75064,70915,71362,75463,74746,68384
détecter	35	texte	73186,68638,70922,71838,72935,76207,70919,69183,69811,75793,73877,70425,73878,73688,67941,67388,70421,67942,73880,72118,75460,71614,74746,75465
source	31	texte	73186,68638,72934,76213,76207,67068,72115,68881,69814,69178,76514,73876,68884,68644,70745,70747,74454,71363,75070,72119,76209,73188,74168,71617
galaxie	11	texte	73186,70163,70424
audelà	37	texte	73186,73434,71357,68638,73184,72117,73183,67068,73683,69816,76511,68273,75792,70749,75789,68280,67558,76509,70423,72396,69538,72939,71362,76209,71359,73189,75063,67937,71358,75459
compter	21	texte	73186,75457,72932,76211,73432,69817,70161,69183,67794,73685,67553,70753,70169,68643,76509,75066,68387,75063
cinq	35	texte	73186,73185,73184,72114,73430,73182,76507,69816,68881,67554,72398,67795,76510,69815,67555,73875,70749,72637,72394,76508,72396,72631,70914,70915,72119,71360,71837,76209,71836,71615,71358,71617
télescope	10	texte	73186,70163,73688,70424,70914
or	148	texte	73186,68389,68638,75457,74173,72932,73184,74172,69533,72113,73433,71621,69534,72114,73183,73430,75069,72935,72934,76207,73431,72115,70163,67387,76507,67556,72629,67554,67795,67390,75794,74449,76510,70161,72399,67794,68886,69811,73684,68273,68887,67383,75792,70167,67802,73877,68884,67553,70749,72635,69177,68644,70745,70747,72636,70425,69821,68281,74455,75788,73878,73688,70746,68643,67558,70420,69818,67388,70421,67798,70743,68642,72630,70423,74452,68279,67943,72396,72631,68641,69538,70914,75065,72939,75070,71612,75460,72119,75462,70916,71361,71359,74745,73189,67937,75458,74169,68385
dispositif	64	texte	73186,73435,74171,69537,76210,73430,68274,69181,69817,70162,68881,67554,68277,69814,76510,69540,73876,75792,72635,70744,70753,68646,70425,74454,70420,76508,72395,67798,67940,72397,75064,75070,72119,71836,74750,71616,74746
détection	17	texte	73186,74167,73432,76207,67554,69183,69186,67553,71840,70425,73879,72633,72631,75460,71836
gat	2	texte	73186,73879
gammaray	1	texte	73186
telescope	1	texte	73186
element	2	texte	73186,69177
prévoit	4	texte	73186,74171,71838,71839
près	63	texte	73186,73435,74749,72932,73184,74172,74748,72113,72935,72934,75068,67796,68274,73683,67556,75795,76510,73691,73875,72940,73684,69179,69812,69813,69542,68645,72392,72393,68646,69821,73879,75788,71841,72394,73883,76508,73882,72632,70743,72630,68641,70914,75065,72119,71360,70916,68387,67937,75466,71358,71616,74746,75458,68384,73438
centaine	38	texte	73186,68389,68638,72933,72937,72934,67068,72115,69181,73875,72940,73684,68885,70167,69813,70744,68644,73878,69820,74450,76508,70421,72630,70422,71835,71837,72122,71615,74751,75464,73438
soutien	31	texte	73186,68389,71357,73185,72114,73183,73431,69181,73683,68277,69182,67391,73690,69179,75793,76516,68884,69177,73884,68888,73879,70169,73878,68280,70422,75461,75463,75466,71614,74746
iledefranc	6	texte	73186,74749,73190,74172,71360,71358
cnrs	83	texte	73186,68389,74173,72932,69533,73183,73431,67068,69181,73683,69816,69180,68883,67795,69182,67385,67390,69178,67800,72940,68887,67383,67802,70744,68645,71843,70426,70745,68280,70424,67945,71841,67558,72632,68642,68278,74452,67943,68641,70914,67071,72939,75460,70916,71615,75063,67937,74750,72121,75458,74752,68384
cea	72	texte	73186,68638,69533,73183,76207,71839,72115,70163,70162,69816,72629,67554,75795,69178,67800,75792,76516,68884,68645,72392,73879,75789,70424,67558,70421,68640,67943,70914,75064,75070,70915,75463,74745,74744,74168,68385
observatoire	10	texte	73186,71838,74174,70163,76515,69186,70749,70751,75458
pari	115	texte	73186,70922,74749,75457,72932,73184,73190,74172,72113,71620,76211,72936,70918,73430,72935,76213,73431,67068,73683,70163,70162,76507,67556,67795,68277,76510,69815,67804,72399,73875,69186,73684,70748,68885,69184,67803,69185,70426,74456,72393,70747,72636,68646,73879,70169,75788,70168,68280,70424,71841,72633,67941,73883,74451,76508,70421,67942,70422,72396,70914,75071,72939,71360,71837,74751,75063,74750,71358,72121,74746,74752,68384,72120
assurer	45	texte	73186,73185,72113,71621,75068,73683,70163,70162,76507,68881,67390,69811,73875,69179,68885,69184,75792,73877,69542,67553,72392,70425,75789,70746,68643,72394,69818,70743,68642,69538,70914,76209,76208,75067,71836,74169,75459
coordination	5	texte	73186,72933,73683,70163,68642
leprinceringuet	1	texte	73186
ecol	2	texte	73186,70747
polytechniquecnr	1	texte	73186
ambitieux	9	texte	73186,67555,67553,74450,71837,71615,71358,75458,74168
finaliser	1	texte	73186
mécanique	25	texte	73186,72933,68639,72398,70161,68276,70165,75791,73687,72636,74455,71361,71615,74751,74745,68393,75063,74750,71358,75464,71616
destiner	30	texte	73186,73435,70920,71619,73190,72935,67796,76512,76511,70429,70165,69179,73877,67553,70753,73879,74455,67941,70420,69818,74450,67388,67943,75065,75064,74745,71366,68384
équiper	23	texte	73186,74167,73190,73432,72114,70163,67386,69811,70426,68644,70745,75789,67941,70420,70421,67940,68640,68279,70916,74745,74168
observatoir	3	texte	73186,76515,70428
prototype	30	texte	73186,73187,72933,69817,76513,70162,68881,67554,67383,73877,75789,67941,74450,67940,72397,71359,74751
direction	37	texte	73186,73434,71357,68638,74749,72932,68639,72114,73430,76207,72115,70162,67554,68277,70165,70164,73876,67553,72392,69177,74455,72394,67941,74450,70421,72938,71612,71836,74744,75458,75459
berlin	3	texte	73186,67389,68386
installer	48	texte	73186,73185,72932,72114,73430,76207,69535,68274,76513,67797,68881,68883,67795,68277,73875,73684,73876,73687,68884,69821,73879,75789,68643,67799,70421,67798,72630,68278,70422,72396,75461,75064,75066,70916,68387,71614,71358,74746,75458,74168,68385
celui	154	texte	73186,73434,74171,68389,71357,68638,74749,75457,74167,73185,73436,72932,73190,74748,69533,72113,69537,72937,73432,72116,69536,72114,73430,75069,76206,72934,76213,75068,73431,67068,67557,73683,69817,69816,68275,67554,72401,67795,76511,67391,74449,68276,67794,69540,68886,69811,73875,70164,73684,68273,68887,68885,67383,70167,69185,73687,70749,69177,68644,72634,70745,70425,69821,73879,75789,70168,69820,68280,70424,68643,72633,72394,70420,76509,67389,69819,70421,72397,70423,70422,73881,68279,72631,72118,70914,67071,75065,71835,69539,70917,76209,75067,75463,71359,71615,68387,75063,67937,74744,74746,74168,75459
desy	1	texte	73186
deutsche	1	texte	73186
elektronensynchrotron	1	texte	73186
procéder	16	texte	73186,69534,73683,67390,68276,69179,72634,67561,70425,74454,72394,68278,75064
série	16	texte	73186,71357,69533,75069,72934,73683,67554,67555,69811,69177,72634,74455,68640,74168,68391,75465
réglage	4	texte	73186,68883,76508,75067
test	51	texte	73186,70923,69534,76207,70163,67386,75797,67554,76511,69815,73685,67801,73684,69179,73686,70744,72634,70425,68643,76508,67940,75064,68387,74168,74169
capturer	3	texte	73186,70425,74751
signal	17	texte	73186,72116,72114,67555,70749,70747,73879,67945,74453,68279,69539,71837
interaction	28	texte	73186,70922,72937,72116,69534,73183,72115,69817,67795,75790,70749,70747,70420,74453,68279,71363,69539,72119,71837,70916,74752,68390,74168
dresser	15	texte	73186,72113,73183,76213,73182,67555,69811,76514,68885,72392,69820,74450,68279
cartographie	18	texte	73186,69537,72629,69811,69813,72392,67944,75788,75789,70424,67389,71836
spatiotemporell	2	texte	73186,70162
objet	58	texte	73186,73435,74173,73436,72117,72936,74175,75068,67068,70919,72115,67796,68274,73683,70163,68881,67391,67804,67555,68882,70429,70165,75791,75792,73877,70744,71843,72392,72634,73879,75788,72637,74450,67388,70421,67942,68279,75071,75065,70917,68383,71836,67937,68390,68391
céleste	1	texte	73186
émettre	14	texte	73186,70163,73685,71843,70747,73688,72632,67942,75070,69539
rayonnement	6	texte	73186,70163,76511,68387,74744,71358
type	104	texte	73186,73434,70920,71357,74749,74173,73185,73436,72113,69537,73432,69534,73430,76206,76207,73182,70919,68274,73683,69817,67386,67387,68275,68881,68883,67795,67390,75794,74449,69183,69540,69178,76515,73684,70166,75793,67802,69813,67553,72635,72392,69177,72393,68644,72634,70425,73879,75789,73688,68643,72394,70420,76509,74450,67388,76508,70421,67940,68640,72631,72118,70914,75065,71612,69539,76209,75067,70916,71359,68387,67937,74744,74750,74168,71617
carte	24	texte	73186,69537,69535,70162,76507,67554,73684,68885,69812,69813,72392,73879,75788,74450,76208
progresser	6	texte	73186,70161,70420,69538,70917,74752
origine	26	texte	73186,67938,68638,72933,72116,69534,75069,76213,73431,67068,70163,75795,67794,67555,76514,68885,69177,67558,67388,70423,69539,75067,67937,74744,71614
cta	1	texte	73186
permettra	7	texte	73186,75457,69536,73683,76513,70164,72118
conduire	80	texte	73186,73435,73434,71357,68638,74749,73185,73436,73184,72113,72937,76210,73432,72114,70918,73430,75069,76206,72934,76213,75068,71839,72115,73683,67556,72398,76511,75794,74449,67555,68882,69179,69812,73876,75793,75792,67802,70749,71843,72634,70745,69821,73878,72633,67389,72395,72630,74453,68279,71363,69538,75064,71362,70917,68387,75063,73188,67937,74752,68390,74168
fondamental	20	texte	73186,73184,69536,73182,67068,68881,68277,68882,67800,75790,70748,73879,68280,72630,74453,70422,75460,67937,68384
281	9	bulletin	73186,73187,73185,73184,73190,73183,73182,73189,73188
3/06/2013	9	date	73186,73187,73185,73184,73190,73183,73182,73189,73188
in2p3 - laboratoire leprince-ringuet - bruno khélifi : tél. : +33 (0)1 69 33 55 73 email : khelifi@llr.in2p3.fr	1	contact	73186
prix	65	titre	73435,73185,72933,72932,73190,67068,72115,68274,75797,68881,68882,75790,68273,76516,70751,72634,70168,72633,76509,74450,72630,68641,71835,71612,75066,76208,67937,74746,73438,74169
entrepreneur	20	titre	73435,73185,72933,72114,68274,76511,73685,73684,76208,71614
entreprise	358	titre	73435,73434,73187,74171,67938,71357,71619,74749,75457,74167,73185,72933,73184,73190,74172,74748,72113,72117,74176,76211,72937,72114,74175,73430,75069,76212,72935,76213,75068,76207,73182,71839,67068,69535,67796,68274,76513,76507,72629,67795,68277,76511,67385,76510,70161,69815,72400,73691,73685,73875,70165,68273,69541,73686,73876,70166,75793,67383,75792,73687,68884,67553,73884,71842,67946,72634,70753,68646,67561,71840,73689,73879,74455,70169,70168,74454,73878,67945,71841,68643,72633,71845,72394,69818,76509,74450,74451,76508,70421,72395,72630,68278,74453,70422,72396,72118,70914,75071,75065,72939,72938,71360,75066,76208,75067,68383,71359,68387,68393,75063,68392,74744,75466,71614,72121,71616,74746,75458,74752,73438,74747,75465
eyetechcar	2	titre	73435
eyetechcare	2	texte	73435
juin	31	texte	73435,73437,73190,72937,70918,75797,76513,68881,68882,69178,73875,70170,70164,73684,73687,68646,70169,70168,74454,67942,75065,70915,70917,70916,75458,75465
lyon	34	texte	73435,74173,72932,76210,68276,69540,69186,69543,69812,73876,69813,67553,71840,69820,70752,72394,72397,68278,72939,71835,72122,73189,71614,71616,68390,75465
7èm	4	texte	73435,70168,71837
édition	97	texte	73435,72933,72932,73190,74748,71620,74176,72937,71621,72116,74175,76212,73431,67068,75796,75797,76511,75795,72400,73691,70170,70164,69541,69543,70167,69542,68889,74456,73884,72393,67946,73689,70169,70168,67945,70752,72633,76509,73881,72396,72939,71835,71612,75462,76209,75066,72122,68387,75466,75464,74746,75458,74752,73438,75459,75465
esprit	11	texte	73435,73185,70161,70164,69541,67553,68383,67937,75459
entreprendre	11	texte	73435,74172,73432,72114,67795,73878,68279,68383,75464,71616,68384
décernent	1	texte	73435
chaque	91	texte	73435,73434,73187,68389,70920,74749,75457,74173,72932,73437,74748,71618,70923,69536,73430,72934,76207,76512,76507,68881,67554,69182,76511,69815,69183,68276,67794,72400,67555,69540,69178,70165,72940,67801,73684,68273,68885,67803,73877,69185,67553,68889,68644,68646,73689,74454,67389,70421,67798,72630,70423,74452,73881,70914,75064,71835,70915,71362,76208,68383,70916,68387,67937,68392,71358,75458,74752,73438,74747
publication	26	texte	73435,68638,72113,73432,73182,67068,70919,76512,72398,76511,69811,70748,75793,70749,74457,70745,67388,72939,71837,71361,71614,68391
economie	17	texte	73435,73430,72398,74449,72939,75063,75466,74746
jeune	74	texte	73435,74171,71357,73185,72932,72113,76207,73431,73182,73683,72629,74449,70161,69815,67555,73685,75790,70164,73684,73686,70166,67553,70426,69177,72636,73879,73878,68643,74450,67388,74451,74453,70422,73881,68279,75461,71835,71612,70917,75462,71837,76208,67937,75466,75458,74747
dirigeant	6	texte	73435,74749,74167,74455,68386
cjd	1	texte	73435
rhônesalper	2	texte	73435,69818
attribuer	7	texte	73435,72932,67068,67556,68641,75066
pme	66	texte	73435,74749,74167,74172,74748,72114,73430,76512,70162,76511,75795,73691,68273,69541,70166,73687,67553,71842,72634,71840,74455,75789,67945,67388,76508,72395,72396,70914,71612,75066,75063,71614
25	29	texte	73435,73190,72117,73432,72114,73182,67557,76511,69815,70165,75790,70170,73684,68273,75793,76516,73877,69813,73884,75789,74450,72395,68640,71612,71358,74168,75459
personne	145	texte	73435,73187,71357,74749,74173,72933,73184,73190,72113,76211,73432,69534,72114,75069,76206,76207,67068,72115,76507,72629,68881,75795,74449,69815,67794,73691,73685,73875,70165,67801,73684,68273,69812,73876,70166,75793,67802,69813,67553,70749,70744,68645,72393,71842,72634,70745,68646,71840,73879,71841,68643,72633,67799,74450,67389,74451,76508,67798,67940,72630,74453,70422,70914,75065,71612,71837,71361,71359,71615,68387,75063,75466,71614,71366,71616,74746,75458,74752
récompense	6	texte	73435,72932,67383,72633,76208
transformer	11	texte	73435,72114,67068,68881,73876,67383,68644,68646,74746
succès	28	texte	73435,72117,74175,73431,70919,70163,72629,67554,69179,67802,69177,71840,67945,72633,68640,72118,70917,71837,75066,71359,71616,75458
entrepreneurial	3	texte	73435,74450,71614
justifier	2	texte	73435,76207
retomber	3	texte	73435,75790,72634
récompenser	10	texte	73435,76207,68274,71840,72633,71612,75066,75458
inscrire	28	texte	73435,70920,71357,75457,72936,72116,76511,74449,70161,68882,69540,69541,73876,72392,69177,67561,74455,67798,68279,72396,72118,70914,71362,70916,74747
démarche	50	texte	73435,71357,75457,73185,74172,69533,76211,73430,76207,73182,68274,68275,67795,76511,70161,73876,67383,73877,69813,67553,72392,72634,74455,68643,71845,76508,70421,72395,68279,72396,68641,72118,75461,70915,76209,76208,68383,71359,74745,74746,75459
éthique	2	texte	73435,72938
citoyen	9	texte	73435,71357,73185,67794,73875,72940,69821,75465
amélioration	20	texte	73435,72117,73431,68273,68885,73877,68646,74450,74451,76508,67798,68279,71612,75066,68387,71366,75464
primer	1	texte	73435
2008	24	texte	73435,73434,74171,68389,69537,73432,73182,76512,72629,70161,68885,69812,70166,68646,74454,71841,68279,68641,74746,75458,74169,68385
baser	46	texte	73435,73187,74171,75457,73184,73433,72935,75068,76207,73431,69535,67796,67387,69180,68881,69815,72940,68273,68885,73686,70744,71840,73879,67945,70420,74451,76508,74453,72118,71360,71836,68386,71614,71358,74746,75458
rillieuxlapape	1	texte	73435
ophtalmologie	2	texte	73435,72116
thérapeutique	25	texte	73435,74173,73184,72116,69536,72115,67802,73878,75065,72938,71612,76208,68384,75459
noninvasif	1	texte	73435
hifu	1	texte	73435
estàdire	25	texte	73435,68638,75457,72114,75069,73431,73683,69817,68881,68883,67554,67391,67390,70161,67794,70165,68273,75792,68643,67388,72631,69539,76209,74745,74168
ultrason	4	texte	73435,67068
focaliser	12	texte	73435,67068,72115,69540,75793,70420,72395,72632,72118,75065,68391
haute	63	texte	73435,68638,72933,72932,73184,76210,70918,71838,72934,73431,71839,67796,75796,68275,68277,75794,69178,69811,67553,72635,72392,70426,69177,68644,69820,73688,70424,71841,74451,70743,68642,74452,70914,72939,71362,75066,75067,71836,67937,68391
intensiter	1	texte	73435
ambulatoire	1	texte	73435
rapide	39	texte	73435,74171,74167,71618,73433,72937,76212,67556,67385,69183,69540,68886,69178,69811,67383,74457,67389,69819,70421,68640,71836,70916,74750,75466,68385,71617
limiter	16	texte	73435,67938,71357,73436,70923,69537,67068,67386,67385,74449,70429,75792,67558,69538,73189,68390
coût	33	texte	73435,71357,72933,75069,72934,76213,76207,73683,67386,68881,68883,67554,67385,68645,69177,74457,71840,74451,67942,72118,72939,76208,68383,71614,74747
risque	52	texte	73435,71618,72113,73432,70918,73183,73430,75069,72935,73431,69181,68883,74449,68276,70429,70165,76514,67801,73684,69813,68645,68283,74455,72395,74453,72631,70914,67071,71612,70915,70916,75459
patient	62	texte	73435,73187,74171,74173,72117,70918,72935,70919,76507,67556,68881,67801,73686,75793,68646,74454,71841,67941,76508,74453,74452,75065,76208,75067,68387,75459
eyeop1	1	texte	73435
glaucome	1	texte	73435
pathologie	22	texte	73435,73432,69534,73431,76507,76511,69815,69813,67799,67798,74453,75065,75067,68387,75459
toucher	12	texte	73435,74173,76206,70162,76511,68882,73685,67802,71841,67799,70914
population	46	texte	73435,67938,74749,71618,73183,75069,76213,70162,67556,67385,74449,69815,67794,73684,75793,69813,68645,68646,69821,74453,70422,72396,69538,67071,75064,75460,70917,70916,74746,75458,75465
cécité	1	texte	73435
essai	31	texte	73435,68638,70918,72935,67797,73684,68885,72634,68646,67940,70743,68279,75065,70916,71616,74169
clinique	28	texte	73435,73184,72116,70918,72935,68277,73686,75793,68646,74454,67798,67940,75461,75065,72938,71360,71616,74169
europe	72	texte	73435,70920,71357,68638,74167,71618,72113,72117,70918,73430,73182,67557,75796,75797,75795,67391,76510,69815,67804,67794,73875,67383,75792,73687,68645,72392,69177,72393,70425,74454,73878,69820,70424,72394,76508,72632,68642,67942,69538,70914,75065,72939,70917,68383,71836,75463,71615,68386,71358,71366,71616,74746,74169
procédure	5	texte	73435,76207,69178,74454
uc3	1	texte	73435
cyclo	1	texte	73435
coagulation	2	texte	73435,67388
circulaire	2	texte	73435,67942
réduire	38	texte	73435,76210,69534,73182,69535,67557,67554,76510,68882,69540,69178,75790,75791,69179,68887,72635,72392,69177,70745,71840,68278,72118,70917,75066,71836,74745,74169,71617
pression	17	texte	73435,70918,70426,72397,70915,75066,75067,74745,75458,74168
intraoculaire	1	texte	73435
coaguler	3	texte	73435,67388
partiel	2	texte	73435,69180
contrôler	45	texte	73435,73187,76210,72115,69817,69182,67390,75794,69178,67800,68273,68885,76516,72635,70747,67558,70420,70423,72119,71837,75067,68390,74168,75459
corps	14	texte	73435,74749,76213,67068,70429,69179,73878,72631,71835,69539,68383
ciliaire	1	texte	73435
produire	104	texte	73435,73434,71357,68638,74173,73436,72933,72932,73184,72114,76206,72934,76213,73431,70919,69535,68274,69181,76513,70162,68881,67795,76511,67385,67391,67794,69178,72940,67801,73684,69179,68887,69184,75792,67802,73877,69813,68884,70744,69177,74456,68644,72634,69821,74455,70169,75789,73878,73688,70424,72633,67558,70420,74450,67388,69819,70421,72630,67942,72397,67943,75461,75070,75460,71837,74745,68387,67937,74744,75458,68390,74168,68385,68391
humeur	2	texte	73435,69184
aqueux	3	texte	73435,75792,74750
282	9	bulletin	73435,73434,73436,73437,73433,73432,73430,73431,73438
3/07/2013	9	date	73435,73434,73436,73437,73433,73432,73430,73431,73438
eyetechcare - http://www.eyetechcare.com	1	contact	73435
toulous	55	titre	73434,73185,74748,72935,76512,67386,69180,69814,73691,70170,69542,72635,69177,73884,69819,72630,70914,71612,71362,71615,72121,73438
capitale	2	titre	73434,73683
capital	24	texte	73434,72113,73432,72629,67390,76510,70161,67794,73875,73686,72392,73879,70746,74451,72631,70914,75460,71360,71361,71614,74752,74168
y	257	texte	73434,73187,67938,68638,75457,74167,73185,72933,72932,73184,73190,74172,72113,69537,73433,76210,73432,71621,72114,73183,73430,75069,76206,76213,76207,73431,73182,74174,67068,70919,69535,68274,73683,69817,70163,70162,76507,68275,67554,72401,67795,69182,69814,75794,70161,69183,68276,67794,68882,69178,73875,76514,75790,75791,73684,68887,68885,69812,73876,70166,75793,67383,75792,73877,73687,67553,69177,72393,71842,68644,72634,70745,72636,69821,74455,75789,73688,70424,71841,68643,72394,74450,67389,73882,70421,72395,67798,72630,70422,68279,72396,72631,71363,69538,75461,75065,72939,72938,75064,75070,71835,71612,70915,71362,70917,75462,71837,76209,75066,68383,70916,72122,71359,74745,68387,68393,75063,73188,67937,68386,74744,74750,75466,71614,71358,74746,75458,74752,68384,74168,74169,75459
vingt	13	texte	73434,71357,72933,72113,69181,73683,67383,69813,72634,71362,68385
1992	6	texte	73434,71838,67068,76507,70916,75459
francoaméricain	6	texte	73434,71838,68881
topexposéidon	1	texte	73434
duquel	16	texte	73434,67938,72932,70923,73182,70162,68881,67804,69811,69177,67940,71837,75063,71358,74168,75459
altimètr	1	texte	73434
poséidon	1	texte	73434
étonnant	16	texte	73434,73431,68881,75794,70167,73687,72636,70425,72939,71359,74744,74750,74752
rapport	32	texte	73434,68389,72933,69533,72113,73430,72935,73182,75797,67555,70749,68645,74457,70745,75789,68643,70421,67071,75065,68383,75463,70916,71615,74746
mer	37	texte	73434,71621,73183,68883,69811,70164,67940,70743,72397,73880,67071,75460,70917,70916
hauteur	6	texte	73434,74749,67557,69181,67387,71358
vague	5	texte	73434,69817,70744,70743
vitesse	22	texte	73434,68638,67554,75794,69540,68886,70744,70420,73880,72396,70914,68390,71617
vent	12	texte	73434,68389,68883,75789,70743,73880,75463,70916
puisque	30	texte	73434,69537,72936,73432,71621,73683,68881,67795,67385,70161,67555,69178,69185,70744,69177,70745,73879,73878,70421,72632,68642,75460,70917,75066,71836,71359,71615,75063,68391
fusée	2	texte	73434,71836
arian	1	texte	73434
ambition	33	texte	73434,68638,73432,72114,73183,73430,76206,75068,73182,68275,68881,73691,73876,73687,73879,74450,67940,68278,71615,71358
initiateur	5	texte	73434,72116,73876,72634,70424
déclencheur	1	texte	73434
filière	90	texte	73434,67938,71357,71619,75457,74748,72113,73433,74174,76512,75797,68275,67554,70161,68882,73690,68273,68885,73687,72392,74457,73884,70745,73689,75789,72637,71845,69818,74450,67388,67942,71363,70914,75071,75065,75064,75460,71837,75067,75466,71358,75464,74746,74169
targuer	6	texte	73434,73432,72629,70420,70915,74746
abriter	17	texte	73434,71621,76213,76207,73431,69817,73687,72393,71842,70743,68279,68387,68393,75063,71358,74746
suite	38	texte	73434,68389,72113,72117,73432,71621,73182,68274,70162,67556,69815,67804,69179,68887,73876,70166,72393,71840,74454,67389,70421,72632,68640,68279,75065,71835,70915,71837,71836,67937
réussir	51	texte	73434,73185,72933,72932,68639,73432,71621,75069,69535,73683,76507,72398,76511,75794,67794,68882,69178,73684,69179,70166,70167,69177,68283,71842,72634,74450,67389,69819,72397,73880,72396,75065,71612,70915,72119,68383,71836,71359,74745,67937,74168
jason1	1	texte	73434
2001	5	texte	73434,69533,69812,71840,71837
jason2	1	texte	73434
jason3	1	texte	73434
bientôt	16	texte	73434,76513,75794,67555,75793,73877,70749,68283,72634,73879,76509,70421,75063
espace	48	texte	73434,71357,72933,72932,74748,71618,70923,71621,75068,69535,68277,68882,73876,73687,72635,69177,73884,68644,70751,67389,72939,75064,71836,71615,68392,68386,71614,71358
saral	2	texte	73434,69177
février	23	texte	73434,72932,69534,73430,69181,73683,70162,70161,69179,69541,69185,69177,72397,69538,67071,75071,75463,70916,72121,75458,72120
collecter	19	texte	73434,74749,72116,72935,69181,68883,74449,67794,67555,69811,70428,70749,75788,70424,73880,70916,68391
associer	49	texte	73434,74167,72932,71618,73431,70163,68275,72629,68277,74449,67555,68887,69184,73876,67803,75793,73877,70744,71842,68644,71840,73879,74454,68280,70420,76509,74450,67940,72630,70423,74452,69538,75064,75460,71360,76209,76208,71836,71359,75063,75458,68390
intégrateur	3	texte	73434,75796,72392
mercator	1	texte	73434
bulletin	1	texte	73434
2005	15	texte	73434,73436,76207,73182,70428,70749,68888,74454,72633,74453,75064,71616,75458,74752
progressivement	11	texte	73434,73431,72115,68274,73683,76511,71842,72631,70917,74752,74168
multiple	12	texte	73434,74167,72937,71839,68881,68886,72940,69179,75788,72630
proposer	115	texte	73434,74171,67938,68638,71619,75457,73436,72933,73437,72937,69534,72114,75069,76212,72934,76213,75068,73431,67068,69535,68274,75796,75797,76513,76507,72629,67554,72398,67795,74449,76510,68276,67794,68882,69540,70165,67801,68273,69541,69543,68885,73876,70166,75792,76516,73877,67553,70744,68645,72392,70751,72634,71840,73689,69821,73879,74455,70169,72637,68643,72394,69818,76509,74451,70421,70422,68279,72118,75071,76208,75067,68383,72122,71359,74745,68387,75063,68392,71366,74746,75458,74752,74168,74747,71617
cl	1	texte	73434
étape	62	texte	73434,67938,70920,70922,74167,73436,72933,74176,76210,75069,72115,76512,67556,72629,67554,76511,67385,75794,70165,75793,75792,70167,67802,70744,72392,70745,71840,74455,75788,68643,71845,67388,76508,67798,72630,68279,72118,70914,75065,75070,72119,67937,74168,74169,71617
swot	2	texte	73434
water	2	texte	73434,69537
ocean	1	texte	73434
topography	1	texte	73434
là	53	texte	73434,67938,75457,74167,73436,72932,73184,72113,68639,73430,76213,73182,68274,76507,72629,67795,70161,67555,69178,69811,73875,75790,69812,69185,69813,69177,71842,72634,73879,74454,70424,68643,70421,67798,67940,70743,70422,68279,75065,71360,68387,75063,71614,71358,75458,74752,74168,71617
encore	157	texte	73434,73187,74171,67938,71357,68638,75457,73185,73436,72932,72113,68639,69534,73183,73430,75069,72935,76213,73182,67068,67557,68274,73683,70163,75796,75797,69816,68275,72629,67554,67795,69182,69814,76511,67391,74449,70161,67555,68882,69540,69178,69811,73685,73875,70165,72940,69186,73684,68887,73686,70166,75792,69813,73687,67553,70749,72635,70744,68889,71843,72392,68283,72393,71842,70745,72636,68646,73879,74455,74454,70424,68643,67941,70420,74450,67389,70421,67798,67940,72632,72397,73880,75071,75065,71612,71360,76209,76208,75067,68383,71836,75463,71359,71615,74751,74745,68387,73189,74750,71614,71358,71366,75458,74169,75459,71617
décennie	26	texte	73434,68389,74167,72932,69533,69537,71621,73183,68881,70429,73877,72635,68645,70424,72633,67798,71363,67071,71835,76209,68383,68387,71614
couvrir	23	texte	73434,71357,74749,72113,73683,70162,72629,68881,67555,68885,69812,70753,72637,76508,72939,71612,68392,68386,72120
lac	5	texte	73434,70745,67944
fleuve	6	texte	73434,72397,70917
rivière	2	texte	73434,70914
commencer	86	texte	73434,67938,68389,74749,73185,72933,69533,69536,73430,76213,67068,68274,73683,69817,68881,76511,70161,68882,69178,73685,73875,75790,73684,69812,70166,75793,75792,69813,70749,69177,68644,72634,73879,74455,73878,68643,72394,70420,70421,67940,72630,70422,68279,72396,72631,72118,71835,71612,71837,68383,70916,71359,71614,72121,71616,75458,74752,74168,74169,75459
trentaine	15	texte	73434,74171,68638,74167,73183,75795,67802,70744,72393,69821,71835,75460,71358,71616,68385
groupe	127	texte	73434,71357,74172,69533,72113,68639,76211,69534,72114,75069,72935,73182,71839,68274,67387,70162,69816,72629,67554,72398,70161,69183,67804,67555,69540,73875,69541,70748,68885,73876,70166,75793,73687,67553,72392,70426,69177,73884,68888,72634,68646,73879,68281,70168,68280,72633,72394,69818,76509,74450,67388,67940,75461,67071,75065,71360,70916,71361,71359,71615,74751,74745,68387,67937,74744,71614,71358,74746
géodésien	1	texte	73434
géodésie	1	texte	73434
poignée	5	texte	73434,73430,72115,72634,72631
océanographe	4	texte	73434,71621,72940
visionnaire	1	texte	73434
annie	2	texte	73434
cazenav	2	texte	73434
etude	17	texte	73434,71357,72932,73431,70163,76515,69541,72634,72119,71362,75067,70916,68393,75063,68392,71358
géophysique	7	texte	73434,69181,72398
lego	2	texte	73434
cnrscnesirdompuniversité	1	texte	73434
professeur	49	texte	73434,72932,73437,70918,73431,73182,68881,68277,76511,70161,68276,75791,76515,73876,70426,68646,67944,73879,68281,75788,74454,68280,67945,72394,76508,67798,72631,72938,71835,69539,71360,75462,71361,68387,67937,75458,75459
collège	5	texte	73434,67938,70161,68392
membre	29	texte	73434,72932,69533,72113,76213,73182,71839,73683,70163,76511,70170,69179,70753,68646,67941,68642,68640,67071,68383,68393,68386,71358,74746,68384
académie	51	texte	73434,72932,72113,76213,73182,72401,70429,73687,72630,67937
prôner	2	texte	73434,72396
énorme	12	texte	73434,72933,73183,72115,74449,70749,69177,73878,67388,74745
milieu	31	texte	73434,75457,71618,68639,71620,71621,69536,73183,72934,76213,67068,69535,70162,68883,67554,70161,73684,70428,72634,69821,67798,72630,70917,71837,68387,74750,71358,75458
précisetell	11	texte	73434,74449,67555,73685,72634,72636,76509,70422,75064,71612
effectuer	51	texte	73434,74749,75457,73185,71618,69533,69537,69534,73183,76206,75068,73683,69817,70162,68275,72629,68881,68883,67554,67800,70165,68887,68885,68888,70424,72394,70420,67389,70421,68640,70422,72939,71837,76208,71836,68390,74168
parfois	23	texte	73434,72933,72932,72113,76211,76210,73431,72629,72401,76511,73685,72940,68643,67388,72630,71835,75460,67937,75458
route	13	texte	73434,68389,72114,73183,68274,76511,73875,68645,72634,68387,68386
commercial	23	texte	73434,70920,71618,76206,72629,69811,68273,68885,67553,71840,73878,68643,74451,69538,75461,68383,73188,68392,71616,74747
aucun	26	texte	73434,68389,72933,72932,71618,72113,72117,72935,72115,68883,67795,75794,74449,67801,73684,73876,69177,68643,71835,70915,75066,75463,73189,74168
essor	3	texte	73434,74746
moisson	2	texte	73434,70749
découverte	26	texte	73434,74748,72117,73183,73683,67556,72401,76515,68887,71843,70751,75788,70424,72632,74453,75071,71612,71837,74750,68390
découvrir	50	texte	73434,75457,73185,73190,74176,72116,76206,76213,67068,72115,68274,73683,75797,67556,70161,68276,72399,75790,68885,69184,68283,73884,69821,75788,67389,74452,72631,72939,71612,76209,76208,67937,71614,75464,74752,68390,74168,75459
turbulent	2	texte	73434,69537
courant	18	texte	73434,70920,74749,76210,68274,73685,67801,70167,72635,74450,72397,75461,75070,73188
tourbillon	1	texte	73434
naître	27	texte	73434,73184,72113,72937,73432,69534,73431,68274,68275,68881,68885,73876,75793,67553,71842,68281,73878,69820,68643,72631,72939,70917,68386,71358
meurent	1	texte	73434
transporter	11	texte	73434,72935,69814,75790,72940,68273,70167,67941,72631,75459
90	17	texte	73434,68638,73437,69537,74176,72935,72115,67391,75794,67801,73684,68273,75792,74456,73688,71615,71358
cinétique	1	texte	73434
indiquetell	2	texte	73434,70422
majeur	45	texte	73434,69533,72113,74176,72116,73183,75069,72934,76213,69535,69181,70163,75796,70162,67556,72629,72398,75795,69815,67794,68882,69178,69179,69543,73876,75793,72635,71842,75789,74454,74450,68279,70914,71836,74751,74744,74746,72120
douter	3	texte	73434,75794,68383
confirmer	18	texte	73434,69533,70918,73683,69814,76511,67794,69811,67801,70424,68643,67388,72396,71617
part	41	texte	73434,68389,75457,76206,72935,76207,68274,76513,70162,68881,70161,72940,69179,68885,73876,75792,72392,70753,71840,70169,73878,70420,73883,74450,70421,72397,74453,69538,72118,71360,68383,71836,67937,71616,68385
performance	39	texte	73434,74749,73436,74748,73430,70163,75796,67556,68883,67554,69179,69541,75792,72635,69177,70425,70752,72633,70743,72397,70423,74452,70914,71836,74751,74745,75464,74168
altimétrique	1	texte	73434
retranchement	1	texte	73434
hausse	4	texte	73434,68389,69533,73876
niveau	102	texte	73434,71357,68638,75457,72933,72932,73184,69537,72936,71621,69536,69534,72114,75069,76206,72935,67796,67556,68881,68883,67554,72398,67795,76511,74449,70161,72399,67794,72400,67555,68882,68886,69811,67800,75790,73690,68887,69812,75793,73877,69813,67553,68645,68888,72634,70425,68281,75789,68643,72394,70420,69818,76508,72397,73880,68279,72631,72118,70914,72938,70915,69539,71360,68383,71836,70916,67937,71614,71358,75458,68390
cause	12	texte	73434,75069,67387,67556,68886,75065,70917,68383,75458
mont	1	texte	73434
partout	7	texte	73434,74749,72114,76511,70751,75066
satellitairer	2	texte	73434,68275
toulousain	7	texte	73434,68644,72630,71362
début	35	texte	73434,70920,71619,74749,73436,73432,75069,75068,73182,71839,72115,73683,76507,67555,73875,69541,73876,75793,67383,75792,68281,67798,72396,71612,69539,70917,71837,74745,71614,74168,74169
2000	22	texte	73434,73436,72113,71620,73432,73183,73182,73683,72629,69811,73875,68281,72633,76508,70917,71615,75063,68392,75459
altimétrie	2	texte	73434,69177
problème	52	texte	73434,75457,74167,72113,76210,71621,73182,68274,73683,67386,72629,68881,68883,70161,68276,67801,68885,73876,67383,68645,69177,74457,72634,70425,68643,72394,76509,70421,70423,71835,69539,68383,74744,75458,74168,75465
imaginer	32	texte	73434,74167,72933,68639,73432,75069,72934,70919,76507,70170,73876,71842,72634,72636,69821,73879,75789,70424,72394,70420,69819,70421,72119,71837,71359,75063,74744,75466,68391
support	9	texte	73434,72114,68275,67554,70425,67388,72632
cner	3	texte	73434,69179,69813
baptisé	4	texte	73434,70424,72637,67941
celleci	75	texte	73434,71357,73436,72932,73184,69533,72113,74176,72936,76210,69534,72114,70918,73431,73182,67068,69535,67557,68274,76507,69180,67556,69182,69814,76511,74449,69815,69183,67804,72399,69540,68886,73685,67800,70164,69812,69184,75793,70749,72392,70426,70751,70420,74450,67388,74451,76508,70421,68642,72630,73880,71363,75065,71360,75066,75067,75463,71359,74751,74744,75466,72121,74752,74168,74169,68391,71617,75465
résolution	27	texte	73434,69537,68275,68885,72635,69177,75789,70424,74451,69819,70423,72939,71836,73189,68391
50	27	texte	73434,74749,74167,70923,72116,73875,73684,70166,67944,71840,68281,72633,70743,68279,72396,68383,71836,71359,71615,73188,68386,74168,68385
mètre	29	texte	73434,68389,69537,70919,73683,70163,67386,68275,68883,75794,72392,69177,75789,73688,70743,72397,68279,70916,74168
planète	14	texte	73434,76210,76213,69814,67794,69811,72940,73880,67071,68387,71614,75458
annoncer	11	texte	73434,68638,72117,72629,68881,69815,70426,68643,68278,67937
révolution	18	texte	73434,76213,72401,68276,73876,73877,74744
matière	86	texte	73434,70920,71357,68638,74167,72113,68639,73432,71621,69536,69534,72114,76206,68274,69817,75797,76507,68881,75794,74449,70161,69183,68882,68886,73685,75790,68273,68885,75792,76516,73877,68645,72634,69821,68280,73688,70424,70746,72637,70420,74450,72632,72397,68279,72118,67071,71612,75460,70915,76209,75066,76208,71836,73188,68392,74750,71358,75458,68385
gestion	27	texte	73434,69537,71621,69535,73683,70162,76507,68275,69178,70170,70164,68884,72392,67945,72637,68643,72939,68383
ressource	33	texte	73434,67938,71357,71619,73433,71621,69536,69535,69181,67387,67794,68882,70164,73684,75792,67946,72632,68642,72630,68278,70423,69538,70914,67071,72121,75458
aventure	22	texte	73434,72114,73183,76207,67068,73683,72629,68881,73875,72634,76509,74450,70421,72631,71835,71359,74168
place	104	texte	73434,67938,70920,71357,71619,74749,75457,74167,73185,72113,69537,76211,72936,73432,71621,72116,72114,71838,73430,76213,76207,73182,73683,70162,76507,69816,68275,72629,67795,67385,70161,68276,72399,67555,68882,75790,70164,73684,68273,68887,70748,68885,69812,75793,69813,70749,70426,72393,67941,70420,69818,74450,71363,70914,75065,75070,76209,68383,71361,75063,71358,74746,75458,74169,68385
original	33	texte	73434,68638,74749,73185,74748,69536,73431,67068,72115,69817,68275,72629,68273,69541,73876,67383,70745,73689,72394,70420,68279,70914,76209,71836,68387,75063
travailler	152	texte	73434,68638,75457,73185,72933,72932,74172,69533,72113,72936,73432,72116,72114,76206,73431,67068,72115,73683,76507,68881,67554,76511,75795,74449,70161,68886,73685,73875,75790,75791,73684,68273,69541,68885,69812,73876,70166,75793,67383,75792,67802,73877,67553,72393,71842,72634,70745,72636,67944,71840,75788,75789,68643,72394,76509,74450,74451,76508,70421,72395,67940,72630,67942,74453,70422,68279,72631,68641,75064,71835,71612,75067,68383,71361,71359,68387,68393,75063,67937,71614,71358,74752,74168,74169,75459
ensembl	12	texte	73434,74172,73685,73876,72392,71842,72634,75788,68383,68393
facteur	24	texte	73434,71357,72113,73683,67556,74449,67555,68886,75790,70749,70425,72396,75064,70917,74744,75464,74168
réussite	13	texte	73434,75457,74167,72937,67068,68275,72392,69177,72396,74744
création	58	texte	73434,68638,72933,72936,72114,73430,72934,67068,73683,76512,70162,69180,67795,72400,68882,73875,70748,73876,75792,67802,73687,67553,70426,69177,72393,68888,73879,73878,72637,70420,74450,67798,72630,68279,71362,70917,67937,75466,71614,75464,74752
distribution	10	texte	73434,68274,76507,69816,76510,69812,73878,71615
certain	139	texte	73434,74171,70920,71357,68638,74167,73185,73436,72932,73184,73190,71618,71621,69534,72114,73183,75069,76207,73431,73182,67068,70919,73683,67392,76507,69816,67556,68881,67795,76511,67391,75794,74449,70161,67794,68882,73685,73875,75790,68273,69184,73876,70166,75793,73877,69813,67553,70749,71843,72392,74457,72393,71842,72634,70745,69821,73879,75788,75789,69820,70746,68643,67558,70420,67389,67388,70421,67798,70422,68279,67943,72631,70914,71835,71612,75460,71362,75462,76209,71836,70916,71359,68387,75063,67937,75466,71358,74746,75458,74752,74169,68385,75459
organisme	39	texte	73434,74748,71618,72116,71838,76207,69181,75796,67795,76511,67794,67800,75790,68887,68885,69184,76516,67802,73884,70745,73688,70420,71836,71361,68386,74746,68385
implanter	16	texte	73434,72933,68274,67385,68276,73875,68885,70166,70426,71842,74454,68279,72396,74745,71614
méteo	1	texte	73434
shom	1	texte	73434
cerface	1	texte	73434
tôt	8	texte	73434,71621,69812,70749,72394,76509,72396,71617
démontrer	19	texte	73434,73184,70162,67556,68883,67390,68882,68886,69811,69179,73686,70167,67553,70746,67558,72122,74168
besoin	63	texte	73434,68638,71619,74749,75457,74167,73436,72113,72117,69537,73432,71621,72114,73430,75069,72935,76213,69535,72115,67557,69816,67554,72398,76511,70161,68276,67794,70164,69812,73876,67383,73877,67553,72635,69177,68281,67799,70420,74450,72395,70422,75064,69539,76209,71836,74751,74745,74744,75458,71617
extraordinaire	9	texte	73434,72933,71621,72934,67794,69812,70167,69821,71837
filièr	1	texte	73434
féliciter	5	texte	73434,70163,68881,76510,69812
martin	7	texte	73434,71837
malvie	1	texte	73434
président	68	texte	73434,74171,71357,74172,72113,72936,72114,74175,73183,73182,76507,72629,68881,76511,75795,76510,67794,73875,70165,73684,69813,72392,69177,71842,72634,74454,73878,68643,74453,70914,67071,75066,76208,67937,68386,74744,71358,71616,75458
conseil	31	texte	73434,74749,73185,74172,72113,74176,76211,69535,72629,68277,69182,67391,76515,68885,73687,67553,70749,69177,70420,76509,76508,72395,67798,71360,71361,71358,71366
midipyrénée	6	texte	73434,74748,73884,75066
cnes - julien watelet : tél. : +33 (0)1 44 76 78 37 - email : julien.watelet@cnes.fr	2	contact	73434,70424
rhepatch	3	titre	73187
timbre	5	titre	73187
transdermique	5	titre	73187
électronique	26	titre	73187,73190,72116,72114,67068,67554,69814,75795,67390,70165,69186,70166,70167,70168,68280,70423,75070,71359,68391
administration	9	titre	73187,71838,72393,74453,75065,71358
médicament	28	titre	73187,73184,72116,72115,67390,69815,68646,73878,74453,70914,75065,72938,71360,75458
fonder	4	texte	73187,76510,68276,72633
2007	19	texte	73187,73184,69533,72113,72117,69537,73683,69817,68881,67795,69812,67553,71840,70917,70916,71616,74169
mulhouse	2	texte	73187,74453
rhenovier	1	texte	73187
pharma	11	texte	73187,75065,71360
vingtaine	31	texte	73187,71357,68638,72933,75068,68274,70161,73691,73684,70428,69541,70749,71842,71840,74450,74453,70422,72939,71612,70916,71361,68387,74744,71614,75458,74168,75459
suisse	6	texte	73187,68638,74172,75069,73875,69179
allemagn	8	texte	73187,69534,75069,69814,68642,76209,71361
etatsunis	29	texte	73187,68638,70922,74167,71838,73183,76207,68274,70163,68881,69815,67383,71840,73879,67942,74452,70422,75065,75064,76209,71614,71616,74168
spécialiser	28	texte	73187,73185,73184,70923,71621,67796,73683,67385,68276,73685,76515,70166,75792,73687,67799,76508,68640,74453,72118,75461,75065,75064,71612,75464,71616,68384
biosimulation	2	texte	73187,74453
appliquer	29	texte	73187,74167,71618,72117,69536,67392,75794,72399,68886,76514,75790,68887,69812,67383,70167,69813,71843,73883,67389,70421,74453,71835,71612,71361,68393,67937
maladie	82	texte	73187,74171,74173,73184,73432,72116,69534,73431,70919,67556,68277,76511,69815,76515,73686,67802,73877,69813,68645,68646,73878,67798,74453,70914,71360,68387,67937,75459
neurodégénératif	11	texte	73187,74173,73184,76511,68646,67798,74453
neurologique	6	texte	73187,74171,74453
psychiatrique	3	texte	73187,74171,74453
déposer	15	texte	73187,73184,73431,76511,67385,72635,72634,70169,68643,74451,72630,75066,74744
automne	13	texte	73187,69533,75068,73683,69177,70169,72394,76508,68279,71612
brevet	28	texte	73187,74167,73184,72117,71621,73431,72115,68274,76511,67385,68273,67383,72635,71843,72634,72633,74451,76508,72630,72938,71835,71360,76208,71614,68390
atteindre	42	texte	73187,68638,72933,69533,72117,73432,70918,73183,72934,68274,67556,68883,68886,75790,73684,73686,72635,70744,68646,70425,68281,74454,73878,67940,70743,70422,69538,72118,75065,69539,74751,71358,74746,74169,71617
chronique	7	texte	73187,69815,70746,70916
stade	7	texte	73187,68882,73875,67800,75065
préindustrialisation	1	texte	73187
prise	22	texte	73187,69533,72113,76213,73431,74449,70161,67555,68886,67801,73684,72393,71836,68387,75063,75458
généraliser	3	texte	73187,75457,71835
capable	65	texte	73187,68638,72933,72932,73432,72114,76207,70919,67557,76507,68883,69182,75794,70167,67553,70744,70747,70425,75789,68280,70746,68643,67941,70420,69818,74450,70421,67798,72397,68278,70423,70914,75065,75460,76208,75067,71836,71359,74745,68387,75063,71614,68390,75459
maîtriser	14	texte	73187,73185,74172,71839,67554,76511,67390,69543,70744,70915,71836,74744,74168,74169
nuire	1	texte	73187
quantité	32	texte	73187,70920,72932,73184,72934,76511,67385,75794,74449,67794,67555,69540,67800,75790,70749,72392,75788,67558,67388,72630,74452,67071,71361,75458,74168
aide	83	texte	73187,74167,73185,72933,69537,69534,72934,73431,70919,73683,67387,70162,68881,67554,69182,76511,74449,76510,69183,72400,69540,69811,73685,67800,70166,73877,70744,69177,75788,73878,70424,67945,67799,70420,76509,74450,76508,70421,67940,70422,75065,72939,75064,69539,72119,71837,71359,74744,74750,71614,74746,74168,74169,68391
préprogrammer	1	texte	73187
médecin	14	texte	73187,74173,72113,73431,68881,72401,69815,70745,74455,76509,67940,68387,75458
traitant	2	texte	73187,72637
rhepach	1	texte	73187
délivrer	10	texte	73187,73190,72117,73431,73876,67944,70168,72119
molécule	78	texte	73187,70922,73436,73433,72116,76206,70919,72115,76512,76511,67390,69183,67800,70167,72634,70747,68646,70425,73878,73688,67558,72394,72118,70914,75065,75070,69539,68387,68390,75459
complexe	46	texte	73187,72932,69533,68639,72937,76210,76213,73182,73683,75796,67386,67556,75794,70161,75790,75792,67802,73877,70426,74457,68283,75788,75789,73878,71845,67389,74451,74452,70914,67071,75064,71835,76209,75067,71836,74751,68393,74744,75458,68391
alzheimer	12	texte	73187,74173,73184,68277,76511,76515,68646,67798,70914
automatiser	8	texte	73187,73432,76507,69541,74455,67945,70420,74450
arriver	18	texte	73187,74167,72933,73184,75069,72629,68881,73685,75792,73877,72392,75789,68643,76509,75063,67937,74168
bon	49	texte	73187,71357,73185,72932,73432,72114,73183,75069,76207,73182,73683,70163,67386,76513,72629,68881,67385,70161,68882,69811,67800,75790,73684,75792,70749,69177,72634,67558,69819,70421,67798,70422,70914,75461,75070,71835,70915,71359,67937,74750,71616
endroit	7	texte	73187,67068,67794,67800,68387
dose	10	texte	73187,72116,72935,73683,69179,67388
gageure	1	texte	73187
actuel	45	texte	73187,75457,71621,72935,73431,73182,74174,72115,68881,67795,69814,72399,67794,68882,73875,73690,68273,69543,75792,70167,68884,72635,70751,70425,73879,74455,68643,74450,72397,68279,72631,75065,69539,68383,71614,71366
personn	4	texte	73187,76206,67068,72629
satisfaiser	1	texte	73187
approche	49	texte	73187,75457,69533,72116,74175,73183,68275,72629,67554,76511,67390,70161,67800,75790,73684,73686,69812,73876,67802,73877,69813,69177,67944,73881,72118,70914,75460,75462,71359,74744,71617,75465
pourtant	16	texte	73187,74167,73185,76210,73432,73683,76507,67554,70161,68882,70745,73879,70420,71835,76209,68383
incontournable	7	texte	73187,74748,75797,76514,74452,70915,68392
efficace	22	texte	73187,74173,68639,72935,76213,67068,67554,76511,67385,70161,68887,69813,67553,71843,72393,70747,73879,75789,76509,75064,73188
michel	19	texte	73187,68638,73184,76511,72400,75793,73879,73878,74450,68279,70914,75461,68387
faupel	1	texte	73187
viceprésident	8	texte	73187,74167,72113,73182,67553,74456,68386,71358
rhenovia	3	texte	73187,74453
concepteur	8	texte	73187,69178,73876,74450,70914,75064
présent	96	texte	73187,68389,71357,68638,74167,73184,73190,74172,71618,72117,69537,76210,69534,72114,73183,72934,76213,73182,70919,73683,70162,76507,72629,68881,69182,67390,75794,68886,69811,73875,73684,68273,68887,69541,68885,69184,70166,75792,70167,73877,69542,72635,70744,71843,69177,73884,72634,72636,70425,70169,73878,73688,68643,67389,67388,69819,73882,67798,72397,70423,70422,68279,72631,75065,71837,76209,75066,70916,71359,68387,73189,73188,74744,71614,72121,75458,68390,68391
industrialisation	10	texte	73187,67554,68276,72392,74450,76508,67940,75065
vente	6	texte	73187,72629,76510,68273,70916,71614
licence	5	texte	73187,72117,68273,75071,71358
exploitation	14	texte	73187,73433,69179,69177,74456,70420,73880,69538,70915,71617
rhenovia pharma - http://www.rhenovia.com	1	contact	73187
eyebrain	13	titre	74171,68646,71841
t2	3	titre	74171
mouvement	36	titre	74171,70162,75794,70161,68276,70744,68646,73688,70746,67941,70421,75064,72119,71614,74746
oculaire	8	titre	74171,70744,68646
tête	17	titre	74171,74749,72933,74172,72117,73430,70161,72394,74450,70422,72396,71837,74744
simple	29	texte	74171,71357,75457,74167,73436,71618,73183,69817,67386,70161,67794,67555,68882,67801,68273,73876,72635,72392,73879,67558,76509,74750,74752,68390
invasive	3	texte	74171,73432,68645
oculométrie	1	texte	74171
offrir	40	texte	74171,69537,73432,73431,68274,70163,69180,68275,69540,73691,68273,69184,75792,69813,68644,70745,70747,73879,68281,75788,75789,74454,70421,72395,67940,72632,74452,73881,70914,75461,71359,74744,74750,71616,68390,74747
gain	5	texte	74171,68882,70753,74455
négligeable	4	texte	74171,72932,70166,75070
diagnostic	21	texte	74171,74173,72115,68881,76510,69815,67794,70165,73686,70426,68646,74455,71845,75065,68383
syndrome	3	texte	74171,68646
parkinsonien	4	texte	74171,68646
suivi	22	texte	74171,73185,69537,71838,70162,76507,68881,76511,69811,70428,68273,68885,69813,70749,73879,76208,68387
sclérose	2	texte	74171,70744
plaque	2	texte	74171,67554
caractérisation	10	texte	74171,72115,69814,67390,76516,72392,71841,68643,69538,75065
trouble	18	texte	74171,74173,67556,68277,75791,71841,76508,72632
lecture	12	texte	74171,73185,68283,71841,71835
impact	34	texte	74171,73185,72116,73183,75069,67557,69816,67794,68885,67803,68645,70745,67561,73688,71845,67388,73882,67071,72939,75460,70915,76208,75463,74745,74746
thérapie	6	texte	74171,72117,74454,74453,75065
ivrysurseine	6	texte	74171,68277,68646,74746
quinzaine	25	texte	74171,74749,74748,72114,76206,73182,76507,68881,67794,73684,68646,69821,72394,76509,76508,72630,70422,71837,70916,75063,71614,75458
employé	3	texte	74171,76212,68274
marqueur	5	texte	74171,76206,68881,68643,67798
fonctionnement	30	texte	74171,73184,72934,72115,67386,67556,67554,68276,69178,67800,67802,69177,70745,73879,73878,72631,73189,67937,74168
cérébral	10	texte	74171,67556,76515,67801,69184,68387,73189
oculomotricité	1	texte	74171
moteur	31	texte	74171,72933,76210,72114,73430,75797,67797,68883,69814,69179,68646,67940,72119,75066,74751,74745,74744,73438,71617
oeil	21	texte	74171,68274,76512,70161,70744,68643,70420,67388,68641,70915
tester	39	texte	74171,68638,73184,71618,69534,73182,67797,68883,73876,75793,75792,67802,68884,72634,68646,70425,74451,70421,72395,67798,67940,70743,72397,75064,71836,70916,71359,74751,74168
spécifique	58	texte	74171,71619,74749,73432,72116,75069,76213,73431,70162,69816,67556,67554,72398,76511,67390,69183,72399,67555,68882,69186,68885,73876,75792,67802,69813,67553,70425,75788,70424,67558,70420,74450,67388,76508,67798,72630,72631,75065,75064,76209,76208,71359,74751,68387,74168,68385,75459
enregistrement	2	texte	74171,67389
analyse	66	texte	74171,70920,74173,73185,71618,69533,72113,73432,76206,76207,70919,73683,67387,68275,67797,68881,67795,68277,67555,68886,73685,68885,75793,76516,73877,70749,72635,68645,68644,74455,75788,72637,71845,70420,67388,74452,76208,75067,73189,68392,74168
algorithme	3	texte	74171,70421,68391
sophistiquer	7	texte	74171,69534,73431,76507,73877,69813,75065
mobile	21	texte	74171,72116,72114,69181,67386,75792,70746,70420,76509,76508,68279,70916,71359
ebt	1	texte	74171
tracker	5	texte	74171,68646
performer	6	texte	74171,68883,67801,70425,75788,75063
sensible	13	texte	74171,74167,73183,70163,69179,69812,67553,70425,67389,72938,76208,75067,68387
améliorer	42	texte	74171,71619,73436,74176,73430,67387,69816,67554,74449,68886,68885,68884,70749,70426,69177,70425,68281,70746,76508,67798,72630,68279,72938,75460,69539,75067,70916,71359,75458
manière	52	texte	74171,70920,74167,73185,72932,73184,71618,69533,69537,73430,75069,76206,76213,72115,69817,67387,70162,67795,67390,75794,67794,68882,69178,67800,75790,68885,73876,69813,67553,71843,72393,70745,70753,70747,68646,68280,70421,67798,67942,75067,71359,71366,71617
significatif	28	texte	74171,72933,72113,76206,76213,69181,67387,67556,67795,69814,75794,67555,69178,73685,75790,74455,67388,68642,68278,75065,76209,68387
précision	27	texte	74171,69537,71838,73182,70919,76510,69540,70165,75791,73687,70744,69177,74450,74451,73880,68279,70914,69539,75066,71836,73189
acquis	4	texte	74171,74167,70923,72113
examen	3	texte	74171,67801
neurologue	4	texte	74171,68646,71841,74453
francilien	5	texte	74171,74172,71620,76507
écouler	2	texte	74171,75069
exemplaire	7	texte	74171,72933,73184,74745,71614,75458
six	11	texte	74171,72932,70163,72629,69821,74455,74450,70422,71612,71358
précédent	15	texte	74171,72932,69533,72113,73432,68883,70161,69815,69542,69177,67945,68641,70916
vendre	5	texte	74171,72933,68274,71614,75458
suscite	1	texte	74171
intérêt	50	texte	74171,72932,73184,71618,72117,71621,72116,69536,76206,73683,76511,69183,67555,68882,67801,73684,68885,69812,68884,67553,72392,74457,70745,74455,71845,70420,70421,72630,72397,68279,75065,71360,76208,68387,75063,68386,75458,68391,75459
académique	18	texte	74171,72117,73432,75796,67386,75793,67946,68278,70422,69538,70914,75065,71360,75067,71614,74168
silver	17	texte	74171,74449,75063,75466,74746
economy	2	texte	74171,74746
satisfaction	8	texte	74171,74172,67795,76511,69183,75066,74751,75458
serg	2	texte	74171,74453
kinkingnéhun	1	texte	74171
directeur	111	texte	74171,68638,71619,75457,72933,72932,74172,72113,73433,72936,73432,71621,73183,73430,76213,76207,67068,70919,67796,73683,69817,76513,68275,68881,72398,67795,76511,70161,68276,70165,76515,68273,69812,73876,67383,67802,73877,69813,72392,74457,67946,70745,73879,75788,74454,70420,72630,70423,74453,68279,72396,67071,72939,71835,75462,71837,76209,70916,74745,67937,74744,71366,71616,75458,74169,75459
général	94	texte	74171,68638,75457,72933,74172,72113,69537,76211,76210,72114,73183,73430,76207,73431,73182,70162,68275,67556,72629,68881,72398,67795,68277,76511,74449,70161,70165,70170,70164,68273,68885,67383,69813,73687,67553,72392,69177,68646,73879,74454,73688,67941,74450,67388,76508,72632,74453,68279,70914,67071,75065,71360,67937,71614,71358,71366,71616,74746,74169
"- [1] ""l'eyebrain tracker utilisé dans un essai clinique sur la maladie de parkinson"", be france 265 (21/12/2011) : http://www.bulletins-electroniques.com/actualites/68646.htm- eyebrain - http://www.eye-brain.com"	1	contact	74171
paléoanthropologue	6	titre	67938
estce	9	titre	67938,76206,67795,70161,72940,70166,72631,71835
incongru	3	titre	67938
innover	40	texte	67938,75457,74167,72933,74748,72114,73430,67068,70161,67794,70164,67383,73689,74455,72118,72939,68383,71359,74745,74746,73438,74169
survivre	4	texte	67938,67389,71837,75458
soustitre	1	texte	67938
ouvrage	41	texte	67938,73185,71621,73683,70163,72629,72401,72398,68276,67794,68882,70429,70165,72940,68283,70753,69821,71835,68383,71836,71366,74752
déranger	1	texte	67938
pascal	12	texte	67938,76207,73431,67386,75063,71358
picq	7	texte	67938,73876
réputé	14	texte	67938,70919,73683,68881,67795,70161,68276,67383,73878,75462,68387,67937
spécialiste	31	texte	67938,68638,69533,75069,73182,72115,67557,76507,72401,76511,75794,73684,69812,75793,73877,69813,68645,73879,69820,71841,67388,72630,75065,75462,71359,67937,75464,74746,75458
évolution	50	texte	67938,71357,71618,70923,69533,72113,69537,73183,76213,73182,76512,70162,69816,68881,67795,70161,67794,68882,73690,67553,68889,68645,74457,70745,70424,76508,73880,69538,71835,70916,74752
humain	80	texte	67938,71619,73185,73184,74748,69533,72113,73433,73432,72116,69534,73183,72935,73431,67068,73683,67386,76507,69815,67794,68882,70429,73875,70165,76515,69812,67802,69813,70744,73879,74454,73878,72394,76509,70421,67942,74452,69538,72939,75064,71361,71359,74745,75063,67937,68386,71366,75458,68384
singe	2	texte	67938,73684
paraître	5	texte	67938,73432,72934,69821,67937
surprenant	3	texte	67938,67389,68390
reconnaîtil	4	texte	67938,68274,68387,75459
emblé	11	texte	67938,72113,73430,75069,72629,68276,67555,73876,67383,70745,68643
note	7	texte	67938,72113,74449,68882,73877,68383,68387
humour	10	texte	67938,74749,73430,73182,67068,73683,76511,72394,67937,74752
caractériser	17	texte	67938,73437,71620,75069,69817,67556,76511,75794,67800,68887,69813,67799,70420,67071
mon	35	texte	67938,73185,72932,74172,73430,76213,67068,72115,68274,70161,69812,73876,67383,72394,71835,71612,74752,75459
propos	10	texte	67938,74749,73432,73182,72629,76511,68273,70166,71843,75788
constat	16	texte	67938,75457,76213,73182,72115,74449,70161,67794,74450,70421,70422,72939,68383
fossilisation	1	texte	67938
edition	8	texte	67938,76213,72401,72398,68882,70429,72940
eyrolle	1	texte	67938
particulièrement	50	texte	67938,68389,72932,71621,75069,67068,72115,68274,70162,69816,76511,75795,68276,73875,75790,68273,69812,69185,67553,71842,70745,69821,74455,75789,70420,74450,74453,72396,70914,75065,72938,71612,68383,71836,75063,67937,74744,75466,75464,74746
évoluton	1	texte	67938
darwinienne	3	texte	67938
nom	19	texte	67938,72932,68274,69815,69540,73875,67800,70166,69177,76509,67389,68642,71835,71361,71358,74169
naturaliste	2	texte	67938
anglais	5	texte	67938,71619,67555,68888
1859	1	texte	67938
théorie	12	texte	67938,69180,76511,70748,70424,71841,70914
couler	2	texte	67938,72113
beaucoup	91	texte	67938,71357,68638,74749,75457,74167,73185,72932,74172,73433,73432,71621,72116,73430,76206,76213,73182,73683,67554,75794,70161,68276,67555,73685,73875,67800,68885,73876,70166,75793,67383,67553,69177,74457,72393,70745,74455,75788,73878,70424,72633,72394,76509,74450,70421,70743,73880,74452,72396,71835,68383,70916,68387,73188,67937,74744,71614,71358,74752,74169,74747
encre	4	texte	67938,72114
darwin	2	texte	67938
exposer	10	texte	67938,72932,73190,72116,70918,72401,70161,70168,67942,72939
ni	11	texte	67938,76206,67794,72634,74450,75066,74750
gentille	1	texte	67938
méchant	1	texte	67938
simplement	10	texte	67938,76213,70161,75792,70425,69821,71612,67937,74752
nature	25	texte	67938,68389,71357,70922,74173,71620,76210,73432,72934,73431,70919,73683,67554,69540,68887,70167,70747,72397,72119,75463,68387,67937,74750,68391
individu	11	texte	67938,73432,67387,69815,67794,73877,68281,67389,67071
vous	44	texte	67938,72933,72932,72114,73430,67068,68274,67795,70161,67794,67555,73684,73876,73877,74455,68643,74450,72632,72397,72396,75458,74752
vouliez	1	texte	67938
darwinien	1	texte	67938
ajoutetil	10	texte	67938,67796,76507,73877,74457,68643,72394,76508,75458
entité	6	texte	67938,67553,72634,74455,74744,75459
effectif	9	texte	67938,71357,73683,67795,68885,74455,71614,74169
tendance	27	texte	67938,71619,74167,73185,69533,76213,68274,72629,67794,73877,75065,71835,76209,68383,75458,74752,72120
varier	19	texte	67938,74167,74173,68639,72116,67068,70919,68274,67554,70161,68886,70745,72394,67388,73881,71363,71837,74744,75466
ceuxci	23	texte	67938,74749,69533,73430,75069,69814,69183,73877,70744,71843,68888,70745,70425,70421,70914,75461,72939,71837,76208,70916,75458,68390
variation	9	texte	67938,67390,69811,67942,75067,75458
sélection	7	texte	67938,72932,72113,72629,70420
naturel	50	texte	67938,68389,73184,69533,71621,69535,69181,68881,76511,67390,67794,68882,75792,76516,71843,68283,75788,75789,67558,71845,72394,67799,70420,72630,67942,67943,70914,67071,70917,76209,71836,75463,67937,68390,68385
adaptation	18	texte	67938,69533,67803,73877,69813,70420,67071,71837,70916,75458
échapper	2	texte	67938,70749
précisetil	38	texte	67938,71357,74167,73185,72933,73432,69534,72114,76206,76207,67068,76507,72629,75790,73684,68885,69812,73876,70166,75793,75792,67553,75788,74450,76508,70421,67798,72630,68279,71835,71837,71836,74744,75459
porteur	7	texte	67938,73432,67556,74457,67940,73438,75465
revanche	18	texte	67938,73183,76207,75794,68882,69540,73875,68644,72634,75789,70421,72631,71835,75462,71359
falloir	85	texte	67938,71357,74749,74167,73185,72933,69533,73432,72114,73430,75069,76213,73182,67068,70919,69535,73683,76512,72629,68881,67795,76511,70161,69815,67794,67555,68882,69178,67801,73684,73876,67383,67553,72392,69177,74457,71842,72634,70424,71841,70746,67558,72394,74450,70421,75461,75065,71835,70915,75462,71837,75066,68383,71359,75458,74752,74168
réagir	8	texte	67938,75457,71621,67794,70745,70425,74450
crise	15	texte	67938,71357,73432,70162,74453,72939,71836
indiquer	13	texte	67938,71357,74167,69537,69534,67386,73685,68887,70166,69177,70915,74746,75459
fonctionner	25	texte	67938,72933,72114,72934,67796,67386,68883,74449,69178,69179,68887,75793,69177,72634,70745,70420,76508,72631,75064,74168
surtout	19	texte	67938,68389,74167,69533,73432,70161,67794,67555,69540,76515,69186,74457,67558,67798,75063,75458,74169
croire	17	texte	67938,74167,72932,73430,67068,67795,73876,75793,69813,74455,70420,67798,70917,71359,75063,67937
loi	11	texte	67938,75457,72113,67554,69178,72940,68885,69177
arrêter	8	texte	67938,72933,73182,68881,69178,72392,67798
jamais	35	texte	67938,68638,74167,72933,69537,73430,73431,67068,70163,68883,68276,69540,69811,70166,67802,70744,71843,71842,72634,72636,69821,70424,70421,73880,71363,70915,69539,73189,67937,75458,74169
citer	3	texte	67938,71621,74751
célèbre	8	texte	67938,68638,68881,74744,74746,74752
auteur	16	texte	67938,69533,71621,76213,68276,67794,68887,69184,69821,71366,74752
lewi	1	texte	67938
carroll	1	texte	67938
livre	25	texte	67938,76213,72401,67794,68882,74457,70914,71835,68383,71359,75063,71366
intituler	35	texte	67938,71357,73184,74748,72113,71620,74176,72937,74175,76213,74174,69535,67392,72401,67804,68276,68882,70429,72940,67803,76516,74457,68283,67561,71845,68641,71363,68383,74746,74752,75459,71617
côté	61	texte	67938,74749,75457,73185,72932,74172,68639,71838,73183,73430,75069,76213,72115,68274,73683,70162,68881,68276,67794,67555,73685,73684,69179,70748,69812,75793,72635,68645,72634,73879,74455,75789,67945,72637,67799,69818,67388,76508,67940,68640,72630,74453,72396,75461,75070,70915,71362,75462,76209,70916,71359,74746,68391
miroir	3	texte	67938,67068,71836
deuxième	13	texte	67938,73436,76212,68882,70749,69177,72393,70745,75788,76508,70914,72121
volet	13	texte	67938,69533,74176,71838,67555,76514,75793,72393,75458
alice	1	texte	67938
merveille	2	texte	67938,69177
décrire	6	texte	67938,72932,69184,70747,68383,70916
épisode	6	texte	67938,73686,69813,73688,70916
personnage	2	texte	67938,67937
reine	3	texte	67938
rouge	14	texte	67938,76512,73684,73877,70745,75462,68387,74169
effrénée	1	texte	67938
alic	1	texte	67938
demande	24	texte	67938,75457,76206,76512,76507,67794,73685,73877,68888,74455,68643,72633,76509,69538,71835,70915,75462,76209,71836,74745
étrange	2	texte	67938,68638
courir	16	texte	67938,72933,72936,73432,68881,68277,67794,69812,67553,69177,72634,67941,71612,67937
vite	20	texte	67938,74167,70923,73430,75069,67068,68881,70161,67383,70420,74450,72630,70422,71366,75458
paysage	4	texte	67938,70161,67794,73877
changer	11	texte	67938,73430,76213,67795,67794,68280,68383,75458,74168
répondre	71	texte	67938,70920,71619,74749,72932,73184,74748,72117,72936,71621,75069,76212,76213,69535,73683,76512,76513,70162,76507,68275,72629,70161,72399,67794,73685,75790,73684,69541,73876,75792,73877,73687,69177,70751,73689,74455,70169,72637,68643,72394,76509,74450,74453,68279,75064,71835,70915,71836,71359,71615,75063,73188,74744,71617
rester	43	texte	67938,70920,68638,74173,72933,72113,75069,76213,73431,69535,73683,67387,67556,67795,67385,67390,67794,69540,70429,69811,75791,75793,70749,68644,72634,69821,75789,76508,72630,72397,70914,75071,70915,68383,75463,74745,71614,74746,75459
remarquable	11	texte	67938,72933,73184,71621,76213,67068,69186,70425,70424,67937
montre	5	texte	67938,69535,67794,71835,76209
lamarckien	1	texte	67938
jeanbaptiste	2	texte	67938,71836
lamarck	1	texte	67938
philosophie	3	texte	67938,70161,74169
zoologique	1	texte	67938
cohérent	7	texte	67938,72934,67383,73877,72395,74751
modification	17	texte	67938,72933,72116,73430,67390,69811,69184,75793,70745,67389,67942,75463
espèce	42	texte	67938,68389,71618,73433,73183,72115,67387,69816,69182,76511,68645,73878,70746,69819,74452,72631,75460,70917,75458,68385
1809	1	texte	67938
tendre	3	texte	67938,72115,68387
marquer	8	texte	67938,69533,72113,67068,72630,68278,70915
excellent	6	texte	67938,67068,74450,68387,67937
actif	28	texte	67938,74167,72629,67391,76514,73877,67946,72634,73878,70746,67389,72118,75065,71612,71360,68392,74746
structurer	14	texte	67938,70923,73430,70161,68882,69812,73687,72392,70753,68642,71359
résumetil	18	texte	67938,72933,73184,72113,68274,72629,73875,75790,73876,67383,73877,69821,74450,71835,71359,68387,74169
faute	8	texte	67938,73185,73683,67794,71835,68383
darwinienner	1	texte	67938
parce	24	texte	67938,68638,73185,73430,76213,73431,73683,76507,68881,76511,67794,73877,70745,69821,70424,72394,72939,68383,71359,68387,75458,74752
exiger	8	texte	67938,72934,76207,76511,69540,68643,70420
essaierreur	1	texte	67938
pourquoi	24	texte	67938,74173,73185,73433,73430,72115,76511,69178,73877,70749,72392,70751,67389,72396,72631,71612,71359,73188,67937,71614,74752,75459
arrivetell	1	texte	67938
google	3	texte	67938,76207,75788
interrogetil	2	texte	67938,73185
capter	11	texte	67938,76511,68884,67553,70426,70747,72395,68391
couple	1	texte	67938
variationsélection	1	texte	67938
constatetil	3	texte	67938,73430,74455
ose	1	texte	67938
pied	8	texte	67938,74749,73684,73877,74169,75459
hésiter	11	texte	67938,69534,68273,73877,72394,70422,72939,71835,71612,74745,75458
mouiller	1	texte	67938
force	19	texte	67938,71357,73184,72937,70162,76507,68275,68883,76510,68886,67799,72397,70914,71835,72119,68383
suffire	13	texte	67938,68638,75457,74167,71618,70919,67800,73876,70425,71835,72119,75458,74169
enjeu	22	texte	67938,71619,71620,71621,74175,69535,68275,68882,72392,69820,70752,67388,67071,76208,68383,73188,71358,68385
demain	32	texte	67938,72933,68639,74176,74175,67557,75797,67804,68276,67794,73876,73877,73884,71842,74452,68279,70914,71837,71359,71615,71358,75458,74752,71617
seraitil	1	texte	67938
tant	48	texte	67938,74167,72932,72113,73430,76206,67068,69535,72115,73683,68275,67797,67795,70161,72399,67794,73685,70165,70170,68273,75793,67802,69185,68283,72393,72634,72636,74455,69820,70746,72394,74450,67388,70421,73880,70422,68279,72396,75064,71366,74168,75459
conscience	6	texte	67938,70161,73876,67553,75458
lire	19	texte	67938,71621,76213,72401,68276,70429,72940,74457,68283,70753,69821,70914,71835,71366,74752
editions eyrolles - www.eyrolles.com	1	contact	67938
pascal pics, paléoanthropologue au collège de france crédits : editions eyrolles	1	legendeImage	67938
un paléoanthropologue dans l'entreprise, un ouvrage qui dérange crédits : editions eyrolles	1	legendeImage	67938
menacer	3	titre	68389,72632
forêt	32	titre	68389,71618,69816,73684,68283,67945,71837,70916,75458
plaine	12	titre	68389,69816,72630
mener	105	texte	68389,71357,74749,72933,73184,74172,69533,72113,69537,76210,69536,69534,72114,73183,72935,73182,67068,72115,73683,70163,69816,72398,67795,76511,67391,75794,76510,70161,67555,69178,73685,70165,75790,75791,73876,70166,75793,69813,70749,71843,72392,68283,71842,72634,70745,70753,73879,75789,73688,67945,71841,72637,72394,70420,67389,69819,67940,70743,72630,72397,70422,68279,72396,72631,75065,72939,75064,71612,69539,71360,75462,76208,75463,68387,68393,73189,75063,67937,74750,75464,75458,68390,74168,68385
agroparistech	25	texte	68389,69816,68275,67795,73685,72637,67799
inrer	66	texte	68389,71357,71618,69537,73432,69534,75069,76213,69817,69816,69182,67385,69815,67794,67555,68882,67800,75790,73690,70428,68885,69812,70749,70746,67558,67799,70420,67388,72632,72630,72396,67071,71360,71837,72121,68384,74169
université	171	texte	68389,70920,70922,75457,73185,72932,73184,69533,72117,71621,72116,69536,72114,74175,73430,76206,76212,73431,73182,67068,73683,75796,67386,69816,69180,68275,68881,68883,68277,69182,69814,76511,70161,69183,68276,69540,69178,73685,67800,69179,70748,69812,73876,70166,73877,68884,71842,68644,68888,72634,67561,67944,73689,73879,75788,73878,70424,67945,71841,72394,67799,76509,67389,67940,68278,70422,73881,72631,70914,67071,75065,72938,75070,75460,69539,72119,71362,71360,75067,71361,73189,75063,73188,67937,68392,71614,72121,75464,71616,74746,75458,74752,68384
aarhus	1	texte	68389
danemark	2	texte	68389,67555
strasbourg	11	texte	68389,67556,69178,70167,70425,74454,75070,67937
inventaire	2	texte	68389,69533
forestier	11	texte	68389,71618,69816,68283,71837,75458
national	107	texte	68389,74749,74167,72933,69533,72936,73432,71621,69536,71838,73430,76207,73182,69535,72115,69181,67386,76507,69816,68275,67795,67385,75794,74449,67794,68886,73685,76514,75790,72940,70164,70428,68885,73686,69812,69184,73876,67803,73877,69185,73687,69542,67553,70749,68889,70426,72393,71840,74455,75788,73878,67945,70420,69818,70421,68642,72630,67943,71363,70914,67071,75460,71362,75462,68383,70916,71361,75063,68392,71614,71358,72121,71616,74746,68384
ademe	3	texte	68389,73690,70169
lorrain	1	texte	68389
révéler	5	texte	68389,74748,70167,69819,73189
végétale	2	texte	68389,75458
réactif	4	texte	68389,73436,69819
face	35	texte	68389,68638,75457,72933,72113,72937,69534,76207,73431,69816,68275,72401,69182,70161,68882,68273,73876,67803,75792,73877,67553,72392,68646,75789,67071,75065,70915,71359,74744,75465
devraientelle	1	texte	68389
vulnérabler	1	texte	68389
montagn	9	texte	68389,67068,70165
cellesci	19	texte	68389,69533,69537,75069,67387,67554,73875,70167,67553,72635,75788,76508,69539,71359,68387,75458
vulnérable	5	texte	68389,71621,69816,68283
plante	80	texte	68389,71618,73433,76213,69817,67387,69182,76511,67794,67800,73684,76516,68645,74457,68643,70420,72630,68279,67071,68387
montagnard	1	texte	68389
migrer	5	texte	68389,71842,71837
augmentation	17	texte	68389,75457,73184,69533,69534,72934,69816,72635,71840,73688,67942,75065,75463,68387,71614
comparer	15	texte	68389,73185,72932,72113,72629,67391,71843,73879,75789,67389,75463,68390
composition	19	texte	68389,72116,69534,69815,69178,75790,67388,72397,74452,71612,74168
végétal	27	texte	68389,71618,69537,73433,72116,75069,75796,67387,76511,67385,69811,67800,76516,71845,70420,67388,70423,68279,71362,71837,75458,74169
première	7	texte	68389,73184,70747,76508,72397,76209
évidemment	55	texte	68389,71357,68638,74749,75457,72932,73437,69533,73431,73182,69535,68274,67386,70162,70161,67794,68882,73685,76515,73684,68887,67383,67553,75788,75789,70420,67388,72630,72397,72396,71363,72939,71612,71836,71359,73189,75063,74744,71614,75458,74168,74169
manque	8	texte	68389,67555,75790,73684,68643,70916,75458
réactivité	4	texte	68389,70428,70749,74169
chaud	6	texte	68389,67391,72393,68280
tolérant	2	texte	68389,70746
souffrir	9	texte	68389,76507,68645,74454,76508,69539,70916,71366,75459
fragmentation	1	texte	68389
habitat	3	texte	68389,69818,75466
zone	32	texte	68389,73185,69181,70162,69811,73875,73684,70169,75789,70420,69819,72632,75461,75460,71836,70916,75458
habitation	2	texte	68389,70169
champ	19	texte	68389,73433,67068,69817,69182,70167,69177,74457,70421,73880,67071,72939,76208,71836,72122,74750,71366,72121,74168
cultiver	10	texte	68389,73432,69817,69182,67391,67794,70420,75458
barrière	6	texte	68389,73184,70751
mode	27	texte	68389,74167,72933,72116,73430,75068,73683,70162,68275,70164,73876,75793,76516,68645,68644,70751,75788,72637,72394,74450,67388,72396,75064,71835
dispersion	2	texte	68389
animal	44	texte	68389,71357,73433,72116,76213,72115,76511,67794,76515,69813,71843,73878,67389,67388,72631,69538,73189,67937,75458,68384
sans	118	texte	68389,71357,70922,74749,75457,74167,73185,72933,72932,71621,73430,76206,72934,76213,76207,73431,73182,69535,72115,73683,67386,69816,72629,76511,75794,70161,67794,68882,70429,73875,70165,75791,69186,68273,73876,70166,75793,67802,73877,69813,68884,67553,70749,72393,71842,72634,69821,74455,75789,68280,68643,72394,67941,69818,74450,74451,70421,67798,72631,72938,71835,75462,71837,76209,75066,76208,75067,68383,75463,70916,71359,67937,74750,75458,74752,68390,68391,75459
préoccupant	6	texte	68389,75457,75792,68383,70916
génération	34	texte	68389,76210,73432,72114,68274,76513,69816,69811,69177,67942,70423,71363,71835,75066,71836,71359,71615,74745,72121,74746,74168,68385
retrouver	23	texte	68389,71357,75457,72932,72937,73430,67068,76511,68276,67801,69184,73879,75789,67558,72631,75064,71835,71359,73189
favorable	6	texte	68389,70919,73684,68885,75792,73687
moyenne	15	texte	68389,67556,68881,67391,69178,69179,68887,75792,71840,67558,76508,75065,68383
principalement	18	texte	68389,71357,72932,73184,69537,69536,76206,73431,67390,69815,67553,73878,68642,75458,75465
vers	65	texte	68389,68638,74749,75457,72932,73184,69533,72117,72937,76210,71621,74175,73430,75069,72935,76213,73182,72115,67557,73683,76507,75794,76510,69540,75791,68884,69542,72635,72392,74457,70753,72633,74450,67798,70422,68279,69538,70914,67071,75070,71837,75067,75463,71358,74752,74169
identique	6	texte	68389,69540,73877,72392,67389,67388
nord	32	texte	68389,73185,74172,73430,67796,76510,67794,73684,74457,71840,68281,73878,69820,72632,68642,71612,71837,71836,75463,70916,71361,71366
important	139	texte	68389,71357,68638,74167,73185,74748,72113,72117,76211,73432,71621,69534,72114,71838,73183,75069,72935,76213,73431,73182,69181,69817,67387,67795,67391,75794,74449,70161,69815,69183,68276,67794,68882,68886,69811,73685,73875,70165,75790,69186,67801,73684,68887,68885,69812,69184,73876,75793,67383,73877,69813,72392,69177,72393,72634,71840,74455,70169,74454,73878,73688,70424,70746,68643,70420,69818,67388,70421,72632,70743,67942,74453,70422,72396,68641,69538,70914,75070,71835,75460,70915,71360,71837,75067,71836,75463,70916,74745,68387,73188,67937,71614,75458,74168,74169,68385,75459
356	1	texte	68389
compenser	5	texte	68389,67555,75790
similaire	5	texte	68389,68887,71843,70421,74750
herbacée	1	texte	68389
difficilement	3	texte	68389,68280,71835
excéder	1	texte	68389
rarement	1	texte	68389
préoccupation	13	texte	68389,71357,73430,73182,69535,68273,73876,75793,73877,74457,72637,75459
légitime	5	texte	68389,72114,75792,74457,68383
quant	37	texte	68389,74749,69533,73433,73183,76213,73683,72401,69182,76511,70161,68882,70429,69178,69811,69179,67553,70169,75789,70424,76509,70421,73880,68279,70915,76209,75067,70916,71361,74169,71617
équilibre	8	texte	68389,76206,69535,67795,69184,67941
floreclimat	1	texte	68389
sembler	29	texte	68389,68638,72932,72116,73430,75069,69816,68881,69814,70161,67555,73685,73876,75793,75792,72635,70744,70745,69821,70424,67388,70421,72631,75070,76209,68383,68387
ore	33	texte	68389,73184,71618,70918,73431,70919,69181,67554,74449,67555,70429,73876,67553,72635,71843,72392,72634,75788,68643,72633,74451,70421,73880,68279,70914,75063,75458
briser	4	texte	68389,68274,75462
agroparistech - romain bertrand : tél. : +33 (o)3 83 39 68 12 - email : romain.bertrand@engref.agroparistech.fr	1	contact	68389
airbus	20	titre	70920,72933,67797,72636,68383,74745,71617
chine	18	titre	70920,72114,73430,76512,75792,68888,68642,67942,68278,72396,75064,71614,74168
carburant	12	titre	70920,74167,72933,71840,71615,74745,71617
alternatif	10	titre	70920,72940,68643,74450,72118,71617
approfondir	4	texte	70920,69533,68881,72396
durabilité	13	texte	70920,68639,76213,68882,70164,73877,67561,72637,69538
chinois	14	texte	70920,72933,76512,68888,68278,71362,74745
évaluer	27	texte	70920,75457,69537,73183,72935,69181,70162,69816,68881,67555,67801,70428,68645,70745,71841,67798,70743,70915,70916,71361,72121
meilleur	48	texte	70920,71357,68638,73185,76211,69535,72115,67557,70163,75796,69816,72629,67795,76511,67385,74449,69811,73684,70748,73876,70167,72636,67944,73879,68281,75789,70168,69820,73883,69819,73882,71837,76209,76208,68383,71361,73189,67937,68391,71617
soutenir	28	texte	70920,69536,69816,68275,68881,72398,75794,69179,67383,68884,70749,75789,72637,72394,76508,67940,74452,71363,70914,75065,71612,68383,71359,71614
accélérer	17	texte	70920,73183,72935,72934,68881,70429,67799,74450,74452,75065,71615,68386,71616
commercialisation	11	texte	70920,74167,72117,68274,76511,73684,69179,67553,74450,74451,72630
biocarburant	7	texte	70920,67385,75066,72121,68385,71617
avion	29	texte	70920,74167,72933,67797,76510,75792,71840,70916,74751,74745,74744,74168,71617
but	14	texte	70920,73190,70923,68639,72936,75069,69181,75791,70164,70425,69538,71617
conclure	5	texte	70920,68882,72392,74450,71837
tsinghua	2	texte	70920
institution	7	texte	70920,73185,75795,70429,67553,73689,68392
enseignement	72	texte	70920,71357,75457,73185,70923,72113,71620,72936,72937,69536,74175,73430,76206,73182,67068,69181,76513,72398,67795,68277,70161,68276,70748,73876,69185,70426,72636,67944,72637,72394,74450,70743,70422,70914,67071,75071,72938,71835,71362,71837,68383,74751,68393,75063,68392,74746
leader	34	texte	70920,74749,74167,72933,76211,72936,72114,71839,75796,76511,70161,69815,73691,73875,75793,67383,72392,71840,72633,67940,74453,68383,71361,71359,74745,74744,75466,71614,75458,74169
adéquate	1	texte	70920
critère	7	texte	70920,72113,76207,76513,71612,71361,75458
écologique	13	texte	70920,73183,67557,69816,72940,69812,74457,67071,75464,75458
économique	43	texte	70920,71357,74749,73185,69533,72113,74176,73183,73430,76213,69535,67557,75796,76507,67795,67391,70161,72940,70164,73684,73690,67803,67383,68645,72392,74456,68283,73884,70751,72637,73882,68642,72396,67071,72938,76208,70916
social	48	texte	70920,71357,74167,73185,73190,74748,69533,71620,73432,74175,76213,73431,69535,67557,73683,72398,70161,68276,68882,70748,75793,69813,68283,72393,72637,73882,67798,75461,72939,76208,70916,75063,68386,74746
consister	33	texte	70920,71357,73436,76211,70918,73431,67390,70161,73685,73875,67800,75793,67802,69813,70424,68643,74450,67388,76508,72630,72397,73880,75462,75463,70916,67937,74168,68391
concentrer	11	texte	70920,69535,67383,75792,72633,67941,74450,72397,70916,71361,71359
solution	94	texte	70920,74749,75457,74167,73185,72933,68639,72117,71621,72934,76213,73182,69535,75796,76513,70162,76507,69816,67385,74449,68276,68882,69178,73685,72940,70170,68273,73686,73876,70166,67383,70167,68884,67553,72392,70426,73884,70751,71840,73879,74455,70169,75789,74454,69818,74450,76508,72118,67071,71612,75462,75066,76208,71359,75063,74750,71614,71366,74746,68390,68384,71617,75465
prometteur	36	texte	70920,69537,72116,74174,72115,67554,67385,67391,74449,67555,68882,73691,67801,68273,73876,72392,70426,70745,75789,73878,68643,67558,70421,72632,72118,75070,67937,75466,74746,68385
obtenir	81	texte	70920,75457,73436,72933,73184,69533,69537,76210,73432,71838,76206,76212,73431,67068,68274,73683,67797,67554,69182,76511,67385,67390,75794,74449,69183,67555,67801,73684,69184,70167,67802,70749,70744,70426,68280,67558,72394,67799,74450,67388,69819,72630,72397,72631,75065,75070,71612,75460,71362,70917,71836,70916,73189,74744,74750,71358,74168,75459
actuellement	35	texte	70920,74167,74173,73436,72113,72117,73432,71838,72115,67557,73683,68881,68883,76511,69183,68882,69186,73684,72636,68646,75789,74454,69819,70743,68642,67942,72397,73880,67943,72119,71360,74168,74169
huile	28	texte	70920,74749,67391,67555,76516,74457,67558,68387
cuisine	28	texte	70920,74749,76516,71359,75063,74752
usager	1	texte	70920
algue	8	texte	70920,73433,76511,67385,75460,68385
avionneur	6	texte	70920,72113,72636,71615,71617
achevé	1	texte	70920
industrialiser	6	texte	70920,76210,72114,73182,69181,67554
procédé	50	texte	70920,73436,76210,72114,75069,76207,73683,68881,67554,69814,67385,72399,68882,70166,75792,72635,70426,72393,67561,73878,71845,72394,69819,72630,75065,71362
production	80	texte	70920,73185,73436,73184,73433,74174,67796,76507,68881,67385,67391,67390,67794,68882,67800,73684,68273,68887,69541,68885,69184,75792,67802,73877,73687,71843,70426,68283,72393,71842,74455,67945,69819,73882,72630,73881,68279,69538,70914,75064,71362,75463,75063,71366,75458,74168,74169,68385
durable	71	texte	70920,73185,74172,71621,74175,69181,76513,72398,76511,68882,76514,70164,69812,67803,69185,74456,71842,70745,67561,70169,72637,70752,70420,68279,67071,75463,71366,75458,71617
usage	34	texte	70920,71357,73184,72113,74176,75069,73182,75796,75797,72399,72400,68882,70165,76514,73876,73877,68645,70169,69818,75063,72121,74747
précison	26	texte	70920,73437,70923,69533,74176,67557,69181,70162,68275,67556,69182,75795,76510,69815,67802,68884,70747,67944,74454,67941,73883,67388,74451,76508,67940,74750
continent	9	texte	70920,71838,68274,73875,73684,69821,75463,75458
amérique	18	texte	70920,73185,67796,76510,73875,73878,72632,68642,72630,71366
latin	10	texte	70920,73185,73875,67553,72630
australie	4	texte	70920,69185,75459
moyen	52	texte	70920,71357,68638,74167,73185,70923,68639,72934,75068,73431,70163,70162,68883,69540,68273,69541,69812,75793,69185,69177,74456,74457,69821,68281,74455,68643,70420,72395,72630,70914,75461,71835,70916,74745,68387,74744,71614,71366,75458
orient	2	texte	70920,73875
désormais	63	texte	70920,74749,72932,74172,70923,76211,73432,71621,72116,73430,76206,72934,76207,71839,69535,72115,67795,69183,69540,69178,73685,73684,68273,70166,67802,73877,69813,67553,70749,71843,69177,73879,72633,72394,70421,67798,70422,73881,72631,70914,75461,75064,71835,69539,75462,71836,74751,74745,75063,68392,71358,75458
asie	17	texte	70920,74167,73185,76510,73875,71840,73878,72396,68383
airbus - aude lebas : tél. : +33 (0)6 17 72 03 48	1	contact	70920
quatre	32	titre	71357,73185,71618,69533,68639,69534,67068,73683,70162,72629,67795,74449,67555,68886,67383,70744,67946,67941,70422,67943,67071,71362,75067,68383
scénario	51	titre	71357,69533,69535,70162,67554,69182,67794,75463,70916
équine	4	titre	71357
horizon	48	titre	71357,71619,74749,73437,70923,69533,76211,72936,72114,73430,69535,76513,72398,70161,73685,69541,70748,69185,70426,68888,72636,67944,68281,75789,73878,72637,67941,67942,72396,69538,67071,71362,76209,75463,71615,74751,68393,68392,74746,74169,71617
2030	8	titre	71357,72392,70751,71840
consacrer	27	texte	71357,74749,75457,72932,72937,69534,67554,68276,69811,76514,70748,68885,70749,71840,67945,73882,67942,74751,67937,72121
i	3	texte	71357,72935
cheval	25	texte	71357,75065
equitation	1	texte	71357
ifc	1	texte	71357
françois	10	texte	71357,72932,72936,67068,67794,67383,69542,74456
houllier	3	texte	71357
emblée	6	texte	71357,73185,73182,67068,75789,76509
prédiction	2	texte	71357,67392
exploration	8	texte	71357,70163,70420,74450,73880,71836
univers	23	texte	71357,68638,72932,76206,70163,72401,73878,70424,70421,71835,71359,75063,74752,74169
exercice	21	texte	71357,74167,72932,74172,69533,69535,70162,76507,70744,72633,76509,70421,70915
explorer	32	texte	71357,72932,69533,68639,73432,70163,67385,69815,68882,75790,76515,72635,70751,74455,71841,67389,71835,76209,68387,71366,74168,75459
contrasté	2	texte	71357
déduire	3	texte	71357,73683
ligne	29	texte	71357,73436,73437,70923,72114,73430,67554,76510,73876,70167,67802,70424,76509,74450,69819,71835,73189,74747,71617
rupture	25	texte	71357,68638,76210,76213,67794,68886,68273,73686,72637,72633,74451,75066,71358,75464,68384,73438,75465
éventuel	10	texte	71357,74749,71838,68277,70429,67553,71843,69821,75065,70915
chacun	41	texte	71357,73185,73184,70923,69536,76212,72934,76213,67554,69182,67794,67555,72940,69541,69812,73876,67553,72635,70744,75788,73878,72394,74450,67388,67798,70743,72630,68279,71363,71835,76209,71836,70916,71361,74751
politique	33	texte	71357,69533,72113,69534,74175,73183,75796,68275,72629,72401,70161,67794,72940,70164,69813,68645,69821,68642,72396,69538,70914,72939,68383,70916,68392,71358
opérateur	22	texte	71357,75068,70162,76510,70165,75791,72392,74456,75789,74450,70421,67071,75064
atil	15	texte	71357,72933,70923,73182,67068,68883,69540,69177,75463,67937,71358
françoi	4	texte	71357,67383
établissement	66	texte	71357,74749,74172,70923,72113,72936,74175,73430,75068,67068,69181,76513,70162,76507,68881,72398,67795,74449,70161,69183,68276,69178,73876,67383,72392,69177,72393,68888,67944,72637,70743,70422,75071,70915,71362,75063,71358,74746
préside	6	texte	71357,73182,72629,71842,68643,68279
dix	32	texte	71357,76210,75068,69535,73683,72629,68882,69811,67800,67801,73684,68885,72636,67388,72631,76208,70916,71359,74745,74744,71614,74168,68385
2050	13	texte	71357,69816,67794,67071,75463,71615,74746,71617
avicole	1	texte	71357
expertise	24	texte	71357,74749,73184,73190,76211,73432,71838,76206,72629,68885,73876,72392,72393,67946,70168,70743,72939,75064,76208,72120
dep	1	texte	71357
philippe	25	texte	71357,72937,71621,67802,73877,72394,70421,72631,68641,70916
perriercornet	3	texte	71357
réflexion	34	texte	71357,68638,72932,72113,76213,73182,72398,70161,68882,70429,72940,69179,69541,73876,69813,72637,67388,68642,75462,76209,68383,71359,74752,74169
alimenter	12	texte	71357,73182,67387,67797,72398,75792,73877,70747,75789,71617
ifce	1	texte	71357
élaboration	11	texte	71357,75069,69812,75793,72392,67388,69819,67798,75464,68390,74169
équin	2	texte	71357
privilégier	8	texte	71357,69535,68885,69812,72394,73881,75458
réglementation	11	texte	71357,70165,74455,68643,69818,74450,72118
producteur	15	texte	71357,76206,68881,68273,69812,76516,67802,73877,69821,72637,74169
stratégie	38	texte	71357,74749,74167,74173,73184,74172,76211,74175,73430,75069,76206,69535,69816,72398,68277,76511,74449,73875,69812,73876,67803,69813,68884,71842,70746,72637,73883,72395,67798,68642,75066,70916,71616
partir	66	texte	71357,72932,69533,72113,69537,73183,76206,76213,75068,76207,73431,73182,67068,69535,72115,73683,70162,69816,67554,67795,69814,76511,69815,67794,68886,72940,67801,67383,70749,70425,73878,68280,71841,68643,67558,74450,76508,69819,72630,72397,70423,72396,72939,71612,71360,70917,76208,68383,70916,71614,71366
construire	29	texte	71357,68638,74749,74167,72936,73182,69535,73683,69817,70163,67387,67797,70161,69811,70167,71842,70169,72637,68643,70914,75064,75070
contraster	3	texte	71357,73189
choc	4	texte	71357,73430,67801,69820
volontairement	2	texte	71357,72119
loisir	15	texte	71357,74748,75797,70165,68283,73689,68280,75466
porter	44	texte	71357,71618,69537,73432,76206,76213,73431,67386,68275,67554,72398,68277,74449,69178,73685,73684,68887,76516,74457,71842,72634,75789,70752,72394,67941,69818,76509,73882,70421,72395,74453,70914,72939,72938,75067,68393,75466,74168,75459,75465
équestre	4	texte	71357,74748
supposer	7	texte	71357,73432,67390,67794,72637,72631,74744
minimum	6	texte	71357,75457,69540,69185,68279
achat	8	texte	71357,69534,76213,68274,68881,67794
classe	16	texte	71357,75457,68881,69814,70161,69177,68888,73878,70421,70423,75071,71837,71358
possibilité	32	texte	71357,75457,72933,72932,69533,69536,76212,72934,72115,68275,68883,67554,76510,68882,68273,75792,70747,73879,75788,70421,74452,70914,75461,71362,75063,67937,75464,74168
accéder	7	texte	71357,71619,70923,70161,68643,71358,74168
massivement	2	texte	71357,68884
plein	10	texte	71357,73185,74748,67068,73683,70162,73684,69821,68643,70422
relativement	19	texte	71357,73185,74172,72934,73683,72629,72401,73875,70749,72635,68643,72630,68383,68387,74744,71614,75458,74169
nécessité	28	texte	71357,68638,73432,67386,76507,68275,68881,69814,67794,68882,73685,67383,67553,68643,70420,76509,67071,70916,74751,74745,68387,74744,75458,74168,71617
faible	33	texte	71357,73436,76210,72934,76213,69535,67796,69817,70163,68883,75794,69540,68886,73684,68887,70167,68644,67558,67388,76508,67942,72397,70915,69539,68383,71836,71617
facile	12	texte	71357,75069,73182,72115,73683,76507,73685,70747,68280,68387,67937,68390
manipuler	15	texte	71357,73431,72115,67554,75791,70747,67941,70421,72630,75064,76208
marketing	8	texte	71357,68885,72395,71359,75063,74746
cibler	12	texte	71357,74167,74173,72115,69181,67390,70165,71840,73878,70914,76209,71616
parieur	1	texte	71357
progression	7	texte	71357,73184,72935,70162,68276,70421
emploi	20	texte	71357,73437,74748,72114,69535,73683,76512,75795,70164,73684,76516,73687,72392,68643,69818,68383,71366,74746
globalement	8	texte	71357,72113,73683,73877,70745,74744,74746,74169
image	53	texte	71357,72932,69537,73431,67068,67796,69816,72629,67554,69182,69540,69811,69177,73879,70424,67945,70420,74450,76508,69819,68641,71612,71836,73189,75063,75458,74752,68391
société	55	texte	71357,72113,72117,71620,76211,70918,74175,73183,76213,76207,73431,73182,69535,69816,72629,68276,73875,72940,70164,68273,70748,69543,75793,75792,74457,70745,74454,68279,70914,75461,72939,71835,75066,76208,75067,70916,71366,75458,75465
estime	34	texte	71357,71621,72116,73430,76213,76207,72115,68274,67391,70161,69811,73684,68273,75792,70744,69177,74454,72637,67389,67388,76508,70421,72395,72631,71359,73188,71614,71358,74746,74169
élite	5	texte	71357,73182,67941
équitation	2	texte	71357
fonction	45	texte	71357,72932,73184,72116,76212,76213,70919,67387,70162,67556,67795,68277,67390,70161,69183,67794,68882,75790,69812,69184,71843,73879,67389,70421,72631,69539,70916,71359,74751,68392
distinction	4	texte	71357,67068,71835,67937
proche	22	texte	71357,76210,70163,67392,74449,68276,67801,67383,67802,70425,75789,70424,68643,70420,67388,69819,72631,71836,71617
ambiance	2	texte	71357,74449
élitiste	1	texte	71357
club	4	texte	71357,74748,71839,73690
priver	16	texte	71357,72113,75068,75795,67803,70166,67383,75792,70753,68643,72394,69538,71360,71361,71615,74169
recul	3	texte	71357,69816,67937
davantage	33	texte	71357,72933,73184,73430,76206,76213,72115,73683,67797,67554,67795,70161,73685,73684,67553,70749,72392,71842,72394,70420,67389,70422,68279,72631,76209,74169
persistant	1	texte	71357
affecter	7	texte	71357,73183,67387,69815,69184,68646,70916
tension	2	texte	71357,69184
foncier	2	texte	71357,74457
accès	18	texte	71357,73437,70923,69817,67387,68275,75790,75793,69821,73879,70420,72630,74452,68279,70914,67071,74747
situation	29	texte	71357,75457,74167,72113,75069,73182,69535,70162,75792,67553,68281,71841,72394,70421,72939,71835,70917,68383,70916,71359,71615,71366,74169
considérablemer	1	texte	71357
expansion	12	texte	71357,71618,70170,70424,73882,73188
inverse	3	texte	71357,73184,67068
réduction	21	texte	71357,73184,69533,68639,73433,69814,75790,68279,70914,71615,71366,71617
recentrage	1	texte	71357
localité	2	texte	71357,71840
emblématique	7	texte	71357,69542,74457,72394,69818,73880,68383
devenir	66	texte	71357,68638,70922,74167,74173,72113,73432,71621,72114,73430,72934,76213,75068,73182,69535,68274,73683,76513,67556,68883,75795,74449,76510,70161,69183,68882,70429,73685,76514,70166,73687,74456,71840,69820,73688,71841,70746,72633,72394,76509,67389,68642,72630,73881,72631,71835,68383,71359,68387,74744,74750,75466,71614,71358,74746,74168,75459
lien	32	texte	71357,75457,73184,69533,76211,72936,73430,76212,73431,73182,74449,76514,75790,75792,73877,68645,70745,70425,68280,73688,70421,72632,72396,75461,75459
homme	57	texte	71357,74749,73185,72937,72116,73430,76213,73182,72115,76511,74449,67794,70429,73685,72940,75791,73684,71843,68283,71842,70745,72636,73879,74454,67941,76508,69819,72631,72939,71835,75460,71837,68387,67937,75458,74752
multiplier	9	texte	71357,73430,73685,67802,70425,72633,72394
seul	79	texte	71357,68638,70922,74749,74167,74173,72932,74748,72113,70918,76213,73182,69535,72115,69817,72629,68883,67390,75794,70161,69183,67804,67794,69540,67801,73684,68887,70166,75793,67383,70744,72392,69177,71842,70747,68646,67944,71840,74455,73878,68643,72394,70420,69818,76508,70421,67940,70422,68279,70914,75065,75070,71612,70917,71837,70916,74745,67937,74168,74169
jeu	13	texte	71357,70922,73190,69533,72401,67800,75790,73684,76509,74745,68387
territorial	8	texte	71357,69535,68884,68889,74457,74746
éducation	8	texte	71357,74167,67555,73876,69821,76509,72939
réinsertion	1	texte	71357
entretien	4	texte	71357,68881,71363
agriculture	57	texte	71357,76213,69182,67804,67794,68882,68273,69812,72393,71842,70745,69821,73879,70420,74450,68279,69538,71837,71836
encourager	5	texte	71357,74748,76211,69535,72634
pac	1	texte	71357
agricole	36	texte	71357,76213,67392,67794,68882,73685,68273,68885,68645,70745,69821,72637,74450,72630,68279,69538
commun	28	texte	71357,74172,68639,69536,71838,76207,70919,70163,70162,68881,70164,73877,67553,73884,72393,71845,68642,71363,69538,71362,67937,71358
reposer	3	texte	71357,72401,69814
collectivité	10	texte	71357,72399,67803,76516,73877,68884,73884,67798,72939,74746
local	40	texte	71357,74167,73185,72113,73433,72114,75068,73182,69535,76507,70161,67794,68885,69184,67803,75792,76516,71843,71842,73878,67798,69538,75461,72939,76209,71836,75463,68387,75458
publicpriver	1	texte	71357
expliquetil	30	texte	71357,75457,73185,73432,72114,76206,76213,72115,68274,73683,68881,73875,73684,68273,73876,75793,67383,73877,67553,74450,72630,71835,75462,71837,74745,68387,75063,71614,75459
quatrième	14	texte	71357,68639,69534,69535,67794,68882,69179,69543,70745,67388,71835,75067,71614,71617
compagnon	4	texte	71357,72932,76509,70421
soin	7	texte	71357,67801,68645,67940,72630
relation	23	texte	71357,72113,76211,73432,76213,72401,75795,70161,69541,70166,70745,72637,72394,72395,67942,70422,67937
affectif	2	texte	71357,75063
quasi	6	texte	71357,72117,69537,67942,75065
individuel	8	texte	71357,70922,76515,67553,69818,74451,69539,75465
compagnie	9	texte	71357,72629,76510,71840,72630,72396,75071,67937
prédominer	1	texte	71357
comporter	7	texte	71357,72113,73183,67554,75794,70167,70420
plutôt	12	texte	71357,72114,73183,73683,68881,74449,70161,68882,70166,70424,76508
dressage	1	texte	71357
saut	1	texte	71357
obstacle	8	texte	71357,74167,72932,72629,72392,70421,70917
consommation	35	texte	71357,69534,75069,69535,67557,76512,67386,76507,67554,69814,67794,67555,68882,70428,75793,75792,68884,69818,75460,71615,68387,73188,71366,71617
viande	4	texte	71357,76511,67794
interdire	1	texte	71357
vieillissement	20	texte	71357,68277,74449,76515,67798,71360,68387,75063,74746,75465
problématique	27	texte	71357,74749,73183,76212,72398,70161,69178,70170,69541,67803,67553,70751,69820,68280,72938,75064,71362,68383,75464,74746,72120
plausible	1	texte	71357
logique	17	texte	71357,76511,68882,73876,69813,71835,67937
bout	8	texte	71357,72932,72114,67794,67802,74457,72119
débat	18	texte	71357,72113,74176,74175,68275,67804,72940,70170,69184,72393,70752,67942,71363,75465
physionomie	2	texte	71357
traduire	15	texte	71357,74173,73185,74172,70923,73430,68885,69542,72393,68646,76209,68383,71836,71359,74746
élevé	22	texte	71357,75457,73436,72932,68881,67554,69182,67385,74449,72394,70917,68383,74745,68387,71614,74168,74169,68385
contraire	6	texte	71357,74167,68882,67383,69813,75458
soulever	2	texte	71357,71363
récurrent	2	texte	71357,70916
auxquelles	14	texte	71357,67387,72401,69182,75794,68882,69811,72940,70745,74455,70421,76209,75063,74752
acte	5	texte	71357,71621,70918,76516,74746
achever	14	texte	71357,69533,73683,69817,67795,76516,68283,70751,76508,70421,70422,72938,75460
encadrement	1	texte	71357
étroit	5	texte	71357,72936,75797,75794,68888
etat	18	texte	71357,75457,74167,74748,73433,68275,69179,69185,68884,70169,72633,67941,72395,68279,75458
nation	4	texte	71357,73430,75458
émergence	43	texte	71357,68638,71620,72116,69534,72934,74174,69535,72629,68881,70429,73877,69813,72635,72392,71842,70745,70747,73878,69820,70424,70423,68279,72396,72631,75064,75063,68386,74168,74169,72120
configuration	6	texte	71357,69178,68884,74168
recentrer	3	texte	71357,73430,72629
supranational	1	texte	71357
274	8	bulletin	71357,71363,71362,71360,71361,71359,71358,71366
8/11/2012	8	date	71357,71363,71362,71360,71361,71359,71358,71366
- inra/montpellier - philippe perrier-cornet - email : perrierp@supagro.inra.fr- documents et vidéos du colloque disponibles sur http://www5.paris.inra.fr/depe/projets/filiere-equine	1	contact	71357
izest	8	titre	68638
laser	42	titre	68638,72932,72934,76513,75795,69540,69179,68641,75067
puissant	6	titre	68638,73432,67796,67554,71836
28	12	texte	68638,73437,70161,68276,70170,72635,73883,72397,74452,75065,72938,75464
29	9	texte	68638,74456,67944,67945,67558,69538,71837,68387,68391
novembre	27	texte	68638,74748,72113,74175,68277,74449,67794,67555,68882,67944,74454,68280,68278,74452,72396,71363,71837,70916,68384,68391
palaiseau	5	texte	68638,75796,70162,68641
ecole	123	texte	68638,71619,75457,72932,73190,68639,76211,72936,74175,73183,73430,72934,73431,73182,67068,73683,75796,76513,69180,72398,70161,69540,73685,68885,73686,73876,69185,69542,68889,70426,68888,73879,74455,70168,69820,68280,72633,73883,67940,70743,71363,75071,75462,76208,68383,71361,74751,71614,71358,75464
polytechnique	29	texte	68638,72932,68639,76206,72934,73182,75796,69180,72398,68645,72633,74450,69819,71362,76208,71361,73188
workshop	3	texte	68638,70752
center	6	texte	68638,69180,73875,75788
zettaexawatt	1	texte	68638
and	19	texte	68638,72113,71838,76207,67557,70162,75795,69811,68645,72393,67945,68278,69538,71837,68387,68386
technology	16	texte	68638,73190,76207,70919,70162,69180,68881,70161,73876,76208
puissance	25	texte	68638,72934,69814,69178,68887,72392,69821,70421,72630,74452,70914,72119,74745,74168
régime	8	texte	68638,73432,69534,67794,67798,69538,68387
exawattzettawatt	3	texte	68638
équivaloir	15	texte	68638,73437,71838,72934,76207,72629,71842,70425,70420,72397,70915,71362,76208,71359,74168
million	83	texte	68638,74749,73432,69534,72114,73183,72935,72934,73431,72115,67557,69181,67387,76507,68275,68277,75795,76510,69815,73875,70164,73684,73686,69812,67802,69813,70747,73878,70424,72633,67799,74450,74451,76508,68279,72631,69538,72118,70914,75461,75065,71360,71837,70916,71361,71359,75466,71616,74746,74169
réseau	68	texte	68638,74167,73185,76211,71838,72934,69535,69181,67386,70162,69180,68881,76510,68276,76514,68273,68887,68885,69812,73876,73877,68884,72635,70753,75789,73878,68280,70746,68642,70423,74452,70422,71363,69538,75461,70916,71615,68393,75063,74750
électrique	40	texte	68638,73185,73436,72114,70918,72934,67797,67554,69814,75794,76510,70167,68884,73884,74450,67940,68640,72397,71363,75066,71615,73188
bref	2	texte	68638,76510
ordre	28	texte	68638,72934,70919,70162,75794,76510,75792,67553,70747,70425,67941,76508,68642,72397,73189,68391,72120
femtoseconde	5	texte	68638,72934,68641
1015	4	texte	68638,72934,70744,70425
chiffre	18	texte	68638,68274,76512,68276,73875,68885,70166,71840,73878,72633,76508,71361,74746
tournis	1	texte	68638
xavier	4	texte	68638,73879
daniel	5	texte	68638,70745
verwaerd	1	texte	68638
militaire	20	texte	68638,74167,72113,72114,71839,67796,67386,71840,73879,71836,68392,74744,71358
protocole	7	texte	68638,67386,67802,73687,68279,71359
plateform	48	texte	68638,73437,70923,75068,69817,70162,69180,68277,69182,69812,68884,70426,71842,75788,75789,72633,70420,74452,68279,70914,75064,71359,74168,68385
russe	11	texte	68638,73183,76511,69177,72396,71836
afficher	8	texte	68638,74172,73430,73691,73876,67553,70744,75788
comparable	4	texte	68638,73436,67554,70915
mégaprojet	1	texte	68638
vladimir	1	texte	68638
poutin	1	texte	68638
revitaliser	1	texte	68638
souhait	9	texte	68638,73185,73431,68274,70166,72636,74455
gamme	16	texte	68638,76512,67390,69184,67558,74451,72630,75067,71616,74169
exawatt	1	texte	68638
article	10	texte	68638,73184,76512,74449,72940,68887,69177,70747,70915,71614
qualifier	11	texte	68638,69534,67068,69535,76507,76511,73876,72392,69177,72394
subexawatt	1	texte	68638
rappell	27	texte	68638,74167,73184,70923,72113,73183,73182,72629,67555,68885,75792,67553,70749,72393,74455,68643,70420,67388,76508,67798,67071,75065,72939,68387,67937
thierry	25	texte	68638,74167,70918,73182,75790,73876,67553,70426,68888,74752
massard	3	texte	68638
dam	5	texte	68638,74744
trompe	1	texte	68638
impulsion	4	texte	68638,72934,68885
physicien	25	texte	68638,72932,72934,67068,68881,69540,72940,68645,70745,74451,72397,67943,67937,74168,68391
gérard	25	texte	68638,72113,72934,73182,67794,75790,72634,72630,68279
mourou	5	texte	68638,72934
appui	7	texte	68638,74172,68275,76511,70744,68888,72634
énergier	6	texte	68638,72934
manquer	6	texte	68638,72937,73684,74450,71614
impatiemment	2	texte	68638,69177
exawattzetawatt	1	texte	68638
sonder	4	texte	68638,75070,73189
fameux	4	texte	68638,72932,67937,75458
noir	11	texte	68638,74167,69811,70424,68643
hypothétique	1	texte	68638
83	1	texte	68638
densité	8	texte	68638,71618,69535,70167,68644,67942,72631
total	11	texte	68638,70923,72117,67796,69811,69179,74454,69538,68387,73188
observable	2	texte	68638,73431
vide	1	texte	68638
neutrino	2	texte	68638,73688
particule	22	texte	68638,76210,73183,72934,70919,69540,69178,68645,68644,70747,73688,70914,71612,68390
récent	15	texte	68638,69533,72113,72935,76213,67391,67794,72940,68273,70753,70424,72631,75463,71366,75464
dépasser	8	texte	68638,73432,76507,70747,72633,74746
lumière	29	texte	68638,73436,74748,72934,70163,69182,67385,70167,70747,73688,69819,72397,72939,75070,69539,73188
mini	2	texte	68638
cern	3	texte	68638
engouement	2	texte	68638,68387
numéro	8	texte	68638,74749,72934,68881,68643,72397,72119,74744
2011	53	texte	68638,74749,73432,73431,73182,67392,67556,68881,68883,76510,69815,67804,68276,68882,69811,72940,73684,69541,70166,69177,68283,72393,67946,67561,73879,70169,70424,67945,67941,74450,68640,73880,68279,72938,75460,70915,71836,70916,68387,67937,71358,68390
cosigner	1	texte	68638
toshiki	3	texte	68638
tajimer	3	texte	68638
aux	12	texte	68638,72113,67392,68275,67554,69540,68273,73686,73877,70420,76209,71359
croissant	5	texte	68638,67794,73685,67071
petawatt	3	texte	68638
construction	36	texte	68638,71619,73432,69181,73683,72629,70161,69178,73875,67803,72634,73883,76509,67798,67943,71835,70915,75063,68386,74168
naissance	11	texte	68638,74174,68881,67555,68882,70428,68885,70749,71835,74168
voir	86	texte	68638,71619,74749,75457,74167,72933,72932,74172,76211,72116,69534,72114,75069,76213,75068,73431,73182,67068,70919,69535,67557,73683,69814,76511,74449,67794,72400,68882,69540,68273,73686,73876,70166,75793,69813,67553,72392,69177,74457,72393,71842,70745,70747,72636,69821,68643,74450,67388,70421,72632,72630,70422,72939,71835,70915,70916,68387,74744,71614,75458,74168,74169,68391
énergétique	27	texte	68638,73182,67557,75796,67386,68883,67554,67385,75795,68276,68882,72940,75792,68644,68642,72631,75463,75458,68385
banc	4	texte	68638,75064,70916,74168
parisien	5	texte	68638,72936,76507,67799,76508
quelquesuns	7	texte	68638,73875,70422,71835,68383,74751,74752
mariage	3	texte	68638,68889,71359
ceadam	3	texte	68638,70162
prospectif	7	texte	68638,72398,73690,74456,76209,75458
indique	44	texte	68638,75457,70923,72113,73432,72116,76213,73182,68274,73683,76507,68881,74449,68273,68885,73876,75793,69813,70749,71842,70745,74455,75788,75789,67799,70420,76509,67388,76508,70421,72630,68279,75065,75064,71835,71836,70916,71361,75458
fermilab	1	texte	68638
kek	1	texte	68638
japon	21	texte	68638,72117,72629,69811,73875,67383,69185,72392,74455,67942,73880,67943,72396,75064,70915,76209,74746,74168
poser	26	texte	68638,75457,72114,76213,73182,73683,72401,68276,67794,68882,72940,70425,69821,68643,67798,72632,72630,68279,68383,74751,67937,74752
lhc	1	texte	68638
capacité	50	texte	68638,74167,74173,73436,72932,73184,71618,69533,72113,73432,76213,75068,69535,72115,67796,67386,74449,70161,68273,69812,75793,72635,69177,70753,73879,75789,74454,70424,67388,74451,76508,70743,72397,70423,70914,71836,70916,71359,74745,68392,75458,75459
accélération	8	texte	68638,73184,72117,72934,73431,74453,75067,71617
invention	4	texte	68638,69542,72392,75067
1979	2	texte	68638,73183
accélérateur	15	texte	68638,72934,69178,67943,70914
anticiper	10	texte	68638,72933,76512,69816,70161,75064,74169,71617
stratégique	18	texte	68638,71619,74167,74748,72113,69535,68275,72629,67795,68882,69812,72392,68642,70914,67937
pointe	28	texte	68638,74749,75457,73433,71838,71839,67068,68274,73683,76507,72629,76511,70165,73690,68884,67553,72636,72394,72397,75461,75070,72119,74745,71614,68385
aquitain	5	texte	68638,72117,74176,73431,76512
appuyer	22	texte	68638,74167,69533,73182,68274,76512,72629,67795,68277,70161,67794,68273,75792,70424,72637,71845,69538,68383,75463
intuition	1	texte	68638
génial	2	texte	68638,72933
inventer	7	texte	68638,72933,74176,76213,69542,72392,71359
chirped	1	texte	68638
pulse	1	texte	68638
amplification	5	texte	68638,72934,67802,74168
cpa	1	texte	68638
réputation	3	texte	68638,70422
extrême	11	texte	68638,70163,69816,73875,70425,72939,70916
plateau	3	texte	68638,67795,73684
saclay	9	texte	68638,72115,67795,67390,68886,69186,69819,70915
accueillir	24	texte	68638,74172,74748,69536,74175,73430,75797,70170,69179,69542,68889,71842,68888,67945,67940,72396,71362,72122,68392,71358,75464
apollon	1	texte	68638
c3	1	texte	68638
enthousiasme	17	texte	68638,73185,73430,72934,67068,73685,67553,69177,71842,72634,73879,74450,74451,70422,71359,75458
265	9	bulletin	68638,68639,68645,68644,68646,68643,68642,68640,68641
21/12/2011	9	date	68638,68639,68645,68644,68646,68643,68642,68640,68641
- cea - stéphane laveissière : tél. : +33 (0)1 64 50 27 53 - email : stephane.laveissiere@cea.fr- izest - http://www.int-zest.com/index.html	1	contact	68638
daniel verwaerde, directeur de la dam du cea, et le général xavier michel, directeur général de l'ecole polytechnique, signant le protocole d'accord pour la création d'izest crédits : ecole polytechnique/j. barande	1	legendeImage	68638
réparation	8	titre	70922,74167,68277,71840
adn	19	titre	70922,67802,68644,70747,75460
cesse	1	texte	70922
endommager	5	texte	70922,73431,74451
oeuvre	30	texte	70922,75457,74167,69536,74175,67068,73683,70163,75795,73875,70166,72392,75789,69818,72395,68279,69538,72118,70914,71835,68383,71836,68386,74750,71358,68384,71617
efficacité	19	texte	70922,74176,72935,72934,75796,75795,69541,73686,75792,67802,71842,75789,68279,75065,69539,73188,71614
redoutable	1	texte	70922
jacques	7	texte	70922,72932,67068,72629,67940,71363,74745
monod	1	texte	70922
cnrsuniversité	26	texte	70922,74173,73436,67387,67391,75794,69183,69540,69178,69184,72635,72634,70747,70425,73688,69819,72397,72939,75070,71612,75067,73189
diderot	3	texte	70922,69184,70747
bristol	1	texte	70922
angleterre	7	texte	70922,70163,67555,71361,71614,74168
rockefeller	1	texte	70922
suivre	40	texte	70922,75457,74167,70923,72113,72114,71838,72115,67392,70162,72398,69182,70161,70164,75793,76516,69185,70744,69177,72636,68643,70420,70421,68640,73880,70422,72631,72119,70917,68393,73188,67937
ceci	12	texte	70922,72933,76207,75794,67794,67555,69177,69818,69819,71359,74750
foisle	1	texte	70922
initial	17	texte	70922,74167,73437,72113,70161,68885,73687,72392,70426,69177,71842,67558,75461,74751
tcr	1	texte	70922
bactérien	7	texte	70922,73432,69815,69183,75067
inédit	11	texte	70922,69535,67553,73689,68280,74450,71359,71616
nanomanipulation	1	texte	70922
interagir	6	texte	70922,67556,73879,73688,70421
réparer	1	texte	70922
fiabilité	3	texte	70922,76207
9	33	texte	70922,74749,73436,73184,68639,72117,75069,76213,73683,76512,75795,67391,67794,68884,72392,69177,68642,73880,69538,67071,75065,75066,76208,68387,75458
apparition	4	texte	70922,69815,72634,75065
cancer	31	texte	70922,73184,70918,72935,70919,68881,76511,73691,74455,74454,72631,75065,75459
résistant	6	texte	70922,69816,67794,75792,72630,75065
chimiothérapie	4	texte	70922,73686,75065
institut jacques monod - terence strick : tél. : + 33 (0)1 57 27 80 20 email : strick.terence@ijm.univ-paris-diderot.fr	1	contact	70922
formation	137	titre	71619,75457,74167,73437,72113,76211,72116,69536,72114,75068,73182,70163,70162,72398,67795,70161,68276,67555,76514,73684,70748,68885,69184,73876,69185,73687,69542,70749,69177,73884,72393,71842,68888,72636,67944,72637,67558,72394,70420,73883,76509,74451,69819,70421,70422,72631,75071,72938,75064,71362,75066,70916,71361,74751,68393,75063,68392,71358,68390,75459,71617
exenuc	5	titre	71619
nucléaire	65	titre	71619,72113,72937,76207,72629,69178,75792,72392,73883,72397,67943,70915,71837,68383,74168
officiellement	11	texte	71619,69181,68881,70161,67794,69178,76508,70422,71359,68393,67937
2009	19	texte	71619,67068,76512,67554,67385,68882,73691,76514,73684,68273,69541,73879,73688,67945,73883,68641,68386,71616
nuclear	1	texte	71619
academy	3	texte	71619,68886,69184
initiative	20	texte	71619,75457,72113,68639,72117,67387,68881,70161,76515,69179,73876,69820,76509,72396,70914,67071,75067,72122,68392
pnb	1	texte	71619
bourgogn	2	texte	71619,70428
compétence	39	texte	71619,75457,73185,73184,74748,70923,68639,72116,71839,69817,67795,69814,70161,73875,68885,70166,71842,72634,70745,74455,69820,72637,72394,70420,76509,68279,75461,71837,71359,74745,68392,72121
personnel	12	texte	71619,73185,69536,69535,76507,72401,72634,68643,72394,67941,67940,72122
requalifier	1	texte	71619
apte	6	texte	71619,76210,73182,73876,70420,71836
industrie	113	texte	71619,74167,72933,73190,74172,74748,72936,76210,73430,73182,67068,69535,72115,72629,67554,67795,75795,74449,70161,72399,72400,68882,73691,73685,73875,70165,73690,68273,69543,68885,75792,70167,73877,67553,72392,73884,72634,71840,73879,70168,69820,68280,70746,67558,72394,73883,74450,67388,74451,69819,73882,72396,72118,70914,75461,75071,72938,71360,68383,71361,72122,68387,74750,75466,71358,75464
venu	1	texte	71619
décembre	33	texte	71619,73185,74748,68639,71620,74176,75068,73182,74174,71839,68881,69178,73685,72392,69177,67946,70751,72630,67942,70422,72396,68641,70914,75067,71836,68393,67937,74746
creusot	1	texte	71619
dispenser	14	texte	71619,75457,72932,76206,68881,70161,68276,69185,72394,70422,75071,71362,75063
expert	36	texte	71619,71618,69533,72936,76206,73182,75796,67392,72629,68882,70429,73691,76514,75791,69543,73686,75793,68645,70169,75788,71363,67071,70915,75066,76208,70916,71359,71358
renommée	4	texte	71619,67799,71359,72121
caractéristique	25	texte	71619,72113,72114,70919,67387,76511,75794,68276,67555,69186,75793,70426,70747,73879,67388,72632,70423,75461,69539,71836,74750
considération	1	texte	71619
civil	34	texte	71619,74167,72113,72937,71839,70165,70164,69542,71840,67945,72633,73883,74450,70914,71836,74745,68392
combustible	21	texte	71619,74174,67797,69178,75792,68884,72392,70426,68644,75789
plan	32	texte	71619,73184,74748,72936,73432,73430,76206,70162,67554,75795,74449,75790,68273,69541,67803,75792,73877,72635,72634,70424,68643,70420,72395,72630,68279,70914,67071,72938,67937
financement	33	texte	71619,74167,72933,74748,73433,73432,73683,69182,75795,72400,73691,73686,74456,72634,67799,67798,67940,70743,68642,75065,71360,68383,71359,68392,68386,75466,68385,75465
centrale	7	texte	71619,69814,72392,67941,72397,70915,74168
autorité	4	texte	71619,73183,71841,70915
sûreté	7	texte	71619,76207,69178,70915
code	8	texte	71619,76207,70162,67556,69178,74744
journer	4	texte	71619,73690,76516
dense	5	texte	71619,69542,72938,70915,71836
issue	8	texte	71619,73437,70918,69178,73684,70917,71359,68384
desquelle	9	texte	71619,76207,76511,67800,67553,72393,70420,67798
opportunité	22	texte	71619,74172,73183,73430,73683,75795,69815,73691,70166,72392,72637,71845,74450,70422,71612,76209,74745,71358,72121,74746,74747,75465
visiter	5	texte	71619,72629,72396,70916
opération	19	texte	71619,72937,73683,70162,67797,72629,72392,69177,70424,75064,71836,71614,75458,71617
maintenance	14	texte	71619,68881,76510,70165,73687,74456,71840,75064
rechargement	1	texte	71619
boucle	2	texte	71619,72116
primaire	6	texte	71619,71841,68642,72631
pwr	1	texte	71619
horizon formation	1	rubrique	71619
275	9	bulletin	71619,71618,71620,71621,71612,71615,71614,71616,71617
29/11/2012	9	date	71619,71618,71620,71621,71612,71615,71614,71616,71617
international nuclear academy - exenuc - email : contact@inuclear-academy.com - http://www.inuclear-academy.com/	1	contact	71619
contrer	3	titre	74749
ralentir	6	titre	74749,74173,68646,68390
processus	34	titre	74749,72113,68639,72117,76210,73432,72116,73431,67556,68277,68887,69184,70167,70426,71840,70746,72394,74451,73882,72630,70914,75064,69539,75067,70916,71361,74750,75458
vieillissemer	4	titre	74749,69535
nuag	2	texte	74749
2006	17	texte	74749,73185,72937,72935,70919,68881,67385,69178,68885,70753,70420,71362,71360,71614,74168
eric	17	texte	74749,74175,73685,68885,67388,75459
commelin	4	texte	74749
professionnel	47	texte	74749,75457,73430,76212,75068,73182,69535,68274,75797,76513,72629,69815,67794,70165,76514,68885,67803,67383,73877,68889,73884,71842,70753,67944,73689,70169,67940,68641,72122,75063,68392,71614,74746,74169,72120
restauration	7	texte	74749,76507,75458
ec6	6	texte	74749
17	25	texte	74749,73185,72932,74748,75069,76212,76507,67390,70161,68276,76515,75792,69542,70747,72395,67798,72396,75065,72939,68387,68384
financer	33	texte	74749,74748,73432,72934,73182,67068,70162,68277,74449,70161,67555,73875,75790,70164,70428,73686,75793,68884,68645,69177,68646,70420,74451,70421,67798,70743,74453,69538,68383,71616,74169,75465
euro	72	texte	74749,69534,72114,72935,72934,67557,68274,69181,73683,68275,68277,75795,76510,69815,73875,70164,67801,68273,69541,73686,69812,70166,73878,72633,67799,69818,74450,74451,76508,69538,72118,75461,75065,71360,71837,75066,68383,71361,71359,75466,71616,74746,74169,74747
7ème	5	texte	74749,75069,70168,69538,75458
pcrd	4	texte	74749,75069,69538,71361
5	58	texte	74749,74167,73185,69533,74176,73430,76212,69817,70163,76512,68275,75795,69815,69811,73691,69186,73684,68273,69541,69543,73876,69185,73687,67553,68889,69177,74456,72634,71840,70169,75789,74451,73882,72630,70423,75071,75462,70916,71359,74751,74745,68393,74746,75458,75465
celuici	78	texte	74749,74167,73184,72117,71621,73430,76213,76207,73182,68274,73683,70163,70162,76507,72629,68881,76511,68882,69540,69178,69811,73685,70165,73684,68273,73876,70166,75792,73877,73687,68884,68645,69177,68283,72634,70753,70425,69821,74455,67941,67389,76508,70421,67798,68640,72630,72397,72631,69538,72118,70914,75065,75070,71835,68383,71361,71615,74745,74744,74750,71614,74746,75458,74752,75459
nutrition	38	texte	74749,73184,72116,69534,76511,74449,69815,70749,74455,67799,76509,72396,72631,71360,75462,76209,68387,75459
challenge	15	texte	74749,74167,68639,72114,67795,73684,69543,71845,74450,67798,71615,74744,74168
adhérent	18	texte	74749,73184,74172,76507,68273,70166,67553,70745,72396,76209,71358
vitagorer	95	texte	74749,73184,74172,72116,69534,75069,69817,76507,67795,76511,74449,67555,73685,70428,68273,68885,69812,70166,75793,70749,71842,72634,70745,73879,74455,68643,72394,70420,76509,67388,67798,68279,72396,72631,75462,76209,71359,68387,75063,74169,75459
accompagner	41	texte	74749,74167,73184,74172,74748,72117,76210,74175,73430,73182,68274,67556,72401,67795,67555,73685,76515,68885,73876,73877,72634,74455,71845,67941,76509,74451,72395,70422,72396,69538,75461,72938,75064,71359,74745,71614
santé	87	texte	74749,73184,74748,71618,73432,72116,69534,72935,69535,75796,70162,76507,72401,76511,69815,69183,68882,70429,73691,67801,69813,68645,72393,70745,73689,74455,73878,71841,70746,76509,67798,67940,72396,72118,75461,75071,71612,75462,76209,75067,68387,75466,71366,74746,75458,74752,68384,75459,75465
concilier	3	texte	74749,72932,68283
nutritionnel	29	texte	74749,72116,69534,75069,76507,76511,74449,68273,68885,67798,68279,68387,74169
maîtris	2	texte	74749,70915
qualité	78	texte	74749,73185,72116,69534,73430,75069,76206,76207,73182,72115,69816,68881,68883,67554,76511,75794,70161,69183,72399,67794,67800,76514,73684,68273,69541,68885,75793,73877,68645,68283,72634,70745,67945,68643,72394,74450,67388,69819,67798,70422,68279,67071,72938,71835,70917,76209,71361,67937,75458,74169
plaisir	20	texte	74749,72932,73182,74449,73684,72631,76209,67937,74752
restaurer	3	texte	74749,73683,67802
nécessairement	6	texte	74749,74167,67795,76508,67071,74168
souci	5	texte	74749,76507,74745,75458
efficience	4	texte	74749,69182,69538,71617
bras	5	texte	74749,74167,72117,67941,70422
ehpad	2	texte	74749,74449
lit	2	texte	74749,74746
chu	10	texte	74749,72117,74449,67801,67798,74453,75067,74169
1000	17	texte	74749,72115,75796,69814,69540,69811,73879,70746,69819,72397,72118,70916
aspect	25	texte	74749,69534,76213,76507,72629,68881,67554,69178,69813,72393,72634,73880,72118,75065,72938,75064,71359,74751,68392,71614
exception	9	texte	74749,72932,75794,73876,68279,71835,71359,74752,74169
béton	1	texte	74749
positionnée	2	texte	74749,68273
hospitalier	10	texte	74749,68277,67801,68646,67940,68387
représenter	59	texte	74749,72933,74172,72114,73182,69535,67557,73683,67387,76513,67556,67795,75795,67391,75794,69815,68882,69178,73875,72940,70166,75792,67802,69813,68645,72392,69177,70745,75788,73878,69820,68280,70424,70420,70421,74452,72396,72631,72938,75070,71360,76208,75067,73188,74746,74169,74747,75465
locomotive	1	texte	74749
collectif	16	texte	74749,73430,73182,72629,67795,70429,76515,73876,67553,68283,71842,67945,71845,74752,75465
pm	31	texte	74749,74167,72114,76507,76511,70166,67553,72634,71840,74455,67941,70420,76508,72395,72118,75461,71612,75462,75063,71614,74169
importer	10	texte	74749,72932,76210,73182,68881,72940,73684,73879,68643
taille	46	texte	74749,74167,73185,76210,72114,72934,70919,68274,67387,76507,67554,67390,74449,76510,67801,69179,69541,72635,70747,70425,72633,70420,72395,70423,67071,75070,71835,71358,74168,74169,75465
éventail	6	texte	74749,69183,72940,73879,71612,71836
marmite	1	texte	74749
hôpital	34	texte	74749,73431,76507,68277,73875,67801,69184,74454,71841,70746,76508,67940,71614,74746,68384
décidémer	2	texte	74749,69184
art	62	texte	74749,75457,70923,72115,70161,68276,70165,75791,73876,72393,75788,73882,72630,70422,71835,71361,68393,74752
imager	3	texte	74749,70424,74451
atypique	5	texte	74749,73430,73182,76516,72394
vraiment	10	texte	74749,67068,72629,69186,74454,71359,71614,75458,74169
concurrent	9	texte	74749,74167,76211,69535,67553,69177,74455
occuper	23	texte	74749,74167,69533,72113,73430,73182,67795,70161,67794,67555,69540,75790,69813,68645,72393,73879,72630,68279,70914,75070,76209,68383,71361
sommesnou	2	texte	74749,73684
largement	14	texte	74749,75457,72935,76507,68275,72399,70748,70747,74455,72637,72633,70420,70423,74750
prétendre	5	texte	74749,73182,69535,67553,70422
savoirfaire	24	texte	74749,73184,73190,72114,73683,67795,70161,75792,67553,72392,73884,67946,72634,73689,74455,70168,76508,68279,74745
lancetil	2	texte	74749,73683
rd	50	texte	74749,74167,74172,72113,74176,71621,72114,76212,73182,76513,72398,73875,73876,70166,73877,69813,72392,71842,67946,72634,71840,70425,74455,72394,74450,72118,75065,68383,71615,75063,72121,74752,68384,74168
longtemps	25	texte	74749,72115,73683,69817,67794,67555,73684,73877,74457,72636,69821,73879,68643,67558,70420,70421,69539,71359,67937,74744,74746,74752
faision	1	texte	74749
monsieur	1	texte	74749
jourdain	1	texte	74749
prose	1	texte	74749
ignorant	1	texte	74749
lâchetil	11	texte	74749,73185,72114,73182,72115,68276,70166,74455,74450,67798,72630
crédit	3	texte	74749,76208,68383
impôt	2	texte	74749,68383
loin	14	texte	74749,73432,73430,76512,70162,70161,67383,72635,72392,74751,74746,75459,71617
finir	18	texte	74749,74167,73185,67068,68274,73683,72629,70161,69540,70744,72631,71837,75063,71614,71366
périmètre	5	texte	74749,72396,74744
couvr	1	texte	74749
bourgogne	47	texte	74749,73184,74172,72116,76206,69817,67795,73685,73877,67553,70749,71842,72634,70745,73879,74455,72394,70420,68279,72396,71359,68387,74169
franchecomté	26	texte	74749,73184,74172,72116,69817,67795,68885,70166,71842,70745,74455,67388,68279,72396
ouvrir	31	texte	74749,73184,70923,73432,73430,76513,76507,69816,72629,67795,75795,67391,67390,68886,67800,68887,73876,69813,70426,74454,67558,72632,68278,75071,76208,74750,71614
porte	22	texte	74749,72932,73437,70918,73430,69535,76515,70751,70745,67945,67799,67798,72632,68279,70914,75071,71362,74746
auprès	29	texte	74749,73431,73182,68274,73683,68275,72629,69815,67555,73685,70164,70748,70166,67383,72634,70753,73879,71845,74450,72395,67940,70422,70914,71616,75458
labelliser	29	texte	74749,74172,69534,75069,76507,76511,67555,73685,75790,70428,68885,73876,73687,73879,74455,75789,72394,70420,69818,67388,76508,74453,72631,71360,68387,68393,75466
démarrage	6	texte	74749,72629,68881,73685,70424,68279
prévoir	26	texte	74749,72117,72936,69534,73183,73683,69816,72629,69815,68886,71842,70424,74450,74451,70421,68279,75064,75463,70916,71616,68384
2014	51	texte	74749,75457,72933,72932,73190,74748,74176,76211,72936,73432,74175,76212,75068,75796,75797,75795,76514,76515,76516,69813,74456,72634,75788,67941,74450,75071,71612,75466,71614,75464,73438,74169,75465
chômé	1	texte	74749
quelle	6	texte	74749,72940,69538,75462,76209,75458
âgé	27	texte	74749,75069,67068,74449,67555,68645,72636,74454,72633,67799,74453,76208,75063,75466,74746
65	9	texte	74749,67068,70163,74449,74454,67799,71615
vieillir	6	texte	74749,74449,76515,75465
indiquetil	8	texte	74749,73185,76206,67068,72396,71359,68387,71614
work	1	texte	74749
package	1	texte	74749
participe	8	texte	74749,69534,73875,68885,70914,71835,71362,68392
agroalimentaire	42	texte	74749,74172,75069,73685,76514,75790,68273,68885,70166,75793,72634,70745,73879,74455,72637,67388,67798,72396,71360,75462,71837,75066,76208,75067,71359,74750
olive	3	texte	74749,68273,68387
recette	11	texte	74749,74449,67555,67383,71359,75063,74752
préconisation	1	texte	74749
culinaire	5	texte	74749,71359,74752
gustatif	8	texte	74749,75069,70749,72631,74752
beau	9	texte	74749,74167,72117,72937,72633,70422
challenger	3	texte	74749,69811,70422
nourrir	20	texte	74749,72932,76213,73182,72398,67385,67794,72940,74457,67071,75460,76209,71366,75458
conster	3	texte	74749,73431,76507
client	24	texte	74749,76211,72114,68274,76507,72629,68881,73685,73875,68885,70166,75792,67553,73879,73878,72637,72395,75461,74169
hexagone	5	texte	74749,74167,71362
belgique	6	texte	74749,69178,72394,71361,71615
luxembourg	1	texte	74749
situer	31	texte	74749,73436,72932,74172,74748,73183,75068,73431,73683,73875,75790,73684,73876,75792,69813,71842,73879,74455,75788,75789,70424,72632,67943,71362,71360,74751,75063,75458,74168
marseill	5	texte	74749,73683,72118,75458
mâcon	1	texte	74749
empêcher	7	texte	74749,70747,70422,75065,71835,67937
nullemer	1	texte	74749
parcours	11	texte	74749,74167,73437,74748,74176,73430,73182,69535,67794,68641
disney	1	texte	74749
etatsuni	12	texte	74749,72117,68274,75792,72393,68281,69820,76508,67943,75065,71837,76209
regarder	7	texte	74749,74172,76206,73684,72392,69821,74752
lointain	4	texte	74749,70163,70424,71835
golfe	4	texte	74749,73684,73688,70916
singapour	3	texte	74749,74167,71840
du côté des pôles	12	rubrique	74749,74172,75069,75793,72634,73879,67799,69818,67388,72396,75462,76209
287	9	bulletin	74749,74748,74751,74745,74744,74750,74746,74752,74747
23/12/2013	9	date	74749,74748,74751,74745,74744,74750,74746,74752,74747
- ec6 - eric commelin - email : e.commelin@ec6.fr- nu-age - http://www.nu-age.eu/	1	contact	74749
métier	75	titre	75457,72932,70923,72114,67068,69535,72115,70161,68276,70165,75791,69812,73877,73687,72392,72636,73879,72637,73882,70421,70422,68393,74744,71614,74752
paristech	44	titre	75457,70923,68639,73182,70161,68276,69186,73882,70422,71612,68393,74750
bachelor	8	titre	75457
sérieux	5	texte	75457,72629,73684,69812,74453
désaffection	2	texte	75457,71835
bachelier	6	texte	75457
étudiant	88	texte	75457,73437,73190,70923,74176,76211,72936,74175,73430,76212,75068,73431,73683,76513,68881,67795,70161,68276,69179,69541,70748,69185,69177,67944,73689,68281,70168,74454,72637,73882,68640,68278,70422,75071,71362,68393,67937,68392,71358
cesser	25	texte	75457,72933,72932,71618,72113,73183,69535,70161,70429,67383,73877,72635,72631,69538,72938,70917,70916,74745,68387,74752
décroître	1	texte	75457
1995	2	texte	75457,69533
tech	14	texte	75457,74172,73182,70751,68280,74450,75066,74750,72121
décision	21	texte	75457,70923,73182,70162,72629,72398,68276,73684,70166,73877,73687,67553,68645,69177,72939,75064,74751,74169
rentrée	11	texte	75457,72932,70923,76513,73687,69177,76509,71362
postbac	1	texte	75457
réserver	3	texte	75457,72940,71363
titulaire	3	texte	75457,72113,67798
baccalauréat	4	texte	75457,70161,68888,72636
sti2d	1	texte	75457
châlonsenchampagn	2	texte	75457
bordeauxtalenc	1	texte	75457
explication	1	texte	75457
laurent	28	texte	75457,73184,70919,68274,68881,70161,74453,68641,75459
carraro	10	texte	75457,70161
reconstruire	4	texte	75457,73431,71842,70745
tableau	6	texte	75457,70162,68276,73876,69177,68383
orienter	10	texte	75457,73184,72115,74457,74450,67389,70421,70422,72631
bts	2	texte	75457
subtiliser	1	texte	75457
taux	7	texte	75457,73183,73684,69184,67802,70917
envoyer	9	texte	75457,67068,67386,67795,68884,68281,75788,67389,70422
directement	15	texte	75457,72933,67556,67554,67795,75795,67800,69812,70749,70426,70753,70425,75071,75064,71612
échec	3	texte	75457,67390,70161
désoler	1	texte	75457
iut	6	texte	75457,67945,72394
décalage	1	texte	75457
déplorable	1	texte	75457
attente	16	texte	75457,74175,75069,69535,67557,69183,73877,70169,72637,68643,72395,68279,70915,75063
satisfait	6	texte	75457,73184,72117,73683,68883,70166
décider	47	texte	75457,72933,73433,76211,69534,72114,76207,72115,68274,76512,70162,76507,72629,68883,72398,70161,67794,73685,73684,70166,69813,72392,69177,74455,75788,72394,76509,74450,76508,70422,68279,71612,68383,71615,67937,71614,74746
promulguer	1	texte	75457
supérieur	62	texte	75457,74173,72932,70923,72113,71620,72936,76210,74175,73183,73430,72935,73182,67068,69181,76513,69180,67795,68277,70161,69540,68273,70748,73876,70167,69185,67944,74455,70168,69820,68280,72637,72633,67940,70743,72397,71363,70914,67071,72938,70915,71362,70917,71837,75066,68383,71361,71358,74168
esr	1	texte	75457
juillet	18	texte	75457,69537,69817,75796,73877,70747,73688,70746,70420,70743,70914,75065,75460,71614,74746
2013	71	texte	75457,73190,74748,70923,69533,74176,72937,72116,69534,74175,75068,73182,74174,73683,76513,68881,68277,72399,72400,69811,73691,73685,70164,73690,73687,72635,73884,72393,72634,71840,73689,70169,73878,71845,73883,73882,72395,73880,68279,72396,72938,71612,71362,70916,72122,71359,74745,74750,71614,72121,74746,72120
redonner	3	texte	75457,73430,70161
sens	16	texte	75457,73430,76206,73685,73875,75790,73684,67383,68889,70914,72119
cursus	7	texte	75457,67795,69185,70422,75071,71362
lance	8	texte	75457,74176,76207,68274,69813,70424,72633
volonté	19	texte	75457,73184,74172,70923,73430,68881,70164,73687,67553,72392,70745,73879,68280,68643,68278,71362,76209
concrètement	1	texte	75457
pilote	13	texte	75457,72933,72114,68275,68883,67385,70165,75792,70744,72634,74452,75458
talence	2	texte	75457,73882
24	23	texte	75457,74167,73185,72933,74172,74176,73683,68275,69811,76516,69177,69820,67945,68640,69538,70914,74746
campus	18	texte	75457,74175,75068,76207,75791,73687,68281,67945,67798,71363,71835,71362,74751,71358
chercher	20	texte	75457,73436,73183,73430,76213,67068,72940,68885,67383,69177,68283,70745,72630,71612,67937,71614,71358,74168
rôdé	1	texte	75457
écosystème	17	texte	75457,76211,73183,75068,67387,68882,68283,70745,70914
disséminer	1	texte	75457
vocation	9	texte	75457,72113,72398,73685,72392,68641,75460,68393,68386
pédagogie	7	texte	75457,73437,76211,73876,68281,72939
radicalement	2	texte	75457,68390
préparatoire	4	texte	75457,68888,75071,71358
apprentissage	24	texte	75457,70923,73430,76206,67556,67555,70164,73876,68888,68281,67389,75071,75063,71358
notable	1	texte	75457
matinée	4	texte	75457,71845
uniquement	17	texte	75457,72932,72113,76206,68886,73685,73876,70167,71842,74455,72394,72397,70423,71361,74168,71617
aprèsmidi	4	texte	75457,73875,76516,75458
progressif	3	texte	75457,67556,68646
résoudre	7	texte	75457,72932,76213,73182,73683,68283,74451
conférence	60	texte	75457,72932,74176,72937,74175,76512,67392,68881,72398,67804,73685,70170,76515,70164,69543,76516,68889,69177,74456,73884,72393,70169,69820,70752,73883,76509,67940,73880,72631,70914,67071,71835,71837,72122,68387,74752,73438,75465,72120
profiter	10	texte	75457,73431,73875,70164,68281,74455,72396,70916,74745
matériel	12	texte	75457,73432,75796,76507,73876,73877,70420,68279,70914,74169
élève	45	texte	75457,73185,73437,70923,73430,68881,72398,70161,68276,69541,73876,69185,68888,73689,68281,74450,70421,70422,75071,74751,68393,71614,71358,75458
stage	11	texte	75457,73185,76206,75790,73687,70422,68393
enseignant	13	texte	75457,70923,73431,73876,68281,72394,70421,75071,71362,71358
choix	20	texte	75457,73185,73436,72933,72932,72114,76206,72940,75792,68644,71840,69818,72631,67937,74744,75458,74168
contrat	23	texte	75457,72114,67796,72629,73685,73875,69541,68643,67798,72630,68279,71361,68392,75464,74746,68385
professionnalisation	2	texte	75457,70748
diplôme	19	texte	75457,72932,73437,76206,72115,76513,69185,68888,72394,71612,71362,68392,71614,71358
concourir	4	texte	75457,69536,76212,73438
intégrer	37	texte	75457,72932,69533,76211,72936,73430,69535,69181,76513,70162,67554,69814,70161,69183,73876,70167,67802,68884,67553,68889,68888,73879,75789,67945,76509,74450,76508,70422,75064,71837,74751,71358,75458,74747
1ère	21	texte	75457,73437,73430,73431,69185,73884,73689,69820,73883,73882,70743,73881,72939,71362
cursu	9	texte	75457,72398,67795,70161,67944,71362
postuler	1	texte	75457
fip	1	texte	75457
48	3	texte	75457,75789,72939
promotion	15	texte	75457,73683,69541,76516,69185,67946,68888,74450,72395,71358
289	11	bulletin	75457,74449,75461,75460,75462,75463,75466,75464,75458,75459,75465
20/03/2014	10	date	75457,75461,75460,75462,75463,75466,75464,75458,75459,75465
ensam - aurore tixier : tél. : +33 (0)1 44 24 64 35 email : aurore.tixier@ensam.eu	1	contact	75457
laurent carraro, directeur général d'arts et métier paristech crédits : stefan meyer - arts et métiers	1	legendeImage	75457
laser du campus de châlons-en-champagne crédits : stefan meyer - arts et métiers	1	legendeImage	75457
plateforme technologique à bordeaux crédits : stefan meyer - arts et métiers	1	legendeImage	75457
sunaéro	6	titre	74167
aviation	11	titre	74167,72113,70165,69542,71840,74745,71617
fuite	2	texte	74167,71840
étanchéité	3	texte	74167,68273,71840
destination	4	texte	74167,70748,71840,75063
sunaero	7	texte	74167,67553,71840
positionner	14	texte	74167,72629,73875,70166,67553,72392,73878,68643,69818,75064,68383,71836
lyonnais	12	texte	74167,73685,73876,67553,71840,71612
implantée	2	texte	74167,73684
conserver	13	texte	74167,67557,73683,70161,68273,73877,71842,67558,70914,75065
imposer	7	texte	74167,70918,69535,72629,67561,74450,70914
penser	26	texte	74167,76213,72401,67795,70161,68882,72940,73684,68887,73877,69177,68283,71842,69821,73879,74455,72394,67389,67798,72396,72939,74744,75459
auxquels	20	texte	74167,74748,73432,67068,73683,69817,76512,68275,72629,70161,69178,70166,69177,70425,75788,68643,70421,69539,75458
raisonnable	2	texte	74167,74168
rapidité	1	texte	74167
accroître	16	texte	74167,73430,76207,73182,67554,67794,69178,72634,72637,68642,68279,76209,74745,71358,68385
éviter	18	texte	74167,69534,72114,70918,75069,73683,67386,76511,76510,67794,72940,67801,75792,68640,71612,71836,71366
altérer	3	texte	74167,73684,70745
appareil	35	texte	74167,72933,75069,67797,68881,67554,76510,70165,68885,75792,70167,69542,70425,74450,76508,71362,71359,71617
commercialiser	20	texte	74167,72933,72935,76207,68274,76510,69815,68273,73879,74455,67941,74450,72630,72118,76208,74744,71616
allure	3	texte	74167,74450
risquer	2	texte	74167,74450
jalonner	2	texte	74167,72932
divers	24	texte	74167,72116,69534,67392,75797,67556,67554,76511,67800,69541,70745,70425,70424,72394,72395,71363,71612,75066,72122,71616,75458,68391
oui	3	texte	74167,67794,72397
décrèt	1	texte	74167
regond	9	texte	74167,67553
classiquemer	1	texte	74167
diriger	32	texte	74167,73184,74172,73430,72934,73182,69817,68277,70161,68882,75790,72940,68887,70426,69177,72393,70424,72394,67798,72631,71835,69539,71361,71359,68386,71358,75458,75459
fonctionnent	2	texte	74167,73877
gagner	4	texte	74167,72113,69812,72939
nécessiter	50	texte	74167,73185,73436,72932,73432,69534,72934,69535,67386,67795,68277,74449,70161,69183,72399,67794,69540,68886,67801,68273,73877,68884,72635,72392,69177,72634,73879,75789,72633,67558,74451,70743,74452,68279,75065,72119,71836,74744,71358,75458
concurrence	4	texte	74167,70161,71359
croiser	8	texte	74167,72113,74455,72631,71835,71359,68387,75063
réfléchir	16	texte	74167,72932,70161,73876,73879,75788,75789,74450,73882,72395,72397,70423,75063,74746,74169
sujet	41	texte	74167,72932,76211,72937,72116,73183,76212,76213,73182,72115,68881,67385,67794,72940,69812,73877,70744,72393,70751,73689,70169,75789,69820,68643,67940,67942,71363,72938,71612,71359,68387,67937,75464
composite	19	texte	74167,68639,69179,68644,69820,68280,71361,75464
estimer	12	texte	74167,69537,69182,67385,67555,73684,68887,75792,69813,70421,72395,70914
matériau	95	texte	74167,68639,76210,74174,67557,73683,75797,76513,67554,69814,67390,69183,68886,70429,76514,69186,68273,69541,75792,70167,72393,68644,70751,72634,70425,69820,68280,72394,69819,70421,70423,70914,75070,71612,72119,75462,75066,71836,71361,75464,74752,68390,68391
intermédiaire	7	texte	74167,69535,67386,75794,76510,72397,75465
aéronautique	43	texte	74167,72113,72937,76207,67068,76510,75792,73687,73884,68888,72636,71840,73879,68280,68642,70914,75066,68383,71615,74751,74745,68393,68392,71358
association	32	texte	74167,73185,73190,72113,73683,76513,67795,69814,76515,73690,69541,68885,76516,70749,74456,72393,67944,73879,70169,70168,74453,68383,68386,71358
alliage	3	texte	74167,75792,71612
aluminium	5	texte	74167,68644,75066
recyclable	1	texte	74167
mot	18	texte	74167,73437,76213,73182,76507,69179,67553,70744,74455,70420,76508,71835,68383,74746,74752,75459
renferment	1	texte	74167
fuselage	1	texte	74167
a350	1	texte	74167
asiatique	4	texte	74167,71621,71840
avérer	19	texte	74167,74173,71618,72113,76206,72934,68274,74449,73684,70167,73877,70425,75789,74450,74452,74745,75063,67937,71614
atout	21	texte	74167,73185,72114,73183,76206,76513,72629,73875,69812,70166,75792,73687,72635,72392,67944,74455,75789,68280,74744,68390,73438
malaisie	3	texte	74167,71840
filiale	13	texte	74167,67796,73875,73684,67383,72392,71842,73878,72633,75461
aerokwai	4	texte	74167,71840
panorama	5	texte	74167,68882,76514,73690,67388
exhaustif	2	texte	74167,74751
làbas	1	texte	74167
pouvon	1	texte	74167
content	2	texte	74167,73877
contraindre	18	texte	74167,73185,69534,70163,67387,69182,72399,68882,69812,70747,72394,70420,71362
administratif	2	texte	74167,68383
moindre	7	texte	74167,72934,73431,67386,67385,75463
obligation	6	texte	74167,76513,69185,72392,68279,71359
légal	1	texte	74167
passif	2	texte	74167,71838
annexe	1	texte	74167
comptable	1	texte	74167
mine	24	texte	74167,68639,74175,73430,73182,70161,70165,74450,71614,75464
information	50	texte	74167,69537,69536,69534,76206,73431,67068,67386,70162,69816,68275,67554,74449,68276,72400,69540,75790,72940,75791,68887,70166,68283,67561,75788,70168,67945,72637,68642,73880,70423,74452,75071,71359,74744,71614,74746,68391,74747
quasiment	20	texte	74167,72933,72932,72113,73432,72629,68881,73685,73684,73877,72636,69821,68643,72631,72939,71362,71359
systématique	3	texte	74167,68643,70420
étonner	4	texte	74167,73182,72629
grise	1	texte	74167
vulnérabilité	6	texte	74167,69533,73183,69816,70916
détenir	11	texte	74167,75797,68883,73875,68273,69821,74451,76508,74745
dizaine	37	texte	74167,76211,73432,76207,73431,72115,67386,67794,69178,73685,68273,68885,70167,70749,74455,68643,72394,67388,76508,72397,68279,72396,72119,71837,76208,68383,74751,67937,74744,68385,68391
temporaire	1	texte	74167
trésorerie	3	texte	74167,68643
rapidement	39	texte	74167,74173,72932,69533,73432,75068,68274,73683,72629,76510,69183,73876,70166,75792,67553,70747,73879,70424,71841,72633,72394,70420,76509,72632,72630,71612,75460,68387,74168,71617
proie	1	texte	74167
perdre	12	texte	74167,72629,72393,74454,67798,68383,73188,71366,75458,74169,75459
relever	34	texte	74167,74176,76213,73182,70919,69180,67554,67795,69814,73684,69541,75793,70744,72392,72634,68280,71845,67798,68640,70422,67071,71359,75466,75458
patrimoine	3	texte	74167,73683,72939
déplore	1	texte	74167
protéger	13	texte	74167,68274,69816,68882,67553,68283,75462,76208,71614,75458
sécuriser	3	texte	74167,72633,72395
sécurisation	3	texte	74167,69535,68642
indispensable	23	texte	74167,69534,68274,67795,75795,70161,69183,73685,67383,75792,68645,71842,73879,74451,72396,70914,75064,74745
estimetil	9	texte	74167,73182,76513,68276,74450,67798,76208,75458
réalité	28	texte	74167,73185,73182,73683,70162,70749,70421,72631,75064,68392,74746,74168
souvent	46	texte	74167,73185,72932,72113,70918,75069,73182,69181,67386,72401,67390,70161,67794,69186,68887,68885,73876,67383,75792,67553,74457,68283,72634,69821,74455,68643,67558,76508,74453,70422,72396,71363,75461,71835,75462,71837,74750,71614
préparer	14	texte	74167,74175,70162,76507,69816,72636,74450,76508,72396,74752,68384
dérober	1	texte	74167
subtilemer	2	texte	74167,73877
capitaler	1	texte	74167
preuve	18	texte	74167,74172,72113,76206,73431,67795,73684,73686,71840,69821,76508,70421,68383,71359,67937,75458,74752
enchantement	1	texte	74167
certes	42	texte	74167,73185,72932,72113,73432,69534,72114,76206,76213,76511,70161,67794,68882,69540,73875,72940,73684,73876,70166,74457,71842,72634,68643,67798,70422,67937,75458,74168,74169,68391,75459
final	19	texte	74167,76210,70162,69814,75795,74449,68882,70428,70166,68645,69177,72393,72637,67388
ingrédient	14	texte	74167,76210,76511,68882,76516,72634,68280,71845,71360,75462
obligatoirement	4	texte	74167,76507,67389,71359
mayonnaise	3	texte	74167,73185,74752
train	17	texte	74167,72933,72116,72114,73431,73683,67797,76510,73876,69177,74450,67798,68279,71612,75458
maturité	6	texte	74167,67554,67391,72395,75063
sang	7	texte	74167,70919,67801,74455,76208,75459
froid	25	texte	74167,67557,68273,72393,74752
doigté	1	texte	74167
dirigeer	1	texte	74167
conjuguer	1	texte	74167
verbe	1	texte	74167
permanence	7	texte	74167,76507,67389,76508,71359,74745,75458
potentiel	35	texte	74167,74748,71618,72113,73433,67068,72115,69181,67797,68881,72401,76511,67555,73875,67383,75792,73879,75788,73878,76508,70421,68279,72118,76208,75067,74750,71614,75458,75465
créativité	9	texte	74167,74748,72113,73430,75068,70161,73876,69821
limitrophe	2	texte	74167,76507
ver	1	texte	74167
longueur	12	texte	74167,72934,70163,72635,70425,70420,68641,71835,75067,71617
colonne	3	texte	74167,70916,71614
média	7	texte	74167,72933,73876,72634,74455,70915,67937
suffisamment	6	texte	74167,76213,68886,68644,70421,73880
transversal	2	texte	74167,75461
pensée	1	texte	74167
victime	4	texte	74167,70162,76510,67801
peur	2	texte	74167,70422
choquer	1	texte	74167
exclure	2	texte	74167,68273
reconnaître	31	texte	74167,72932,69536,76206,73182,72629,67795,76511,70161,69815,69183,68276,72400,70166,75793,69813,67946,73879,68643,72394,70743,75065,75064,71359,67937,68392,71614
néanmoins	27	texte	74167,73185,72932,71621,72116,72934,73182,69817,68883,76511,67555,69540,70429,73684,68887,75792,73877,71842,72634,70745,68646,68281,67558,70915,71359,74747
attarder	2	texte	74167,68274
disserter	2	texte	74167,67383
mal	15	texte	74167,74173,69534,72114,72934,67794,74457,69821,68281,72394,72630,71612,70915,71614
trop	28	texte	74167,73185,72932,69534,73183,68274,72629,70161,67555,67801,73684,68887,69184,73876,75792,69821,74455,68643,70421,72630,74453,72396,71363,67937,75458
batailler	1	texte	74167
quotidien	41	texte	74167,72932,73190,72113,71621,73431,69817,76507,67554,75794,70429,73875,67801,73684,70166,67383,75792,68283,70745,70753,73879,70746,70420,67798,70422,75070,71835,75462,71836,71359,75458,75459,74747
redressement	10	texte	74167,72933,75068,73182,76513,71614,74746
"- sunaero - thierry regond - tél. : 33 (0)4 72 08 12 12 - email : tregond@sunaero.com - http://www.sunaero.com- a lire également :* ""sunaero, la pme lyonnaise, s'implante en asie avec aerokwai"", be france 276 (21/12/2012) : http://www.bulletins-electroniques.com/actualites/71840.htm* ""sunaero, une pme française qui exporte sa technologie outre-atlantique"", be france 230 (30/07/2009) : http://www.bulletins-electroniques.com/actualites/60160.htm"	1	contact	74167
thierry regond présentant un détecteur de fuite à l'hélium aux représentants d'une délégation militaire de la base aérienne d'ambérieu en bugey crédits : sunaéro	1	legendeImage	74167
thierry regond montrant un appareil qui permet de détecter et de de localiser une fuite à l'intérieur d'un réservoir crédits : sunaéro	1	legendeImage	74167
parkinson	10	titre	74173,76511,68646
agrégat	7	titre	74173
fréquent	2	texte	74173,68646
curatif	1	texte	74173
150000	3	texte	74173,74454,74744
60	21	texte	74173,72117,73182,73875,73684,75792,74456,70753,68646,72633,67558,72394,72395,68640,71362,67937,74746
manifeste	1	texte	74173
tremblement	2	texte	74173,67942
incontrôlable	1	texte	74173
symptôme	2	texte	74173,73184
diffus	1	texte	74173
dépression	1	texte	74173
comportement	33	texte	74173,73184,68639,69534,76213,67557,75797,70162,67556,68883,69182,67385,67794,67555,68886,75790,69179,69184,75793,69820,67798,72631,71359,74751,75464,74168
perturbation	5	texte	74173,69540,67802,67942
motrice	1	texte	74173
agrégation	1	texte	74173
dépôt	13	texte	74173,73184,72117,71621,72115,67554,71843,68643,72633,75065,71835
fibrillaire	1	texte	74173
abondant	3	texte	74173,67558,70423
jonction	1	texte	74173
alphasynucléine	4	texte	74173
replier	1	texte	74173
propager	4	texte	74173,72932,76210,69811
enzymologie	1	texte	74173
biochimie	5	texte	74173,72115,69184,71837,68387
structural	6	texte	74173,68639,67387,72636,69539,72119
biologie	24	texte	74173,71620,73183,67068,72115,67556,72398,67390,75790,69812,68643,72397,74452,72631,67071,69539,71837,75067
chimie	46	texte	74173,69536,76206,67068,72115,68881,69183,68885,70166,75792,70167,72634,67561,68280,68643,72630,68278,72118,70914,75461,67071,75070,71612,71362,75067,68387,73189,74744,74750
claud	2	texte	74173,69540
bernard	14	texte	74173,76210,76507,69540,70167,72633,72397,70914,73189,74744,68390
communication	24	texte	74173,73190,76206,70162,74449,70429,73685,68887,76516,72393,70747,70168,67945,72632,67942,68641,75463,71359,68387,74746,68391,75459
différer	3	texte	74173,67389,70423
empile	1	texte	74173
fonctionnel	14	texte	74173,67387,68277,67802,73877,74450,67798,74453,72396
ontil	8	texte	74173,76512,72398,73685,68643,72397,75065,75458
ressembler	5	texte	74173,72932,73684,67553,71835
spaghetti	2	texte	74173
présente	23	texte	74173,73184,76210,73432,72934,68274,67795,69183,68273,68885,73687,68884,72635,73879,67941,70421,72396,75462,75067,71836,71366,68390
lier	38	texte	74173,69534,76206,72935,67556,67390,69815,67555,70429,70170,69812,75793,73877,73687,68645,74456,68644,68646,67942,74453,73881,71835,70915,71360,75067,68387,68392,74750,74746,72120
pénétrer	2	texte	74173,76206
aplatie	1	texte	74173
nettement	2	texte	74173,73189
taire	1	texte	74173
infecter	6	texte	74173,72935,69813,67937
sontils	4	texte	74173,73436,73431,67068
convaincre	13	texte	74173,73185,72116,72114,70161,71842,72634,73689,74455,74450,72939,71614,74169
existence	9	texte	74173,73432,73430,67386,72629,74455,72396,70914,75459
différents	32	texte	74173,69537,69534,69816,67554,70161,72400,67555,69178,73685,69184,67803,70166,72634,70424,72394,70420,76509,74450,67388,70423,70422,72396,72631,73189,71614,75458,74168
hypothèse	7	texte	74173,69533,73877,71843,72631,75463
vérification	4	texte	74173,67390,69820,74751
méthode	53	texte	74173,70923,68639,69537,73432,71838,75068,76207,73431,73683,69817,67392,68275,69814,74449,69183,73685,67800,68885,73876,69813,68643,76509,69819,72395,72630,72397,72118,70914,75460,71359,74751,74744,74750
espoir	6	texte	74173,71621,72115,74454,73878
propagation	14	texte	74173,72932,71618,76210,75794,68886,69813,68645,69539
anormal	3	texte	74173,75794,68646
laboratoire d'enzymologie et biochimie structurales - ronald melki : tél. : + 33 (0)1 69 82 35 03 - email : ronald.melki@lebs.cnrs-gif.fr	1	contact	74173
électricité	15	titre	73185,72114,67557,68884,70426,72397,75064,75066,73188
inp	13	titre	73185,76512,72630,71362,72121
hugo	7	texte	73185
niccolaï	2	texte	73185
diplômé	14	texte	73185,73437,73190,73430,73685,68273,73879,74455,72633,72630,71358
terminer	8	texte	73185,72935,72634,71845,71363,71835,71362,70916
périple	1	texte	73185
escale	3	texte	73185,73183
bangladesh	2	texte	73185
lao	3	texte	73185,72396
pérou	3	texte	73185
philippine	2	texte	73185
tanzanie	3	texte	73185
renouvelable	19	texte	73185,73190,76514,68884,69818,70743,70423,71363,69538,72121,75464,71617
couvert	7	texte	73185,69537,69811,75462,75463,70916
retour	21	texte	73185,72932,72937,76206,73431,69535,73683,72629,72399,73690,73877,67553,72396,76209,68387,75458,75459
entamer	12	texte	73185,72932,74172,73183,73430,76206,67385,69811,74454,72939,67937,68392
tour	25	texte	73185,72933,72935,73683,76507,76510,69815,73686,75793,72397,75461,72938,72119,71362,71360,70916,67937,74746,68384,74168
hexagonal	1	texte	73185
abord	13	texte	73185,72114,67068,72115,68274,68882,73684,68643,72394,72119,74746,74168,75459
devant	13	texte	73185,70163,76507,72401,67794,75792,70744,70169,70420,74450,74745,73438
enrichissant	5	texte	73185,72932,76211,73683,72394
muhammad	1	texte	73185
yunus	1	texte	73185
économiste	8	texte	73185,69533,72113,67068,72398,68882,72939
bangladais	1	texte	73185
fondateur	24	texte	73185,73184,72114,76207,76511,76510,69815,73875,70166,68643,67799,74450,74451,67071,76208,75063,71614,74746
grameen	1	texte	73185
bank	1	texte	73185
banque	13	texte	73185,72933,76211,73432,72115,72629,75065,68383,75063
village	3	texte	73185,69542,75458
microcrédit	1	texte	73185
valoir	6	texte	73185,72115,74457,70424,70914,71835
surnommer	2	texte	73185,68393
banquier	1	texte	73185
pauvre	2	texte	73185,75792
nobel	16	texte	73185,72932,67068,72115,75790,70424,67937
paix	1	texte	73185
m	22	texte	73185,72114,76206,67068,70919,68274,68883,76511,76510,68886,69179,67383,70424,72633,74450,67937
entrepreneuriat	4	texte	73185,73876,70168,74450
monter	8	texte	73185,75068,73876,72634,75066
électrification	1	texte	73185
isolé	9	texte	73185,73430,67068,67556,67800,71843,75789,71360,75459
séduire	4	texte	73185,68274,70166,74169
ferme	6	texte	73185,68881,76511,69538,75463
éolien	18	texte	73185,69814,72940,70743,68642,75463
québec	1	texte	73185
solaire	26	texte	73185,73436,72114,67796,69814,67800,72940,69179,70167,68884,72393,70747,75789,71836,74744
photovoltaïque	17	texte	73185,73436,72114,72940,75789,68642,70423
entrevoir	4	texte	73185,67937,74746,74752
forcément	7	texte	73185,71621,73683,69540,69813,71835,75459
limité	5	texte	73185,75793,70420,70421,68391
rêver	2	texte	73185,72933
globalité	2	texte	73185,70166
classique	32	texte	73185,76210,72114,72934,76207,72629,68881,67554,68886,69178,73685,68273,73876,70747,73879,67558,67389,70743,72938,74168,68391
préférer	3	texte	73185,68883,67937
opter	10	texte	73185,76210,72629,72395,70422,75462,75063,74744,71614
tellement	2	texte	73185,71835
promesse	8	texte	73185,72115,76511,70745,72396,74746
commettre	2	texte	73185,70162
erreur	6	texte	73185,76207,68274,75792,74455,74169
afrique	30	texte	73185,72629,67794,73875,73684,69821,69820,72632,68642,72396,70916,75458
connaissance	46	texte	73185,76211,73432,69536,69534,76206,76213,69816,68275,72629,68881,72398,67795,67794,68886,70429,75790,72940,70170,69541,70748,67383,75792,69813,69821,68281,70424,67945,71845,72395,72632,72630,73881,75460,71359,74751,75063,67937,71614
terrain	22	texte	73185,74172,73430,73182,67068,68274,67387,68275,73684,69813,74457,69821,75788,68643,74450,67388,70421,68383,70916,75458
planet	1	texte	73185
etudiant	2	texte	73185,69179
2010	39	texte	73185,73183,67557,68275,69814,70161,68276,67555,68882,69178,69811,73684,70748,73686,75793,70167,69542,68646,70169,73878,73688,70420,69818,74451,67942,68279,72396,67071,72939,75064,71835,71837,70916,71614
présider	5	texte	73185,67794,76515,68273,68386
corinne	1	texte	73185
larchey	1	texte	73185
volontaire	3	texte	73185,67798,68387
fondation	19	texte	73185,72936,73183,73683,73875,70748,67383,68888,67940,74751,68393
schneider	2	texte	73185,67796
electric	3	texte	73185,67796,74745
edf	10	texte	73185,67386,72398,67944,76509,74450
bâtir	14	texte	73185,69814,73876,70166,75793,70749,72634,68642,68279,74169,75459
développemer	3	texte	73185,72113,71616
frontière	10	texte	73185,74172,70163,75789,73880,72396,71362,67937
dsf	1	texte	73185
précieux	2	texte	73185,69184
me	15	texte	73185,72932,73430,70161,68276,73684,67383,74457,69821,71835,68387
tientil	2	texte	73185,72113
culot	1	texte	73185
livrer	12	texte	73185,73436,75069,74174,70163,69177,70421,72630,73880,75459
comparaison	3	texte	73185,73432,70424
choisir	22	texte	73185,72113,67796,67386,67555,73875,73684,73876,70744,68889,74456,72393,70753,67945,70421,75071,75462,75066,75458,74752,71617
mohammad	1	texte	73185
yunu	1	texte	73185
sunlabob	1	texte	73185
pamatec	1	texte	73185
practical	1	texte	73185
eggenergy	1	texte	73185
retenir	17	texte	73185,72932,74748,69533,75068,70162,76507,70753,73879,75789,69818,71835,76209,68383
gouvernemental	3	texte	73185,74457,72396
ong	4	texte	73185,74457
intéressant	29	texte	73185,73436,72113,76210,72116,76206,72115,76511,67390,74449,67800,69186,70428,69812,75793,70749,74457,75788,68643,67558,74450,72632,72631,75066,70916,74752,68390
choisie	1	texte	73185
considérable	9	texte	73185,73433,72934,75788,70421,70916,73188
déçu	1	texte	73185
bel	17	texte	73185,72933,74172,71621,76207,67068,69535,68881,70161,75792,72630,72396,71612
chose	11	texte	73185,67794,67555,69540,70166,71843,74457,70421,75458,74752
conteste	1	texte	73185
négatif	9	texte	73185,69533,69183,67801,69184,76508
seraitce	1	texte	73185
coconstruire	1	texte	73185
coconstruir	1	texte	73185
essayer	21	texte	73185,73431,72115,68275,74449,67794,67555,75790,73684,70428,73876,75793,75792,70745,75065,75458
interfacer	3	texte	73185,68885
sud	30	texte	73185,72933,71621,72629,67794,69811,73875,73684,74457,71842,69821,74455,73688,72632,68642,72630,68279,72396,75064,71836,74752,74168
posséder	17	texte	73185,72932,76211,76213,72115,72629,67390,69815,73875,69186,73687,72393,70425,73879,75462,75067,68392
localement	3	texte	73185,69535,69818
relationnel	1	texte	73185
logistique	5	texte	73185,75069,68273,69812,67945
initier	27	texte	73185,73436,74748,69536,70919,68881,76511,69815,70428,69812,73876,75793,73687,67553,70749,70424,69818,74453,70422,68279,72396,67071,71359,74745
- hugo niccolaï - email : hugo.niccolai@gmail.com- planet'etudiants - http://www.planetetudiants.org	1	contact	73185
"hugo niccolaï au cours de son ""escale"" péruvienne crédits : hugo niccolaï"	1	legendeImage	73185
organique	17	titre	73436,71621,72114,73683,67800,70167,70747,75789,68280,70746,68279,75067
alternative	6	titre	73436,67554,72635,75067
polymère	25	titre	73436,76210,76514,70167,72634,70423,75065,71612,75067,74750,75464
silicium	8	texte	73436,72114,70919,67554,69814,70425
panneau	12	texte	73436,72114,69179,68884,71836
intense	7	texte	73436,72934,68887,75067,70916
compétition	3	texte	73436,70745,70914
répandre	2	texte	73436,72632
voie	18	texte	73436,73184,72116,75068,74174,70163,75795,67391,67390,74449,76510,68882,70426,74454,74450,72118,74169
moltechanjou	2	texte	73436
moléculaire	42	texte	73436,73184,69534,70919,72115,67556,69183,67800,75790,69812,67802,70426,72634,68280,68643,72631,68641,75070,72119,71837,74750,74752
angers	2	texte	73436,70422
anger	3	texte	73436,74449,68281
soluble	1	texte	73436
parfaitement	26	texte	73436,72932,73184,74172,76507,76511,67390,75794,74449,70161,67802,73877,69177,71842,74455,73878,67558,70420,74450,76508,70421,68383,75063,74168
définir	19	texte	73436,71620,76212,73182,67556,70164,73877,68889,73883,76508,72395,67798,68279,69538,70915,68383,71359
reprendre	5	texte	73436,73184,72115,70749,72394
soulignon	4	texte	73436,68645,69820,75466
rendement	17	texte	73436,67385,73684,68885,67388,72630,75066,75458,68385
conversion	3	texte	73436,68279
8	39	texte	73436,72932,69534,74175,73183,67557,69181,75796,67391,67390,76510,68276,69540,70164,68887,69541,70749,69177,75789,70168,74450,68279,75071,71612,71837,68383,70916,75458
performant	12	texte	73436,76211,73876,70425,73879,75788,69820,70423,75070,75067,74744
synthèse	20	texte	73436,71620,76210,73182,67556,67390,67800,69541,70167,72118,72119,73189,68390
inférieur	8	texte	73436,67556,75791,70167,72635,74451,69819,74747
010	1	texte	73436
compatible	5	texte	73436,67386,70165,72635,74745
famille	14	texte	73436,72932,68276,69186,69179,75792,76508,72632,71360,74745,68387,67937,71614
triarylamine	2	texte	73436,70167
étaper	1	texte	73436
absorption	2	texte	73436,72631
niveal	2	texte	73436,70915
stabilité	3	texte	73436,70424,72938
mobilité	13	texte	73436,69535,72400,69184,74456,67799,67071
ingénierie	35	texte	73436,68639,71620,76211,72937,76212,72629,70161,73875,73876,68644,73689,67945,69819,75071,71362,74751,71366,68384
liaison	4	texte	73436,76213,67800,69542
groupement	11	texte	73436,74748,75068,73683,69812,68884,67553,67940,72122,71358
noton	2	texte	73436,69533
chemistry	2	texte	73436,70167
european	17	texte	73436,72113,73183,69181,69817,67804,73691,73884,70420,69819,69539,72122,68386,68391
journal	4	texte	73436,67802,70169,69819
solvant	1	texte	73436
catalyseur	5	texte	73436,72113,74174,67795,68280
coûteu	1	texte	73436
institut des sciences et technologies moléculaires d'angers - moltech-anjou - philippe blanchard : tél. : +33 (0)2 41 73 54 43 - email : philippe.blanchard@univ-angers.fr	1	contact	73436
tld	8	titre	72933
lauréat	32	titre	72933,72932,69181,69817,68275,67383,76516,73878,76509,72938,71835,71612,71837,75066,76208,67937,74750,71614,74746,68390
taxibot	6	titre	72933
mars	34	texte	72933,70923,74176,76210,72116,73430,76207,73431,69535,67804,69540,69178,69811,70166,69177,72636,75788,73688,74450,67942,73880,72396,75071,70915,70916,72122,75464
18	27	texte	72933,70923,70918,72935,73431,70163,70162,72629,67804,73690,70428,69541,70749,73878,68280,71841,70752,67799,74452,71361,68384,73438
dérouler	31	texte	72933,72932,74748,72937,73430,68274,75796,75797,70162,69541,69543,73877,69185,69177,68888,67944,70752,67388,74452,67943,75064,71835,69539,71837,68387,75466,74168,75465
3èm	14	texte	72933,71620,72114,73430,70170,67945,73882,75066
semaine	18	texte	72933,72932,72629,68883,69183,76515,67801,69185,70169,72394,72396,75460,70916,68387
ministère	19	texte	72933,72113,73430,75068,69181,73683,76513,69180,68277,73687,69177,72393,68888,70169,70914,76208,74746,75458
productif	13	texte	72933,76213,75068,73182,76513,67391,71614,74746
oséo	8	texte	72933,72114,73879,74450,67798,72118,71614
future	3	texte	72933,69179,69813
branche	7	texte	72933,72113,73432,73875,75071,68383
investissement	36	texte	72933,73184,72117,73432,73182,69535,69181,69817,72629,68277,76510,72400,69812,70420,74451,70421,70914,75065,72938,75067,71359,75466,71614,71616
bpi	1	texte	72933
remettre	17	texte	72933,73190,72114,68274,67387,76510,67794,72400,67555,68886,74457,68888,70751,67944,67937,74746
conjointemer	5	texte	72933,73876,75793,69177,70914
22	10	texte	72933,70167,69820,71845,71836,73188,67937,75466,74169
samedi	2	texte	72933,69177
23	9	texte	72933,73184,76210,72400,72633,74450,72939,71360,68386
ircam	1	texte	72933
acoustiquemusique	1	texte	72933
lauréate	1	texte	72933
équipement	25	texte	72933,74748,73433,67557,68274,73683,75797,76513,67554,68277,73875,68273,73876,70751,67941,70420,70914,71836,68385
aéroportuaire	3	texte	72933,73875
main	19	texte	72933,72932,73432,75795,68276,67555,75791,70744,72636,76508,70421,75462
arnaud	6	texte	72933,73182,67068,76510,74746
montebourg	4	texte	72933,73182,74746
ministre	22	texte	72933,71620,73182,67068,69177,74456,72393,68888,70914,67071,70915,71837,74746
honneur	6	texte	72933,73182,69542,72393,67946
inventif	1	texte	72933
créateur	17	texte	72933,73190,75068,72629,73685,73684,70166,72392,72634,70168,73878,67798,76208,74746
ouvrier	2	texte	72933,67941
qualifié	1	texte	72933
mutation	6	texte	72933,73430,67556,72395
déchiffrer	1	texte	72933
inévitable	5	texte	72933,73432,76213,68273,71835
montloui	1	texte	72933
indreetloire	1	texte	72933
conçoit	5	texte	72933,70165,71840,74455,71616
117	1	texte	72933
antoine	4	texte	72933,72392,74453,69539
maguin	2	texte	72933
allemand	7	texte	72933,72114,68274,67797,69814,69540,68391
tracteur	3	texte	72933
écolo	1	texte	72933
usine	12	texte	72933,73433,76213,67386,67385,69813,72392,72636,72630
installé	2	texte	72933,70746
sorigny	1	texte	72933
aéroport	8	texte	72933,73875,70425,71617
déplacer	19	texte	72933,73182,70162,68883,69182,75794,67383,69813,70744,73688,67941,70421,72396
voyageur	2	texte	72933,74456
envol	1	texte	72933
économie	27	texte	72933,73432,76207,69535,72398,75795,74449,68882,68885,75793,70753,74450,68642,75460,68383,75063,74746
émission	27	texte	72933,69533,72934,69814,72632,67942,68278,75070,69539,71615,74745,71617
co2	14	texte	72933,73433,67557,69816,69814,67385,70426,71615,71617
merveill	1	texte	72933
israël	1	texte	72933
aerospac	1	texte	72933
antin	1	texte	72933
tenir	49	texte	72933,74748,72116,69534,73183,73430,73431,69535,70162,72629,75795,74449,67804,72400,67555,69540,73875,70165,72940,70170,73684,69541,67803,69542,70749,74456,73884,72393,72634,70169,70168,69820,74450,73882,70421,67942,73881,72939,71612,70916,72122,71358,74746,75458,73438,75465,72120
amener	12	texte	72933,73431,70161,70170,69177,70420,68642,68387,68393,74169,75459
décisif	2	texte	72933,70917
châteaurou	1	texte	72933
certification	3	texte	72933,68274,74450
lufthansa	1	texte	72933
francfort	1	texte	72933
piloter	16	texte	72933,70162,68882,69178,72392,75789,72637,67799,70421,69538,71362,71837,75066,74746
conducteur	6	texte	72933,75794,67383,72635,75070
tracter	2	texte	72933
freiner	2	texte	72933,72394
frein	4	texte	72933,68383,74746
jambe	3	texte	72933,72117,67941
subir	11	texte	72933,76210,73431,70163,72629,69813,74454,72630,70916,74750,75459
stress	17	texte	72933,73184,69182,76511,67801,67798,68387
entraîner	35	texte	72933,72116,69534,72934,67797,67795,76511,75794,68882,67801,73684,68887,69184,73876,75793,75792,67802,70744,69177,68646,75789,72394,67799,72632,73880,72631,71363,75460,75067,75463,75458,74168,74169
freinage	2	texte	72933,71617
747	1	texte	72933
peser	9	texte	72933,70919,69182,67555,70165,69179,67553,72392,68383
tonne	13	texte	72933,70163,67391,69811,69179,68273,69177,72630,75066,71836
a380	2	texte	72933,72636
560	1	texte	72933
40	25	texte	72933,72114,73430,75069,76207,73182,72115,67556,67391,69815,67794,73875,75790,76515,72393,73688,72633,67389,72396,75071,71362,75066,71361
kmh	2	texte	72933,67941
encaisser	1	texte	72933
exporter	4	texte	72933,72114,67553
archétype	1	texte	72933
battre	3	texte	72933,67387,73877
richesse	3	texte	72933,73430,69821
inventeur	2	texte	72933,68273
audacieux	1	texte	72933
unir	2	texte	72933,73430
modifier	27	texte	72933,72116,73430,76213,73182,70162,67556,69183,69811,67800,75790,68887,69184,70167,70745,68646,70425,67388,72632,69539,70917,75463,75459
remise	5	texte	72933,75797,76516,69185,68888
déplorer	1	texte	72933
bataille	2	texte	72933,69178
culturel	7	texte	72933,72937,73182,73683,70751,68383
propre	29	texte	72933,72932,71621,73183,76207,73182,69816,76511,69178,72940,68273,69812,73876,70744,70426,70425,74455,76509,67388,70422,75065,76209,71359,71614,71616
scepticisme	1	texte	72933
héraut	1	texte	72933
moderne	4	texte	72933,68643,76508,74746
280	13	bulletin	72933,72932,72113,72936,72937,72935,72934,69811,72940,68640,72939,72938
30/04/2013	9	date	72933,72932,72936,72937,72935,72934,72940,72939,72938
tld - http://www.tld-gse.com	1	contact	72933
le taxibot de tld, l'entreprise leader mondial des équipements aéroportuaires crédits : oséo	1	legendeImage	72933
remise du prix national de l'innovation industrielle à tld par le ministre du redressement productif arnaud montebourg crédits : oséo	1	legendeImage	72933
nalini	7	titre	72932
anantharaman	5	titre	72932
inconnu	5	titre	72932,67556
mathématique	30	titre	72932,69180,70161,68276,75793,69820,67071,71835,75063
traditionnel	11	texte	72932,74748,76210,76206,67557,73683,67388,75458,74747
congress	1	texte	72932
mathematical	1	texte	72932
physic	1	texte	72932
icmp	1	texte	72932
prestigieux	15	texte	72932,72936,68881,70429,75788,74450,70422,71835,76208,67937
henri	8	texte	72932,68276,72630,71835
poincarer	6	texte	72932,68276,67940,71835
partager	20	texte	72932,74172,72113,74176,71838,76212,72115,67794,72393,70745,73689,69821,67388,75461,76209,67937,71358
mathématicienn	5	texte	72932
réputer	9	texte	72932,76211,67068,73877,74450,70743,70422,71358
raphaël	4	texte	72932,74752
salem	1	texte	72932
mathématicien	33	texte	72932,69180,70161,68276,70745,71835
grec	7	texte	72932,73683,71843,71835
xxèm	2	texte	72932,68276
siècle	20	texte	72932,69533,73683,70163,75795,70161,68276,73875,69821,73688,72939,71835,68383,74752,74168
herbrand	1	texte	72932
décerner	13	texte	72932,67068,67383,70752,72633,68641,71835,67937,74746
médaille	14	texte	72932,73183,67068,73684,67383,72636,67937,74750
argent	5	texte	72932,71621,73183,73684,67937
trentenaire	2	texte	72932,76208
marier	3	texte	72932,68644,71359
maman	2	texte	72932
enfant	66	texte	72932,73431,68881,72401,67555,70428,70749,68645,70745,71841,76509,74453,72396,75063,75458
outreatlantiqu	1	texte	72932
for	19	texte	72932,72113,75069,67557,69180,68275,68881,69811,70164,67945,75065,71615,72121
advanced	5	texte	72932,75068,71837
study	3	texte	72932
princeton	7	texte	72932,70422,71835
new	6	texte	72932,69180,73875,69179,73876,71614
jersey	1	texte	72932
haut	27	texte	72932,72936,72114,72935,69817,72398,67795,69179,73686,69177,74456,68888,69821,72633,70420,70743,70914,68383,71836,71614,71358
empreinte	4	texte	72932,68886,72633
albert	4	texte	72932,73183,67389
einstein	1	texte	72932
kurt	1	texte	72932
gödel	1	texte	72932
john	3	texte	72932,71835
von	2	texte	72932,71615
neumann	1	texte	72932
robert	4	texte	72932,72115,72392,71841
oppenheimer	1	texte	72932
nash	2	texte	72932,71835
carrière	24	texte	72932,73430,67068,73683,70161,70165,73684,69812,67383,71842,73879,74455,72394,71837,75063,67937,68392,75459
remplie	2	texte	72932
chance	13	texte	72932,76210,67068,67383,70425,73882,70422,72631,75461
séjourner	1	texte	72932
tranquille	1	texte	72932
goût	41	texte	72932,73184,72116,69534,75069,76206,76512,76511,74449,67555,73685,75790,70428,70166,73877,70749,72634,74455,72394,76509,72396,72631,75462,76209,74169,75459
détaché	1	texte	72932
propice	3	texte	72932,67068,73876
abstraire	1	texte	72932
tâche	8	texte	72932,73190,73182,70165,75791,72394,74452,70422
enseigner	7	texte	72932,76206,68281,72394,74751
parissud	22	texte	72932,69536,67386,69816,69183,69178,70748,75065,75063,68392,74752
orsay	9	texte	72932,76510,69183,69178,68641,74752
ihe	2	texte	72932
buressuryvette	1	texte	72932
exclusivement	7	texte	72932,67391,69183,70166,72636,70423,67937
équation	6	texte	72932,69180,68283,70422,74744
horaire	2	texte	72932,71836
crèche	4	texte	72932,67555
rythmer	3	texte	72932,70752,75458
femme	27	texte	72932,72935,74449,69184,72636,75788,70422,71835,71612,68387,75458
mère	5	texte	72932,67555
orléan	5	texte	72932,71618,69812,67946
sacrifier	1	texte	72932
scolaire	4	texte	72932,68881,73876,71835
lâchetell	1	texte	72932
débute	1	texte	72932
commence	4	texte	72932,75790,67553,75458
crayon	1	texte	72932
papier	2	texte	72932,67068
ordinateur	9	texte	72932,73190,72401,69540,73876,68281,70914,74744
portée	7	texte	72932,67386,67555,68887,75789,74450
curieux	1	texte	72932
penseron	1	texte	72932
néophyte	1	texte	72932
philosophe	3	texte	72932,72113,75459
écrivain	1	texte	72932
austère	2	texte	72932,67937
lycer	2	texte	72932,75066
avouer	3	texte	72932,70166,71835
discipline	23	texte	72932,73431,73182,75797,70161,72940,75788,67071,72939,71835,71837,76208,70916,71359,74751,67937,68386,75458,68391
lycéen	3	texte	72932,70161
garder	4	texte	72932,70161,68887,67553
mauvais	4	texte	72932,67556,73684,75459
souvenir	4	texte	72932,73182,71835,67937
parent	12	texte	72932,68881,72401,67555,70749,76509,75458
père	4	texte	72932,68273,72636,67937
tourner	7	texte	72932,76210,71621,72114,74450,72397,75066
informatique	36	texte	72932,73190,76207,73431,73182,69182,69540,67383,68889,70168,72633,70421,74453,74452,70914,75071,74751,75063
théorique	12	texte	72932,76211,76206,68886,67383,70421,72397,72631,71836,74744
tarder	3	texte	72932,72630,71614
je	50	texte	72932,73184,72114,73430,76206,76213,73182,67068,72115,68274,73683,72629,67795,74449,70161,68276,75790,73876,67383,70749,69177,71842,72636,69821,74455,72394,72631,70914,71835,71612,68387,75459
entendai	1	texte	72932
contrairement	6	texte	72932,76206,67383,67558,74451,72631
moi	7	texte	72932,73430,70161,72636,72394
vivant	34	texte	72932,76511,69183,72637,74451,71835,71612,69539,68391
motiver	2	texte	72932,71359
relatif	7	texte	72932,72936,69536,69178,76514,69177,68383
concours	26	texte	72932,73190,76212,76207,73683,75797,72401,73684,73689,73878,72394,76509,75066,71614,71358,75458,75459
poche	8	texte	72932,73685,75790,69812,74457,74450,71612,71614
thèse	33	texte	72932,69536,76206,72115,76512,73685,75790,69812,70166,67383,70749,74454,72394,70743,72630,75064,71612,76208,67937,75459
parisvi	1	texte	72932
ledrappier	1	texte	72932
lycée	4	texte	72932,70161,73687,67937
succéder	3	texte	72932,72113,71835
souffrance	1	texte	72932
insomnie	1	texte	72932
passager	3	texte	72932,74751,74752
appétit	1	texte	72932
importance	29	texte	72932,72113,73432,73182,69817,67387,67556,67391,67390,75794,75790,73684,69177,68283,74454,67389,69819,74453,70422,70914,71835,71837,71836,71359,74745,75458
échanger	15	texte	72932,72937,71838,72400,73691,73685,70170,73876,67553,70749,72393,73881,75459,72120
collègue	24	texte	72932,73182,75794,69183,68886,69812,69184,73876,67383,70167,72636,72394,72630,72631,75070,67937,74750,68391,75459
peter	1	texte	72932
sarnak	1	texte	72932
permanent	9	texte	72932,72114,69181,72629,67795,70422
discussion	10	texte	72932,72116,70161,75793,74455,75788,76508,70421,75071
motivant	1	texte	72932
soulignetelle	4	texte	72932,73431,74449,75065
jean	12	texte	72932,69533,68277,72400,69186,70744,68641,68392
bourgain	1	texte	72932
belge	4	texte	72932,69178,72630
médaill	8	texte	72932,70161,68276,72636,71835
fields	6	texte	72932,70161,68276,71835
1994	4	texte	72932,75790,72630,70917
résider	3	texte	72932,68887,72118
apprendre	16	texte	72932,73683,68881,73876,70744,67944,68643,72394,76509,74450,67389,71359,75063,67937,74168
éloigné	2	texte	72932,73431
traval	3	texte	72932,76511,69819
stimuler	2	texte	72932,67937
sentir	3	texte	72932,68883,73685
auditoire	1	texte	72932
field	1	texte	72932
observetell	1	texte	72932
bibliothèque	1	texte	72932
consulter	4	texte	72932,73430,69535,69185
document	1	texte	72932
confrère	1	texte	72932
00	3	texte	72932,69541
file	1	texte	72932
surgir	2	texte	72932,74172
nuit	5	texte	72932,70425
arranger	1	texte	72932
miracle	2	texte	72932,74457
avancer	19	texte	72932,68639,76211,69814,70161,68886,70167,73687,70426,69177,74457,70751,75461,75065,75070,75458,74752
enthousiasmetell	1	texte	72932
décrir	1	texte	72932
enseigne	3	texte	72932,72394
maître	11	texte	72932,73683,70163,73685,76509,72631,71836,75063,74752
cnr	10	texte	72932,72114,69814,75790,68644,68646,67945,68642,72397,68390
propage	2	texte	72932
confiner	1	texte	72932
fermer	2	texte	72932,71839
intérieur	24	texte	72932,69817,67387,68881,70166,70745,70420,69819,70421,73880,72396,75064,69539,75462,68387,74168
rencontrer	15	texte	72932,74748,72937,73183,67068,73691,73685,74456,70421,72118,70915,67937,74752,75465
rebondir	2	texte	72932
disperser	10	texte	72932,74172,67386,76511,70746,67558,72394,75462,74750
interférence	1	texte	72932
essayonsnou	1	texte	72932
géométrique	5	texte	72932,69537,67390,68886,75067
résumetell	1	texte	72932
forcémer	3	texte	72932,67555,72939
optique	23	texte	72932,72934,67068,76507,67554,69540,69811,70747,74451,68641,75070,71837
section	2	texte	72932
chaotique	1	texte	72932
expliquetell	4	texte	72932,75069,70749,71612
effort	11	texte	72932,76511,73876,67941,68279,70914,75064,70915,74746
déplaire	1	texte	72932
maxime	1	texte	72932
kontsevich	1	texte	72932
ouplus	1	texte	72932
cédric	13	texte	72932,70161,68276,71835
villani	13	texte	72932,70161,68276,71835
poincaré	2	texte	72932,67940
congrès	26	texte	72932,72937,72116,76511,74449,73685,76515,70166,74456,69820,76509,73882,72396,75462,76209,75459,72120
pensetelle	1	texte	72932
déclaretell	1	texte	72932
faux	4	texte	72932,69183,71843,74455
modestie	1	texte	72932
étoffe	1	texte	72932
confirme	1	texte	72932
phénoménal	1	texte	72932
ajoutetell	2	texte	72932,73431
ami	4	texte	72932,68274,67937
exceptionnel	23	texte	72932,70163,76513,70162,69182,70161,68276,70748,69543,67383,73877,69177,73878,70420,70421,70743,70914,71837,71836
surhumain	1	texte	72932
athlète	1	texte	72932
heureux	2	texte	72932,67937
prenant	2	texte	72932,72637
nalini anantharaman - email : nalini.anantharaman@math.u-psud.fr	1	contact	72932
nalini anantharaman, mathématicienne française actuellement en résidence à l'institute for advanced study, à princeton, aux etats-unis crédits : nalini anantharaman	1	legendeImage	72932
infographie	4	titre	73437
2d3d	3	titre	73437
etribart	4	titre	73437
enseignemer	12	texte	73437,76211,69541,68888,67944,68281,70169,72637,71362,74751,68393
27	13	texte	73437,67068,70163,70161,70165,67383,69542,71840,72396,69538,75464
ouvert	14	texte	73437,71620,76211,67555,76515,75792,76516,70751,73882,67937,71358
virtuel	43	texte	73437,70162,70421,75064,75063,74168
login	1	texte	73437
visiteur	9	texte	73437,74748,69543,69542,72396,72939,72122,73438
pédagogique	28	texte	73437,70923,69536,73431,73683,72398,67795,73876,73687,68281,70421,71362
dialoguer	4	texte	73437,67803,71359,75063
accompagnement	9	texte	73437,74748,75068,73687,73878,72395,70422,75461,72121
interactif	8	texte	73437,75788,72633,70421
3d	47	texte	73437,72114,73431,76512,76513,70162,67554,75795,72635,72392,75788,69819,70421,70914,75064,75066,73189,68391
bac	6	texte	73437,70161,68273,75071,71358
dispense	2	texte	73437,75458
continuer	13	texte	73437,72114,76511,73687,67553,71842,72637,70420,67388,72631,71835,74751
spécialisation	4	texte	73437,69538,75063
animation	3	texte	73437,74748,75068
spécial	8	texte	73437,69533,72934,73883,75066,70916,74746
etc	11	texte	73437,73190,72937,67068,67556,76510,70165,69185,74453,76208
apprenant	2	texte	73437,75063
compléter	5	texte	73437,73430,67798,72630
rncp	1	texte	73437
lead	2	texte	73437,75063
infographist	1	texte	73437
3d2d	1	texte	73437
bac3	1	texte	73437
horizon enseignement	10	rubrique	73437,72936,72398,70748,69185,70426,72636,67944,72637,71362
e-tribart institut - http://www.e-tribart.fr	1	contact	73437
vitamine	13	titre	73184,75069,76511
e	9	titre	73184
vectoriser	2	titre	73184
labe	9	titre	73184,72938
lipstic	9	titre	73184,75459
neuropsychopharmacology	2	texte	73184
traire	2	texte	73184,72392
intersection	1	texte	73184
increased	1	texte	73184
amyloidß	1	texte	73184
peptideinduced	1	texte	73184
memory	1	texte	73184
deficit	2	texte	73184,69537
phospholipid	1	texte	73184
transfer	1	texte	73184
protein	2	texte	73184,75459
pltp	4	texte	73184
gen	2	texte	73184,69821
knockout	1	texte	73184
mice	1	texte	73184
lipoprotéine	16	texte	73184,75459
nanovectoriser	1	texte	73184
diffuser	6	texte	73184,70918,68275,67795,70748,72393
composé	15	texte	73184,76206,76511,75790,71843,72634,70425,68280,72118,74750,68390
hématoencéphaliqu	1	texte	73184
excellence	18	texte	73184,72114,69181,68275,70161,73876,73687,70422,72938,71837,71361,67937,72121,75459
labex	4	texte	73184,72938,71837,75459
eurobiomed	2	texte	73184,68393
medicen	3	texte	73184,67799,71360
fédèr	2	texte	73184,73689
umr	15	texte	73184,73683,69817,68275,69812,75793,72634,70745,72631,71837,75459
866	7	texte	73184,72631,68387,75459
dijon	60	texte	73184,72116,69534,76206,69817,76511,74449,67555,73685,75790,70428,69812,75793,73877,70749,71842,72634,68643,72394,70420,67798,68279,72396,72631,75462,76209,68387,74169
coder	5	texte	73184,67800,75790,72631
permet	9	texte	73184,72934,73431,72629,72398,68273,70420,68279,71362
antioxyder	2	texte	73184
liposoluble	1	texte	73184
lagrost	8	texte	73184,75459
invalidation	1	texte	73184
35	13	texte	73184,69533,76213,67391,73875,73684,68885,71840,68279,76208,68383
noter	4	texte	73184,69533,72400,68387
cognitif	8	texte	73184,76206,67556,72401,75790,76515
essentiellement	12	texte	73184,69533,72113,73182,69814,67555,73684,67798,72630,72118,72939,67937
pltpknocked	1	texte	73184
out	1	texte	73184
peptide	18	texte	73184,72115,67390,73878,67937
bêtaamyloïde	3	texte	73184,70914
mixte	33	texte	73184,68639,73431,67068,73683,69180,67556,68883,76514,68885,69812,69184,75793,70745,67944,70420,67388,70743,72630,68278,72631,71612,71837,68387,75458,68385,75459
710	1	texte	73184
insermecole	1	texte	73184
etudesuniversité	1	texte	73184
montpellier	26	texte	73184,69537,73430,69817,67392,67387,68275,69182,67800,73684,68887,67383,74453,72938,71614,72121,75464
démence	2	texte	73184,68277
amylgen	1	texte	73184
rongeur	3	texte	73184,72631,75458
injecter	4	texte	73184,68884,76509,73189
fragment	2	texte	73184,67802
mimer	1	texte	73184
dijonner	3	texte	73184,69534,72631
aggravation	1	texte	73184
mémoire	22	texte	73184,67386,67554,69540,76515,68887,73876,73879,67798
court	7	texte	73184,72934,70747,71835,70915,76209,71366
oxyder	4	texte	73184,76511
supplémenter	1	texte	73184
contrecarrer	1	texte	73184
illustre	3	texte	73184,72113,71835
satisfaisant	4	texte	73184,74449,70421,74453
vraie	8	texte	73184,74172,73430,73182,67386,68884,70421,68391
enthousiasmer	13	texte	73184,73432,72115,73684,69812,74457,71842,75788,72394,70420,74168,75459
encourageant	6	texte	73184,74454,72630,68387,75458,74169
joue	9	texte	73184,76206,68274,69181,70161,73685,70749,70914
rétine	2	texte	73184
poursuiventeller	1	texte	73184
rétinien	1	texte	73184
lionel	7	texte	73184,69812,71358
bretillon	1	texte	73184
codiriger	5	texte	73184,69534,73431,75790,75459
œil	1	texte	73184
signalisation	4	texte	73184,72116,67802
cellulaire	14	texte	73184,72116,67556,69183,68887,72397
csger	9	texte	73184,69534,76206,74449,67555,73685,75790,70749
répercussion	1	texte	73184
dysfonctier	1	texte	73184
épithélial	2	texte	73184
dirige	11	texte	73184,70165,70745,67945,72637,76508,70743,70423,69539,68387
alf	1	texte	73184
lamprecht	1	texte	73184
cherch	1	texte	73184
transport	32	texte	73184,72937,67796,70162,75795,73875,70165,69186,68273,69541,67553,74456,68888,75071,72939,71362,76208,75466,71358,75459,71617
bioprotein	1	texte	73184
vaccin	13	texte	73184,72935,69813,67937
recombinant	1	texte	73184
lait	12	texte	73184,76511,67555,68885,67388,75458
lapine	1	texte	73184
transgénique	1	texte	73184
jouyenjoser	1	texte	73184
consortium	14	texte	73184,72934,69181,70163,70424,72394,74453,75065,74745,72121
acquérir	26	texte	73184,69537,76211,73432,69534,72114,73431,73683,72629,67795,69811,73686,69812,68281,75789,72637,74451,72395,72630,73881,70915,71837,74745,68391
conviction	2	texte	73184,75793
étendre	10	texte	73184,74172,75068,67068,69180,68646,67561,73880,67071,68391
cohérence	7	texte	73184,74172,72934,70161,68885,68889
ajout	7	texte	73184,67553,74455,70746,74451,74750
coordinateur	14	texte	73184,75069,69181,74449,67555,75790,67388,70422,72118
prost	10	texte	73184,76511,75789,68387
dijonnais	28	texte	73184,69534,69817,76511,73685,75790,69812,75793,70749,71842,72634,73879,68643,72394,70420,67798,72631,68387,75459
laraspiral	1	texte	73184
plupart	15	texte	73184,69534,73182,72115,67386,69816,69812,73876,72634,70753,73879,74454,70746,68643
montr	2	texte	73184,67795
démonstration	25	texte	73184,72937,69534,75068,70919,75797,70162,68881,67554,69178,70170,69179,67383,75792,70426,73884,75071,72939,71835,74752,74168
incidence	2	texte	73184,75065
causalité	1	texte	73184
conclutil	10	texte	73184,71621,73430,76206,67068,73875,73876,75789,67071,74169
créée	2	texte	73184,73875
reconduire	1	texte	73184
lipide	18	texte	73184,72116,67800,72631,68385,75459
lnc	1	texte	73184
fédérer	15	texte	73184,76211,69817,72398,70170,67553,72634,70420,73881,72938,71358,74746
200	31	texte	73184,73432,72116,73430,67554,75795,68886,68885,69812,72635,72392,70425,75789,69820,74450,72630,74452,75461,72938,71612,72119,71837,75066,70916,75458
métabolisme	7	texte	73184,67800,71837,68385,75459
cardiovasculairer	3	texte	73184,76511
9èm	9	texte	73184,75796,76511,70914,75462,76209,75459
axer	13	texte	73184,72115,67555,67803,74450,67798,72631,75065,71362,70916,71361,71617
épidémiologie	3	texte	73184,67555,74452
inserm/unité mixte de recherche 866 - laurent lagrost - email : laurent.lagrost@u-bourgogne.fr	1	contact	73184
8èm	8	titre	73190,72937,72396
evénemer	32	texte	73190,72937,74174,67392,75797,67804,72400,73691,76514,69186,70428,69543,69542,70749,74456,67946,70751,67561,70169,70168,71845,73883,73882,73881,71363,75071,72938,75466,72121,75464,73438,72120
8ème	2	texte	73190,68279
esiee	7	texte	73190,70168,75071
chambre	12	texte	73190,69817,75795,68273,67553,71842,70168,70420,72396,75071,74745
commerce	9	texte	73190,76213,76207,75795,67553,70169,70168,72396,75071
100	23	texte	73190,73432,68883,69814,70165,75793,75792,70167,72392,70425,75789,73878,73688,67941,67388,74451,75065,70917,71836,70916
enseignantschercheur	5	texte	73190,70168,73882,71362,68393
doctorant	7	texte	73190,69536,70168,72394,71612,71361
correspondant	1	texte	73190
télécommunications	17	texte	73190,72934,67068,67386,75789,70168,76508,68392
génie	18	texte	73190,72937,70161,72393,73883,75071,71362,71361
biotechnologie	19	texte	73190,68277,73691,67946,74455,70168,67388,75071,72121,68384,68385
bioindustrie	1	texte	73190
killer	1	texte	73190
multiplatform	1	texte	73190
os	13	texte	73190,73431,69184,71612
android	1	texte	73190
window	2	texte	73190,76507
phone	1	texte	73190
établir	29	texte	73190,69533,76213,70163,68883,67554,69811,70748,69185,68645,70425,72632,68642,68640,73880,75065,75064,70915,70916,68386,74750,71614,74168
subject	1	texte	73190
propulseur	2	texte	73190,69179
aquatique	4	texte	73190,71618,73433,71837
munir	1	texte	73190
phare	9	texte	73190,72935,68274,75795,68273,72633,70420,74450,70914
naviguer	6	texte	73190,73183,73683,75063
informer	5	texte	73190,73182,76514,67803,72122
plongeur	1	texte	73190
état	38	texte	73190,72937,73183,75069,67386,69182,76511,74449,70161,68882,69540,67801,73876,73877,67553,72392,72393,70751,69820,68280,70424,74450,67940,68642,68279,67943,71835,75462,68383,75063,71366
profondeur	7	texte	73190,73688,70743,68383,70916
egalement	2	texte	73190,70751
intelligence	14	texte	73190,68276,70166,67945,76509,70421,75063
robotique	26	texte	73190,75791,67383,72392,73884,67945,72122,75466,71614
handicapé	3	texte	73190,67941
assister	18	texte	73190,73183,72629,72398,70165,75790,68885,69185,67941,72396,70917,75063,74744,71614,74168,71617
décerné	2	texte	73190,70168
extia	2	texte	73190,70168
parrain	2	texte	73190,70168
cuvée	1	texte	73190
santéenvironnementhandicap	1	texte	73190
spi	1	texte	73190
ican	3	texte	73190,72934
contest	1	texte	73190
of	33	texte	73190,72113,69534,76207,73431,70919,69180,68881,69814,70161,68886,69811,69184,73876,67802,72393,67945,69819,67942,70422,71837,68386,71614,72120
nanomicro	1	texte	73190
evénement	74	rubrique	73190,71620,74176,72937,74175,76212,74174,75796,67392,75797,75795,67804,72399,72400,73691,76514,70170,76515,69186,73690,70428,69543,67803,76516,69542,70749,68889,74456,73884,67946,70751,67561,73689,70169,70168,69820,67945,70752,71845,73883,73882,73881,71363,75071,72939,72938,72122,75466,72121,75464,73438,75465,72120
esiee - christine cevaer : tél. : +33 (0)1 45 92 65 92 email : c.cevaer@esiee.fr - http://jourdesprojets.esiee-paris.fr	1	contact	73190
débarqu	2	titre	74172
iledefrance	13	titre	74172,67795,68277,67553,70422,75071
juste	11	texte	74172,76207,73683,72394,72631,71612,71359,68393,71614
aboutissement	6	texte	74172,73683,69179,74454,70420,76508
christophe	11	texte	74172,69817,72392,70420,72396
breuillet	4	texte	74172,76511,72396
pierre	19	texte	74172,72117,76213,68273,69812,71842,74450,73882,70421,67798,70743,70916,67937,74744
guez	7	texte	74172,71842,68643
solide	28	texte	74172,72113,68639,72934,74174,67068,73683,72629,69179,70166,67802,73687,70426,69177,68644,72634,75789,74454,68280,68643,70422,72119,75462,75464
binôme	2	texte	74172,74752
soudainement	2	texte	74172,73688
précédemment	8	texte	74172,73683,70161,73685,72634,74451,68640,72118
agroparis	2	texte	74172,72121
bourguignon	11	texte	74172,73685,73877,70420,68279,68387
franccomtoise	2	texte	74172,74455
francilienne	1	texte	74172
souliginetil	1	texte	74172
évidence	17	texte	74172,72116,73683,76512,74449,70161,71843,67389,67798,72632,67942,75067,71836,67937,74744,75459
thématique	49	texte	74172,74748,72937,72116,76212,76213,73431,72398,67795,70161,72400,76514,69543,75793,72393,67946,70751,70745,69820,68642,70422,68279,72631,67071,72938,75064,71359,71615,72120
articuler	17	texte	74172,74748,68639,71620,74176,73430,72400,70426,71842,68279,71361,75466,72121,75459,71617
séduir	4	texte	74172,75788,70421,76209
dessiner	8	texte	74172,69535,73684,70746,72633,72630,75458
immense	15	texte	74172,73433,73875,68887,69184,71842,69821,73878,71835,71359,67937,75458,74752,74168
territoir	1	texte	74172
pont	5	texte	74172,73875,74450,72396,70916
agglomération	5	texte	74172,70170,71842
melun	2	texte	74172
val	6	texte	74172,67945,72939,72938
seine	4	texte	74172,68279
seineetmarne	2	texte	74172
moitié	14	texte	74172,73183,68274,67556,73685,73684,70753,68646,71840,72630,75064,71359
superficie	4	texte	74172,69814,75461,75458
réjouir	3	texte	74172,72629,72636
pratiquemer	2	texte	74172,71836
chargé	1	texte	74172
favorablement	1	texte	74172
fédération	6	texte	74172,67553,67944,70169,74746
collaboratier	1	texte	74172
fédérateur	2	texte	74172,72937
romain	2	texte	74172,75066
nouffert	1	texte	74172
lesieur	2	texte	74172,75793
collaborer	11	texte	74172,69536,75069,69180,67795,75790,67383,72634,73879,72396,71614
patrick	1	texte	74172
falconnier	1	texte	74172
sénagral	1	texte	74172
vitagora - marthe jewell : tél. : +33 (0)03 80 78 97 92 - email : marthe.jewell@vitagora.com	1	contact	74172
midinnov	6	titre	74748
labège	1	texte	74748
minute	15	texte	74748,76212,68881,69182,73691,70744,71843,73689,68281,68640,74168,73438
mpi	3	texte	74748,75066
midipyréner	10	texte	74748,76512,70170,73884,75789,74450,75066
1500	7	texte	74748,73432,73875,69179,74454,73880,71358
170	1	texte	74748
exposant	7	texte	74748,69542,74456,73884,70169,72122,73438
valorisation	16	texte	74748,72117,73431,73683,67385,73877,67946,72634,72630,72939,71362
cluster	24	texte	74748,76212,73691,73687,67553,73689,72396,74746,68384
grappe	4	texte	74748,73687,72630
généraliste	2	texte	74748,72936
sport	20	texte	74748,69536,76212,75797,73689
atelier	21	texte	74748,75068,75796,76513,68882,76515,68885,67946,72636,70169,70915,71359,73438
exposition	17	texte	74748,74176,69535,75796,67385,70170,76515,68645,74456,73884,70751
convergence	4	texte	74748,71360,72122,71359
220	3	texte	74748,75794,69813
1160	1	texte	74748
empoi	1	texte	74748
2600	1	texte	74748
indirect	2	texte	74748,72401
10000	7	texte	74748,72934,67068,70167,69821,69818,68387
équivalent	5	texte	74748,73431,72629,70424,68390
bénévole	1	texte	74748
774000	1	texte	74748
sportif	9	texte	74748,69536,72114,70165,70744,73689
licencier	1	texte	74748
dynamiser	5	texte	74748,68383
collaboratif	14	texte	74748,75068,72634,73879,68281,67941,75064,71360,71361,71359,75465
axe	21	texte	74748,68639,73430,68883,67795,68882,73875,73684,69812,72395,68279,72631,67937
prioritaire	2	texte	74748,73877
vélo	2	texte	74748
bienêtre	21	texte	74748,76511,75793,67798,74752
13	11	texte	74748,68274,67555,69179,67946,70751,72630,73880,72118
egalemer	1	texte	74748
innovative	5	texte	74748,73431,73683,72939
sh	2	texte	74748,72939
salon	30	texte	74748,73431,68274,73683,69817,70165,69543,73687,67553,70169,67941,70420,74452,72939,74746,74747,72120
big	3	texte	74748,75796,70424
dater	8	texte	74748,73683,75796,67556,68887,70747,72397,70916
décrypter	3	texte	74748,73183,73877
prédiag	1	texte	74748
souhaite	2	texte	74748,76207
didactique	4	texte	74748,73431,67392,67561
collective	1	texte	74748
gourminnov	1	texte	74748
aggroalimentaire	1	texte	74748
midinnov - http://www.midinnov.fr	1	contact	74748
prédir	5	titre	71618,69816,67390,71837
nuisible	2	titre	71618
intensifier	2	texte	71618,73877
invasion	1	texte	71618
biologique	38	texte	71618,71620,73183,76213,69180,68277,76511,68887,73877,73688,70746,68643,70420,67798,74453,68279,69539,75067,74750,75458,68385
exponentiel	1	texte	71618
phytosanitaire	3	texte	71618,68643
arp	2	texte	71618
sonteller	3	texte	71618,67794,67798
cartographier	7	texte	71618,69537,70424,67389,73880
module	17	texte	71618,72114,70162,76507,67554,67390,68273,75793,74451
générique	3	texte	71618,67554,72938
applicable	2	texte	71618,76207
parasite	2	texte	71618
atteinte	4	texte	71618,73431,68640,73189
zoologie	1	texte	71618
ecologie	7	texte	71618,69181,67387,70745,71837,75458
prairie	2	texte	71618,71837
homologue	5	texte	71618,72113,69814,70746,72119
simulation	48	texte	71618,69533,75796,70162,69182,69814,69540,72392,69820,67945,70421,68279,70914,72939,75064,75463,70916,74745,74744
renseignement	3	texte	71618,69177,75071
préalablement	5	texte	71618,76212,69183,75067,74750
contrainte	8	texte	71618,68882,69812,72394,70421,72630,75067,71614
croissance	40	texte	71618,73433,76210,72114,73431,67385,75795,69811,73685,67802,69177,71840,73879,72633,74450,72396,75461,71360,70917,71837,68383,75466,74746,75458,68390,73438,68385,71617,75465
répartition	3	texte	71618,70919,70424
géographique	8	texte	71618,70162,68275,74449,73875,68889,73881
hôte	1	texte	71618
insecte	12	texte	71618,76213,71843,68387,67937
nématode	1	texte	71618
pathogène	6	texte	71618,69183,73686,68643,68387
utile	16	texte	71618,73432,67387,68883,70161,69179,74457,73879,75789,71836
inra/centre d'orléans - christelle robinet : tél. : +33 (0)2 38 41 80 38 email : christelle.robinet@orleans.inra.fr	1	contact	71618
elearning	5	titre	70923,75063
universitaire	34	texte	70923,72937,76513,67795,70161,75793,73877,70745,68646,67561,73879,74454,72394,67799,76509,67798,67940,73881,72631,68387,75458,74752
5000	5	texte	70923,75795,68276,75066,68387
prestigieu	1	texte	70923
recourir	4	texte	70923,72934,68644,74453
marc	2	texte	70923,67940
fouchecour	1	texte	70923
grandement	2	texte	70923,70423
élèveingénieur	2	texte	70923
précisément	6	texte	70923,69816,67794,69540,67389,71361
rechercher	7	texte	70923,70425,74450,68279,71835,75460,72121
eportfolio	1	texte	70923
portefeuille	8	texte	70923,72395,71360
gérer	20	texte	70923,71838,73431,76507,69182,69814,76510,69812,75792,73877,68643,76509,74451,70421,71360,74751,71616,74747
témoignage	7	texte	70923,74174,75796,68276,70170,67561,71612
progrès	9	texte	70923,72113,73432,67554,67553,74450,74745,74746
saider	1	texte	70923
mraihi	1	texte	70923
recruter	17	texte	70923,73430,73683,70161,75790,67801,69812,67383,69185,68888,72631,71358,71616
95	4	texte	70923,76210,74449,75792
favoriser	17	texte	70923,69816,72398,73684,73690,69541,70166,69813,70751,68642,68641,70914,71615,74746,68384
interactivité	1	texte	70923
déroulement	2	texte	70923,69177
scolarité	1	texte	70923
facilement	10	texte	70923,76511,69178,67553,70425,68281,75462,73189,74750,74168
confier	6	texte	70923,73182,73685,69179,67941,74169
horizons enseignement	8	rubrique	70923,76513,69541,68888,68281,74751,68393,68392
arts et métiers paristech - aurore tixier : tél. : +33 (0)1 44 24 64 35 email : aurore.tixier@ensam.fr	1	contact	70923
giec	8	titre	69533,70916
rappelonsle	22	texte	69533,72113,71838,76206,70919,69816,73875,73687,69177,68283,68281,72632,68640,68641,75064,71836,67937,75466,74746,68390,74168
intergouvernemental	3	texte	69533,68642,70916
évaluation	13	texte	69533,70918,72935,70162,69815,68645,71845,67798,70914,70916,74744
cinquième	7	texte	69533,70745,74451,71361,71615,68387,71617
respectivement	2	texte	69533,67802
1990	11	texte	69533,67068,72115,70161,71840,70424,72632,72630,69539,74745,74746
traite	2	texte	69533,75790
compréhension	17	texte	69533,72113,73431,68881,67794,69811,73877,70426,75788,70420,76508,69819,67942,70916,71359,67937
estimation	3	texte	69533,72935,67392
socioéconomique	7	texte	69533,67795,69538,72939
atténuation	3	texte	69533,75794,67071
gaz	29	texte	69533,72114,71838,73182,70162,68881,67385,69811,76514,68278,75067,75463,74745
serre	22	texte	69533,72114,71838,69817,69811,70165,71842,70420,68278,75463
conclusion	9	texte	69533,72117,70164,69184,70166,68645,72630,69538
5ème	9	texte	69533,75797,73691,73687
cmip5	3	texte	69533
pmrc	1	texte	69533
mobilis	1	texte	69533
météofance	1	texte	69533
upmc	8	texte	69533,75070,71360,75063,74746,68384
pierr	17	texte	69533,76213,68277,71842,70424,68643,67799,75070,75460,71360,75063,74746,68384
marie	12	texte	69533,68277,68882,69184,70424,67799,75070,75460,71360,75063,74746,68384
curi	7	texte	69533,68277,67799,70914,75460,75063,68384
uvsq	1	texte	69533
versaille	1	texte	69533
saintquentinenyveline	1	texte	69533
inclure	4	texte	69533,70918,68881,67554
précis	10	texte	69533,67068,67387,68881,76511,70424,76208,71615,74744
soustendre	1	texte	69533
rétrospectif	3	texte	69533,67794,68645
cinquante	6	texte	69533,73875,74168
20102035	1	texte	69533
linéaire	5	texte	69533,74450,67943
démographique	2	texte	69533,76213
globe	3	texte	69533,67794,71836
projection	4	texte	69533,76515,70916
étaientelle	1	texte	69533
modélisateur	1	texte	69533
parallèle	14	texte	69533,73183,67555,70170,67383,73877,70751,73879,76508,72397,76208,75458
élaborer	9	texte	69533,72113,69536,75069,76206,69812,75064,70916,75063
trajectoire	5	texte	69533,70744,68644
representative	1	texte	69533
pathway	1	texte	69533
rcp	2	texte	69533
provenir	12	texte	69533,72935,72115,68881,67795,67555,73684,70166,73884,73880,75463,71359
jouzel	1	texte	69533
ceer	17	texte	69533,72114,72629,67554,76510,75792,72392,74451,70421,68640,67071,75463,74744,74168
cnrsceauvsq	3	texte	69533,68645,75463
2100	1	texte	69533
sévère	10	texte	69533,72113,76210,70163,69815,67801,73686,75065,75458
optimiste	3	texte	69533,73182,67794
cependant	4	texte	69533,70918,67553,73878
intensification	2	texte	69533,70917
évaporation	1	texte	69533
planétaire	7	texte	69533,71621,70163,75458
confirmation	1	texte	69533
fonte	3	texte	69533,73183
banquise	6	texte	69533,73183
arctique	12	texte	69533,73183,73880
pessimiste	2	texte	69533,67794
disparaître	7	texte	69533,71621,73431,73683,67558,75458,74169
2040	7	texte	69533,69535,69538
2060	1	texte	69533
coupler	9	texte	69533,68639,72115,70163,68275,69182,69178,73878,72394
carbone	15	texte	69533,72114,67387,68882,69811,69179,68283,75789,71615,74750,74168
anthropique	4	texte	69533,67942,75458
xxième	3	texte	69533,70161,68383
combiner	13	texte	69533,67386,69816,67554,72392,70426,70751,70420,70421,75070,71361,71616
regard	11	texte	69533,73432,73182,68881,73685,70749,70744,71835,75462,71836,74750
268	11	bulletin	69533,69537,69536,69534,69535,69540,69541,69543,69542,69538,69539
26/03/2012	11	date	69533,69537,69536,69534,69535,69540,69541,69543,69542,69538,69539
giec : http://www.ipcc.ch/	1	contact	69533
roucairol	7	texte	72113,73182
ancien	24	texte	72113,73433,69536,76213,73431,73683,76512,72629,70161,73875,73877,72393,70424,74450,69819,72630,70422,75071,68383
bull	6	texte	72113,73182,70914
élire	2	texte	72113,73182
20132014	1	texte	72113
bruno	20	texte	72113,73430,73431,72633,76508,67937,71366
revellinfalcoz	6	texte	72113
poste	6	texte	72113,75068,73182,70162,75789,75064
honoraire	4	texte	72113,76213
déléguer	2	texte	72113,71616
dassault	2	texte	72113,67068
assumer	1	texte	72113
candidat	9	texte	72113,73432,73430,76206,72935,71360
noyau	17	texte	72113,69178,73877,67943,74168
comité	11	texte	72113,73433,70163,73877,70424,67937,68386,74746
cada	1	texte	72113
regrettable	1	texte	72113
fil	20	texte	72113,73432,73683,67386,76511,68276,68885,67383,73877,67553,71842,68646,76509,75066
1901	1	texte	72113
notoriété	4	texte	72113,72114,68882,73684
utilité	2	texte	72113,75793
transformation	7	texte	72113,68885,69819,68279,74168
etablissement	1	texte	72113
indépendance	3	texte	72113,73875
double	8	texte	72113,76213,67794,68644,69818,74450,71359,75063
interlocuteur	3	texte	72113,68885,68643
décideur	7	texte	72113,70162,70164,67803,68645,72939
opinion	4	texte	72113,72940,74457
remplir	3	texte	72113,76211,74752
doter	22	texte	72113,73433,69817,76507,75791,68273,73876,72634,70753,68281,75788,72633,70420,76509,70421,75064,75066,75063,68391
devise	1	texte	72113
raisonner	2	texte	72113,76213
aider	11	texte	72113,76211,73430,75069,69811,67553,73878,68643,68642,68641,75465
émérite	4	texte	72113,73432,73183,73683
70	13	texte	72113,69537,73183,73430,76507,67555,70744,71840,72394,75066,71836,71358,74168
spectr	1	texte	72113
pharmacien	2	texte	72113,70745
agronome	9	texte	72113,76213,74457,69821
urbaniste	1	texte	72113
architecte	4	texte	72113,73875,71836
juriste	1	texte	72113
sociologue	2	texte	72113,76509
spécificité	3	texte	72113,76507,67802
françaiser	1	texte	72113
sociétal	6	texte	72113,74176,69535,68275,72939,70916
environnemental	38	texte	72113,71621,72116,75069,76213,69535,67387,68275,69182,68882,68887,69812,75792,69813,72637,71845,70420,74453,67071,71362,71837,70916,74745,75458,71617
dépendre	9	texte	72113,72116,76206,75795,67794,68886,67553,72392,67388
rattacher	4	texte	72113,73431,68646,75067
lobby	1	texte	72113
judicieux	3	texte	72113,71836,74746
mélange	9	texte	72113,76511,70166,73878,69819,75464
affirmer	5	texte	72113,72398,75792,73877,69821
expérimentation	21	texte	72113,76207,73683,67385,67555,69179,68885,75793,73877,71842,70743,68279,70914,74168
vérifion	1	texte	72113
présidence	4	texte	72113,73182,70914,67937
thème	12	texte	72113,69535,72398,72399,68882,70164,67803,73877,68889,74456,72121
variété	8	texte	72113,69535,69182,67391,74449,68882,73877,70420
pleinement	17	texte	72113,72116,69817,76511,74449,68885,73687,74455,70420,70421,67798,68279,72396,75461,71614,75458
spectre	5	texte	72113,70162,72629
ville	18	texte	72113,73182,67068,69535,68277,76511,72400,67555,73875,73690,67383,68889,68280,72396,67071,72939,75466
décarboner	4	texte	72113,70426,71363,72121
domomédecine	1	texte	72113
validation	10	texte	72113,68883,67554,69815,69179,75793,72118,70914,75064,74751
vertu	2	texte	72113,67558
economiqu	3	texte	72113,67561,68393
datar	2	texte	72113,69535
bouffée	2	texte	72113,72934
oxygène	7	texte	72113,68883,76511,68884,70426,73688
écrire	5	texte	72113,68276,71835
80	17	texte	72113,73432,72114,75796,69541,67553,72392,72393,68646,67941,73883,69818,76508,67942,71615,67937
langue	2	texte	72113,70422
bois	4	texte	72113,73683,67387
bousculer	2	texte	72113,74169
métallurgie	3	texte	72113
maintenir	10	texte	72113,71838,75069,72934,69535,73683,67554,69184,70915
métallurgique	1	texte	72113
sidérurgique	1	texte	72113
caractère	3	texte	72113,69182,72393
hautement	4	texte	72113,67553,68645,75464
indépendant	3	texte	72113,67553,71840
circuit	10	texte	72113,67554,73879,70423,76209
imprimer	8	texte	72113,72114,73431,70167,70423
motoriste	1	texte	72113
disposion	1	texte	72113
cuve	2	texte	72113,67388
réacteur	28	texte	72113,72629,69178,72392,72397,75064,70915,74168,71617
fondeur	1	texte	72113
appartenir	3	texte	72113,69183,75458
council	6	texte	72113,68888,71615,68386
academie	1	texte	72113
applied	2	texte	72113,69180
engineering	3	texte	72113,67945,71617
eurocase	1	texte	72113
célébrer	3	texte	72113,69542,71614
annuel	16	texte	72113,67392,75797,73691,73684,68889,73878,72633,73881,68279,75466,75458,74747,75465
energy	3	texte	72113,69537,67557
independence	1	texte	72113
secrétariat	1	texte	72113
277	10	bulletin	72113,72117,72116,72114,72115,72118,72119,72122,72121,72120
31/01/2013	10	date	72113,72117,72116,72114,72115,72118,72119,72122,72121,72120
académie des technologies - catherine côme : tél. : +33 (0)1 53 85 44 30 email : catherine.come@academie-technologies.fr - http://www.academie-technologies.fr	1	contact	72113
bruno revellin-falcoz, président honoraire et délégué aux relations internationales de l'académie des technologies crédits : académie des technologies	1	legendeImage	72113
openlab	4	titre	68639
computational	5	titre	68639,67945
mechanics	1	titre	68639
mechanic	3	texte	68639
constructeur	8	texte	68639,75796,67386,72399,70748,74745
automobile	24	texte	68639,68274,73685,70748,73884,74455,68280,76508,68642,70914,75066,68383,75063,71358
psa	8	texte	68639,70161,70748
peugeot	5	texte	68639,70748,68383
citroën	4	texte	68639,70748
openlabs	1	texte	68639
matérial	9	texte	68639,76210,75796,68276,71362,68390
fatigue	1	texte	68639
sollicitation	5	texte	68639,70425,72394,67389
thermique	14	texte	68639,69537,72934,71839,67796,70165,72940,69818,68640,72630,75066,71836
physicochimique	3	texte	68639,70423,74752
levier	4	texte	68639,68882,71840,68642
simuler	7	texte	68639,70162,75792,70421,74453,70914
multiphysique	1	texte	68639
vise	8	texte	68639,68277,68882,72395,70916,72122,75458
multifonctionnel	2	texte	68639,71361
micro	6	texte	68639,74174,68881,69814,69186
nanostructuré	1	texte	68639
pilotable	1	texte	68639
ecole polytechnique - nathalie litwin : tél. : +33 (0)1 69 33 38 93 - email : nathalie.litwin@polytechnique.edu	1	contact	68639
hémangiome	7	titre	72117
infantile	4	titre	72117
transfert	47	titre	72117,69534,75068,73431,73182,71839,67392,68881,67554,69815,72392,70426,71842,70745,70753,73878,70746,72394,74451,72938,71612,71362,75067,71614,74746,75459
aquitaine	21	titre	72117,74176,73431,75795,67391,73687,67553,75067
autrefoi	3	texte	72117,67798,70917
nommée	1	texte	72117
fraise	1	texte	72117
tumeur	7	texte	72117,70918,67068,67802
bénin	2	texte	72117,67801
tapir	1	texte	72117
vaisseau	3	texte	72117,69177,73189
sanguin	8	texte	72117,67801,68387,73189
occident	2	texte	72117,68383
nourrisson	4	texte	72117,70428,70749
cou	1	texte	72117
tronc	1	texte	72117
15	33	texte	72117,73183,68274,69815,73691,73875,76515,67801,73684,68273,75792,72392,69177,70747,71840,73879,70169,67945,71841,67799,76508,72630,72396,68641,75065,72119,70916,68387,73188,71614,75458
codéveloppée	1	texte	72117
fabr	2	texte	72117
dermatologie	4	texte	72117,75067
oral	4	texte	72117,74449,72631
pédiatrique	2	texte	72117
bêtabloquer	1	texte	72117
positif	14	texte	72117,76511,69183,67555,67801,70166,71842,69818,68387,71366,75458,74168
phase	47	texte	72117,72935,72934,75068,68881,76511,67385,67555,70164,69179,75793,75792,69813,69177,72393,75788,75789,74454,73878,67388,74451,67798,68642,75461,75065,71360,70916,71616,74168
iii	7	texte	72117,75065,71616
guérison	1	texte	72117
quasicomplète	1	texte	72117
majorité	10	texte	72117,71621,75795,73875,67389,71835,75462,68387,74752
absence	8	texte	72117,73182,73684,69184,70745,75065,70917,68383
placebo	3	texte	72117,72935,75065
maruho	1	texte	72117
exclusif	5	texte	72117,76210,68274,68279
soleil	9	texte	72117,67385,67390,69186,73684,72396,74168
levant	1	texte	72117
médical	35	texte	72117,73432,73431,76507,68881,76511,69815,69543,73877,74454,71841,67941,67389,67798,67940,74453,76208,75067,67937,74750,71616,74746,75458
propranolol	1	texte	72117
docteur	13	texte	72117,73683,67795,67801,70426,74453,71837,68387,71616,74747
christine	10	texte	72117,71621,73685,69184,74744
léautélabrèz	1	texte	72117
valo	1	texte	72117
brevetabilité	1	texte	72117
satt	3	texte	72117,73431,75067
aquitaine science transfert - claire moras : tél. : +33 (0)5 56 46 20 73 email : c.moras@ast-innovations.com - http://www.ast-innovations.com	1	contact	72117
évapotranspiration	8	titre	69537
vigne	25	titre	69537,76512,69182,76511,73684,73877,68387
probante	1	texte	69537
viticole	6	texte	69537,73877
complexité	4	texte	69537,73877,71837,74744
cartogaphier	1	texte	69537
languedocroussillon	8	texte	69537,73430,76512,68275,69182,73684,71614,74169
monocultur	1	texte	69537
hydrique	4	texte	69537,69182,68387
fortement	13	texte	69537,76213,69181,68882,68885,70167,68888,70915,75463,70916,71358
saison	3	texte	69537,75458
estival	1	texte	69537
sec	5	texte	69537,69182,75458,68385
bas	10	texte	69537,73684,69179,69821,69818,67942,70915,74746,74168
vallée	5	texte	69537,69813,68645,72392
peyne	2	texte	69537
affluer	1	texte	69537
hérault	1	texte	69537
vign	10	texte	69537,73684,73877,68387,74169
occupe	1	texte	69537
douze	2	texte	69537,71616
aster	1	texte	69537
convertir	3	texte	69537,69814,69539
journalier	2	texte	69537
indice	1	texte	69537
wdi	1	texte	69537
index	2	texte	69537
sseb	1	texte	69537
simplified	1	texte	69537
balancer	1	texte	69537
sept	5	texte	69537,69179,75064
parcelle	7	texte	69537,73877,71842,68279,75458
représentatif	2	texte	69537,67388
variabilité	10	texte	69537,69181,67387,68882,75790,70420,67388,75463,70916
pédopaysagèr	1	texte	69537
directer	2	texte	69537,72121
covariance	1	texte	69537
régulier	4	texte	69537,69182,70744
neutronique	2	texte	69537,69178
nappe	1	texte	69537
piézométrique	1	texte	69537
stable	10	texte	69537,69540,67802,67558,71616,68390,75459
semblable	2	texte	69537,68644
125000	1	texte	69537
irrigation	3	texte	69537,70746,74169
cartographique	2	texte	69537,67944
spatialiser	1	texte	69537
hydrodynamique	4	texte	69537,69542,70743,76208
inra/montpellier - laurent prévot - tél. : +33 (0)4 99 61 31 33 - email : lprevot@supagro.inra.fr	1	contact	69537
sciencer	5	titre	71620,69819,74169
cnam	2	texte	71620,72115
genopole	1	texte	71620
ifris	1	texte	71620
geneviev	3	texte	71620,70914
fioraso	6	texte	71620,73182,70914,71837
réingénierie	1	texte	71620
artificiel	16	texte	71620,76210,69534,69183,74454,67945,70917,71836,75063
session	8	texte	71620,75796,73691,70744,73883,73438,75465,72120
analyser	22	texte	71620,76207,70919,70163,69182,67555,73685,73879,72637,67388,74452,72118,71359,68391
contribution	8	texte	71620,73430,73182,69181,72401,69177,73883,68278
3ème colloque sciences de la vie en société - http://www.genopole.fr/sdv-en-societe-2012.html	1	contact	71620
novaqt	3	titre	74176
vivronsnous	2	titre	74176
manifestation	6	texte	74176,72937,73683,69541,70166,75466
biennal	2	texte	74176,69542
multisite	1	texte	74176
expérimenter	5	texte	74176,75065,74752
débattre	6	texte	74176,67804,72400,73691,72393,75465
think	7	texte	74176,68383
tank	7	texte	74176,68383
décryptée	1	texte	74176
4èm	11	texte	74176,75795,67804,70745,70752,75458
design	19	texte	74176,75068,76513,75790,73876,70751,75788,70423,71836,71359,75466,72120
défi	60	texte	74176,71621,72114,76213,73182,70919,75796,76507,67554,72398,67795,69814,76511,67804,67794,68882,73684,69541,75793,75792,70744,72392,69177,74456,72393,71842,72634,68280,68640,74453,70914,67071,71359,75466,74746,75458,74168
chrono	1	texte	74176
poindre	1	texte	74176
cinquantaine	5	texte	74176,76211,73430,75065,74746
proposeront	1	texte	74176
échelonner	2	texte	74176,67794
orgue	2	texte	74176,73880
refaire	2	texte	74176,73683
enjeux	16	texte	74176,73183,69535,68275,72398,72399,74457,68283,70752,70914,72938
- novaqt - http://www.novaqt-leforum.fr- conseil région aquitaine - rachid belhadj : tél. : +33 (0)05 57 57 02 75 - email : presse@aquitaine.fr	1	contact	74176
calédonien	3	titre	73433
72000	1	texte	73433
recenser	2	texte	73433,68279
formidable	8	texte	73433,67796,73683,72392,75064,76208,74745,67937
côtier	2	texte	73433,73683
calédonie	2	texte	73433
recèlent	1	texte	73433
valoriser	17	texte	73433,73430,73431,67385,69815,68273,68885,73877,67553,70426,73878,71845,76209,75067,73438
adecal	3	texte	73433
technopol	3	texte	73433
nouméa	1	texte	73433
aquarium	1	texte	73433
lagon	1	texte	73433
interministériel	12	texte	73433,69535,70162,75793,72634,73879,67799,69818,70421,67798,74453,74169
amical	1	texte	73433
aquacultur	1	texte	73433
animer	9	texte	73433,73430,76515,70164,72393,69820,70421,68383,75063
adrien	1	texte	73433
rivaton	1	texte	73433
marin	12	texte	73433,71621,73183,68883,70164,67946,70743,67071
jeanpaul	3	texte	73433,72398,74744
cadoret	1	texte	73433
physiologie	10	texte	73433,69534,67800,68887,70746,72631,71837,67937
biotechnologier	2	texte	73433,67946
atlantique	4	texte	73433,68881,73684,75462
nante	14	texte	73433,74175,75068,74449,73685,70743,75462,73189
eldorado	1	texte	73433
cosmétique	21	texte	73433,73685,70166,67946,67558,72630,72118,75067,74744,74750,75458
pharmacie	9	texte	73433,72116,69536,69815,70166,72393,75065,71616
énergi	3	texte	73433,72937,75071
actualités innovation	1	rubrique	73433
ifremer - marion le foll : tél. : + 33 (0)1 46 38 22 40/42 - email : marion.le.foll@ifremer.fr	1	contact	73433
ioi	4	titre	76211
open	19	texte	76211,76513,73876,71359
désigner	3	texte	76211,72397,72631
tirer	8	texte	76211,72937,71621,75794,73684,70753,76208,71617
parti	2	texte	76211,71617
extérieur	8	texte	76211,68881,67795,67385,68885,72634,70421,72397
fournisseur	6	texte	76211,67796,75796,67388,74169
startup	53	texte	76211,75068,76207,67068,72629,68881,75795,73691,67802,71842,73878,68643,67799,74450,74451,74452,75461,75066,76208,71359,71616,75465
central	44	texte	76211,72936,73430,69181,67556,68886,73876,70426,71842,68888,70747,73879,69820,67940,70743,74453,68383,74751,67937,68391
altran	1	texte	76211
mazar	1	texte	76211
profond	11	texte	76211,70918,69181,67794,69178,73876,73688,68279,74750
tpepme	1	texte	76211
conseill	1	texte	76211
rapprochement	4	texte	76211,67068,69535,71358
entre	1	texte	76211
synergie	7	texte	76211,72398,67803,67940,68279,75461
amplifier	6	texte	76211,67802,70747,68643,73189
entretenir	5	texte	76211,72936,73182,70745,71359
vaste	5	texte	76211,67386,69184,74456,70421
renforcer	14	texte	76211,73430,69816,67795,68277,73875,70745,75789,68279,70916,68386,68384
incubation	4	texte	76211,73878,75461
entourer	4	texte	76211,76206,72635,67942
horizons formation enseignement	1	rubrique	76211
291	8	bulletin	76211,76210,76206,76212,76213,76207,76209,76208
20/06/2014	8	date	76211,76210,76206,76212,76213,76207,76209,76208
ecole centrale paris - etienne dages-desgranges : tél. : +33 (0)1 41 13 14 74 email : etienne.dages-desgranges@ecp.fr	1	contact	76211
crédits : wavebreakmedia	3	legendeImage	76211,75795,75793
ouverture	16	titre	72936,73183,75068,68276,68882,72635,68889,72634,73882,71614,71358
casablanca	8	titre	72936,73875
voyage	8	texte	72936,72116,72629,69179,69821,72396
maroc	3	texte	72936,69820
hollande	5	texte	72936,68274
convention	15	texte	72936,69536,69180,67795,75795,73685,70170,67553,73884,68888,72396,71362,68384
avril	25	texte	72936,72934,67068,76511,75794,72399,67555,70165,69186,69543,67383,70167,68889,72393,76509,68640,75462,76209,76208,73189,73188,75459
palais	4	texte	72936,69535,68888,69820
royal	2	texte	72936,74450
roi	1	texte	72936
mohamed	1	texte	72936
vi	1	texte	72936
république	3	texte	72936,73684
hervé	7	texte	72936,70166,72938
biausser	1	texte	72936
312	1	texte	72936
centralien	8	texte	72936,68888,68383
145	1	texte	72936
marocain	2	texte	72936
aîné	2	texte	72936,68882
statut	6	texte	72936,74449,70161,71358
adéquat	2	texte	72936,68882
exigence	8	texte	72936,67386,73684,74450,70915,74751,71617
standard	4	texte	72936,76207,72629,68640
lucratif	1	texte	72936
vatelle	2	texte	72936,71614
pacte	1	texte	72936
emergence	1	texte	72936
20092015	1	texte	72936
former	32	texte	72936,73431,67796,70163,76513,67795,76511,67390,70161,68276,70165,73684,73876,70426,69177,70746,67558,74450,73882,70423,75064,71362,71358,75458,74752,68390
pilotage	10	texte	72936,72937,75791,69179,75792,68884,69177,72637
ecole centrale paris - etienne dages-desgranges : tél. : +33 (0)1 41 13 14 74 - email : etienne.dages-desgranges@ecp.fr - http://www.ecp.fr	1	contact	72936
igpsc	3	titre	72937
arcachon	2	texte	72937,69820
commune	1	texte	72937
défense	24	texte	72937,76511,67553,69177,75789,68279,76208,71836,71615,74745,67937
aménagement	11	texte	72937,69535,73875,70165,68889,67944,75788,71363,67071,70917
cité	4	texte	72937,68643
ingénieri	6	texte	72937,76210,76212,75791,73689,68390
conduite	5	texte	72937,72935,67940,72630
reprise	5	texte	72937,67795,73684,71835
cession	1	texte	72937
smart	1	texte	72937
grid	1	texte	72937
intervention	11	texte	72937,73431,67392,70162,76510,74454,67941,70421,75064
témoin	6	texte	72937,74175,75797,68646,68387
amiral	1	texte	72937
coindreau	1	texte	72937
aéromaritime	1	texte	72937
réaction	13	texte	72937,70162,69178,67800,70746,69819,67943,74750,74168
illustré	1	texte	72937
harmattan	1	texte	72937
libye	1	texte	72937
simulateur	10	texte	72937,67385,74453
assystem	1	texte	72937
- igpsc - renseignements et inscriptions : http://www.avantage-aquitaine.com/conferences/ingenierie13/index.html- emmanuelle pangaud, agence vista point - email : vistapoint64@bbox.fr	1	contact	72937
nacr	4	titre	76210
artificielle	3	titre	76210,67945
tenace	7	titre	76210,73684
céramique	11	titre	76210,68390
défaut	6	texte	76210,67556,68886,73879,68391
fragilité	2	texte	76210,75069
combine	1	texte	76210
métallique	2	texte	76210,71612
résister	6	texte	76210,73877,75789,74745,74750
fissure	9	texte	76210,68886
adjonction	1	texte	76210
limitation	6	texte	76210,72934,70163,67556,69820,68391
limite	16	texte	76210,72934,68274,73683,69814,69540,68273,75792,68884,72635,67798,70743,73188,75464
four	3	texte	76210,75462,71359
nacre	2	texte	76210
ormeau	1	texte	76210
bivalve	1	texte	76210
carbonate	2	texte	76210,69819
calcium	3	texte	76210,69819,71612
aragonite	1	texte	76210
intrinsèquement	1	texte	76210
fragile	7	texte	76210,73431,73683,68886,74746
hiérarchique	1	texte	76210
fonctionnalisation	2	texte	76210,68390
cnrssaintgobain	4	texte	76210,68886,69819,68390
géologie	1	texte	76210
cnrsen	3	texte	76210,73183,73189
lyonuniversiter	2	texte	76210,73189
claude	11	texte	76210,68643,72397,72118,73189,68390
cnrsinser	2	texte	76210,68390
lyonuniversité	2	texte	76210,68390
inspirer	8	texte	76210,71621,70161,68888,70425,72397,71366
denier	1	texte	76210
internet	8	texte	76210,69535,67386,69821,71362,71359,75063
material	1	texte	76210
alumine	5	texte	76210
poudre	5	texte	76210,70166,68644,69819
plaquette	5	texte	76210,69184
microscopique	9	texte	76210,69540,68886,70166,69539,76208,68387,68391
suspension	3	texte	76210,68390
lamellé	1	texte	76210
colloïdal	1	texte	76210
estàdir	11	texte	76210,72934,70163,67390,75794,67555,67802,67941,68387,71614,68390
sédimentation	1	texte	76210
influence	5	texte	76210,67387,72629,69812,67388
gravité	7	texte	76210,68276,67801,73880
refroidir	5	texte	76210,71839,67557,68640,74168
cristal	12	texte	76210,69539,68390,68391
autoassemblage	1	texte	76210
empilement	3	texte	76210,68882
biais	8	texte	76210,72116,71838,67795,70166,72393,67940,74168
densification	2	texte	76210,69181
contourner	1	texte	76210
brique	10	texte	76210,67554,67390,75792,72635,76508,75063
ajouton	5	texte	76210,70162,69811,69542,68279
auoassemblage	1	texte	76210
fabrication	30	texte	76210,72114,75069,75068,71839,76513,76507,67554,69814,76511,68882,70165,68885,67802,72635,67388,72397,75065,75070,70917,74168
alléger	2	texte	76210,75792
saint-gobain - sylvain deville : tél. : + (0)33 04 32 50 06 59 email : sylvain.deville@saint-gobain.com	1	contact	76210
crédits : alphababy	1	legendeImage	76210
microbiote	13	titre	73432,76213,69815
intestinal	13	titre	73432,76213,69815,72631
ignorer	4	titre	73432,74455
metagenopolis	3	titre	73432
tractus	3	texte	73432,68887
digestif	7	texte	73432,70918,70746,71616
renferm	10	texte	73432,68274,76511,75794,69815,67383,75792,73879,67388
presque	7	texte	73432,76206,73683,68881,67391,72394,71835
microorganisme	16	texte	73432,72116,76213,69817,76511,68885,70746,68643,70420
habiter	5	texte	73432,71621,67794
génome	8	texte	73432,76213,69815,73686,71843,68643,70420
métabolique	6	texte	73432,67556,69815,71360,71837,68387
hallucinant	1	texte	73432
metagenopoli	1	texte	73432
mgp	9	texte	73432
cohorte	7	texte	73432,67555,70749
dusko	5	texte	73432,69815
ehrlich	5	texte	73432,69815
parle	3	texte	73432,67383,71842
négliger	3	texte	73432,71363,71835
rappelletil	10	texte	73432,73430,72115,68274,76511,73684,72394,74450,72631,75459
intéress	2	texte	73432,73431
metahit	2	texte	73432,69815
microobese	1	texte	73432
anr	15	texte	73432,67386,76507,69816,67385,75794,74449,75790,70428,70749,70426,75460,68383,71361
rien	13	texte	73432,68886,73684,68887,72392,69177,70747,72636,74450,71835,70915,74744
bactérie	26	texte	73432,71621,76511,67385,69815,69183,70746,74452,67937,68385
proportion	6	texte	73432,69534,67795,67385,67388
couverture	3	texte	73432,75789
spontanée	1	texte	73432
prolongement	2	texte	73432,71842
métagénomique	4	texte	73432,76213,69815
quantitative	1	texte	73432
metaquer	1	texte	73432
séquence	6	texte	73432,69177,68643,70914,75064
fonctionnelle	5	texte	73432,67391,76515,68887,71841
metafun	1	texte	73432
identifier	42	texte	73432,76206,76212,70919,72115,67556,67795,69182,67391,74449,67555,68882,70164,69812,67553,73884,70745,71840,72637,68643,72395,68279,67071,70915,69539,71837,76209,67937,74746
dialogue	2	texte	73432,70164
intégrant	1	texte	73432
substantiel	3	texte	73432,74169
décrocher	5	texte	73432,73685,72630,71612
élargir	4	texte	73432,73182,72398,71836
stocker	19	texte	73432,70162,76511,72940,68273,69184,75792,68884,70426,70914,69539
selle	5	texte	73432
prélever	4	texte	73432,67801,75458
échantillon	19	texte	73432,70919,68886,68885,69812,69177,67388,69819,76208,75067,75458,68391
collecte	3	texte	73432,73684,70916
histoire	27	texte	73432,73182,73683,76507,67795,70161,68276,73875,72634,70753,69821,75788,72630,70422,72396,72631,70914,67071,71835,74745
précurseur	1	texte	73432
20000	5	texte	73432,73183,76510,69541,73438
jouyenjosa	4	texte	73432,69815,70746
extraire	10	texte	73432,76213,68274,76511,75788,72630
efficacement	7	texte	73432,75792,70744,73879,75788,70914,71617
tube	7	texte	73432,70918,67558,73188
robotiser	3	texte	73432,75791,67383
potentialité	5	texte	73432,72115,70162,67391,72630
micali	2	texte	73432
compris	11	texte	73432,70163,69814,73688,72630,73188,67937,68386,74750,75458
repérer	2	texte	73432,67389
génétique	16	texte	73432,69816,67556,67800,70420,74452,76208,67937,68384
inhiber	2	texte	73432,67800
inflammatoire	6	texte	73432,76511,69815,75459
décortiquer	2	texte	73432,76206
intime	3	texte	73432,69819,70914
démonstrateur	7	texte	73432,69534,67797,67554,72121
préindustriel	2	texte	73432,72121
biomarqueur	8	texte	73432,69815,75793,68646
précoce	6	texte	73432,70918,67556,68646,75065
pronostic	2	texte	73432
soulignetil	12	texte	73432,73183,73430,76206,67068,69812,75793,75789,74450,76508,76209
déterminer	18	texte	73432,70919,67387,70162,75794,74449,67800,67801,72635,70424,67388,69819,76209,75458
réceptif	1	texte	73432
lâche	7	texte	73432,72116,73683,73684,73876,70745,72394
demander	8	texte	73432,73182,73683,69183,73685,72395,71835,75458
restriction	1	texte	73432
budgétaire	2	texte	73432
préventif	6	texte	73432,72935,73431,69813,68645,75458
sécurité	34	texte	73432,75069,76207,67796,68274,68881,67794,76514,68885,70744,72392,74456,70425,67945,67941,76208,71615,74751,74745,74744
rallonge	1	texte	73432
dérisoire	1	texte	73432
inra/jouy-en-josas - s. dusko ehrlich - email : dusko.ehrlich@jouy.inra.fr	1	contact	73432
ile	2	titre	71621
pionnier	11	titre	71621,72935,73182,68881,74449,71842,74450,68641,67937
sentinelle	4	titre	71621,70745
avantposte	2	titre	71621
etre	1	texte	71621
insulaire	4	texte	71621
réduit	4	texte	71621,67387,70420,76208
cas	21	texte	71621,68274,67556,67554,73684,73876,70166,69185,68646,74454,70421,67798,75065,71835,76208,75067,70916
vallett	3	texte	71621
nausicaa	7	texte	71621,70164
causse	1	texte	71621
conseiller	10	texte	71621,68274,72629,68283,68643,72394,68640,70422
viennent	2	texte	71621,74752
élever	5	texte	71621,73875,69538,74169,74747
subsistance	2	texte	71621
sontelle	1	texte	71621
compliquer	4	texte	71621,73683,71614
préserver	16	texte	71621,69534,67068,67795,76511,74449,70161,73877,67553,68889,68283,72634,69538,71835
mosaïque	1	texte	71621
peuple	2	texte	71621,68888
biodiversité	16	texte	71621,73183,67387,72398,68882,69812,73877,68889,74457,68283,74452,67071
multitude	9	texte	71621,72934,73684,73876,73877,73879,73880,70916,71359
obliger	3	texte	71621,76511,69540
déchet	12	texte	71621,67385,69178,73684,72392
tourisme	2	texte	71621,68645
tard	21	texte	71621,73430,68274,76507,72629,68881,69811,69812,69177,72394,74450,67798,72630,68279,71835,70916,75063,67937,71614
délibérément	2	texte	71621,74457
regorger	2	texte	71621,73684
donnant	1	texte	71621
investir	6	texte	71621,72114,67794,70421,75461,68387
holothurie	4	texte	71621
fameu	7	texte	71621,67068,72115,70161,70420,70421,70422
concombre	1	texte	71621
raffoler	1	texte	71621
madagascar	1	texte	71621
anse	2	texte	71621
particularité	12	texte	71621,76206,67068,67391,69183,73875,73684,67553,73879,73688,67558,72394
absorber	6	texte	71621,67385,70425,75462,74744
sable	5	texte	71621,73684,69819
renfermer	16	texte	71621,69534,72934,73431,72115,67554,72634,70745,73879,73878,70420,67388,69819,71612,75462
rejeter	3	texte	71621,67557,67555
totalement	20	texte	71621,69181,73683,76507,70161,67555,69540,75793,70749,72635,69177,71841,74450,70421,68279,72939,75064,75063,67937,74169
disparition	2	texte	71621,76213
fuir	13	texte	71621,70162,75793,72634,73879,67799,69818,70421,67798,74453,71360,71361,74169
liège	1	texte	71621
élevage	3	texte	71621,68881,69538
désaisonnaliser	1	texte	71621
ponte	1	texte	71621
revenu	1	texte	71621
a lire	11	rubrique	71621,76213,72401,70429,72940,74457,68283,70753,69821,71366,74752
- nausicaa - centre national de la mer - ingrid picquart : tél. : + 33 (0)3 21 30 99 99 - email : i.picquart@exchange.nausicaa.fr- actes sud - régine le meur : tél. : + 33 (0)5 62 66 94 63 - email : r.lemeur@actes-sud.fr	1	contact	71621
les ïles pionnières crédits : actes sud	1	legendeImage	71621
radeau	6	titre	72116
lipidique	6	titre	72116,72631
appellation	5	texte	72116,69535,68885,74456,75063
lipid	1	texte	72116
raft	5	texte	72116
sonn	1	texte	72116
invitation	1	texte	72116
membrane	22	texte	72116,69183,67800,68273,72634,72397,75462,75067,68387,71616
plasmique	1	texte	72116
microdomaine	3	texte	72116
lipidoprotéique	1	texte	72116
subtil	1	texte	72116
raftomique	2	texte	72116
élucider	1	texte	72116
gouverner	1	texte	72116
membranaire	8	texte	72116,67391,72399
adaptatif	6	texte	72116,67556,68277,67937
finalité	2	texte	72116,68883
influencer	3	texte	72116,69815,67555
microenvironnement	2	texte	72116,73691
conditionner	3	texte	72116,67390,72392
vatell	3	texte	72116,72118,76209
siège	7	texte	72116,71842,70421,67942,75461,75063
structuration	4	texte	72116,70745,72637
traduction	1	texte	72116
modulation	2	texte	72116
génique	1	texte	72116
pénétration	5	texte	72116,76207,70746,71614
nutriment	8	texte	72116,75069,76213,75793,73688,67798,71837
nanomètre	19	texte	72116,72934,70167,72635,70747,67558,74451,72397,70423,75065,72119,68391
phospholipide	1	texte	72116
acide	15	texte	72116,67390,73684,67558,72630,72631,68387
gras	22	texte	72116,69534,75790,67558,72631,68387
polyinsaturer	1	texte	72116
fluidité	2	texte	72116,68387
jeanloui	2	texte	72116
junien	2	texte	72116
welience	6	texte	72116,71842,72634
quantitatif	6	texte	72116,73431,73685,68643,72939,71361
séquestration	1	texte	72116
protéinesclé	1	texte	72116
régulateur	1	texte	72116
rétrocontrôle	1	texte	72116
agoniste	1	texte	72116
désorganisation	1	texte	72116
assemblage	18	texte	72116,73683,67556,68882,73876,70167,72636,70746,67558,75064
constituant	2	texte	72116,67800
reprogrammation	1	texte	72116
pourraitell	2	texte	72116,69184
exploiter	13	texte	72116,72934,74449,69186,75792,73879,75788,72397,70914,71837,71617
pharmacologue	1	texte	72116
pre	2	texte	72116,72938
bougognefranchecomté	1	texte	72116
référence	16	texte	72116,72114,70918,70162,72398,69543,73687,68889,67946,68888,68642,72396,75065,71359
ambitionn	3	texte	72116,71840,72938
avancée	17	texte	72116,72398,76514,76515,68281,74454,69820,70421,67940,72631,70914,71359,72121,75464,74746,68384
puce	10	texte	72116,67554,70166,72635,73879,76208
cancérologie	3	texte	72116,75065,76208
cardiovasculaire	4	texte	72116,69534,68277,75459
étonne	1	texte	72116
cgn	1	texte	72116
jean-louis junien - email : jlc.junien@wanadoo.fr	1	contact	72116
lutte	14	titre	69536,73877,69813,68643,72632,75458
dopage	9	titre	69536
officialiser	2	texte	69536,68888
faculté	5	texte	69536,68392,71616
dépistage	3	texte	69536,74455
châtenaymalabry	1	texte	69536
diffusion	12	texte	69536,67390,68882,70429,70748,72392,74454,70746,67558,68279,72939
engager	14	texte	69536,76212,70162,72629,67795,74449,73877,70753,72395,70914,71616,74746
master	18	texte	69536,76206,72398,67795,68276,70748,68888,70422,71362,68392,71614,71358
doctoral	5	texte	69536,68276,68888
soixantaine	7	texte	69536,72629,73684,67945,72395,68387,75459
accueil	5	texte	69536,73685,73875,70169,72633
ufr1	1	texte	69536
stap	1	texte	69536
- université paris-sud - cécile pérol - tél. : +33 (0)1 69 15 41 99 - email : cecile.perol@u-psud.fr- agence française de lutte contre le dopage - emmanuel israël - tél. : +33 (0)1 40 62 76 76 - email : e.israel@afld.fr	1	contact	69536
terifiq	6	titre	69534,75790
sensoriel	34	titre	69534,75069,76206,76512,67555,73685,75790,70428,68885,75793,73877,70749,70425,67388,70421
rimer	2	titre	69534
16	16	texte	69534,73183,76212,70162,76515,73690,69812,69177,69819,68279,72396,68641,72939,73438,72120
coordonner	29	texte	69534,70918,71838,75069,72934,75068,69181,70163,70162,75794,68882,75790,70164,67801,70428,68887,69812,70749,75789,73688,72394,68642,67071,72938,70916,71359
christian	9	texte	69534,73875,75790,74454,71616
salle	28	texte	69534,69535,70162,68881,69814,75790,73876,72392,71842,68281,70746,75064
coresponsable	1	texte	69534
destructuration	1	texte	69534
bouche	9	texte	69534,75790,72634,68643,72631,74752
perception	18	texte	69534,76206,73685,76514,75790,75793,76508,72395,72631
flaveur	4	texte	69534,75790
formulation	2	texte	69534,72938
fromage	14	texte	69534,68273,68885,67388,68387
charcuterie	1	texte	69534
gâteau	3	texte	69534,73879,74450
sauce	1	texte	69534
sel	12	texte	69534,67555,75790,67558,68390
sucre	16	texte	69534,69183,67555,75790,67802,70423,74169
transférer	16	texte	69534,73430,72115,68274,68881,67554,67555,75791,67802,70745,76508,72395,72630,68641,71362
sain	9	texte	69534,70918,70164,69812,75793,72394,67798,71359,73189
aliment	63	texte	69534,75069,76206,76213,67557,76507,76511,74449,67555,68882,73685,76514,75790,70166,71843,72634,70745,67798,74453,72396,72631,67071,71360,76209,71366
obésité	10	texte	69534,67799,72631,71360
diabète	7	texte	69534,67802,76509,75458
résulter	3	texte	69534,73876,70420
équilibrer	1	texte	69534
excessif	1	texte	69534
fléau	3	texte	69534,76510,69813
commission	8	texte	69534,73182,67555,70164,68645,68383
prévention	14	texte	69534,68274,76514,76515,67801,67945,67799,74453,68387,71616
consommateur	35	texte	69534,75069,76206,67557,76512,76511,75795,68882,76514,75793,74457,72393,72637,68642,76209,74744,74169
transposable	2	texte	69534,73684
csga	11	texte	69534,73685,75790,70428,70749
chemosen	1	texte	69534
platesforme	10	texte	69534,68277,68640,68279
libération	2	texte	69534,67802
stimulus	5	texte	69534,68887,67389
reformuler	6	texte	69534,70161,68882
piste	16	texte	69534,72398,67385,67391,70161,68882,75790,69813,67561,72394,69538,71835,71366,71617
peuton	9	texte	69534,72629,68882,72631,71835,67937,71366,74752
débuter	6	texte	69534,70161,70916,75063,67937,75458
masticateur	1	texte	69534
invivo	1	texte	69534
magasin	2	texte	69534,68889
emballer	2	texte	69534,76514
comporte	6	texte	69534,73683,69177,75070,71835,74168
fixé	4	texte	69534,75791,67553,70746
substitution	2	texte	69534,68642
acceptabilité	4	texte	69534,67555,75790,72393
fautil	10	texte	69534,67068,74449,68882,67553,70425,74455,70422,70915,68383
envie	7	texte	69534,75069,68881,70161,67794,74450
acheter	2	texte	69534,68274
impératif	3	texte	69534,67794,67071
centiv	1	texte	69534
gmbh	1	texte	69534
belgiqu	4	texte	69534,75069,69179,67944
heritage	1	texte	69534
1466	1	texte	69534
brasserie	1	texte	69534
orval	1	texte	69534
actia	1	texte	69534
adria	1	texte	69534
chazal	4	texte	69534,72634
grandebretagn	2	texte	69534,69542
food	19	texte	69534,75069,67557,76514,71359,68387
itali	2	texte	69534,69179
federalimentare	1	texte	69534
servizi	1	texte	69534
srl	2	texte	69534,67945
dodaro	1	texte	69534
spa	1	texte	69534
nofimer	1	texte	69534
mat	1	texte	69534
millba	1	texte	69534
as	2	texte	69534
leiv	1	texte	69534
vidar	1	texte	69534
paysber	4	texte	69534,75069,69179,74450
wageningen	1	texte	69534
universiteit	1	texte	69534
nizo	1	texte	69534
bv	1	texte	69534
inra/dijon - centre des sciences du goût et de l'alimentation (csga) - christian salles - email : salles@dijon.inra.fr	1	contact	69534
disasolar	6	titre	72114
cristallin	4	texte	72114,68390,68391
2èm	1	texte	72114
dit	5	texte	72114,72934,67802,67388,68642
mince	7	texte	72114,67554,70749,71840,67558,70423,74744
thin	1	texte	72114
film	17	texte	72114,75794,76514,69541,67558,70420,70423
léger	11	texte	72114,69178,67801,70167,69177,75789,68280,75463
flexible	5	texte	72114,75791,69541,70167,72394
avantage	13	texte	72114,70162,67554,72401,69182,70429,67383,67802,68644,72631,71616,68390,68391
courbe	1	texte	72114
autobus	1	texte	72114
cig	1	texte	72114
copper	2	texte	72114
indium	4	texte	72114,71839
gallium	3	texte	72114,71839,69814
selenid	1	texte	72114
constitué	7	texte	72114,69183,72635,73879,70746,75065,75458
ci	1	texte	72114
selenide	1	texte	72114
cdte	1	texte	72114
tellur	1	texte	72114
cadmium	1	texte	72114
plastique	15	texte	72114,73183,70167,73877,73687,72634,70752,67389,72630,75464
considérabler	1	texte	72114
commercialis	2	texte	72114,74450
3ème	1	texte	72114
souple	7	texte	72114,70167,70751,75789,70423,71617
impression	7	texte	72114,75795,70744,71835,75066
jet	11	texte	72114,70918,70163,74168
stéphane	5	texte	72114,71837
poughon	4	texte	72114
musique	5	texte	72114,72939,71835
diplômer	5	texte	72114,73430,73685,71362
hec	1	texte	72114
voile	4	texte	72114,73683,68883,73880
rude	2	texte	72114,70161
bourlinguer	3	texte	72114,73430,74450
yacht	1	texte	72114
associant	5	texte	72114,67557,73875,72630,74752
occidental	6	texte	72114,68883,69815,75792,68646,75460
soustraitance	2	texte	72114,69543
fondre	6	texte	72114,68886,69819,67798,71614
âme	1	texte	72114
enclin	2	texte	72114,67068
miser	2	texte	72114,73685
milliard	28	texte	72114,72934,76213,75795,69815,67794,69540,69811,69813,72392,71840,73879,73878,70424,69538,70914,67071,71360,68383,71366,74746
gisement	3	texte	72114,75792
customiser	1	texte	72114
satisfaire	9	texte	72114,67795,76511,67794,73685,69177,68643,71836,71617
basée	3	texte	72114,67941,67388
limoge	2	texte	72114
bus	4	texte	72114,70162,71836
mobilier	2	texte	72114,73876
urbain	12	texte	72114,69535,73683,75796,70162,72399,73875,70170,72939,71836
véhicule	14	texte	72114,70162,73884,76508,68640,71836
climatisation	1	texte	72114
émanation	1	texte	72114
bagarre	1	texte	72114
opv	1	texte	72114
organic	1	texte	72114
photovoltaic	1	texte	72114
actionnaire	3	texte	72114,76510,71360
dinasolar	2	texte	72114
disamegamark	1	texte	72114
déploiement	3	texte	72114,75463
pose	8	texte	72114,76206,70919,68275,67794,71359,71614
limousin	1	texte	72114
certifier	2	texte	72114,70165
armement	7	texte	72114,70162,67553,69177,67941,74450,76208
dger	2	texte	72114,67553
mimétique	1	texte	72114
ine	2	texte	72114,70915
artisanal	3	texte	72114,68885,71614
cm	7	texte	72114,69179,72633,70743,71836
x	11	texte	72114,67390,69819,68279,69539,71836,68391
process	5	texte	72114,67554,76511,68882
voltage	1	texte	72114
couleur	9	texte	72114,73430,70162,72630,69539,71836
montant	10	texte	72114,72934,73182,73683,76510,69815,69541,67799,72118,76209
2016	6	texte	72114,75792,73878,67942,75065
25000	2	texte	72114,69542
m2	9	texte	72114,75068,68277,69814,68884,72397,75461
tracer	3	texte	72114,70744
navigateur	1	texte	72114
disasolar - tél. : +33 (0)5 55 30 00 50 email : sales@disasolar.fr - http://www.disasolar.fr	1	contact	72114
stéphane poughon, fondateur et président de disasolar crédits : disasolar	1	legendeImage	72114
cellule opv crédits : cea/p. avavian	1	legendeImage	72114
résection	5	titre	70918,75065
pulsé	6	titre	70918,69178,75067
oesophage	1	texte	70918
estomac	3	texte	70918,70166,67388
colorectum	1	texte	70918
dissection	3	texte	70918
muqueuse	3	texte	70918,75790
endoscopique	2	texte	70918
dsm	1	texte	70918
enlever	1	texte	70918
pièce	16	texte	70918,73431,67068,73683,69541,71842,70421,71836,74745
latéralemer	1	texte	70918
marge	1	texte	70918
tissu	16	texte	70918,76511,69184,67802,75789,74750,74168
chirurgical	8	texte	70918,73431,74454,71614,71616
perforation	2	texte	70918,70746
lésion	8	texte	70918,72935,67801,74750,71614,75459
musculaire	5	texte	70918,72115,67799
postopératoire	2	texte	70918,71612
chirurgie	18	texte	70918,73431,68641,71614,71616
urgence	6	texte	70918,73430,72940,67801,74457
netsis	1	texte	70918
séparer	5	texte	70918,68882,70167,68884,72397
bistouri	1	texte	70918
isoler	4	texte	70918,67556,68886,69186
attache	4	texte	70918,69183,69177,73883
fibreux	1	texte	70918
sectionner	1	texte	70918
cancéropôle	1	texte	70918
clara	1	texte	70918
preuv	1	texte	70918
enkiheh	1	texte	70918
ponchon	1	texte	70918
préclinique	10	texte	70918,68277,75793,67799,67798,75461,72938,71360
cochon	1	texte	70918
bénéfice	5	texte	70918,75069,68645,67798,68383
multicentrique	1	texte	70918
envergure	8	texte	70918,69817,70748,69820,70916,75458,74169
marseille	10	texte	70918,73683,72392,70747,73688,75461,68391
superficiel	4	texte	70918,68883,68279
cathy clément : tél. : +33 (0)1 30 82 66 65 email : cathy.clement@gaiacommunication.fr	1	contact	70918
lsce	2	texte	71838
ceacnrsuvsq	1	texte	71838
infrastructure	23	texte	71838,69181,73683,76510,73875,70165,69812,74456,75789,74450,70914,76208,71617
ico	1	texte	71838
integrated	2	texte	71838,71614
carbon	1	texte	71838
observing	2	texte	71838,69181
system	24	texte	71838,70919,69181,69178,69811,70165,72633,71359,71614
oceanic	1	texte	71838
atmospheric	1	texte	71838
noaa	2	texte	71838
nordaméricain	3	texte	71838,68274,75063
mètreétalon	1	texte	71838
respectif	3	texte	71838,68881,67561
lsc	1	texte	71838
prévoient	1	texte	71838
conjoindre	3	texte	71838,68645,72637
mac	1	texte	71838
head	2	texte	71838,68386
irlande	1	texte	71838
corriger	2	texte	71838,68644
aircore	1	texte	71838
novateur	4	texte	71838,72400,70164,73684
prélèvement	3	texte	71838,73183,70917
276	11	bulletin	71838,73182,71839,71843,71842,71840,71841,71845,71835,71837,71836
21/12/2012	10	date	71838,71839,71843,71842,71840,71841,71845,71835,71837,71836
cea - tuline laeser : tél. : +33 (0)1 64 50 20 97 - email : tuline.laeser@cea.fr	1	contact	71838
ecocampu	3	titre	74175
égide	2	texte	74175,67553
unesco	1	texte	74175
militant	1	texte	74175
transition	8	texte	74175,73182,72940,75792,68280,67558,67071
illustrer	8	texte	74175,76511,70161,68276,73877,70753,71835
clôturer	3	texte	74175,76514,69186
bauc	1	texte	74175
vicerecteur	1	texte	74175
laval	3	texte	74175,71358
symboliquement	2	texte	74175,67798
copenhague	1	texte	74175
ecocampus	1	texte	74175
eco-campus 2 - http://www.campus-transition-nantes.fr	1	contact	74175
tara	11	titre	73183
oceans	5	titre	73183
polar	4	titre	73183
circle	4	titre	73183
cap	9	titre	73183,73430,76508,72395,72122,71359
récolte	5	titre	73183,73684,68643
plancton	4	titre	73183
19	14	texte	73183,75069,76515,70428,73687,70749,72392,75789,70752,74451,72395,72396,72122
mai	14	texte	73183,73431,69535,72400,68273,69542,70169,69820,72939,72938,70917,75466,71358
lever	13	texte	73183,72935,75795,76510,73686,74450,73880,72396,75466,71616
ancre	1	texte	73183
quitter	6	texte	73183,73430,76206,68276,71842,75063
lorier	1	texte	73183
expédition	6	texte	73183
circumnavigation	2	texte	73183
emprunter	3	texte	73183,73875
nordest	2	texte	73183
nordouest	2	texte	73183
planctonique	2	texte	73183
méconnaître	1	texte	73183
tenter	11	texte	73183,73182,67802,67553,67389,72397,70423,71612,71837,68383,75463
parachever	1	texte	73183
20092012	1	texte	73183
récolter	1	texte	73183
etienn	1	texte	73183
bourgois	1	texte	73183
marque	6	texte	73183,76512,69179,73687,74450,72630
vêtement	1	texte	73183
agrès	1	texte	73183
b	6	texte	73183,70161,67946,72395,70915
prince	2	texte	73183
ii	7	texte	73183,72935,68275,75065,75464
monaco	2	texte	73183
molecular	3	texte	73183,68387
biology	2	texte	73183,71837
laboratory	3	texte	73183,70163
embl	1	texte	73183
contrée	1	texte	73183
successivement	4	texte	73183,68276,75790,68641
canader	3	texte	73183,76206,74450
nouveauté	2	texte	73183,72120
remercier	1	texte	73183
diplomatique	1	texte	73183
pain	2	texte	73183,76213
planche	2	texte	73183,73683
échantillonnage	3	texte	73183,68883,69812
frôler	1	texte	73183
pluridisciplinaire	3	texte	73183,75460,71615
virus	7	texte	73183,72935,69813,74452
larve	3	texte	73183,71843,70917
impacter	3	texte	73183,74449,74744
restetil	2	texte	73183,70161
indicateur	4	texte	73183,67801,75070,71359
maxi	1	texte	73183
km2	5	texte	73183
14	10	texte	73183,75068,73691,69541,69542,72635,70169,68640,73881,68387
creux	1	texte	73183
descendre	2	texte	73183,73684
jeanclaude	1	texte	73183
loceanipslcnrsupmcirdmnhn	1	texte	73183
diminué	1	texte	73183
impressionnant	2	texte	73183,72934
urgent	9	texte	73183,75069,73182,69182,67794,75792,68383,75458
lieux	3	texte	73183,73876,67389
chris	1	texte	73183
bowler	1	texte	73183
quell	2	texte	73183,76209
pollution	4	texte	73183,67386,76511,72399
immiscer	1	texte	73183
reculer	1	texte	73183
purement	4	texte	73183,76507,69816,72393
adresser	1	texte	73183
sensibiliser	4	texte	73183,70164,67803,71845
autochtone	1	texte	73183
cercle	2	texte	73183,71836
maritime	5	texte	73183,73683,76513,75789,71836
navigation	13	texte	73183,73683,68883,69177,76208,74751
pêche	4	texte	73183,69811,75460,70917
marche	5	texte	73183,76213,73876,74746,75458
tara oceans polar circle - eloise fontaine : tél. : +33 (0)1 42 01 38 57 email : eloise@taraexpeditions.org - http://oceans.taraexpeditions.org/	1	contact	73183
carte de l'expédition tara oceans polar circle crédits : laniak.com/tara oceans	1	legendeImage	73183
ale	8	titre	73430,71614
monte	3	titre	73430,69812
rattachement	1	texte	73430
minestélécom	2	texte	73430
franchir	12	texte	73430,72115,67385,72634,70745,71840,76508,72395,72630,70914,75070
goubet	7	texte	73430
entendre	8	texte	73430,72637,76508,72939,74752
2018	4	texte	73430,70163,73877
réeuropéanisation	1	texte	73430
renforcement	4	texte	73430,71839,68888,73883
dangereux	3	texte	73430,76213,72392
cévenne	1	texte	73430
sereine	1	texte	73430
inquiet	1	texte	73430
douai	1	texte	73430
métrologie	4	texte	73430,74451,75064
onu	2	texte	73430,68392
normalisation	3	texte	73430,68885
rejoindre	16	texte	73430,73182,71839,73683,67795,68273,70166,67553,71842,74455,74450,70422,74745,71358
soussol	6	texte	73430,69181,73684,75792,72392,75788
minier	3	texte	73430,75794,75792
dg	1	texte	73430
dgci	1	texte	73430
polymorphe	1	texte	73430
étonnetil	1	texte	73430
coque	1	texte	73430
complètement	7	texte	73430,76207,75794,69815,71840,74450,71359
recrutemer	1	texte	73430
math	2	texte	73430
sup	1	texte	73430
spé	1	texte	73430
sembletil	3	texte	73430,73182,70161
profondément	7	texte	73430,73182,67794,73684,70915,71366,75458
presser	3	texte	73430,68274
mur	4	texte	73430,67068,70162,74168
scientifiquemer	3	texte	73430,73683,68643
armer	2	texte	73430,74455
thésard	1	texte	73430
télécom	2	texte	73430,72633
imt	2	texte	73430
province	4	texte	73430,73684
revenir	10	texte	73430,67794,68882,75792,73877,69177,68281,70422,67071
régale	1	texte	73430
hommage	2	texte	73430,69542
prédécesseur	2	texte	73430,71615
esquisser	6	texte	73430,69535,74449,73875,69177,68279
215	1	texte	73430
affiché	1	texte	73430
apprenti	5	texte	73430,72636
admettre	1	texte	73430
120	2	texte	73430,71360
réeuropéaniser	1	texte	73430
criant	1	texte	73430
interroger	10	texte	73430,76213,70161,67794,68882,70429,73877,71837,75458,75459
peupler	7	texte	73430,67554,75794,75792,68644,73879,70746
shanghaï	1	texte	73430
observetil	9	texte	73430,68882,72394,71835,74745,68387,71614,74169
proximité	7	texte	73430,76213,69535,73875,74455,76209
francoallemand	2	texte	73430,70425
séminaire	8	texte	73430,72399,69186,73884,68384
printemps	7	texte	73430,73683,72629,68883,73685,71362
2ème	11	texte	73430,67946,70169,75065,75465
accueillanter	1	texte	73430
not	1	texte	73430
lean	1	texte	73430
idé	1	texte	73430
- ecole des mines d'ales :* bruno goubet - email : bruno.goubet@mines-ales.fr* laurence robert : tél. : +33 (0)4 66 78 51 74 - email : laurence.robert@mines-ales.fr	1	contact	73430
bruno goubet, directeur de l'ecole des mines d'ales crédits : ecole des mines d'ales	1	legendeImage	73430
senior	17	titre	75069,76507,74449,76514,72394,72396,75063,74746
optifel	5	titre	75069
optimised	1	texte	75069
products	1	texte	75069
elderly	1	texte	75069
terralia	1	texte	75069
vegepoly	1	texte	75069
26	14	texte	75069,70919,67556,74449,69179,69542,72392,70168,68640,72396,71359,75464
seb	20	texte	75069,75793,73879,72394,76509,67798,71359
catherine	8	texte	75069,68882,72940,68281,70914
renard	4	texte	75069
directrice	13	texte	75069,67555,68281,74451,72396,75065,70915,71358,71616
légume	15	texte	75069,76213,67555,68273,68387,75458
emballage	25	texte	75069,67557,76514,72634,75462,75464
fiche	2	texte	75069,74747
manger	9	texte	75069,76213,74449,67555,76209,75458
dénutrition	6	texte	75069,76507,74449,74746
fragilise	1	texte	75069
progressivemer	27	texte	75069,76213,67068,68275,72401,72398,67795,69814,76510,68882,67800,73684,73876,70166,72634,68643,70420,72630,68279,72396,75070,71612,70917,75462,75063,68385,75459
hospitalisation	1	texte	75069
hédonique	2	texte	75069,74449
réuni	1	texte	75069
kick	1	texte	75069
off	1	texte	75069
réunion	3	texte	75069,67555,73684
vouloir	15	texte	75069,76213,67068,72115,72629,67795,67794,74457,70425,73878,72394,74450,70914,68383,67937
intégratif	1	texte	75069
catherin	1	texte	75069
désir	3	texte	75069,70161,68276
pencher	2	texte	75069,68881
conditionnement	5	texte	75069,68273,72392,72120
collectée	1	texte	75069
conçu	3	texte	75069,67554,70424
formuler	3	texte	75069,68882,74450
teneur	8	texte	75069,69816,69182,67391,75790,68885,74169
requérir	5	texte	75069,72399,72631,71612
texture	8	texte	75069,76507,73685,72634,67558,72631,74746
déglutition	1	texte	75069
maison	5	texte	75069,76515,70914,72939,68387
retraite	5	texte	75069,73431,72629,68387
portage	1	texte	75069
domicile	16	texte	75069,74449,67555,73685,75063,71614,74746
vue	15	texte	75069,76206,67554,69179,75793,74457,73879,75788,72637,74450,71363,71836
garantir	14	texte	75069,76207,67386,76513,68273,73877,69177,72634,72394,74751,74744,71614,71617
mariette	1	texte	75069
sicard	1	texte	75069
dégradation	5	texte	75069,69184,70917
b9	1	texte	75069
dégrader	4	texte	75069,71612
plat	3	texte	75069,74449,75792
cible	8	texte	75069,72935,73879,73878,76508,73880,72631,75065
ergonomique	1	texte	75069
gustative	2	texte	75069,74449
espagn	1	texte	75069
finland	1	texte	75069
pologne	5	texte	75069,67555,73875,68642,71361
royaumeuni	1	texte	75069
288	9	bulletin	75069,75068,75071,75065,75064,75070,75066,75067,75063
5/02/2014	9	date	75069,75068,75071,75065,75064,75070,75066,75067,75063
- inra/avignon - catherine renard - email : catherine.renard@avignon.inra.fr- seb - mariette sicard - email : msicard@groupeseb.com	1	contact	75069
dégustation	4	titre	76206
vin	52	titre	76206,76512,73684,76516,73877,68387,74169
psychologique	4	titre	76206,76511,67798
jordi	4	texte	76206
ballester	4	texte	76206
expertis	4	texte	76206,69541,75792
psychologie	5	texte	76206,72401
dégustateur	4	texte	76206,76512
piéger	2	texte	76206,74744
valencia	1	texte	76206
espagne	12	texte	76206,68274,73875,69179,68281,67945,72632,68642,70916,74169
séjour	5	texte	76206,68881,69185,71837,75459
erasmu	4	texte	76206,67944
dea	1	texte	76206
arôme	15	texte	76206,76512,67555,75790,70166,72634,75462
chardonnay	3	texte	76206
magique	3	texte	76206,73877
vignoble	11	texte	76206,73684,73877,68387,74169
bordeler	2	texte	76206,73431
sauvignon	1	texte	76206
blanc	9	texte	76206,73684,73876,73877,71842,68279,72121
alsace	3	texte	76206,73877
gewurztraminer	1	texte	76206
chimiquemer	1	texte	76206
souvientil	1	texte	76206
agrosup	8	texte	76206,73685,73877,72634,72394,72631
ontario	1	texte	76206
postdoc	1	texte	76206
authentification	2	texte	76206,74449
raisin	17	texte	76206,76512,73877,74169
vendanger	1	texte	76206
geler	1	texte	76206
méthodologie	6	texte	76206,73431,68886,73685,69179,75793
novice	4	texte	76206
vocabulaire	1	texte	76206
mémoriser	6	texte	76206,68887,76509,67389
goûter	5	texte	76206,72631,71835,71366
délibérer	1	texte	76206
attention	8	texte	76206,67555,73876,74457,69821,68281,71363,71835
luimême	4	texte	76206,67941,71359,67937
représentation	4	texte	76206,72398,75788,70916
représentetil	2	texte	76206,70917
cépage	6	texte	76206,76512,73684,74169
estil	16	texte	76206,69181,67795,75794,68276,73685,73687,67553,68645,72392,67798,68640,70422,70914,75460,67937
quelquesuner	6	texte	76206,70161,73875,70745,74450,76209
passionnant	4	texte	76206,71612,74752,74168
idéal	9	texte	76206,72940,73879,75789,72633,70421,71836,74169
évidemmer	2	texte	76206,72634
marketer	1	texte	76206
renouveler	5	texte	76206,72398,72940,73684,73881
foisci	6	texte	76206,72629,72940,70421,70422,75063
étiquette	1	texte	76206
appréciation	1	texte	76206
oser	2	texte	76206,70166
démystifier	1	texte	76206
décor	2	texte	76206,76213
finalement	6	texte	76206,73683,68886,72634,72630,74168
apprécier	6	texte	76206,76512,68276,67555,68886
csga - jordi ballester - email : jordi.ballester@u-bourgogne.fr	1	contact	76206
crédits : yurok	1	legendeImage	76206
raid	8	titre	76212,73689
sporaltec	3	texte	76212,73689
rhônalpin	1	texte	76212
savoie	5	texte	76212,67387,73689,73881
parc	5	texte	76212,72392,67799,68279,71360
alpespace	3	texte	76212,73689
passion	3	texte	76212,73689,71837
36	7	texte	76212,72629,67390,70747,73689,72631,69539
trail	1	texte	76212
descente	2	texte	76212,71617
vtt	1	texte	76212
rallier	1	texte	76212
technolac	2	texte	76212,73689
exposé	1	texte	76212
cahier	4	texte	76212,73689,74450,70915
externe	3	texte	76212,76511,69178
collaborateur	11	texte	76212,67068,73875,68885,70166,67389,67940,75063
nouer	5	texte	76212,73431,70422,72396,74744
- sporaltec - séverine sabot : tél. : + 33 (0)4 77 30 00 31 email : severine.sabot@sporaltec.fr- raid innovation - fanny siffet - email : raidinnovation@sporaltec.fr	1	contact	76212
crédits : moodboard	1	legendeImage	76212
genticel	5	titre	72935
182	4	titre	72935
hpv	6	titre	72935
om	3	texte	72935,67798,74746
porteuser	1	texte	72935
papillome	1	texte	72935
500000	5	texte	72935,73683,70425,74453,76208
diagnostiquer	7	texte	72935,70919,69815,74454,71841,76509,75458
col	4	texte	72935,74455
utérus	4	texte	72935,74455
biopharmaceutiqu	2	texte	72935,72118
souche	11	texte	72935,68277,68643,75067
hpv16	6	texte	72935
etou	5	texte	72935,67554
adopter	3	texte	72935,76511,71359
annonce	10	texte	72935,73431,73182,69813,73687,71840,74454,74451,71360,67937
wellington	1	texte	72935
partner	9	texte	72935,76510,69815,73686,71360,71616
investisseur	14	texte	72935,72629,68881,75795,73691,73686,74450,74451,75466,71614,71616,73438
institutionnel	6	texte	72935,69812,70751,67945,75461,75464
idinvest	2	texte	72935,73686
edmond	1	texte	72935
rothschild	3	texte	72935,76508
investmer	1	texte	72935
edrip	1	texte	72935
fond	11	texte	72935,76213,73683,68882,70744,74455,73688,72633,70422,74752
innobio	2	texte	72935,71616
irdi	1	texte	72935
amundi	1	texte	72935
privat	1	texte	72935
equity	1	texte	72935
fund	1	texte	72935
millon	1	texte	72935
procervix	3	texte	72935
viral	4	texte	72935,67802
cancéreux	1	texte	72935
éliminer	3	texte	72935,76207,73189
infectée	1	texte	72935
47	3	texte	72935,67553
proportionnel	1	texte	72935
administrer	2	texte	72935,68885
clairance	1	texte	72935
bivalent	1	texte	72935
cyaa	2	texte	72935
délivrance	1	texte	72935
antigène	2	texte	72935
multivaler	1	texte	72935
soustype	1	texte	72935
suggèrent	2	texte	72935,72631
genticel - http://www.genticel.com	1	contact	72935
limitent	1	texte	72934
compact	3	texte	72934,68644,71836
coûteux	7	texte	72934,67554,67801,68280,75460,68390
mille	8	texte	72934,68883,70425,67558,72397,72396
électron	6	texte	72934,76511,75070,72119
gigaoctet	3	texte	72934,69811,70424
electron	3	texte	72934,69814
volt	1	texte	72934
gev	2	texte	72934
centimètre	4	texte	72934,73684,70167
repose	8	texte	72934,70919,68881,72398,70164,70421,68641,70914
activer	4	texte	72934,72115,68274,67389
chaleur	9	texte	72934,73683,69816,70426,68280,69818,75462
relâcher	3	texte	72934,70917,74168
évacuer	1	texte	72934
hors	4	texte	72934,74449,74450,67937
barreau	2	texte	72934
amplificateur	5	texte	72934
conduction	2	texte	72934,75794
médiocre	1	texte	72934
cadence	3	texte	72934,67554
tir	4	texte	72934,71839,72629
chuter	1	texte	72934
impossible	5	texte	72934,75794,73684,70744
malgré	4	texte	72934,67391,67553,74453
ultra	1	texte	72934
coherent	2	texte	72934
amplifying	1	texte	72934
network	4	texte	72934,69817,70420
union	12	texte	72934,67557,68277,75792,67944,71841,68642,75064,74168
remplacer	9	texte	72934,69814,69177,68280,75066,74745,73188,71614
rubis	1	texte	72934
verre	22	texte	72934,68886,71842,68280,70420,69819,68387
doper	3	texte	72934,67391
ion	3	texte	72934,68640,72397
évacuation	3	texte	72934,72392,67558
amplificatrice	2	texte	72934
monomode	1	texte	72934
refroidissement	1	texte	72934
considérablement	6	texte	72934,76213,68275,67794,72635,76208
diode	5	texte	72934,70747,75070
can	1	texte	72934
réseal	3	texte	72934,70165,75071
rac	2	texte	72934
100000	6	texte	72934,67801,68646,70914,67937
véhiculer	2	texte	72934,74455
recombiner	1	texte	72934
difficulter	6	texte	72934,67386,68882,70421,71614
prouesse	3	texte	72934,70425
change	5	texte	72934,76213,70919,73876,68281
millième	1	texte	72934
épaisseur	3	texte	72934,73880
cheveu	2	texte	72934,74744
insurmontable	1	texte	72934
onerer	2	texte	72934,71358
interféromètre	1	texte	72934
affranchir	5	texte	72934,75791,68884,70917,71836
64	1	texte	72934
thales	21	texte	72934,71839,70162,75788,75789,70421,67940,71836
pouvaient	1	texte	72934
photonic	6	texte	72934,75795
equiper	1	texte	72934
positron	1	texte	72934
khz	3	texte	72934,73688
tev	1	texte	72934
architecture	19	texte	72934,70162,69182,67390,69185,72635,68644,73879,70424,67558,75066,74751
- ecole polytechnique - claire lenz : tél. : +33 (0)1 69 33 38 70 - email : claire.lenz@polytechnique.edu- a lire également : izest : vers des lasers les plus puissants du monde, be france 265, décembre 2011 : http://www.bulletins-electroniques.com/actualites/68638.htm	1	contact	72934
feillet	6	texte	76213
sontil	1	texte	76213
quae	2	texte	76213,68882
départ	7	texte	76213,67068,70161,68882,67798,67937,74752
habitant	2	texte	76213,73684
atteindron	1	texte	76213
peine	6	texte	76213,74449,67794,75790,68281,67937
vieillit	1	texte	76213
urbanis	1	texte	76213
agriculteur	1	texte	76213
gagnant	1	texte	76213
assiette	4	texte	76213,76209,71366
pluriel	1	texte	76213
notion	9	texte	76213,75793,70745,68279,71358
composante	6	texte	76213,67555,73877,70424,71363,70914
culturelle	1	texte	76213
religion	1	texte	76213
sociétale	1	texte	76213
danger	3	texte	76213,70162,72401
pénaliser	1	texte	76213
durablement	5	texte	76213,70166,72637
évoqu	3	texte	76213,70161,72630
envisageable	4	texte	76213,69178,74750,71366
suffisant	4	texte	76213,73683,72940,68383
impliqu	1	texte	76213
oublier	9	texte	76213,76515,69813,72393,75789,72938,75067,75458
productive	1	texte	76213
intensif	15	texte	76213,68888,67944,74452,70914,70916,74744
schéma	7	texte	76213,73182,70161,72940,68889,75065
sceptique	1	texte	76213
gorger	1	texte	76213
bouleverser	3	texte	76213,72632,71837
agronomie	1	texte	76213
notetil	1	texte	76213
nourricière	1	texte	76213
nourricier	1	texte	76213
tas	1	texte	76213
substrat	1	texte	76213
roquette	3	texte	76213,75793,67798
travaille	2	texte	76213,67937
peutêtre	5	texte	76213,72115,72634,71835
restructurer	2	texte	76213,69812
similiviande	1	texte	76213
intestin	5	texte	76213,69815,70166
paroi	2	texte	76213,70421
mange	1	texte	76213
influ	1	texte	76213
luimêm	6	texte	76213,69815,71359,67937,74750,74168
assimile	1	texte	76213
habitude	5	texte	76213,70161,68276,67794,72634
probable	1	texte	76213
connaisson	1	texte	76213
persistance	1	texte	76213
viand	1	texte	76213
- pierre feillet - email : pierre.feillet@wanadoo.fr- editions quae : http://www.quae.com	1	contact	76213
le nouveau livre de l'agronome pierre feillet, à lire d'urgence pour mieux comprendre ce que sera notre alimentation demain crédits : editions quae	1	legendeImage	76213
fabmake	5	titre	75068
irt	7	titre	75068
jule	18	titre	75068,73683,73877,70915,68383,67937
verne	7	titre	75068,73683
manufacturing	2	texte	75068
appliqué	5	texte	75068,67071,75063,71614,71616
prototypage	2	texte	75068,76513
fab	1	texte	75068
lab	7	texte	75068,71839,76513,73876,71362,71359
dossier	8	texte	75068,69541,73689,68643,75066
154	1	texte	75068
candidature	4	texte	75068,73683,75066
fabmak	1	texte	75068
fabulous	1	texte	75068
maker	1	texte	75068
emc2	3	texte	75068
technocampu	3	texte	75068
fabshop	1	texte	75068
digital	11	texte	75068,76513,76508,71359,75063
réunir	19	texte	75068,74174,75796,76513,75794,69815,67804,67555,75792,68884,69542,72393,69820,68279,67071,75462,67937,72120
développeur	5	texte	75068,76207,70170,70914,71359
créatif	5	texte	75068,70161,67383,69821,72394
impulser	1	texte	75068
thinking	1	texte	75068
prestation	4	texte	75068,68885,67799
payant	1	texte	75068
accessible	11	texte	75068,76207,73431,76513,68882,75788,70421,68279,70914,74744
séance	1	texte	75068
ruche	5	texte	75068,71843,71842
transdisciplinaire	1	texte	75068
intergénérationnell	1	texte	75068
2015	7	texte	75068,68881,70164,75793,71842,70916
connecter	7	texte	75068,75797,70162,67554,75791,76209
transposer	1	texte	75068
pérennisation	1	texte	75068
irt jules verne - sophie péan : tél. : + 33 (0)2 28 44 36 07 - email : sophie.pean@pole-emc2.fr	1	contact	75068
cybercriminalité	2	titre	76207
trustinsoft	7	titre	76207
durcit	2	titre	76207
logiciel	34	titre	76207,73431,76512,75796,76513,76507,67553,70744,73879,75788,70424,71841,76508,74452,70914,72939,71359,71614
confiance	2	texte	76207,67798
utilisateur	34	texte	76207,75796,75797,68275,69814,67555,73685,70170,68885,70744,73879,67941,76509,74450,76508,67940,73880,71836,71359,74751
garanti	2	texte	76207,67071
attaque	6	texte	76207,76511,72630
incuballiance	1	texte	76207
incubateur	6	texte	76207,73685,73879,73878,75461,71614
parissaclayiledefrance	1	texte	76207
inria	13	texte	76207,67386,67385,69819,70914,74744
commande	5	texte	76207,76507,70161,73875
critique	10	texte	76207,68882,69178,73684,75788,68642,67937,74168
smartphone	4	texte	76207,76507,75792,76508
nist	4	texte	76207
développ	4	texte	76207,67796,74455,71616
fierter	5	texte	76207,73431,70161,69821,74455
fabric	1	texte	76207
derepa	2	texte	76207
microsoft	1	texte	76207
myriade	2	texte	76207,67942
fabrice	1	texte	76207
cuoq	1	texte	76207
benjamin	2	texte	76207,74450
monate	1	texte	76207
issus	1	texte	76207
java	1	texte	76207
puissante	2	texte	76207,69819
statique	3	texte	76207,70744
difficilemer	3	texte	76207,70749,71612
décelable	1	texte	76207
framac	2	texte	76207
cealist	6	texte	76207,70162,76510,70421
durcissement	1	texte	76207
menace	2	texte	76207,74457
cofondateur	2	texte	76207,75462
durcir	1	texte	76207
faille	3	texte	76207,76208
saluer	2	texte	76207,69541
fédéral	1	texte	76207
department	1	texte	76207
norme	4	texte	76207,67794,72393,70169
recommandation	6	texte	76207,69541,68645,72393,67388,68383
métrologique	1	texte	76207
épreuve	2	texte	76207,73689
rigoureux	1	texte	76207
prouver	4	texte	76207,67554,69815,67798
conformité	1	texte	76207
ockham	1	texte	76207
nouvellement	2	texte	76207,74752
introduit	3	texte	76207,67390,69186
reconnaissance	13	texte	76207,69811,70744,68888,73879,75788,72633,70421,71836
cybersécurité	1	texte	76207
trustinsoft - fabrice derepas - email : fabrice.derepas@trust-in-soft.com - http://trust-in-soft.com	1	contact	76207
crédits : sergey nivens	1	legendeImage	76207
vircopal	6	titre	73431
valise	6	titre	73431
osseux	19	titre	73431,69184,71612,75067,71616
copie	1	texte	73431
fidèle	1	texte	73431
enrichi	2	texte	73431,71359
virtual	1	texte	73431
collection	6	texte	73431,73683,67800,68643,70420,72118
paleospecimen	1	texte	73431
anthropologue	7	texte	73431,75458
hélène	5	texte	73431
coqueugniot	5	texte	73431
desbarat	1	texte	73431
informaticien	2	texte	73431,76509
dutailly	2	texte	73431
paléopathologist	1	texte	73431
olivier	9	texte	73431,70163,68883,68276,75791,69813,68383
dutour	2	texte	73431
acquisition	8	texte	73431,71839,68275,73685,73875,75790,68279
scanner	11	texte	73431,67801,71614
reproduction	4	texte	73431,70917
imprimante	3	texte	73431,76513
tivmi	1	texte	73431
paléopathologie	2	texte	73431
syphilis	2	texte	73431
tuberculose	2	texte	73431
rachitisme	2	texte	73431
archéologue	8	texte	73431,73683,70745,75788
reconstructeur	3	texte	73431
pathologique	3	texte	73431,76511
rare	15	texte	73431,72115,73683,68881,75795,75792,72394,68642,75461,71835,71614
dirigé	1	texte	73431
pacea	2	texte	73431
préhistoire	1	texte	73431
anthropologie	3	texte	73431
imagerie	22	texte	73431,67068,67796,68275,69182,67391,76515,69186,73877,74451,69819,75067,73189,68391
rapprocher	7	texte	73431,76507,70166,72392,70745,74455
labri	2	texte	73431
laboratoir	7	texte	73431,73683,69178,72634,67799,75064,72121
homo	2	texte	73431
encéphale	1	texte	73431
erectu	1	texte	73431
2004	7	texte	73431,69811,75790,73684,67803,67942,68383
possibler	1	texte	73431
aussitôt	13	texte	73431,73182,70162,73685,68273,70166,73879,75788,73878,70421,72397,71612,71614
pluridisciplinarité	7	texte	73431,67068,72398,68276,70745
shs	5	texte	73431,73683,72939
archéologique	5	texte	73431,73683,75788
rachitiquer	1	texte	73431
ossement	1	texte	73431
supplémentaire	5	texte	73431,70163,76513,70162,73875
couper	5	texte	73431,68274,67937,74750,71617
virtuellement	2	texte	73431,75064
diaphyse	1	texte	73431
fémur	1	texte	73431
gomme	1	texte	73431
syphilitique	1	texte	73431
ulcération	1	texte	73431
infectieux	3	texte	73431,73686,68387
propriétaire	5	texte	73431,73683,67797,73686,71616
eph	1	texte	73431
francorusse	1	texte	73431
cnrsacadémie	1	texte	73431
russie	17	texte	73431,76511,68642,72396,75064,76209,74168
traumatisme	9	texte	73431,67801
soldat	3	texte	73431,67941
armée	11	texte	73431,69542,67553,72630,71358
napoléon	2	texte	73431,72630
avonsnous	5	texte	73431,67794,69812,71614,75458
valis	1	texte	73431
bordelais	3	texte	73431,67801
médecine	13	texte	73431,67068,69815,73691,75790,73879,67937,71616,75458
tuberculeux	1	texte	73431
énormément	3	texte	73431,70161,69177
chirurgien	9	texte	73431,70744,71614
pratiquer	9	texte	73431,75797,67801,70745,72636,74454,70420,75458
miliaire	1	texte	73431
mandibule	3	texte	73431
projectile	1	texte	73431
reconstituer	2	texte	73431,70745
gabarit	1	texte	73431
peropératoire	1	texte	73431
modeler	1	texte	73431
greffon	1	texte	73431
stimulant	1	texte	73431
contribuer	25	texte	73431,72398,69814,70161,68276,69179,68885,69184,67553,71842,71840,69818,67388,67798,73880,74453,71363,69538,68383,70916,67937,74746
maniérer	1	texte	73431
traumatisé	2	texte	73431,67801
émotion	8	texte	73431,73683,73877,72630,75063
- pacea - hélène coqueugniot : tél. : + 33 (0)5 40 00 37 43 - email : h.coqueugniot@pacea.u-bordeaux1.fr- vircopal - http://vircopal.fr	1	contact	73431
mallette pédagogique vircopal syphilis. cette mallette est un nouvel outil pour l'étude et la compréhension de cette pathologie à partir de reproductions biofidèles de pièces osseuses pathologiques. en plus de ces reproductions en résine, la mallette contient des données qualitatives et quantitatives issues des acquisitions obtenues par scanner et un livret explicatif. cette mallette permet d'exploiter et de comprendre facilement les lésions osseuses de la syphilis, en s'appuyant sur les données réelles issues des observations des pièces osseuses originales. crédits : vircopal	1	legendeImage	73431
impression 3d d'une partie de diaphyse fémorale coupée virtuellement longitudinalement pour montrer le développement de la gomme syphilitique crédits : vircopal	1	legendeImage	73431
tic	2	texte	73182,71359
élu	4	texte	73182,67803
discours	4	texte	73182,70914,74169
inaugural	4	texte	73182,70165
crédibilité	1	texte	73182
élection	2	texte	73182,67937
réindustrialisation	3	texte	73182,73882
bouquet	1	texte	73182
modernisation	2	texte	73182
journaliste	1	texte	73182
dressetil	1	texte	73182
sinon	8	texte	73182,69817,68881,67794,73875,72940,69177,70915
technologue	2	texte	73182,68882
pib	1	texte	73182
classer	6	texte	73182,67387,68881,73687,71361
réalise	1	texte	73182
high	3	texte	73182,75796,70751
mid	1	texte	73182
restant	1	texte	73182
faiblesse	2	texte	73182,68383
asséner	1	texte	73182
message	10	texte	73182,67386,70162,74457,67389,76508
geneviève	2	texte	73182,70914
front	2	texte	73182,67068
piétiner	1	texte	73182
déploretil	1	texte	73182
reflet	1	texte	73182
date	5	texte	73182,67795,68273,72636,68387
hier	1	texte	73182
chaire	35	texte	73182,72398,67795,70748,70426,72637,73883,67798,74751,68393,74752
1983	1	texte	73182
ulm	3	texte	73182,69542
pilier	1	texte	73182
tardif	2	texte	73182,68646
boom	1	texte	73182
ellemême	6	texte	73182,68882,75788,68642,71835,75462
éclairer	2	texte	73182,74457
gouvernant	1	texte	73182
schiste	2	texte	73182,76514
weil	1	texte	73182
gros	10	texte	73182,68274,68881,67555,69811,69179,73876,68642,71835
jeanfrançois	3	texte	73182,67937
dehecq	1	texte	73182
sanofi	8	texte	73182,69813
plancher	2	texte	73182,69541
académicien	3	texte	73182
cler	12	texte	73182,68275,67556,75795,67391,67555,74456,70914,74744
ampleur	6	texte	73182,70420,75065,71359,75458
loger	1	texte	73182
soigner	2	texte	73182,73878
commercer	1	texte	73182
décortiqué	1	texte	73182
soumettre	7	texte	73182,67387,67801,70743,70915,69539,68387
gens	6	texte	73182,68274,67383,74457,74746,75458
mérite	6	texte	73182,68274,70161,67794,70915
guère	1	texte	73182
préoccuper	3	texte	73182,75791,71835
insuffisant	1	texte	73182
avis	3	texte	73182,67555,72634
porteuse	1	texte	73182
universel	2	texte	73182,70162
inspecteur	1	texte	73182
education	9	texte	73182,70428,73687,68888,70421,75063
naît	1	texte	73182
académie des technologies - catherine come : tél. : +33 (0)1 53 85 44 30 email : catherine.come@academie-technologies.fr - http://www.academie-technologies.fr	1	contact	73182
gérard roucairol, président de l'académie des technologies crédits : académie des technologies	1	legendeImage	73182
séminair	3	titre	74174
nanoh2	3	titre	74174
nanoconstruction	4	titre	74174
hydrogène	16	titre	74174,68884,74168,68385
pile	12	titre	74174,67797,68884,75789
nano	4	texte	74174,68881,69814,75065
omnt	2	texte	74174,69186
organise	3	texte	74174,69535,72400
grenobl	26	texte	74174,67796,73683,67387,68881,67554,72400,67800,70165,69186,72392,75789,73878,69819,68640,74453,71363,69539,75466,68391
nanostructuration	1	texte	74174
stockage	13	texte	74174,69178,68273,68884,72393,75789,70423,74452,71362
hydrogéner	2	texte	74174,74168
électrode	4	texte	74174,70167,72397
nanoparticule	22	texte	74174,76511,70429,68644,70747,75065,75067,74750,75464
intégration	15	texte	74174,70163,67554,68884,67553,75064,74751
nacocaractérisation	1	texte	74174
tribun	1	texte	74174
attendentils	1	texte	74174
- omnt - http://omnt.congres-scientifique.com/decembre2013/- nicolas brefuel - email : nicolas.brefuel@cea.fr	1	contact	74174
sofradir	6	titre	71839,67796
renforcemer	1	texte	71839
autodirecteur	1	texte	71839
missile	1	texte	71839
détecteur	10	texte	71839,70919,70163,70425,68391
conception	48	texte	71839,67796,70163,76512,67554,76511,68276,69178,73875,70165,76514,69541,68885,67383,72393,70747,75789,69820,71845,73882,68640,68279,69538,70914,75064,75070,71835,69539,72119,71362,71361,74751,71614,75464,74168,71617
sagem	4	texte	71839,67945,72633
safran	16	texte	71839,73687,70168,72633,71615,74751,74745
insb	1	texte	71839
antimonur	1	texte	71839
qwip	1	texte	71839
quantum	1	texte	71839
well	1	texte	71839
infrared	1	texte	71839
photodetector	1	texte	71839
photodétecteur	1	texte	71839
puits	1	texte	71839
quantique	5	texte	71839,70747,70421,70914
ingaa	1	texte	71839
arséniure	1	texte	71839
iiiv	1	texte	71839
gie	1	texte	71839
alcatel	1	texte	71839
lucent	1	texte	71839
fabricant	11	texte	71839,68274,67554,75795,67558,67388
sofradir : http://www.sofradir.com	1	contact	71839
mathia	11	titre	67068
fink	11	titre	67068
valérie	2	texte	67068,67071
pécresse	2	texte	67068,67071
honorer	1	texte	67068
esther	1	texte	67068
duflo	1	texte	67068
roboticien	4	texte	67068,67383
pierrot	5	texte	67068,67383
langevin	4	texte	67068,70747
espci	8	texte	67068,69186,68280
totaliser	2	texte	67068,69177
230	2	texte	67068,70745
multimédia	1	texte	67068
tactile	3	texte	67068,72401,73876
aime	1	texte	67068
1980	5	texte	67068,70917,71837,74745,74168
georges	3	texte	67068,74752
charpak	3	texte	67068
saint	3	texte	67068,68279,70917
genevièv	2	texte	67068,71837
renversement	4	texte	67068
qualifient	1	texte	67068
connaisseur	2	texte	67068,68643
aerospatial	1	texte	67068
snecma	1	texte	67068
turboméca	1	texte	67068
prêt	6	texte	67068,68881,70426,74455,70421,72396
époque	9	texte	67068,73683,72629,70745,72630,71358,75459
militaroindustrielle	1	texte	67068
george	2	texte	67068,68884
pierregille	1	texte	67068
genne	1	texte	67068
lewiner	1	texte	67068
sympathique	3	texte	67068,70166
résume	1	texte	67068
amusezvou	2	texte	67068
acoustique	13	texte	67068,75794,68886,73876,69820,70424,71615
donne	12	texte	67068,68881,68883,69815,67555,73875,70744,74455,74450,71835
feu	5	texte	67068,70424,70421,75458
vert	11	texte	67068,69535,72115,68889,70424,68278,75067
régner	2	texte	67068,74168
amuser	1	texte	67068
retournement	1	texte	67068
temporel	3	texte	67068,71837
échantillonner	1	texte	67068
incident	5	texte	67068,70165,70915,69539
réémettre	2	texte	67068,69539
chronologie	2	texte	67068,75788
inverser	4	texte	67068,67794,75070,71835
revivre	2	texte	67068,68273
sismique	1	texte	67068
physical	3	texte	67068,75794,73188
review	6	texte	67068,75794,76208,73188
brûler	3	texte	67068,73877
détruire	5	texte	67068,76511,75065,68391
derrière	8	texte	67068,72401,71835,71361,75063,71614
déboucher	5	texte	67068,76511,70420,72395,72630
enthousiasmetil	3	texte	67068,73683,67383
clé	13	texte	67068,68274,67556,73875,73684,75793,67383,72635,70752,68387,71366
auraitil	1	texte	67068
âge	19	texte	67068,74449,67555,70428,67553,70749,68646,71841,67388,74453,68387,74746
pratiquent	1	texte	67068
boutade	1	texte	67068
laisser	9	texte	67068,67386,68886,67383,70421,72397,72631,67937
intact	1	texte	67068
tourin	1	texte	67068
rémi	4	texte	67068,76208
carminatti	1	texte	67068
adjoint	3	texte	67068,67795,72630
cnrsespci	4	texte	67068,70747,68280,74750
paristechupmcuniversité	1	texte	67068
parisdiderot	2	texte	67068,75794
multionde	1	texte	67068
acoustooptiqu	1	texte	67068
photoacoustiqu	1	texte	67068
élastographie	1	texte	67068
irm	4	texte	67068,73877,73189
focalisation	1	texte	67068
retournemer	1	texte	67068
filtre	4	texte	67068,67385,75788,74744
biomédical	1	texte	67068
domotique	2	texte	67068,75466
impérativemer	1	texte	67068
258	2	bulletin	67068,67071
21/06/2011	2	date	67068,67071
"institut langevin ""ondes et images"" - mathias fink - email : mathias.fink@espci.fr - http://www.institut-langevin.espci.fr"	1	contact	67068
pesée	3	titre	70919,69182
california	2	texte	70919,68881
caltech	10	texte	70919,68881,70422
cealeti	15	texte	70919,68881,67554,69186,75065
nanocomposant	1	texte	70919
nem	2	texte	70919,68881
nanoelectromechanical	1	texte	70919
millionième	1	texte	70919
poutre	2	texte	70919
résonnant	1	texte	70919
fréquence	15	texte	70919,75794,70744,70425,70420,67942,72939,70916
vibration	7	texte	70919,75794,70425,69820,70421
emplacement	2	texte	70919,74746
oscillation	4	texte	70919,70424
immunoglobuline	1	texte	70919
igm	3	texte	70919
anticorps	10	texte	70919,72938
signature	8	texte	70919,67556,67553,68643,72396
waldenström	1	texte	70919
lointaine	1	texte	70919
biologiste	8	texte	70919,69540,68645,70745,71837,67937,74744
alliance	20	texte	70919,68275,68881,69814,73876,68888,76508,67071,72939
leti	5	texte	70919,67554
collectivement	1	texte	70919
malier	4	texte	70919,68881
nanotechnology	1	texte	70919
cea - tuline laeser : tél. : +33 (0)1 64 50 20 97 email : tuline.laeser@cea.fr	1	contact	70919
correspondre	12	texte	69535,69816,76510,69540,75793,74457,68643,72394,70420,71612,68383,74169
magazine	3	texte	69535,70752,71612
mensuel	2	texte	69535,68889
magistral	1	texte	69535
hypostyle	1	texte	69535
iéner	1	texte	69535
délégation	8	texte	69535,69542,67553,72396
attractivité	2	texte	69535,69812
démographie	1	texte	69535
urbanisation	1	texte	69535
métropoliser	1	texte	69535
mondialisation	2	texte	69535,70422
métropolitain	3	texte	69535,69181
entrée	8	texte	69535,75790,73686,75792,71842,67944,75071
résidentiel	1	texte	69535
touristique	2	texte	69535,70165
envisagent	4	texte	69535,67794,69178,71617
disponible	23	texte	69535,67557,68881,73684,69184,73876,67802,68646,67388,74451,76508,70743,72630,72397,74453,68279,71363,75065,71612,75462,74745,74750
entraîn	4	texte	69535,75794,72939,75458
similarité	1	texte	69535
renouvellement	2	texte	69535,70420
verte	16	texte	69535,68278,67071,75458
déséquilibre	1	texte	69535
maîtrise	19	texte	69535,73683,70163,72629,76514,68885,72392,69177,72633,72394,70915,76209,71836,74745,68393
effervescence	1	texte	69535
dématérialisation	1	texte	69535
informationnel	2	texte	69535,72637
souplesse	5	texte	69535,68273,75792,71617
flexisécurité	1	texte	69535
salarié	2	texte	69535,67553
croître	5	texte	69535,75793,67553,72938,74751
fiable	8	texte	69535,67387,69183,70426,76208,75067,68387
acceptable	4	texte	69535,68882,75065,74745
citadelle	3	texte	69535
spécialisée	1	texte	69535
coopérative	11	texte	69535,76512,71842,74450,72630,68279,75458
attirer	4	texte	69535,72629,72632,70422
compétitif	2	texte	69535,67383
alterindustrialisation	1	texte	69535
protectionnisme	1	texte	69535
relocaliser	1	texte	69535
aspiration	1	texte	69535
satisfair	1	texte	69535
datar : http://territoires2040.datar.gouv.fr	1	contact	69535
venin	21	titre	72115,71843,73878
serpent	4	titre	72115,73878
mamba	4	titre	72115
araignée	2	texte	72115,73878
scorpion	3	texte	72115,73878
millier	9	texte	72115,69817,70167,70420,70421,72118,71835,76208
synthétiser	7	texte	72115,67390,69183,67800,69184,75067,73189
arme	6	texte	72115,70161,68276,70166
prédation	1	texte	72115
toxine	13	texte	72115,75460
3000	5	texte	72115,67794,69543,70751,69821
pharmacologique	2	texte	72115
ibitec	1	texte	72115
denis	6	texte	72115,75788,75462
desquel	4	texte	72115,72629,69821,68279
chimist	1	texte	72115
pharmacologu	1	texte	72115
nicolas	6	texte	72115,72629,68882
gille	16	texte	72115,67795,71358,75458
marquage	3	texte	72115
obtenant	1	texte	72115
conservatoire	2	texte	72115,69812
doctorat	11	texte	72115,67795,70161,75790,70748,69812,74454,70743,75459
pharmacologie	2	texte	72115
canal	13	texte	72115,75794,72635,71843,73878,72397,76208
ionique	4	texte	72115,73878,68390
biochimiste	1	texte	72115
miniprotéine	1	texte	72115
protéineprotéin	1	texte	72115
contraste	2	texte	72115
étudie	1	texte	72115
contraction	2	texte	72115,73882
20032004	1	texte	72115
active	6	texte	72115,73691,72634,72394,67388
g	1	texte	72115
rcpg	2	texte	72115
lefkowitz	1	texte	72115
brian	1	texte	72115
kobilka	1	texte	72115
muscarinique	1	texte	72115
criblage	3	texte	72115,68277,69539
cibl	4	texte	72115,69182,67555,75459
firme	1	texte	72115
pharmaceutique	11	texte	72115,67392,73691,73877,72393,72118,75461,72938,71360,68387
ligand	1	texte	72115
sélectif	3	texte	72115,67802,73879
africain	8	texte	72115,73683,73684,69821,75458
dendroapsi	1	texte	72115
angusticep	1	texte	72115
instant	6	texte	72115,71842,72394,67389,70422
cea/saclay - nicolas gilles - email : nicolas.gilles@cea.fr	1	contact	72115
le mamba vert, dendroapsis angusticeps crédits : cea	1	legendeImage	72115
frisbee	4	titre	67557
réfrigérateur	5	titre	67557,70746
préconiser	1	texte	67557
refrigeration	2	texte	67557,72393
savety	1	texte	67557
consumer	1	texte	67557
benefit	1	texte	67557
environmental	1	texte	67557
optimization	1	texte	67557
along	1	texte	67557
the	13	texte	67557,76513,68886,69184,67802,72393,69819,71837,72121,71617
cold	2	texte	67557,72393
chain	7	texte	67557,72393,72637
finance	1	texte	67557
indusriel	1	texte	67557
budget	8	texte	67557,73683,70164,69538,75065,71837,71359,74169
intelligent	16	texte	67557,72400,74456,67945,71363,75071,71359,71617
rationaliser	3	texte	67557,67390,68279
revêtement	2	texte	67557,74744
écart	1	texte	67557
magnétique	13	texte	67557,69186,69177,73880,75064,71837,76208,73189,74168
cemagref	9	texte	67557,68275,68283,72393,67071
achèvent	1	texte	67557
agroalimenaire	1	texte	67557
260	9	bulletin	67557,67556,67554,67555,67553,67561,67558,71358,71366
30/08/2011	7	date	67557,67556,67554,67555,67553,67561,67558
- cemagref/antony - graciela alvarez : tél. : +33 (0)1 40 96 60 17 email : graciela.alvarez@cemagref.fr- frisbee : http://www.frisbee-project.eu	1	contact	67557
capteur	22	titre	67796,67386,68881,68883,67554,70425,69818,70421,75460,71359
ulis	3	titre	67796
fabrique	6	texte	67796,70165,68273,74450,74451,71616
vidéosurveillance	1	texte	67796
pelco	4	texte	67796
uli	2	texte	67796
thermographie	1	texte	67796
sarix	2	texte	67796
visualiser	13	texte	67796,69817,70162,70744,75788,70420,69819,70421,75064
obscurité	1	texte	67796
fumée	2	texte	67796,70421
brouillard	1	texte	67796
veureyvoroize	1	texte	67796
bruit	13	texte	67796,73688,76508,70421,71615,74745,71617
fiabiliter	1	texte	67796
david	3	texte	67796,76208
dorn	1	texte	67796
microbolomètre	1	texte	67796
sensibilité	4	texte	67796,75791,75793,70425
261	11	bulletin	67796,67797,67795,67804,67794,67800,67801,67803,67802,67799,67798
29/09/2011	11	date	67796,67797,67795,67804,67794,67800,67801,67803,67802,67799,67798
ulis : www.ulis-ir.com	1	contact	67796
resqme	8	titre	68274
porteclé	7	titre	68274
sauver	3	titre	68274,73877
ambassade	2	texte	68274
maria	1	texte	68274
andrews	1	texte	68274
affaire	27	texte	68274,76512,75797,75795,68276,73875,70170,68885,70166,70749,73884,70751,71840,73878,72633,76508,71361,74746
colasse	5	texte	68274
santa	4	texte	68274,70422,73188
barbara	4	texte	68274,70422,73188
californie	6	texte	68274,68881,70422,73188
routier	3	texte	68274
police	3	texte	68274,70162,72633
breveter	4	texte	68274,68273,69813
voiture	7	texte	68274,69814,73685,68640
accident	6	texte	68274,70915
marteau	4	texte	68274
bris	2	texte	68274
vitre	4	texte	68274,69819
life	1	texte	68274
hammer	1	texte	68274
1996	2	texte	68274,67937
droit	8	texte	68274,72940,75792,68643,68392
distributing	1	texte	68274
hollandais	3	texte	68274,68640,71361
laisse	3	texte	68274,70166,72396
15000	2	texte	68274,67071
resté	1	texte	68274
étonnement	2	texte	68274,74752
pompier	20	texte	68274,70162,70421
incendie	3	texte	68274,68283,67945
resqm	1	texte	68274
aurai	1	texte	68274
négocier	2	texte	68274,73683
contacter	4	texte	68274,68643,71612,71614
stipule	1	texte	68274
foulée	6	texte	68274,72629,74450,71836,75458
lame	2	texte	68274,70420
rasoir	1	texte	68274
poinçon	1	texte	68274
acier	1	texte	68274
rétractable	1	texte	68274
lorsque	9	texte	68274,69178,70744,67389,75070,73188,67937
gagn	1	texte	68274
norvège	1	texte	68274
proactif	1	texte	68274
persuader	3	texte	68274,73876,67553
éducatif	1	texte	68274
utilisable	6	texte	68274,68881,75793,71843,70425
cherche	4	texte	68274,68276,75790,67383
porteceinture	1	texte	68274
263	10	bulletin	68274,68275,68277,68276,68273,68283,68281,68280,68278,68279
22/11/2011	10	date	68274,68275,68277,68276,68273,68283,68281,68280,68278,68279
laurent colasse - email : laurentcolasse@gmail.com	1	contact	68274
resqme, un porte-clés breveté qui peut sauver des vies sur la route crédits : laurent colasse	1	legendeImage	68274
resif	8	titre	69181
sismologique	2	texte	69181
géodésique	2	texte	69181
equipement	3	texte	69181,68275,70914
93	3	texte	69181,67387,69539
antenne	14	texte	69181,70170,70747,70425,67945,72632,74168
tellurique	4	texte	69181,69817,70420
tutelle	3	texte	69181,68883,74752
bureau	10	texte	69181,73877,69185,69177,72393,70169,76508,70422,75064
mobilise	1	texte	69181
750	1	texte	69181
sismomètre	1	texte	69181
band	5	texte	69181,70743,75458
accéléromètre	1	texte	69181
gravimètre	1	texte	69181
sismicité	2	texte	69181
2020	11	texte	69181,75795,71840,69818,76209,75463,70916,71615,74168,74169
150	10	texte	69181,76507,69815,68273,73877,72392,70168,71359,74746
instrumentation	4	texte	69181,70163,69543,67946
ponctuel	2	texte	69181,75070
immédiat	4	texte	69181,70163,76510,69540
interopérabilité	1	texte	69181
pressentir	1	texte	69181
plate	1	texte	69181
wwweposeuorg	1	texte	69181
typique	1	texte	69181
urbaniser	2	texte	69181,70916
séisme	7	texte	69181,69811,67942,70915
toutefois	7	texte	69181,70165,67801,70744,71835,75463
267	10	bulletin	69181,69180,69182,69183,69178,69186,69179,69184,69185,69177
22/02/2012	10	date	69181,69180,69182,69183,69178,69186,69179,69184,69185,69177
resif : http://www.resif.fr	1	contact	69181
prôti	4	titre	73683
archéologie	6	titre	73683
patric	2	texte	73683
pomey	6	texte	73683
caresser	1	texte	73683
rêve	3	texte	73683,72396
réplique	5	texte	73683
navigant	2	texte	73683
épave	8	texte	73683
embarcation	5	texte	73683
vièm	2	texte	73683
jc	2	texte	73683
fouille	2	texte	73683,75788
gypti	6	texte	73683
mioctobre	1	texte	73683
méditerraner	4	texte	73683,70916
marseilleprovence	4	texte	73683
provence	18	texte	73683,67553,75789,72118,75461,68393
alpes	6	texte	73683,67553,75789,73878,68393
cote	2	texte	73683,75789
azur	5	texte	73683,67553,75789,68393
paca	4	texte	73683,67553,75789,68393
métropol	1	texte	73683
aixmarseill	4	texte	73683,70747,73688,68391
aventur	1	texte	73683
neuf	10	texte	73683,70164,73684,69179,71843,70169,73883,68279
grecque	1	texte	73683
germe	2	texte	73683,68643
naviger	1	texte	73683
arcnucléart	1	texte	73683
gipc	1	texte	73683
poreux	3	texte	73683,74454,68390
déclenchant	1	texte	73683
italie	8	texte	73683,75788,72632,75462,70916,74169
rome	1	texte	73683
alexandriner	1	texte	73683
egypte	2	texte	73683,74450
camille	3	texte	73683,70749
jullian	2	texte	73683
méditerranéen	10	texte	73683,73688,72632,70916,68387
cousu	2	texte	73683
bordée	1	texte	73683
label	4	texte	73683,76509
convoité	1	texte	73683
julesverne	1	texte	73683
patrice	10	texte	73683,68887,74457,72939
métropole	1	texte	73683
barque	1	texte	73683
972	1	texte	73683
188	1	texte	73683
propulsion	6	texte	73683,70163,68883,69177,68644,74745
rame	9	texte	73683,70421
carrer	3	texte	73683,72397,74168
aixmarseille	3	texte	73683,68385
somme	3	texte	73683,73877,76509
montage	3	texte	73683,72634
vrai	10	texte	73683,70161,70429,73684,69813,72634,70421,75466,68391
boucler	4	texte	73683,76510,69811,75793
comandataire	1	texte	73683
proprement	3	texte	73683,72392
chantier	4	texte	73683,72392,67941,68383
naval	4	texte	73683,67386
borg	1	texte	73683
charpentier	1	texte	73683
marine	4	texte	73683,75789
arkaeo	1	texte	73683
sousmarin	5	texte	73683,73875,73688,70916
impérativement	1	texte	73683
respecter	10	texte	73683,67794,70165,75792,67553,70420,69538,67071,71835,74751
principe	9	texte	73683,69540,75793,70747,70746,72118,75065,70915
entièrement	9	texte	73683,68277,69179,71842,73879,75460,75067,74744
construite	1	texte	73683
bordé	2	texte	73683
squelette	1	texte	73683
préalable	1	texte	73683
ligature	6	texte	73683
parleton	1	texte	73683
cheville	1	texte	73683
préassemblage	1	texte	73683
cisaillement	2	texte	73683,70424
assembler	5	texte	73683,67556,67390,68882,67383
lin	3	texte	73683
méditerranée	6	texte	73683,69183,67389,75064,70916
anecdote	2	texte	73683,71835
serrage	1	texte	73683
exclametil	2	texte	73683,70166
inattendu	5	texte	73683,69184,67937
pareil	2	texte	73683,71835
confronté	4	texte	73683,67794,76509,71359
ployage	3	texte	73683
vrillage	1	texte	73683
étuver	1	texte	73683
flamme	1	texte	73683
exécuter	2	texte	73683,75064
détail	6	texte	73683,68276,69539,71836,73189
musée	9	texte	73683,73875,73876,75788,71837
nautique	2	texte	73683,75464
formule	1	texte	73683
coudre	1	texte	73683
régulièrement	6	texte	73683,68881,69811,68281,75064
talon	1	texte	73683
achille	1	texte	73683
rénovation	1	texte	73683
scène	4	texte	73683,67794,75792,70421
muséographique	1	texte	73683
activemer	4	texte	73683,67554,68885,74168
comprend	1	texte	73683
283	9	bulletin	73683,73691,73685,73684,73690,73686,73687,73689,73688
7/08/2013	9	date	73683,73691,73685,73684,73690,73686,73687,73689,73688
projet prôtis - patrice pomey : tél. : + 33 (0)4 42 26 19 70 - email : pomey@mmsh.univ-aix.fr - http://protis.hypotheses.org	1	contact	73683
maquette de restitution finale de l'épave jules-verne 9 crédits : photo ph. foliot, ccj, cnrs/amu	1	legendeImage	73683
détail de l'assemblage par ligatures de la réplique navigante gyptis en cours de construction crédits : photo p. pomey	1	legendeImage	73683
la réplique navigante gyptis en cours de construction. vue d'ensemble du fond de carène correspondant aux trois premières virures crédits : photo p. pomey	1	legendeImage	73683
phénotypage	13	titre	69817,70420
phenom	6	titre	69817,70420
geapsi	1	texte	69817
débit	12	texte	69817,69179,73686,69812,69177,70420,70914
pphd	10	texte	69817,70420
agroécologie	8	texte	69817,69812,73877,70420,67071
phenome	3	texte	69817,70420
celle	2	texte	69817,70749
foliaire	2	texte	69817,69182
rhizotron	8	texte	69817,70420
destructif	3	texte	69817,73687,68391
racinaire	6	texte	69817,70420
délaisser	3	texte	69817,70420,67937
écophysiologist	1	texte	69817
abstress	2	texte	69817,70420
arimnet	2	texte	69817,70420
pler	3	texte	69817,70420,71837
phenotyping	2	texte	69817,70420
eppn	2	texte	69817,70420
269	11	bulletin	69817,69816,69814,69815,69811,69812,69813,69821,69820,69818,69819
19/04/2012	11	date	69817,69816,69814,69815,69811,69812,69813,69821,69820,69818,69819
inra/dijon - christophe salon - email : christophe.salon@dijon.inra.fr	1	contact	69817
miri	8	titre	70163
jame	4	titre	70163,71614
webb	3	titre	70163
jwst	5	titre	70163
canadien	2	texte	70163,69542
csa	1	texte	70163
esa	14	texte	70163,69811,70170,69179,69177,70424,73880
équipé	4	texte	70163,70421,68640,74168
diamètre	17	texte	70163,67390,69179,70747,75789,70424,72397,72119
spectroimageur	3	texte	70163,70424
micromètre	3	texte	70163,73189,68391
edimbourg	2	texte	70163,73880
ecosse	2	texte	70163,73880
sousensembl	1	texte	70163
mirim	2	texte	70163
irfu	1	texte	70163
multispectral	1	texte	70163
coronographe	1	texte	70163
spectromètr	1	texte	70163
basserésolution	1	texte	70163
astrophysique	4	texte	70163,70424,69819
lesia	1	texte	70163
cnrsobservatoir	1	texte	70163
masque	1	texte	70163
coronographique	1	texte	70163
éteindre	3	texte	70163,70917
étoile	4	texte	70163,68881,67943,74168
optomécaniqu	1	texte	70163
résistance	12	texte	70163,68886,69541,70167,68280,70743,70914,75065,76209,74750,75458
vibratier	1	texte	70163
rutherford	1	texte	70163
appleton	1	texte	70163
sousensemble	1	texte	70163
party	4	texte	70163,72637,70420,72119
batterie	7	texte	70163,67386,68640
envoi	4	texte	70163,67386,68279
moyenner	1	texte	70163
marle	1	texte	70163
21èm	2	texte	70163,75795
nôtre	2	texte	70163,73685
lacté	2	texte	70163,70749
traquer	2	texte	70163,70421
luminosité	1	texte	70163
270	11	bulletin	70163,70162,70161,70165,70170,70164,70166,70167,70169,70168,75458
31/05/2012	10	date	70163,70162,70161,70165,70170,70164,70166,70167,70169,70168
cnes - julien watelet - tél. : +33 (0)1 44 76 78 37 - email : julien.watelet@cnes.fr	2	contact	70163,69813
l'imageur mirim dans la salle blanche du service d'astrophysique-laboratoire aim du cea-irfu lors des tests d'alignements optiques crédits : cea/sap	1	legendeImage	70163
émergent	7	titre	76512,74450,72396
vinneo	4	titre	76512
savezvous	1	texte	76512
progress	1	texte	76512
cassis	2	texte	76512
violette	1	texte	76512
viniviticole	1	texte	76512
sudouest	4	texte	76512,69816,73882
ifv	1	texte	76512
malbec	1	texte	76512
négrett	1	texte	76512
fer	7	texte	76512,70424,74450,68640,75066
servadou	1	texte	76512
néovin	1	texte	76512
appelle	1	texte	76512
conquérir	2	texte	76512,75070
terreo	1	texte	76512
astrolabe	1	texte	76512
export	3	texte	76512,68273,67553
vinicole	1	texte	76512
triplé	1	texte	76512
feuille	6	texte	76512,67387,68645,72630,68383,68386
moût	1	texte	76512
292	12	bulletin	76512,76513,76507,76511,76510,73875,76514,76515,67801,76516,76509,76508
6/08/2014	10	date	76512,76513,76507,76511,76510,76514,76515,76516,76509,76508
inp toulouse - florence lauriac : tél. : +33 (0)5 34 32 31 36 - email : florence.lauriac@inp-toulouse.fr	1	contact	76512
crédits : sandralise	1	legendeImage	76512
calcul	37	titre	75796,69180,69178,70424,70421,74452,70914,71835,74745,74744
performanc	5	titre	75796,69820,70914
teratec	4	titre	75796,70914
hpc	3	texte	75796
computing	2	texte	75796,73686
sessier	1	texte	75796
plénier	4	texte	75796,73691,69820
stand	4	texte	75796,67941,72939
éditeur	2	texte	75796,68383
mardi	3	texte	75796,69177,70752
centrer	10	texte	75796,72629,68277,70161,73876,70166,70426,71361,71614
parole	2	texte	75796,76516
personnalité	2	texte	75796,72400
offreur	1	texte	75796
présentation	11	texte	75796,73690,69543,76516,67561,71845,67942,71363,75071,72121
orienté	2	texte	75796
applicatif	2	texte	75796,74452
modélisation	14	texte	75796,67387,70162,69180,67385,68645,74456,67942,70914,72939,70916,74745,73189
émergente	1	texte	75796
290	10	bulletin	75796,75797,75795,75794,75790,75791,75793,75792,75788,75789
5/05/2014	10	date	75796,75797,75795,75794,75790,75791,75793,75792,75788,75789
forum teratec 2014 : http://www.teratec.eu/forum/index.html	1	contact	75796
crédits : oliver sved	1	legendeImage	75796
12ème	3	titre	67392,72633
héliospir	3	titre	67392
chimiométrie	3	titre	67392
assocation	1	texte	67392
spectroscopie	4	texte	67392,69186
chimiométrique	1	texte	67392
discrimination	1	texte	67392
interinstrument	1	texte	67392
prétraitement	1	texte	67392
spectroscopique	1	texte	67392
validité	2	texte	67392,75792
259	9	bulletin	67392,67386,67387,67385,67391,67390,67383,67389,67388
22/07/2011	9	date	67392,67386,67387,67385,67391,67390,67383,67389,67388
- hélio-spir - http://www.heliospir.net/actualites/article/34- inscription : http://redirectix.bulletins-electroniques.com/jtfx7	1	contact	67392
téléphonie	2	texte	67386,68279
relais	6	texte	67386,67383
fixe	4	texte	67386,70420,71835,71836
communiquer	2	texte	67386,67553
câblé	3	texte	67386,76510
dépassement	1	texte	67386
seuil	2	texte	67386,70425
degrer	1	texte	67386
usure	1	texte	67386
radio	4	texte	67386,70747,76208
relai	1	texte	67386
minimiser	1	texte	67386
délai	5	texte	67386,76510,70915,74745
impartir	1	texte	67386
interface	11	texte	67386,68882,68886,75790,75791,70167,75788,69819,75064,75063
minet	1	texte	67386
équipeprojet	1	texte	67386
hipercom	1	texte	67386
ocari	1	texte	67386
coordonne	1	texte	67386
clermontferrand	4	texte	67386,73875,73687,67799
dcn	2	texte	67386
telit	1	texte	67386
intervenant	5	texte	67386,69820,67942,75465
réception	2	texte	67386,70162
veille	5	texte	67386,73685,68273,74455
grandeur	3	texte	67386,68884,72397
inria/paris-rocquencourt - pascale minet : tél. : +33 (0)1 39 63 52 33 - email : pascale.minet@inria.fr	1	contact	67386
reproductive	1	texte	67387
grandir	5	texte	67387,68387,71614
trait	4	texte	67387,72632
try	2	texte	67387
compiler	2	texte	67387
52	2	texte	67387,68275
longévité	2	texte	67387,68277
graine	4	texte	67387,67391,70420,72630
azote	6	texte	67387,69183,68645,71837,71615,74752
porosité	1	texte	67387
106	1	texte	67387
alpine	2	texte	67387,73881
joseph	8	texte	67387,69816,69178,67800,73878,69819,69539,73189
fourieruniversité	1	texte	67387
evolutiv	1	texte	67387
nîmessupagrociradepheirdinra	1	texte	67387
69000	1	texte	67387
300000	4	texte	67387,74449,70166,75458
terr	1	texte	67387
végétation	4	texte	67387,69816,74450
arbre	13	texte	67387,69816,69182,67391,71837,68383,75458
feuillage	1	texte	67387
persister	1	texte	67387
avèretil	1	texte	67387
laboratoire d'ecologie alpine :- sandra lavorel : tél. : +33 (0)4 76 63 56 61 - email : sandra.lavorel@ujf-grenoble.frcentre d'ecologie fonctionnelle et evolutive- eric garnier : tél. : +33 (0)4 67 61 32 42 - email : eric.garnier@cef.cnrs.fr	1	contact	67387
inosport	4	titre	75797
santébienêtr	4	titre	75797
voiron	1	texte	75797
alpe	10	texte	75797,76513,73881
provenance	3	texte	75797,69542,69820
stéphan	1	texte	75797
diaganer	1	texte	75797
champion	3	texte	75797,68881,71617
haie	1	texte	75797
show	8	texte	75797,70170,73438
room	1	texte	75797
- inosport :* http://www.inosport.fr/sinscrire/* http://www.inosport.fr	1	contact	75797
crédits : rosym	1	legendeImage	75797
ecolab	7	titre	76513,75066
loft	6	titre	76513
écoproduit	3	titre	76513
sustainable	3	texte	76513,68275,72637
school	6	texte	76513,73876,68641
sdsnice	1	texte	76513
labellisé	9	texte	76513,70162,75793,70749,72634,67799,70421,67798,72631
cofonder	1	texte	76513
tradmatik	1	texte	76513
fablab	1	texte	76513
niçois	1	texte	76513
recours	2	texte	76513,69818
écotechnologie	1	texte	76513
maurill	1	texte	76513
larivièr	1	texte	76513
disposerontils	1	texte	76513
machinesoutil	1	texte	76513
dao	1	texte	76513
découper	3	texte	76513,67554,73684
insertion	2	texte	76513,67940
obtention	5	texte	76513,73684,71842,71845,73188
hermès	1	texte	76513
toyota	1	texte	76513
sitasuez	1	texte	76513
exigeant	3	texte	76513,67794,69185
écoconception	5	texte	76513,71845
sustainable design school (sds) - maurille larivière : tél. : +33 (0)4 93 41 44 51 - email : maurille.lariviere@the-sds.com	1	contact	76513
crédits : kaarsten	1	legendeImage	76513
descarte	10	titre	70162,69184,71841,70421
42	3	texte	70162,70421,71359
thale	4	texte	70162,75788,71835
security	2	texte	70162,69811
géo	1	texte	70162
212	1	texte	70162
géoconcept	1	texte	70162
masa	2	texte	70162
group	3	texte	70162,73687
systematic	2	texte	70162,70421
fonds	32	texte	70162,76510,69815,67794,73875,75793,68884,72634,73879,71841,67799,70420,69818,74450,74451,76508,70421,67798,73880,74453,71360,75063,71614,71616,74169,68385
renne	3	texte	70162,75794
préfet	1	texte	70162
sapeur	1	texte	70162
forcer	2	texte	70162,71840
zonal	1	texte	70162
gendarmerie	1	texte	70162
sapeurspompier	1	texte	70162
attentat	5	texte	70162,70421
explosif	9	texte	70162,70425,72633
substance	6	texte	70162,76514,71843,70746,67799,67937
radiologique	1	texte	70162
commandement	3	texte	70162,71836
alerte	3	texte	70162,76510,70916
remonter	3	texte	70162,70161,67798
conteneur	1	texte	70162
préciseton	3	texte	70162,67944,75789
observationmain	1	texte	70162
courer	2	texte	70162,74455
événementiel	1	texte	70162
saisir	5	texte	70162,76511,72392,76209
relier	5	texte	70162,73875,72635,70425
peutell	3	texte	70162,74457,69538
judiciaire	1	texte	70162
renseignementsitac	1	texte	70162
matérialiser	1	texte	70162
géolocaliser	1	texte	70162
sig	5	texte	70162,68889
vidéo	4	texte	70162,67554,67802,76509
engagement	3	texte	70162,70753,71837
secours	2	texte	70162,75789
manuel	1	texte	70162
anticipation	3	texte	70162,70420
ordonnancement	1	texte	70162
simultanément	4	texte	70162,69182,69183,70743
écran	15	texte	70162,68881,72401,75792,70167,70744,70421
inconvénient	2	texte	70162,70916
indiqueton	2	texte	70162,70164
entrant	1	texte	70162
sortant	1	texte	70162
palette	5	texte	70162,68273,72630,70916
soa	1	texte	70162
oriented	1	texte	70162
panache	2	texte	70162
sanitaire	12	texte	70162,76514,68885,73877,68645,74457,69818,68279,75458,74169
bâti	1	texte	70162
rue	1	texte	70162
casque	5	texte	70162,70421
capture	4	texte	70162,67800,69177,70425
foule	1	texte	70162
training	1	texte	70162
immersif	1	texte	70162
planifier	1	texte	70162
implantation	10	texte	70162,73875,73684,68889,71840,74454,70743
thales - dorothée bonneil - email : dorothee.bonneil@thalesgroup.com	1	contact	70162
repas	17	titre	76507,74449,67555,70749,76509,68387,75063
fsi	9	titre	76507,71616
aisément	2	texte	76507,72631
editeur	2	texte	76507,67794
spécialité	5	texte	76507,68276,69185,71362,71358
maintenant	8	texte	76507,75790,74455,68643,70422,67071,71358,74746
renessen	3	texte	76507,74449
mangeur	4	texte	76507,74449,76209
noisylegrand	1	texte	76507
signification	1	texte	76507
1946	1	texte	76507
attester	1	texte	76507
1970	2	texte	76507,68383
lecteur	8	texte	76507,67794,68283,69821,71835,74752
1981	1	texte	76507
microinformatiqu	1	texte	76507
balbutiante	2	texte	76507,74450
terminal	3	texte	76507,70161,72633
portable	5	texte	76507,67554,70747
saisie	1	texte	76507
windows	1	texte	76507
hertzienner	1	texte	76507
saintlouis	3	texte	76507,70425,75458
winrest	1	texte	76507
gpao	1	texte	76507
gérant	3	texte	76507,68643,75063
fluide	10	texte	76507,68276,69540,72393,70421,71835,76208,75067
oriano	2	texte	76507
menu	2	texte	76507,67555
allergie	6	texte	76507,68645,70745,67937
aversion	1	texte	76507
webrest	1	texte	76507
illustration	3	texte	76507,72940,72396
soignant	1	texte	76507
diététique	1	texte	76507
tablette	3	texte	76507,72401,76508
ditil	2	texte	76507,74450
pointu	4	texte	76507,68881,70749,72394
catastrophe	8	texte	76507,72629,67794,75789,70915
vitagora	11	texte	76507,74449,75790,75793,72634,73879,67798,68279,72396,75462
ellemêm	2	texte	76507,68383
déclaretil	8	texte	76507,70161,68276,68273,67383,71842,72630,67937
fsi - bernard d'oriano - email : bdo@fsinet.fr - http://www.fsinet.fr	1	contact	76507
crédits : stockyimages	2	legendeImage	76507,76508
ecology	2	texte	69816,71837
letters	1	texte	69816
fourier	5	texte	69816,69178,67800,69819,69539
grenoble	1	texte	69816
qdiv	1	texte	69816
gi	4	texte	69816,69812,68884
huit	4	texte	69816,69811,70916,72121
essence	5	texte	69816,69814,71837,75458
dominant	1	texte	69816
incertitude	4	texte	69816,70429
subsister	4	texte	69816,70429,70917,68383
sécheresse	12	texte	69816,69182,67794,70916,68387,75458
dépit	1	texte	69816
tempérer	2	texte	69816,75789
hêtre	1	texte	69816
chêne	1	texte	69816
sessile	1	texte	69816
ouest	7	texte	69816,70917,71836,75463,75458
dryade	1	texte	69816
répétition	1	texte	69816
mortalité	1	texte	69816
climatologue	2	texte	69816,68645
apport	6	texte	69816,70753,72637,67942,71836,70916
gestionnaire	4	texte	69816,68275,76510
dépens	1	texte	69816
pin	1	texte	69816
sylvestre	1	texte	69816
compromettre	1	texte	69816
scénarii	4	texte	69816,72392,70751
incertain	2	texte	69816,75458
résilience	1	texte	69816
diversité	12	texte	69816,70161,69815,69812,70746,70420,69538,70914,72122
atténuer	1	texte	69816
sylvicultur	1	texte	69816
économe	2	texte	69816,73188
université paris-sud - paul leadley - tél. : +33 (0)1 69 15 72 22 - email : paul.leadley@u-psud.fr	1	contact	69816
modifications des aires de répartition prévues pour le pin sylvestre d'ici 2055 dues au changement climatique. en rouge sur la carte, les régions bioclimatiques avec une perte quasi totale de climat favorable ; en marron clair, une perte modérée ; en vert clair, une faible perte ; en beige, l'absence actuelle de pin sylvestre. les pourcentages de perte pour chaque région indiquent la moyenne des cinq modèles. les prévisions de perte par les modèles pris individuellement sont indiquées en médaillon pour chaque région. crédits : ecology letters	1	legendeImage	69816
dehli	1	texte	69180
umi	4	texte	69180,68278
ifcam	2	texte	69180
indofrench	1	texte	69180
mathematic	1	texte	69180
bangalore	2	texte	69180
inrier	2	texte	69180,74452
nice	5	texte	69180,67561,75065
sophiaantipolis	1	texte	69180
iiipaul	2	texte	69180,69819
sabatier	6	texte	69180,72634,69819
dérivée	1	texte	69180
statistique	5	texte	69180,73685,68645,68281,67942
tata	1	texte	69180
fundamental	1	texte	69180
bombay	1	texte	69180
kanpur	1	texte	69180
cnrs - julien guillaume - email : julien.guillaume@cnrs-dir.fr	1	contact	69180
geosud	6	titre	68275
imageri	2	texte	68275,74451
satellitaire	6	texte	68275,69813,76208
spot	3	texte	68275,69177,71836
incontestable	3	texte	68275,69815,73875
demeure	2	texte	68275,69819
mobiliser	9	texte	68275,67554,68882,69541,67071,70915,75066,71359
sousutiliser	1	texte	68275
geoinformation	1	texte	68275
developmer	1	texte	68275
cirad	9	texte	68275,69182,67794,74457,72632,67071,72121
ird	4	texte	68275,68883,74457,67071
ign	1	texte	68275
multilicence	1	texte	68275
couvertur	4	texte	68275,67794,71835
gratuitement	1	texte	68275
approprier	3	texte	68275,72401,72630
homogène	2	texte	68275,75067
pertinent	8	texte	68275,70166,75793,67553,71359,74746,74169
hauterésolution	1	texte	68275
régionaliser	1	texte	68275
fournit	1	texte	68275
emprunt	1	texte	68275
equipe	2	texte	68275,72121
tetis	1	texte	68275
115	4	texte	68275,73684,69179,68640
allenvi	9	texte	68275,67071
structurant	3	texte	68275,69177,75789
interdisciplinaire	5	texte	68275,68645,67799,70916,68392
roger	3	texte	68275,73687,67071
genet	2	texte	68275,67071
humanité	8	texte	68275,72398,67794,68882,67071,74746,74168
geosud - http://geosud.teledetection.fr	1	contact	68275
a320	3	titre	67797
détailler	1	texte	67797
générateur	2	texte	67797,75066
dlr	2	texte	67797
hambourg	4	texte	67797,67944
roue	1	texte	67797
rouler	6	texte	67797,67940
fonctionnalité	6	texte	67797,67554,76514,75788,67388
roulage	3	texte	67797,68640
recueillir	4	texte	67797,68883,74449,69811
airbus - nina ohlerich : tél. : + 49 40 743 85253	1	contact	67797
déficience	4	titre	67556
intellectuel	8	titre	67556,69812,71614
di	7	texte	67556,67945
environnementau	8	texte	67556,72398,67794,69813,68645,72392,68283,67071
laurence	3	texte	67556,72393
colleal	2	texte	67556
épigénétique	1	texte	67556
neurosensoriel	1	texte	67556
insermuniversité	1	texte	67556
descarteshôpital	1	texte	67556
neckerenfant	1	texte	67556
maladesfondation	1	texte	67556
imagin	2	texte	67556,73875
jeanmarc	2	texte	67556,67937
egly	1	texte	67556
insermcnrsuniversité	1	texte	67556
syndromique	1	texte	67556
mémorisation	1	texte	67556
med23	4	texte	67556
sousunité	2	texte	67556,67390
multiprotéiqu	1	texte	67556
médiateur	1	texte	67556
med	1	texte	67556
régulation	7	texte	67556,67391,69812,69184,73877,68643,69818
expression	7	texte	67556,70424,70420
transcription	4	texte	67556
arn	1	texte	67556
polymérase	1	texte	67556
enzyme	16	texte	67556,76511,67800,75790,67388
jun	2	texte	67556
fo	1	texte	67556
cascade	1	texte	67556
transitoire	2	texte	67556,70746
plasticité	2	texte	67556,68887
incapable	2	texte	67556,72630
correctement	1	texte	67556
défectueux	1	texte	67556
muter	2	texte	67556,67937
tcf4	1	texte	67556
anomalie	5	texte	67556,69815,67798,72118
argument	1	texte	67556
faveur	1	texte	67556
"- inserm - unité 781 ""génétique et épigénétique des maladies métaboliques, neurosensorielles et du développement - laurence colleaux : tél. : +33 (0)1 44 49 51 52- unité mixte ""institut de génétique et de biologie moléculaire et cellulaire"" - jean-marc egly : tél. : +33 (o)6 73 98 19 38"	1	contact	67556
nucadvisor	10	titre	72629
patron	1	texte	72629
paisible	1	texte	72629
sauter	2	texte	72629,73685
pa	1	texte	72629
surprendre	3	texte	72629,70424,72631
ponctuer	4	texte	72629,72940,69819,71837
arabe	3	texte	72629
fukushima	5	texte	72629,72392,70915
alain	16	texte	72629,69812,74457,72637,74168
bugat	7	texte	72629
administrateur	3	texte	72629,70914
fermé	2	texte	72629,71836
rêvé	1	texte	72629
chirac	1	texte	72629
sarkozy	1	texte	72629
promouvoir	8	texte	72629,70748,75792,72394,69538,70914,71361,68386
amène	1	texte	72629
emirat	1	texte	72629
anglosaxon	2	texte	72629
amont	5	texte	72629,69821,68279,71359,74744
orientation	9	texte	72629,68277,69179,68885,73877,68644,76208,68392
ultérieurement	1	texte	72629
forceps	1	texte	72629
afni	1	texte	72629
franchit	1	texte	72629
dominique	8	texte	72629,73684,68889
vignon	1	texte	72629
framatome	1	texte	72629
ingérop	13	texte	72629,73875
crédible	3	texte	72629,75793,67383
prospection	2	texte	72629,70914
assistance	9	texte	72629,68277,71841,72633,76508,75066,74746
renaissance	2	texte	72629,72939
tunisi	2	texte	72629,69820
liby	1	texte	72629
koweit	1	texte	72629
lituanie	1	texte	72629
touche	2	texte	72629,72634
invivable	1	texte	72629
exploser	6	texte	72629,69812,71359
survenir	4	texte	72629,73688,70915,75458
adresse	5	texte	72629,72401,68273,67940,72939
soubresaut	1	texte	72629
ralentissement	2	texte	72629,70424
traversée	2	texte	72629,72634
tempête	1	texte	72629
frémissement	1	texte	72629
perceptible	2	texte	72629,72631
jordanie	1	texte	72629
atomique	2	texte	72629,67943
coréen	2	texte	72629,73878
kenya	1	texte	72629
gouvernement	6	texte	72629,68888,68642,72396
sudafricain	1	texte	72629
gouvernance	3	texte	72629,72398,70164
justement	1	texte	72629
signe	3	texte	72629,70748,73876
redémarrage	1	texte	72629
démantèlemer	5	texte	72629,72392,70915
expertspartenaire	1	texte	72629
étendue	3	texte	72629,73880
réglementaire	5	texte	72629,73690,76516,72938,70917
handicap	4	texte	72629,67801,67940
tort	1	texte	72629
french	1	texte	72629
cookie	1	texte	72629
ironie	1	texte	72629
westinghouse	1	texte	72629
transmettre	4	texte	72629,70748,69813,76508
ap1000	1	texte	72629
félicitetil	1	texte	72629
279	9	bulletin	72629,72635,72634,72636,72637,72633,72632,72630,72631
26/03/2013	9	date	72629,72635,72634,72636,72637,72633,72632,72630,72631
nucadvisor - alain bugat - email : alain.bugat@nucadvisor.com - http://www.nucadvisor.com	1	contact	72629
alain bugat, président de nucadvisor crédits : cea	1	legendeImage	72629
kavli	2	texte	68881
nanoscienc	1	texte	68881
technolgy	1	texte	68881
pasadener	2	texte	68881
nanosystem	2	texte	68881
vlsi	2	texte	68881
verylargescaleintegration	1	texte	68881
nanométrique	8	texte	68881,72635,72119,68391
analytical	3	texte	68881
pixel	6	texte	68881,67554,72401,70424
api	1	texte	68881
chromatographie	3	texte	68881
miniaturiser	3	texte	68881,70167
enthousiaste	3	texte	68881,70421,68383
nanoscience	4	texte	68881,69186,74747
michael	7	texte	68881,74450,67389
roukes	2	texte	68881
nanosystème	1	texte	68881
mondialement	7	texte	68881,67795,67383,73877,70743,67937
nanoélectronique	1	texte	68881
envier	1	texte	68881
californien	1	texte	68881
pasadéner	1	texte	68881
grenoblois	7	texte	68881,67554,70165,73878
rouke	1	texte	68881
profitant	1	texte	68881
nanotechnologie	13	texte	68881,67390,69540,69186,72635,75071,72119,74747
bébé	2	texte	68881,72401
jeanpierre	12	texte	68881,73876,75789,68387
braun	3	texte	68881
gazeux	2	texte	68881,70426
volumineux	1	texte	68881
electro	1	texte	68881
mechanical	1	texte	68881
pétrochimie	2	texte	68881,75066
poumon	1	texte	68881
haleine	2	texte	68881,72634
31	3	texte	68881,74449,73883
bio	3	texte	68881,73691,72396
biogaz	9	texte	68881,67385,73690
cher	1	texte	68881
evoquer	1	texte	68881
tousser	1	texte	68881
iphone	1	texte	68881
infirmier	2	texte	68881,76509
souffler	2	texte	68881,67937
tuyau	1	texte	68881
sûrement	3	texte	68881,73876,74455
bronchite	1	texte	68881
emmener	3	texte	68881,74457,71612
fiction	1	texte	68881
empressetil	1	texte	68881
prévisible	1	texte	68881
microélectronique	10	texte	68881,67554,67383,72635,68391
jeanlou	1	texte	68881
chameau	1	texte	68881
richard	6	texte	68881,73875,75790,74169
feynman	1	texte	68881
1959	2	texte	68881,72396
prédire	2	texte	68881,71837
devraiton	1	texte	68881
fée	2	texte	68881
berceau	1	texte	68881
intention	3	texte	68881,73684,76209
chemin	4	texte	68881,74450,67798,72631
266	9	bulletin	68881,68883,68882,68886,68887,68885,68884,68889,68888
24/01/2012	9	date	68881,68883,68882,68886,68887,68885,68884,68889,68888
- cea leti - laurent malier - email : laurent.malier@cea.fr- analytical pixels technology - jean-pierre braun - email : jeanpbraun@gmail.com	1	contact	68881
de droite à gauche : jean-lou chameau, président de caltech, laurent malier, directeur du cea-leti, le professeur michael roukes, du kavli nanosciences institute, jean-pierre braun, directeur général d'analytical pixels technology (apix) crédits : cea	1	legendeImage	68881
105	3	texte	68883,68640
mijanvier	1	texte	68883
battant	2	texte	68883,68279
breizh	1	texte	68883
spirit	1	texte	68883
98	3	texte	68883,75066
53	2	texte	68883,68392
suiveur	1	texte	68883
stopper	2	texte	68883,75065
ménage	1	texte	68883
trajet	4	texte	68883,71617
résident	1	texte	68883
surveiller	8	texte	68883,69811,73877,69813,74450,70916
500	15	texte	68883,69814,67794,68886,67801,75793,73884,71842,75789,76508,68640,72939,74745,72120
turbidité	1	texte	68883
sortie	3	texte	68883,70169,71614
programmer	4	texte	68883,73884,67071,71617
dépourvoir	1	texte	68883
consigne	1	texte	68883
vélique	1	texte	68883
éolienne	4	texte	68883,75792,70743,75463
affilée	1	texte	68883
décimètre	1	texte	68883
complément	10	texte	68883,76511,70166,75793,67798,70914,74744
ifremer - marion le foll : tél. : +33 (0)1 46 48 22 42/4 - email : marion.le.foll@ifremer.fr	1	contact	68883
vaimos, record pour un robot voilier crédits : ifremer/patrick rousseaux	1	legendeImage	68883
vaimos, 3,65 m de long pour un poids de 300 kg crédits : ifremer/patrick rousseaux	1	legendeImage	68883
boîte	7	titre	67554,67383,70420,72939,71359
wafer	3	texte	67554
processeur	15	texte	67554,73879,74745
standalon	1	texte	67554
programmable	2	texte	67554,73879
constant	2	texte	67554,75459
finesse	1	texte	67554
gravure	1	texte	67554
prédit	1	texte	67554
moore	1	texte	67554
transistor	11	texte	67554,70167,72635
motif	6	texte	67554,67795,76511,71835,75066,75458
empiler	2	texte	67554,70161
superposer	1	texte	67554
connexion	8	texte	67554,67946,70914
significativement	3	texte	67554,73688,67798
140	5	texte	67554,74454,72633,69818
rigidité	1	texte	67554
collaborent	1	texte	67554
étroitement	1	texte	67554
sûr	4	texte	67554,74449,67794,68882
économiquemer	2	texte	67554,73877
viable	3	texte	67554,75792,75789
complète	1	texte	67554
catégorie	15	texte	67554,74449,69179,67944,73878,75066,75458
élémentaire	3	texte	67554,68882,68279
expliqueton	2	texte	67554,72118
demandeur	2	texte	67554,68884
téléphone	11	texte	67554,72401,70747,76508
optronique	1	texte	67554
photon	3	texte	67554,70747,73688
périphérique	4	texte	67554,75790,69184
2d	2	texte	67554,68391
tsv	1	texte	67554
through	1	texte	67554
silicon	2	texte	67554,74455
traversant	1	texte	67554
connectique	1	texte	67554
ramener	2	texte	67554,69177
reflow	1	texte	67554
bloc	2	texte	67554,71614
interconnexion	1	texte	67554
confortable	2	texte	67554,72394
stmicroelectronic	1	texte	67554
millimètre	6	texte	67554,75791,70425,73189,75458
cea/leti - stéphane lavessière - email : stephane.laveissiere@cea.fr	1	contact	67554
cinéma	1	texte	72401
télévision	2	texte	72401,70747
console	1	texte	72401
envahir	4	texte	72401,70161,70166,75462
facilité	2	texte	72401,69178
déconcertant	1	texte	72401
abusent	1	texte	72401
involontairement	1	texte	72401
désarmer	1	texte	72401
ressentir	3	texte	72401,72398,70421
cacher	1	texte	72401
pommier	1	texte	72401
rédiger	3	texte	72401,72940,74457
neuroscience	4	texte	72401,75790,74453,73189
psychologue	1	texte	72401
clinicienscet	1	texte	72401
guide	2	texte	72401,74752
éducateur	1	texte	72401
relire	1	texte	72401
méditer	2	texte	72401,70429
278	10	bulletin	72401,72398,72399,72400,72392,72393,72394,72395,72397,72396
28/02/2013	10	date	72401,72398,72399,72400,72392,72393,72394,72395,72397,72396
editions le pommier - http://www.editions-lepommier.fr	1	contact	72401
repartir	4	titre	72398,70422,71362
rigueur	1	texte	72398
règle	6	texte	72398,75792,67553,76208,75063
parution	1	texte	72398
aprèskyoto	1	texte	72398
écologie	5	texte	72398,69812,67071,75460,75458
coriolis	1	texte	72398
enrichir	3	texte	72398,72637,71359
boutte	1	texte	72398
yve	5	texte	72398,73875
demay	1	texte	72398
ecole polytechnique - claire lenz : tél. : +33 (0)1 69 33 38 70 - email : claire.lenz@polytechnique.edu	1	contact	72398
fusion	18	texte	67795,72392,75064,74168
iner	1	texte	67795
pg	1	texte	67795
engref	1	texte	67795
ensia	1	texte	67795
nommer	6	texte	67795,74449,70161,68882,72394
trystram	5	texte	67795
dresse	3	texte	67795,68276,71366
accomplir	1	texte	67795
be	9	texte	67795,70161,73884
délégué	5	texte	67795,68885,74456,67388,74746
massy	1	texte	67795
dressezvous	1	texte	67795
veux	1	texte	67795
identité	5	texte	67795,70161,68885
attractif	2	texte	67795,67555
fermeture	4	texte	67795,73685,72635,75460
réforme	1	texte	67795
inscription	3	texte	67795,75071,74747
adosser	3	texte	67795,71842
ambiguïté	1	texte	67795
inra	7	texte	67795,75790,68885,71842,67388,69538,71837
votre	7	texte	67795,73684,74455,75462
participation	6	texte	67795,67391,69178,73875,69542,74747
agroparistech - gilles trystram - email : gilles.trystram@agroparistech.fr	1	contact	67795
gilles trystram, directeur général d'agroparistech crédits : agroparistech	1	legendeImage	67795
allongement	2	texte	68277,74746
charle	10	texte	68277,68641,75066,74746,71617
foix	5	texte	68277,74746
foi	3	texte	68277,74746
bâtiment	19	texte	68277,73875,75792,69185,71842,70751,70169,68280,70420,73883,69818,70421,75071
mariani	2	texte	68277,68888
neurobiologiste	1	texte	68277
praticien	1	texte	68277
neurobiologie	3	texte	68277,68887,67389
upmccnrs	1	texte	68277
charles	3	texte	68277,70167,74746
800	4	texte	68277,70425
technicité	1	texte	68277
valdemarne	1	texte	68277
aphp	3	texte	68277,76508,74746
publiqueshôpital	1	texte	68277
comportementale	1	texte	68277
abrite	1	texte	68277
mémoir	1	texte	68277
motricité	3	texte	68277,68646
sommeil	2	texte	68277,69184
ex	1	texte	68277
vitro	2	texte	68277,74455
immobilier	1	texte	68277
pépinière	4	texte	68277,75066,75458
hôtel	2	texte	68277,75063
gérontechnologie	1	texte	68277
upmc - claire de thoisy-méchin : tél. : +33 (0)1 44 27 23 34 - email : claire.de_thoisy-mechin@upmc.fr	1	contact	68277
tolérance	5	titre	69182,69820,70746,75065
phénoarch	4	titre	69182
tolérer	2	texte	69182,69178
supagro	2	texte	69182,72121
650	1	texte	69182
céréale	4	texte	69182,67794,68279,72121
pot	3	texte	69182,70420
convoyeur	2	texte	69182,70420
automatiquement	4	texte	69182,71841,76508,71614
arrosage	1	texte	69182
automatique	6	texte	69182,76510,69177,76208,74751
intervalle	1	texte	69182
accumulation	4	texte	69182,67391
biomass	3	texte	69182,70426,72121
transpiration	1	texte	69182
successive	1	texte	69182
auter	3	texte	69182,69811,67388
calculer	2	texte	69182,76509
génétiquement	2	texte	69182,73684
modalité	2	texte	69182,75790
allèle	1	texte	69182
génotype	2	texte	69182,70420
inra/montpellier, laboratoire d'écophysiologie des plantes sous stress environnementaux (inra/montpellier supagro) - françois tardieu : tél. : +33 (0)4 99 61 26 32 - email : francois.tardieu@supagro.inra.fr	1	contact	69182
wiseer	2	titre	69814
semiconducteur	6	titre	69814,72635,74451
gaps	4	titre	69814
wisea	2	texte	69814
verter	2	texte	69814,72121
conventionnel	2	texte	69814,68644
motorisation	3	texte	69814,75066,71836
hybride	4	texte	69814,73884,73879,70423
incontournabler	1	texte	69814
gap	1	texte	69814
carbure	1	texte	69814
nitrure	1	texte	69814
surmonter	1	texte	69814
carnot	11	texte	69814,70161,75792,70753,71612,72121
laa	2	texte	69814,72635
fraunhofer	1	texte	69814
iisb	1	texte	69814
device	2	texte	69814
erlangennuremberg	1	texte	69814
leb	1	texte	69814
cemescnrs	1	texte	69814
adoption	4	texte	69814,69542,68387
formé	2	texte	69814,67802
mobisic	1	texte	69814
inter	2	texte	69814,70420
carnotfraunhofer	1	texte	69814
picf	1	texte	69814
épitaxie	1	texte	69814
frontend	1	texte	69814
packaging	6	texte	69814,67946,72120
blanche	1	texte	69814
erlangen	1	texte	69814
laas - fuccio cristiano - tél. : +33 (0) 5 61 33 62 54 - email : fuccio@laas.fr	1	contact	69814
equilibre	1	titre	76511
radical	8	titre	76511,70161
libre	11	titre	76511,76508,70421,74169,71617
antioxydant	13	titre	76511,72394,68387
equilibr	1	texte	76511
larer	1	texte	76511
spiral	7	texte	76511,75793,68387
megamix	2	texte	76511
additif	3	texte	76511,68882,74750
aviculture	1	texte	76511
infatigable	1	texte	76511
accuser	1	texte	76511
1989	1	texte	76511
krl	2	texte	76511
antiradicalaire	3	texte	76511
considèrent	2	texte	76511,76209
toucheàtout	3	texte	76511,72394
rétorquetil	1	texte	76511
apparier	1	texte	76511
célibataire	1	texte	76511
instabilité	2	texte	76511,68882
réagissentils	1	texte	76511
céder	3	texte	76511,72633,71614
molécul	5	texte	76511,71843,72118,72119
radicalaire	1	texte	76511
oxydatif	6	texte	76511,72394
oxydant	1	texte	76511
lorsqu	7	texte	76511,67801,73684,70744,70425,75070,69539
lutter	12	texte	76511,74449,76510,69813,70746,67798,72632,75067,74746,75458
provoquer	5	texte	76511,68887,70424,70916,67937
dégât	3	texte	76511,67794,70916
heureusement	1	texte	76511
accroissent	1	texte	76511
agression	3	texte	76511,67937
uv	2	texte	76511,71360
alcoolisme	1	texte	76511
tabagisme	1	texte	76511
rétinopathie	1	texte	76511
bibliographie	2	texte	76511,69186
implication	8	texte	76511,72394,67798,68383,75463,71361,67937,74750
attaquer	3	texte	76511,75065,74168
champignon	10	texte	76511,68273,70745,71837,68387,67937
booster	5	texte	76511,74452,68393
polyphénol	10	texte	76511,68387,74169
circulante	1	texte	76511
noncirculanter	1	texte	76511
réserve	2	texte	76511,68385
réséder	1	texte	76511
bâtie	1	texte	76511
antiradicalair	1	texte	76511
découle	1	texte	76511
lara	6	texte	76511,75793,68387
biosynthèse	1	texte	76511
organoleptique	7	texte	76511,68882,68273,72634,68279,74169
irréprochable	1	texte	76511
figurer	3	texte	76511,68279,71359
faudratil	1	texte	76511
conservation	9	texte	76511,68882,68273,72634,73881,75066,75458
cuisson	5	texte	76511,72394,72630,71359,74752
consomme	2	texte	76511,76509
multiplication	5	texte	76511,68882,67553,70423,75458
prion	1	texte	76511
carlo	1	texte	76511
corino	1	texte	76511
milan	1	texte	76511
christoph	3	texte	76511,76509
ménager	2	texte	76511,75458
aquimer	3	texte	76511,72396,71359
quoi	7	texte	76511,70161,72940,72394,71835,71612
engranger	1	texte	76511
profiler	2	texte	76511,75063
écotoxicité	1	texte	76511
astronaute	1	texte	76511
lara spiral - michel prost - email : michelprost.spiral@wanadoo.fr	1	contact	76511
crédits : kentoh	1	legendeImage	76511
produir	1	texte	67385
digestion	2	texte	67385
biométhane	1	texte	67385
biocarburer	1	texte	67385
biocore	2	texte	67385
sophier	1	texte	67385
antipolisméditerraner	1	texte	67385
travaill	1	texte	67385
visiblement	2	texte	67385,74169
méthanisation	6	texte	67385,73690,69538,72121
résidu	4	texte	67385,71362,68387,73189
ammoniac	1	texte	67385
engrai	1	texte	67385
phosphaté	1	texte	67385
ellesmême	3	texte	67385,67798,71358
couplage	4	texte	67385,69178,69186,71363
rejet	1	texte	67385
carbonique	1	texte	67385
photosynthèse	2	texte	67385,68385
symbios	1	texte	67385
ecosym	1	texte	67385
naskéo	1	texte	67385
silico	1	texte	67385
pilot	4	texte	67385,69813
bassin	13	texte	67385,74455,70743,70917,70916
ovoïde	1	texte	67385
méthaniseur	1	texte	67385
cell	5	texte	67385,73876,68644,72630,67937
symbiose	6	texte	67385,71837
nettoyer	1	texte	67385
fumer	1	texte	67385
ingérer	1	texte	67385
pourraiton	2	texte	67385,73877
réutiliser	1	texte	67385
inria/sophia antipolis-méditerranée - olivier bernard : tél. : +33 [4]92 38 77 85 - email : olivier.bernard@inria.fr	1	contact	67385
4ème	4	titre	75795,70170,71614
invest	5	titre	75795
coorganiser	2	texte	75795,72396
alpharoute	1	texte	75795
bisannuelle	1	texte	75795
aérospatial	4	texte	75795,71358
analyste	2	texte	75795,71835
équipemer	4	texte	75795,68273,75462
oem	1	texte	75795
invité	5	texte	75795,69542,72393,67946
photonique	4	texte	75795,70748
giorgio	1	texte	75795
anania	1	texte	75795
620	1	texte	75795
dollar	4	texte	75795,72392,71840,73878
449	1	texte	75795
employer	1	texte	75795
290000	1	texte	75795
impacte	1	texte	75795
photonics	1	texte	75795
87	1	texte	75795
invest in photonics : http://www.invest-in-photonics.com	1	contact	75795
identification	8	titre	67391,72633,74453,76208,71836
palme	6	titre	67391,74457
palmier	16	texte	67391,74457,72632
dattier	4	texte	67391,72632,75458
cocotier	1	texte	67391
économiquement	3	texte	67391,68882,75792
oléagineux	3	texte	67391,72121
hectare	11	texte	67391,73684,71842,68279,75458,74169
biogenèse	1	texte	67391
ségalen	1	texte	67391
camerounais	1	texte	67391
tunisien	1	texte	67391
métabolome	1	texte	67391
bic	1	texte	67391
génomique	4	texte	67391,68887,74453,71837
transcriptionnel	1	texte	67391
transcriptome	1	texte	67391
transcrire	1	texte	67391
colza	3	texte	67391,68279,68385
tournesol	2	texte	67391,68385
laboratoire de biogenèse membranaire - vincent arondel - tél. : +33 (0)5 57 57 45 08 - email : vincent.arondel@u-bordeaux2.fr	1	contact	67391
nanotube	20	titre	67390,70425,72397,74750
nanoobjet	2	texte	67390,75067
tentative	1	texte	67390
unitaire	2	texte	67390,71836
solder	1	texte	67390
ceaibitec	1	texte	67390
ipsen	1	texte	67390
lanréotide	3	texte	67390
octapeptid	1	texte	67390
cyclique	1	texte	67390
aminé	1	texte	67390
successivemer	1	texte	67390
anneau	1	texte	67390
analogue	3	texte	67390,67800
hormone	4	texte	67390,67802
somatostatine	1	texte	67390
classiquement	2	texte	67390,70743
dimère	1	texte	67390
composée	1	texte	67390
autoassembler	3	texte	67390,68644
nanomatérial	2	texte	67390,70425
aminer	5	texte	67390
régir	2	texte	67390,67801
courbure	1	texte	67390
angström	1	texte	67390
influer	2	texte	67390,74168
substituer	2	texte	67390,67553
entraîne	1	texte	67390
nm	1	texte	67390
incorporer	2	texte	67390,72634
microscopie	5	texte	67390,67558,74451,73189,68391
synchrotron	7	texte	67390,69186,69819,69539,68391
effectivement	2	texte	67390,68882
corréler	2	texte	67390,68646
spontanément	4	texte	67390,68644,70746,67558
biomimétique	5	texte	67390,71612
moule	2	texte	67390
silice	5	texte	67390,69540,69819,74750
panel	6	texte	67390,71363,72120
cea - jean-christophe cintrat : tél. : +33 (0)1 69 08 21 07 - email : jean-christophe.cintrat@cea.fr	1	contact	67390
mousse	28	titre	75794,67558,74752
letter	2	texte	75794,73188
pétrolier	7	texte	75794,74450,70423,70914,71836
acousticien	2	texte	75794
savon	2	texte	75794
bloquer	5	texte	75794,71843,69820,67937
gamm	2	texte	75794
géométrie	2	texte	75794,70426
massif	5	texte	75794,73876,71837,75463,74169
ralenti	1	texte	75794
bouger	4	texte	75794,70744,74169
envers	2	texte	75794,67555
gauche	4	texte	75794,69540
pousse	3	texte	75794,68882,68643
droite	3	texte	75794,69540
impossibilité	2	texte	75794,69185
bulle	3	texte	75794,67558
mystère	1	texte	75794
"laboratoire ""matière et systèmes complexes"" - valentin leroy - valentin.leroy@univ-paris-diderot.fr"	1	contact	75794
aupalesen	9	titre	74449
colabelliser	5	texte	74449,72634,73879,74169
valorial	1	texte	74449
alia	1	texte	74449
touch	2	texte	74449,74453
remu	1	texte	74449
virginie	5	texte	74449,67389,68391
van	2	texte	74449
wymelbeke	2	texte	74449
poster	4	texte	74449,76516,72939
rédaction	2	texte	74449,71612
559	2	texte	74449
69	1	texte	74449
74	2	texte	74449,72392
101	1	texte	74449
hébergement	1	texte	74449
dépendant	2	texte	74449
141	1	texte	74449
variable	4	texte	74449,67800,68273,72395
marquant	3	texte	74449,73875,70749
43	3	texte	74449,67794,75065
olfactif	5	texte	74449,75790,76515,70749
dépendance	3	texte	74449,68278
chimiosensorielle	1	texte	74449
indépendammer	3	texte	74449,68886,75791
déclin	1	texte	74449
authenticité	1	texte	74449
veiller	1	texte	74449
sélectivité	2	texte	74449
fur	3	texte	74449,71359,75063
altéré	1	texte	74449
identifiable	1	texte	74449
palier	1	texte	74449
précéder	1	texte	74449
brièvement	1	texte	74449
portion	1	texte	74449
condiment	1	texte	74449
décoration	1	texte	74449
nutritionniste	1	texte	74449
joyeux	2	texte	74449,68276
286	9	bulletin	74449,74456,74457,74455,74454,74450,74451,74453,74452
2/12/2013	9	date	74449,74456,74457,74455,74454,74450,74451,74453,74452
chu de dijon - virginie van wymelbeke - email : virginie.vanwymelbeke@chu-dijon.fr	1	contact	74449
win	7	titre	76510
800000	4	titre	76510,75065
surveillanc	1	texte	76510
2002	5	texte	76510,69811,70916,71614
ms	4	texte	76510
développe	2	texte	76510,76208
câbler	2	texte	76510
câble	2	texte	76510
spinoff	4	texte	76510,73686,71360,71359
pann	2	texte	76510,70165
immobilisation	3	texte	76510,71840
stationner	1	texte	76510
immobiliser	2	texte	76510,69540
coûter	3	texte	76510,67801,76508
diviser	4	texte	76510,75793,73877,68383
productivité	2	texte	76510,68882
remplacement	1	texte	76510
inutile	1	texte	76510
ferroviaire	3	texte	76510,71358
30000	1	texte	76510
ferré	1	texte	76510
rff	1	texte	76510
sncf	2	texte	76510,74450
350000	1	texte	76510
6000	1	texte	76510
retard	5	texte	76510,73684,73877,71841,74169
coupure	1	texte	76510
alerter	2	texte	76510,70166
dissuasif	1	texte	76510
malfaiteur	1	texte	76510
déployer	10	texte	76510,73686,75789,73688,74452,67071,75463,70916
autoroute	5	texte	76510,73875,74450,68640,71617
tunnel	5	texte	76510,73875,72397,75070,72119
generis	1	texte	76510
ati	1	texte	76510
amorçage	3	texte	76510,73879,74451
consolider	5	texte	76510,72396,75063
moyenorient	1	texte	76510
peltier	1	texte	76510
actualités innovations	4	rubrique	76510,76509,69538,75460
win ms - http://www.win-ms.com	1	contact	76510
crédits : leungchopan	1	legendeImage	76510
prestigieuse	1	texte	70161
telecom	3	texte	70161,67945
saintetienn	3	texte	70161,68886
gadzarts	4	texte	70161,68276,70422
recrutement	1	texte	70161
reconfigurer	1	texte	70161
sociétaler	2	texte	70161
frère	4	texte	70161,68276
sentezvous	1	texte	70161
infime	4	texte	70161,70425,67388,69539
mathématiquer	1	texte	70161
revendiquer	1	texte	70161
abstrait	1	texte	70161
croyezmoi	1	texte	70161
humble	2	texte	70161,69821
profit	3	texte	70161,70748,76208
fondamentalement	1	texte	70161
formateur	4	texte	70161,76509,75063
1780	2	texte	70161,68276
brillamment	3	texte	70161,68276,73684
xi	2	texte	70161,68276
percevezvou	2	texte	70161
passé	4	texte	70161,75792,70745,69821
tradition	7	texte	70161,68276,73875,73877,68383,74752
attacher	3	texte	70161,69539,75063
perpétuer	1	texte	70161
gadzart	2	texte	70161,70422
déshérence	1	texte	70161
contenter	5	texte	70161,73876,70422,75458,71617
20142015	1	texte	70161
proposon	2	texte	70161,70166
revisité	1	texte	70161
prometteuser	1	texte	70161
bt	1	texte	70161
boursier	2	texte	70161,68276
cdio	1	texte	70161
massachusett	2	texte	70161,73876
devonsnou	1	texte	70161
léguer	1	texte	70161
retentissant	1	texte	70161
traditionnellement	2	texte	70161,72630
laurer	2	texte	70161,74453
rassurant	1	texte	70161
inquiéter	1	texte	70161
revoir	5	texte	70161,73876,70749,71837,71614
salarier	5	texte	70161,70748,73879,68643,75066
arrêton	1	texte	70161
calibrer	1	texte	70161
tuer	1	texte	70161
arts & métiers paristech - aurore tixier, directrice de la communication - tél. : +33 (0)1 44 24 64 35 - email : aurore.tixier@ensam.eu	1	contact	70161
laurent carraro, directeur général d'arts et métiers paristech crédits : s. meyer	1	legendeImage	70161
"""arrêtons de former des ingénieurs bien calibrés, certes, mais dont nous avons tué une part de leur créativité"", estime laurent carraro, directeur général d'arts et métiers paristech crédits : s. meyer"	1	legendeImage	70161
enterome	5	titre	69815
stéatohépatite	1	texte	69815
alcoolique	1	texte	69815
shna	2	texte	69815
flore	1	texte	69815
wwwmetahiteu	1	texte	69815
grave	2	texte	69815,68645
percée	1	texte	69815
finalisation	2	texte	69815,73689
seventur	1	texte	69815
lunbeckfond	1	texte	69815
venture	4	texte	69815,72400,75466
levée	4	texte	69815,74451,71360,75063
seventure	2	texte	69815,71360
natixis	1	texte	69815
breveté	1	texte	69815
ambitionner	1	texte	69815
stratification	1	texte	69815
mici	1	texte	69815
enterome - http://www.enterome.com	1	contact	69815
microbiologie	12	texte	69183,68885,69812,69813,70746,71837
cnrsaixmarseill	1	texte	69183
glycochimie	1	texte	69183
macromoléculaire	1	texte	69183
gram	1	texte	69183
escherichia	1	texte	69183
coli	1	texte	69183
salmoneller	1	texte	69183
typhimurium	1	texte	69183
legioneller	1	texte	69183
pneumophila	1	texte	69183
cadeau	2	texte	69183
polysaccharide	1	texte	69183
kdo	1	texte	69183
introduire	7	texte	69183,72634,72632,75064,75463,74168,71617
azoture	2	texte	69183
atome	11	texte	69183,68280,70421,69539,72119,74168
leurrer	2	texte	69183,75065
fluorescent	7	texte	69183,70747,69539
gam	1	texte	69183
assimiler	2	texte	69183,68281
dénombrer	1	texte	69183
lenter	1	texte	69183
dénombrement	1	texte	69183
héler	3	texte	69183,72630,75458
méthod	4	texte	69183,73688,70424,72630
microbiologique	5	texte	69183,68882,72634,68643,72394
institut de chimie moléculaire et des matériaux d'orsay - laboratoire de glycochimie moléculaire et macromoléculaire - boris vauzeilles : tél. : +33 (0)1 69 15 68 36 - email : boris.vauzeilles@u-psud.fr	1	contact	69183
une bactérie escherichia coli marquée par incorporation d'un kdo modifié et couplage avec une molécule fluorescente crédits : lcb (cnrs/aix-marseille université) et icmmo (cnrs/université paris-sud)	1	legendeImage	69183
option	5	texte	67804,72395,75071
bruxelle	3	texte	67804,72394,68386
landowner	1	texte	67804
organization	1	texte	67804
elo	1	texte	67804
safagriculteur	1	texte	67804
syngenter	1	texte	67804
ffa2011 - www.forumforagriculture.com - info@forumforagriculture.com	1	contact	67804
dénommé	1	texte	68276
aube	2	texte	68276,74745
midi	3	texte	68276,70170,70916
texte	1	texte	68276
vercherand	1	texte	68276
ann	1	texte	68276
tequi	1	texte	68276
talent	3	texte	68276,67383,76208
humanisme	1	texte	68276
fraternité	1	texte	68276
chapitre	3	texte	68276,68882,71617
inviter	3	texte	68276,69821,75465
coulisse	4	texte	68276,72634,71835
oh	5	texte	68276,72940,69812,76509,75466
combien	7	texte	68276,67794,72940,69812,76509,74745,75466
galerie	1	texte	68276
portrait	1	texte	68276
dévoiler	3	texte	68276,72400,76209
habilité	1	texte	68276
fourmiller	1	texte	68276
joliment	1	texte	68276
page	6	texte	68276,72940,69821,71835,68383
préfacer	3	texte	68276,74752
préface	1	texte	68276
pouvaitil	1	texte	68276
apprécie	1	texte	68276
joie	3	texte	68276,67937
confondre	3	texte	68276,71842,75458
alternance	1	texte	68276
mastère	1	texte	68276
mba	1	texte	68276
pourcentage	1	texte	68276
arts & métiers paris tech - aurore tixier : tél. : +33 (0)1 44 24 64 35 - email : aurore.tixier@ensam.eu	1	contact	68276
arts et métiers, l'école de la technologie crédits : le cherche midi	1	legendeImage	68276
réutilisation	4	titre	72399
séparatif	5	titre	72399
ifts	1	texte	72399
recyclage	5	texte	72399,75792,68642,69538,71362
épuration	3	texte	72399
décantation	1	texte	72399
flottation	1	texte	72399
centrifugation	1	texte	72399
ift	2	texte	72399,68279
ensemblier	1	texte	72399
ifts - marie-andrée sirvain : tél. : +33 (0) 05 53 95 83 94 - email : marie.sirvain@ifts-sls.com	1	contact	72399
iil	1	texte	67794
nourriture	2	texte	67794,75458
coécrire	1	texte	67794
marion	5	texte	67794
guillou	5	texte	67794
agronomique	4	texte	67794,71837
matheron	5	texte	67794
bourin	1	texte	67794
cataclysme	3	texte	67794,73880
concluentil	1	texte	67794
civilisation	1	texte	67794
effondrer	3	texte	67794,69811,67558
incapacité	2	texte	67794,67941
surexploitation	1	texte	67794
irréversible	1	texte	67794
introduction	10	texte	67794,67555,69186,73876,67071,71835
lorgnette	1	texte	67794
émeute	1	texte	67794
faim	3	texte	67794,67555,71366
spéculateur	1	texte	67794
prolonger	6	texte	67794,69178,74451,67798,74168
déclarentil	1	texte	67794
trente	4	texte	67794,75788,68387
agenda	1	texte	67794
bailleur	1	texte	67794
écrir	2	texte	67794,70744
gaspillage	6	texte	67794,71366,71617
frapper	4	texte	67794,73688,73880,75065
devrontil	1	texte	67794
accent	2	texte	67794,70753
paysan	3	texte	67794,69821
vivrier	1	texte	67794
rural	1	texte	67794
pauvreté	1	texte	67794
redévelopper	1	texte	67794
projeter	3	texte	67794,70421,75063
poursuite	4	texte	67794,73684,71837
disparité	1	texte	67794
4000	4	texte	67794,69811,73684
kcalorie	3	texte	67794
précisentil	1	texte	67794
réaliste	6	texte	67794,68882,75788,70914,68383,75463
françois bourin editeur - www.bourin-editeur.fr	1	contact	67794
l'ouvrage de marion guillou et gérard matheron crédits : francois bourin editeur	1	legendeImage	67794
4i	10	titre	72400,75466
16èm	1	texte	72400
tremplin	1	texte	72400
vitrine	3	texte	72400,75466
rhônalpine	3	texte	72400,72395
arc	2	texte	72400,71612
alpin	1	texte	72400
trophé	1	texte	72400
lamur	1	texte	72400
forum 4i - http://www.forum4i.fr	2	contact	72400,75466
habeat	6	titre	67555
préférence	13	titre	67555,70428,70749,70746,72631
grèce	1	texte	67555
varsovie	1	texte	67555
pédiatre	1	texte	67555
sylvie	4	texte	67555
issanchou	4	texte	67555
tiers	6	texte	67555,74455,69819,71366
épidémiologique	1	texte	67555
littérature	3	texte	67555,72636,75459
questionnaire	11	texte	67555,75793
attitude	1	texte	67555
parental	1	texte	67555
satiéter	1	texte	67555
préparonsnou	1	texte	67555
allaitement	5	texte	67555,68887
maternel	2	texte	67555,70422
diète	1	texte	67555
diversification	6	texte	67555,70749,74455,74169
estomper	1	texte	67555
diffèrent	1	texte	67555
allaiter	1	texte	67555
éduquer	2	texte	67555,75063
consomment	2	texte	67555,76209
artichaut	3	texte	67555
salsifis	3	texte	67555
danois	2	texte	67555,67945
consommé	1	texte	67555
espérer	4	texte	67555,75792,69819,69539
occurrence	6	texte	67555,69540,70421,67798,72396,68391
muscade	2	texte	67555
enfance	2	texte	67555,70169
manipulation	4	texte	67555,68643,67941,74451
montagne	6	texte	67555,75792,73881
réguler	4	texte	67555,69178,68887,67802
centre des sciences du goût et de l'alimentation (csga) - sylvie issanchou - email : sylvie.issanchou@dijon.inra.fr	1	contact	67555
continuité	5	texte	68882,69811,75789,72118,76208
dualine	1	texte	68882
125	2	texte	68882,72392
esnouf	1	texte	68882
russel	1	texte	68882
brica	1	texte	68882
dress	1	texte	68882
dégager	2	texte	68882,71617
déterminant	2	texte	68882
retarder	2	texte	68882,68390
louisgeorge	4	texte	68882
soler	4	texte	68882
alis	1	texte	68882
fractionnement	3	texte	68882
décomposer	1	texte	68882
dissociation	1	texte	68882
standardisation	4	texte	68882,69812
dualin	1	texte	68882
tourn	1	texte	68882
succession	2	texte	68882,67937
nutritionnelle	1	texte	68882
essoufflement	1	texte	68882
formellement	1	texte	68882
supputer	1	texte	68882
homogénéisation	1	texte	68882
vatil	2	texte	68882,71835
flexibilité	2	texte	68882,68273
robustesse	1	texte	68882
celuii	1	texte	68882
lot	1	texte	68882
contester	1	texte	68882
ajustement	1	texte	68882
sommesnous	2	texte	68882,75458
repenser	6	texte	68882,73876,68279
arrière	1	texte	68882
minimal	3	texte	68882,69540
processing	1	texte	68882
coproduit	3	texte	68882,73877,72630
substitut	1	texte	68882
fossile	3	texte	68882,76514,68278
fao	3	texte	68882,69821
définition	3	texte	68882,67802,71359
culturellement	1	texte	68882
loyal	3	texte	68882,69811
nutritionnellement	1	texte	68882
- editions quae : httlp://www.quae.com- inra - unité aliss - louis-georges soler - email : louis-georges.soler@ivry.inra.fr	1	contact	68882
un livre important sur un thème majeur des années à venir, l'alimentation durable crédits : editions quae	1	legendeImage	68882
bit	6	titre	69540
écriture	2	texte	69540,71835
effacement	1	texte	69540
nécessit	1	texte	69540
dépenser	1	texte	69540
landauer	3	texte	69540
1961	1	texte	69540
remarquer	2	texte	69540
binaire	1	texte	69540
désordre	1	texte	69540
exige	1	texte	69540
degré	3	texte	69540,76508,71837
micron	9	texte	69540,70425,67558,69819,68641
cube	2	texte	69540,69179
vérifier	4	texte	69540,68281,76508,68279
expérimentalement	1	texte	69540
augsburg	1	texte	69540
bille	4	texte	69540,68644
plonger	4	texte	69540,70421,72397
pince	1	texte	69540
faisceau	5	texte	69540,70421,68391
couramment	2	texte	69540,67800
construit	3	texte	69540,71359
euxmême	2	texte	69540,76508
insensible	2	texte	69540,71836
extérieurer	2	texte	69540,75067
piège	3	texte	69540
indifféremment	1	texte	69540
position	4	texte	69540,75788,71614
écoulement	2	texte	69540,70421
couse	1	texte	69540
répéter	3	texte	69540,76508,75064
filmer	2	texte	69540,70420
écoulemer	4	texte	69540,70421,72397
viscosité	1	texte	69540
lente	1	texte	69540
courtmoyen	1	texte	69540
ecole normale supérieure de lyon - sergio ciliberto - tél. : +33 (0)4 72 72 81 43 - email : sergio.ciliberto@ens-lyon.fr	1	contact	69540
casser	3	texte	68886,69178
maximal	6	texte	68886,69179,68640,69538
égal	4	texte	68886,72118,75065,68385
rayleigh	1	texte	68886
ceairamis	1	texte	68886
rayonnemer	1	texte	68886
surfac	2	texte	68886,69819
svi	1	texte	68886
tribologie	1	texte	68886
ltd	1	texte	68886
cnrsecole	4	texte	68886,70743,70916,73188
lyonecole	1	texte	68886
plexiglas	1	texte	68886
microfissure	3	texte	68886
engendrer	3	texte	68886,71840,71617
fine	5	texte	68886,73877,70749,71841,70916
une	2	texte	68886,70424
attendu	1	texte	68886
fracture	2	texte	68886
pna	2	texte	68886,69184
proceeding	2	texte	68886,69184
united	1	texte	68886
america	2	texte	68886,67553
propagner	1	texte	68886
indication	2	texte	68886,75788
effondremer	1	texte	68886
cea - stéphane laveissière : tél. : +33 (0)1 64 50 27 53 - email : stephane.laveissiere@cea.fr	3	contact	68886,68640,68385
vue au microscope (lumière polarisée) d'un exemple de marque laissée par une microfissure sur une surface de rupture rapide d'un échantillon de plexiglas. dimensions de l'image : 128 micro-m - 137 micro-m crédits : cea-cnrs	1	legendeImage	68886
"en haut : vue au microscope du réseau d'empreintes laissées par la nucléation, croissance et coalescence des microfissures, lors de la fracture rapide d'un échantillon de plexiglas. dimensions de l'image : 2,5 mm x 3,5 mm. 
en bas : reconstruction numérique du réseau observé crédits : cea-cnrs"	1	legendeImage	68886
manufacturée	2	titre	70429
manufacturer	1	texte	70429
nanomatériau	3	texte	70429,75789,68640
néfaste	1	texte	70429
manuscrit	1	texte	70429
271	9	bulletin	70429,70428,70426,70425,70424,70420,70421,70423,70422
29/06/2012	9	date	70429,70428,70426,70425,70424,70420,70421,70423,70422
académie des technologies - catherine côme : tél. : +33 (0)1 53 85 44 30 - email : catherine.come@academie-technologies.fr	1	contact	70429
maquette	8	titre	69178,70421,70743,75064
guinevere	6	titre	69178
ébauche	4	titre	69178,72634,74746
1991	2	texte	69178,75063
radioactif	1	texte	69178
rénover	2	texte	69178,71842
invite	3	texte	69178,69821
atteler	1	texte	69178
sckcen	3	texte	69178
réussissant	1	texte	69178
plomb	2	texte	69178
ads	4	texte	69178
accelerator	1	texte	69178
driven	1	texte	69178
moyenlong	2	texte	69178,72395
transmuter	2	texte	69178
radiotoxique	2	texte	69178
radiotoxicité	1	texte	69178
géologique	1	texte	69178
neutron	6	texte	69178,67558,74168
fission	2	texte	69178,74168
transmutation	1	texte	69178
souscritiqu	3	texte	69178
autoentretenir	1	texte	69178
nécessitentils	1	texte	69178
1950	3	texte	69178,74168
composent	1	texte	69178
genepi3c	1	texte	69178
genérateur	1	texte	69178
intense3	1	texte	69178
mol	1	texte	69178
eurotrans	1	texte	69178
6ème	2	texte	69178,72631
pc	2	texte	69178,70914
euratom	2	texte	69178
freyer	1	texte	69178
20112015	1	texte	69178
souscritique	1	texte	69178
crucial	5	texte	69178,69811,73878,69820,68642
myrrha	1	texte	69178
2023	1	texte	69178
1laboratoire	1	texte	69178
corpusculaire	1	texte	69178
caen	7	texte	69178,76515,67943,72939,75460
lpcc	1	texte	69178
cnrsensicaen	1	texte	69178
ipno	1	texte	69178
hubert	1	texte	69178
curien	1	texte	69178
iphc	1	texte	69178
subatomique	1	texte	69178
cosmologie	1	texte	69178
lpsc	1	texte	69178
grenobleinp	1	texte	69178
cnrs - annick billebaud : tél. : +33 (0)4 76 28 40 57 - email : billebaud@lpsc.in2p3.fr	1	contact	69178
insertion de la ligne verticale de l'accélérateur genepi-3c dans le coeur du réacteur de guinevere crédits : cnrs	1	legendeImage	69178
envisat	12	titre	69811
kourou	2	texte	69811,69179
géant	3	texte	69811,73875,75463
onzième	1	texte	69811
50000	4	texte	69811,73684
225	1	texte	69811
calotte	2	texte	69811
glaciaire	2	texte	69811
radar	5	texte	69811,75789,70916
téraoctet	1	texte	69811
concentratier	1	texte	69811
trou	2	texte	69811,72397
ozone	2	texte	69811,68645
volcan	1	texte	69811
symposium	2	texte	69811
salzbourg	1	texte	69811
autriche	1	texte	69811
mesur	1	texte	69811
dioxyde	3	texte	69811,70425,71615
saisonnier	1	texte	69811
méthane	1	texte	69811
illégal	1	texte	69811
légine	1	texte	69811
austral	2	texte	69811,73875
marée	1	texte	69811
prestige	1	texte	69811
baltique	1	texte	69811
iceberg	1	texte	69811
vendée	1	texte	69811
glob	1	texte	69811
sismologie	2	texte	69811,67942
tsunami	3	texte	69811,73880,70915
déclencher	4	texte	69811,68887,72119,67937
antarctique	1	texte	69811
gme	1	texte	69811
monitoring	1	texte	69811
environment	1	texte	69811
geos	1	texte	69811
earth	1	texte	69811
sentinel	2	texte	69811
sentinel1	1	texte	69811
esa - http://www.esa.int/specials/envisat/index.html	1	contact	69811
envisat, le plus gros satellite de surveillance de l'environnement jamais construit crédits : esa/denmann production	1	legendeImage	69811
pollution d'hydrocarbure dans le golf du mexique observée par envisat le 28 avril 2010 crédits : esa	1	legendeImage	69811
sentinel1, dans la continuité d'envisat à l'horizon 2013 crédits : esa - p. carril	1	legendeImage	69811
partnering	3	titre	73691
oslo	1	texte	73691
organis	2	texte	73691,76514
eccp	1	texte	73691
personnaliser	4	texte	73691,68885,75071,71359
tumoral	4	texte	73691,75065
immunothérapie	2	texte	73691,75465
capitalrisque	2	texte	73691,71360
companie	1	texte	73691
presentation	1	texte	73691
eccp 2013 : http://www.eccp2013.com/	1	contact	73691
sensostat	8	titre	73685
portière	1	texte	73685
odeur	7	texte	73685,75790,70428,73877,72634,72632,72631
peintur	1	texte	73685
urbano	5	texte	73685
teillet	3	texte	73685
adhérer	6	texte	73685,67553,73879,74455,75063
ensbana	3	texte	73685,72394,72631
enitiaa	1	texte	73685
intrinsèque	8	texte	73685,67561,67389
rappelletelle	1	texte	73685
expiration	1	texte	73685
observentils	1	texte	73685
premic	1	texte	73685
héberger	9	texte	73685,67799,68278,74452,75461,76208,71359,68384,68385
constatent	2	texte	73685,68383
peinture	3	texte	73685,75788,74744
résumentil	1	texte	73685
stagiaire	1	texte	73685
embauche	2	texte	73685,72394
biene	1	texte	73685
grossir	3	texte	73685,73876,71842
qualitatif	2	texte	73685,71361
sensostat - christine urbano : christine.urbano@sensostat.fr - eric teillet : eric.teillet@sensostat.fr - http://www.sensostat.fr	1	contact	73685
fête	2	titre	73875
fêter	4	texte	73875,69542,68643,76509
gtm	2	texte	73875
jardin	3	texte	73875,70746,75458
rodin	1	texte	73875
soirée	1	texte	73875
révolutionner	4	texte	73875,67937,74752,68391
sculpture	1	texte	73875
xixèm	2	texte	73875,74752
ingénieriste	1	texte	73875
metz	4	texte	73875
ghisolfo	2	texte	73875
chilien	3	texte	73875
utilisent	1	texte	73875
tramway	3	texte	73875
data	1	texte	73875
voilà	2	texte	73875,72397
orée	4	texte	73875,76209
tomber	2	texte	73875,72938
giron	1	texte	73875
vinci	1	texte	73875
ère	3	texte	73875,70422,75063
lmbo	2	texte	73875
leveraged	1	texte	73875
managemer	3	texte	73875,67945,71616
buyout	1	texte	73875
fraction	2	texte	73875,67388
rachat	1	texte	73875
endettement	1	texte	73875
bancaire	1	texte	73875
obligataire	1	texte	73875
actionnarial	1	texte	73875
energie	9	texte	73875,73690,72392,70169,75789,68640,71363,75458
diversifier	7	texte	73875,69541,74455,68643,72938,71358,74169
équilibré	1	texte	73875
180	1	texte	73875
85	1	texte	73875
privilégie	1	texte	73875
estelle	4	texte	73875,68273,75792,70914
mozambique	1	texte	73875
chili	1	texte	73875
colombie	4	texte	73875,74450,67942,71362
las	1	texte	73875
conde	1	texte	73875
medellin	1	texte	73875
ingénierist	1	texte	73875
bulgarie	2	texte	73875
bridge	1	texte	73875
danube	1	texte	73875
roumanie	1	texte	73875
carnet	1	texte	73875
demi	1	texte	73875
seee	1	texte	73875
poursuit	1	texte	73875
sir	1	texte	73875
rogers	1	texte	73875
italien	5	texte	73875,69179,67945,75463
naturaliser	1	texte	73875
britannique	1	texte	73875
aile	1	texte	73875
genèv	2	texte	73875,73881
portzamparc	1	texte	73875
théâtre	2	texte	73875,71836
necker	2	texte	73875,69184
saragosse	1	texte	73875
michelin	2	texte	73875,73687
barracuda	1	texte	73875
toulon	2	texte	73875,73688
andin	1	texte	73875
amériqu	1	texte	73875
284	10	bulletin	73875,73876,73877,73884,73879,73878,73883,73882,73880,73881
10/09/2013	10	date	73875,73876,73877,73884,73879,73878,73883,73882,73880,73881
ingérop - silvia nimo : tél. : +33 (0)1 49 04 55 08 email : silvia.nimo@ingerop.com - http://www.ingerop.fr	1	contact	73875
yves metz, président d'ingérop crédits : ingérop	1	legendeImage	73875
arabidopsi	2	texte	67800
thaliana	2	texte	67800
24000	1	texte	67800
250	2	texte	67800,67071
galvestine1	1	texte	67800
sond	1	texte	67800
mgd1	2	texte	67800
galactolipide	3	texte	67800
photosynthétique	1	texte	67800
galactolipides	1	texte	67800
synthétisée	1	texte	67800
germination	1	texte	67800
pollen	9	texte	67800,68645
biotechnologique	1	texte	67800
herbicide	1	texte	67800
cea - coline verneau - email : coline.verneau@cea.fr	1	contact	67800
quelques effets de la galvestine-1 aux niveaux de l'enzyme-cible (la mgdg synthase, mgd), du développement subcellulaire (genèse des chloroplastes), du développement des feuilles ou de la croissance du tube pollinique crédits : lpcv/irtsv/dsv/cea	1	legendeImage	67800
drone	27	titre	70165,73877,75788,75789,74450,75066
delta	5	titre	70165
dron	5	titre	70165
volant	2	texte	70165,68640
ua	1	texte	70165
unmanned	1	texte	70165
aircraft	1	texte	70165
frédéric	9	texte	70165,75792,74456,68641
strict	2	texte	70165,67553
applique	1	texte	70165
étroite	2	texte	70165,75064
dgac	2	texte	70165,74450
scrupuleusement	2	texte	70165,70915
légèreté	2	texte	70165,68280
engin	4	texte	70165,70916
station	3	texte	70165,69177,70917
avalanch	1	texte	70165
remontée	1	texte	70165
topographique	1	texte	70165
périodique	1	texte	70165
volume	10	texte	70165,68273,75792,69821,67558,75064,75067
inspection	1	texte	70165
barrage	2	texte	70165,67944
agricultur	1	texte	70165
delta drone - http://www.deltadrone.com	1	contact	70165
vol inaugural du drone 2.0 de delta drone crédits : delta drone	1	legendeImage	70165
un drone pesant moins de 4 kg crédits : delta drone	1	legendeImage	70165
rmt	3	titre	76514
propack	3	titre	76514
bourg	1	texte	76514
bresse	1	texte	76514
pti	2	texte	76514
alimentec	2	texte	76514
préservation	2	texte	76514,68279
contamination	1	texte	76514
néoformer	1	texte	76514
antibactérien	2	texte	76514,71612
rfid	1	texte	76514
emballag	1	texte	76514
traitera	1	texte	76514
ductilité	1	texte	76514
pla	1	texte	76514
parrainer	1	texte	76514
alexandre	1	texte	76514
feingenbaum	1	texte	76514
technopole alimentec - http://www.alimentec.com	1	contact	76514
crédits : andreacrisante	1	legendeImage	76514
designer	3	titre	75790,75788
thomas	3	texte	75790
danguin	3	texte	75790
axel	1	texte	75790
linda	1	texte	75790
buck	1	texte	75790
élan	4	texte	75790,67553,71842,67071
postdoctoral	2	texte	75790,71837
affecté	1	texte	75790
évènement	1	texte	75790
périrécepteur	1	texte	75790
perceptif	1	texte	75790
loïc	1	texte	75790
briand	1	texte	75790
olfaction	1	texte	75790
potentiellement	4	texte	75790,67383,67389,68391
métaboliser	1	texte	75790
odorant	2	texte	75790,76516
elisabeth	2	texte	75790
guichard	2	texte	75790
déstructuration	2	texte	75790
memolap	1	texte	75790
coureaud	1	texte	75790
percevoir	8	texte	75790,69812,70744,70421,72632,71615
qualimer	1	texte	75790
guichet	1	texte	75790
qualigrasphy	1	texte	75790
interindividuel	1	texte	75790
saveur	10	texte	75790,70428,72634,72394,72631,71614
compensation	1	texte	75790
intersensoriell	1	texte	75790
csga - thierry thomas danguin - email : thierry.thomas-danguin@dijon.inra.fr	1	contact	75790
crédits : klenova	2	legendeImage	75790,76516
découvert	4	titre	72940
jeandel	1	texte	72940
géochimiste	1	texte	72940
mosseri	1	texte	72940
vital	2	texte	72940,68642
énergivore	1	texte	72940
violent	2	texte	72940,70916
130	1	texte	72940
forger	1	texte	72940
gouvernent	1	texte	72940
biomasse	4	texte	72940,73877,72630,69538
hydraulique	7	texte	72940,71363
agitil	1	texte	72940
352	1	texte	72940
passionner	12	texte	72940,76515,75793,72633,72630,71835,71612,68383,74752
priori	2	texte	72940,69821
rumeur	1	texte	72940
parcellaire	1	texte	72940
glaner	1	texte	72940
deci	1	texte	72940
delà	1	texte	72940
légitimer	1	texte	72940
colporter	1	texte	72940
cnrs editions - http://www.cnrseditions.fr - christelle voisin : tél. : +33 (0)1 53 10 27 13 - email : christelle.voisin@cnrseditions.fr	1	contact	72940
"""l'énergie à découvert"", un outil idéal pour mieux comprendre le débat sur la transition énergétique crédits : cnrs editions"	1	legendeImage	72940
geste	5	titre	75791,70421,75064
reproduir	1	texte	75791
pénibilité	1	texte	75791
musculosquelettique	1	texte	75791
tm	3	texte	75791,71616
lille	4	texte	75791,70751,67940
leap	2	texte	75791,74745
motion	2	texte	75791,71614
ur10	1	texte	75791
gibaru	1	texte	75791
doigt	1	texte	75791
ensam	2	texte	75791,70422
lill	4	texte	75791,67940
sensation	4	texte	75791,72631,74752
touché	1	texte	75791
délicat	2	texte	75791,73877
arts & métiers paristech - campus de lille - elise woestelandt : tél. : +33 (0)3 59 03 11 90 - email : elise.woestelandt@ensam.eu	1	contact	75791
utilisation de cette main robotisée sans contact en temps réel crédits : ensam	1	legendeImage	75791
une main dotée de trois doigts flexibles, manipuler indépendamment par l'opérateur crédits : ensam	1	legendeImage	75791
respect	5	titre	70170,70164,75792
sicoval	1	texte	70170
cci	5	texte	70170,67553,75071
articuletelle	1	texte	70170
appli	1	texte	70170
law	1	texte	70170
juridique	3	texte	70170,68392
km	1	texte	70170
antem	1	texte	70170
colloqu	6	texte	70170,67803,70749,67561
électromagnétisme	1	texte	70170
assortir	1	texte	70170
pyréner	1	texte	70170
toulouse space show 2012 - http://www.toulousespaceshow.eu	1	contact	70170
semain	1	texte	76515
bassenormandie	4	texte	76515,67943,72939,75460
b2v	3	texte	76515
cyceron	2	texte	76515
reler	1	texte	76515
francis	6	texte	76515,71837,68383
eustache	1	texte	76515
neuropsychologie	1	texte	76515
neuroanatomi	1	texte	76515
semaine de la mémoire - http://www.semainedelamemoire.fr	1	contact	76515
crédits : phovoir	1	legendeImage	76515
sea	4	titre	70164
society	8	titre	70164,69819
boulognesurmer	1	texte	70164
exceptionnelle	2	texte	70164,71836
responsabiliser	1	texte	70164
mutuel	1	texte	70164
blue	3	texte	70164
allier	4	texte	70164,69541,68885,75458
pourvoyeur	1	texte	70164
coconcepteur	1	texte	70164
consultation	1	texte	70164
mobilisation	2	texte	70164,71359
nausicaa - http://www.nausicaa.fr	1	contact	70164
isolant	4	titre	69186
topologique	4	titre	69186
perspectif	2	titre	69186
ens	2	texte	69186,68278
lamour	1	texte	69186
nancy	3	texte	69186,71837
néel	2	texte	69186,72397
lpem	1	texte	69186
explos	1	texte	69186
conductivité	1	texte	69186
spinorbite	1	texte	69186
spintronique	1	texte	69186
spin	1	texte	69186
thermoélectricité	1	texte	69186
thermoélectrique	1	texte	69186
thermomagnétique	1	texte	69186
- omnt : http://www.omnt.fr- pour s'inscrire : http://omnt.congres-scientifique.com/avril2012/	1	contact	69186
crânien	6	titre	67801
hémorragie	1	texte	67801
constituetil	1	texte	67801
uniter	1	texte	67801
897université	1	texte	67801
segalen	2	texte	67801,75067
emmanuel	5	texte	67801,74455
lagard	2	texte	67801,74450
ribereaugayon	1	texte	67801
pertinence	3	texte	67801,70166,70916
utilier	1	texte	67801
complication	4	texte	67801,68646
astrocyte	1	texte	67801
environner	2	texte	67801,67389
s100b	4	texte	67801
doser	1	texte	67801
onéreux	1	texte	67801
rassurer	2	texte	67801,75458
adulte	4	texte	67801,73876,67802,76509
dosage	2	texte	67801,67388
routine	1	texte	67801
sûre	1	texte	67801
inserm - emmanuel lagarde : tél. : +33 (0)5 57 57 15 04 - email : emmanuel.lagarde@isped.u-bordeaux2.fr	1	contact	67801
gabon	9	titre	73684
auroy	7	texte	73684
planter	8	texte	73684,71837,75458
equateur	2	texte	73684,71362
polynésie	8	texte	73684
tahiti	5	texte	73684
atoll	2	texte	73684
aton	1	texte	73684
bouteille	7	texte	73684,69812
pacifique	1	texte	73684
hautogooué	4	texte	73684
malyma	1	texte	73684
guinée	2	texte	73684
border	1	texte	73684
délimité	1	texte	73684
equatorial	1	texte	73684
cameroun	2	texte	73684,74450
longer	1	texte	73684
congo	1	texte	73684
sudest	3	texte	73684,75064,70916
recouvrir	3	texte	73684,70422,67071
minerai	1	texte	73684
manganèse	1	texte	73684
uranium	1	texte	73684
vigneron	3	texte	73684,73877
granitique	1	texte	73684
ph	2	texte	73684,75067
38	3	texte	73684,73686,68640
ensoleillement	1	texte	73684
pire	2	texte	73684,69177
éléphant	1	texte	73684
hyène	1	texte	73684
boa	1	texte	73684
chenille	1	texte	73684
scarabée	1	texte	73684
scrupule	1	texte	73684
sarment	3	texte	73684,73877
germer	1	texte	73684
omar	2	texte	73684
bongo	4	texte	73684
ondimber	2	texte	73684
propreté	1	texte	73684
libreville	1	texte	73684
vitivinicole	3	texte	73684,73877
convenir	1	texte	73684
5050	2	texte	73684,74745
défunt	1	texte	73684
embryon	3	texte	73684,73876,71842
gabonais	4	texte	73684
natal	1	texte	73684
carignan	4	texte	73684
hyperrustiqu	1	texte	73684
évolué	1	texte	73684
cultivé	2	texte	73684,70420
provenaientil	1	texte	73684
40000	2	texte	73684
agrandir	1	texte	73684
décès	1	texte	73684
ali	1	texte	73684
beaujolais	1	texte	73684
hectolitre	3	texte	73684
épingle	1	texte	73684
acidité	3	texte	73684,73877,74169
sucrer	2	texte	73684,72631
vinification	2	texte	73684,73877
champagne	2	texte	73684,73877
chablis	1	texte	73684
titrer	1	texte	73684
viticulture	4	texte	73684,73879,74450,75066
amender	1	texte	73684
fertiliser	1	texte	73684
racine	2	texte	73684,71837
assiami	1	texte	73684
vendange	2	texte	73684,73877
malymas	1	texte	73684
roser	4	texte	73684,71614
homm	2	texte	73684,67798
détracteur	1	texte	73684
hiver	1	texte	73684
fatiguer	2	texte	73684,70744
raisonnement	1	texte	73684
absurde	1	texte	73684
vivr	1	texte	73684
magnifique	2	texte	73684,67383
vit	2	texte	73684,67383
dominiqu	1	texte	73684
voyon	1	texte	73684
vho exploitation - dominique auroy - email : odomi@netcourrier.com	1	contact	73684
le malymas, un vin gabonais disponible aujourd'hui en rouge, blanc et rosé crédits : vho exploitation / audrey bonhomme	1	legendeImage	73684
planter et développer des vignes au gabon : il fallait oser ! crédits : vho exploitation / audrey bonhomme	1	legendeImage	73684
narbonn	1	texte	73690
atee	2	texte	73690,70169
narbonne	3	texte	73690
jri	1	texte	73690
structurel	1	texte	73690
partenarial	2	texte	73690,75464
journées recherche & industrie biogaz méthanisation : http://redirectix.bulletins-electroniques.com/btoot	1	contact	73690
qualification	9	titre	69179,73687,69177,70914
veger	5	titre	69179,69177
dimensionné	1	texte	69179
terrestre	8	texte	69179,67553,74456,73880,68385
700	3	texte	69179,68884,73438
monocorp	1	texte	69179
étage	6	texte	69179,69177
propergol	2	texte	69179
ariane5	1	texte	69179
soyouz	5	texte	69179,69177,71836
asi	2	texte	69179
suède	3	texte	69179,69185,68642
vega	8	texte	69179,69177
arianespace	1	texte	69179
301	1	texte	69179
1367	1	texte	69179
p80fw	2	texte	69179
zefiroz23	1	texte	69179
zefiroz9a	1	texte	69179
propulsif	1	texte	69179
avum	1	texte	69179
polyvalence	1	texte	69179
injection	2	texte	69179,76509
coiffe	1	texte	69179
seconde	5	texte	69179,69819,70914,74750,74168
larguer	2	texte	69179,70916
61	1	texte	69179
propulser	3	texte	69179,71617
monolithique	2	texte	69179
utilis	3	texte	69179,73686,70916
filament	1	texte	69179
bobiner	1	texte	69179
époxyde	1	texte	69179
vérin	1	texte	69179
électromécanique	1	texte	69179
poussée	2	texte	69179,71617
qualifiée	1	texte	69179
generation	1	texte	69179
launchers	1	texte	69179
ngl	1	texte	69179
p80	2	texte	69179,69177
séparation	1	texte	69179
lare	1	texte	69179
relativité	1	texte	69179
principale	2	texte	69179,75458
microsatellite	3	texte	69179,69177,67942
almasat1	1	texte	69179
bologne	1	texte	69179
picosatellite	2	texte	69179
cubesat	3	texte	69179,69177
coopérant	1	texte	69179
robusta	1	texte	69179
radiation	7	texte	69179,73688,69819,67942,69539,68391
bipolar	1	texte	69179
university	3	texte	69179,68278,71614
montpellier2	1	texte	69179
expresso	1	texte	69179
systèmes	1	texte	69179
orbital	1	texte	69179
ballon	7	texte	69179,75789,70916
kilo	4	texte	69179,68273,68644
watt	2	texte	69179,72397
bipolaire	1	texte	69179
cnes - julien watelet : tél. : 01 44 76 78 37 - julien.watelet@cnes.fr	2	contact	69179,69177
lancement de vega crédits : esa-cnes-arianespace	1	legendeImage	69179
le lanceur vega en route pour son vol de qualification crédits : esa/stéphane corvaja	1	legendeImage	69179
opalin	10	titre	70428,70749,72396
publiquement	1	texte	70428
sophie	4	texte	70428,70749
nicklaus	4	texte	70428,70749
314	3	texte	70428,70749
psychosocial	1	texte	70428
colloque opaline - email : congres.opaline@vitagora.com	1	contact	70428
démocratiser	3	titre	68273
janny	9	texte	68273
mt	2	texte	68273
agronom	1	texte	68273
distinct	1	texte	68273
révolutionnaire	2	texte	68273,71614
frer	2	texte	68273,75066
hermétique	1	texte	68273
beauvai	1	texte	68273
isab	1	texte	68273
benoit	5	texte	68273
cerise	6	texte	68273,73879,74450
pomme	4	texte	68273,74752
saône	2	texte	68273,68279
loir	2	texte	68273,72938
couvercle	3	texte	68273
perméabilité	1	texte	68273
sélective	1	texte	68273
clientèle	1	texte	68273
fleur	2	texte	68273,76516
tulipe	1	texte	68273
rose	1	texte	68273
profession	3	texte	68273,67388
pic	3	texte	68273,73688
asperge	1	texte	68273
myrtille	1	texte	68273
étanche	1	texte	68273
parfait	3	texte	68273,69177,70916
caisse	3	texte	68273,72633
immenser	2	texte	68273,70421
saumure	1	texte	68273
cardon	1	texte	68273
optimal	2	texte	68273,71612
dluo	1	texte	68273
laitier	25	texte	68273,68885,72634,72394,67388
yaourt	1	texte	68273
énumérer	1	texte	68273
abri	1	texte	68273
poussière	2	texte	68273,74168
intempérie	2	texte	68273,72630
traçabilité	2	texte	68273,74455
marchandise	3	texte	68273,74456,72939
jointventure	1	texte	68273
adhésion	6	texte	68273,74455,74750,71358
janny mt - benoit janny - email : jannymt@jannymt.com - site internet : www.jannymet.com	1	contact	68273
endocrinien	3	titre	68887
dynamiquement	1	texte	68887
habituellement	1	texte	68887
tissulaire	2	texte	68887
dehors	3	texte	68887,68642,71359
mollard	2	texte	68887
endocrine	4	texte	68887,67802,67937
hypophysaire	1	texte	68887
lactation	1	texte	68887
sevrage	2	texte	68887,67388
téter	1	texte	68887
sécréter	2	texte	68887,71843
prolactine	1	texte	68887
tétée	2	texte	68887
bêta	10	texte	68887,67802
pancréatique	5	texte	68887,67802
gastrointestinal	2	texte	68887,69184
institut de génomique fonctionnelle - patrice mollard : tél. : +33 (0)4 34 35 92 70 - email : patrice.mollard@igf.cnrs.fr	1	contact	68887
supméca	6	titre	69541
speed	1	texte	69541
project	1	texte	69541
supmécer	1	texte	69541
junior	3	texte	69541,68390
matin	4	texte	69541,69177,72396,75458
participante	1	texte	69541
extraction	12	texte	69541,75792,76516,67945,71845,67388,72630,70917
adhésif	1	texte	69541
rack	1	texte	69541
professionnalisme	2	texte	69541,70166
dynamism	1	texte	69541
eurocopter	2	texte	69541,68393
dior	1	texte	69541
exoès	1	texte	69541
cbs	1	texte	69541
outdoor	1	texte	69541
icomèt	1	texte	69541
euralis	1	texte	69541
unrper	1	texte	69541
supméca - alexis francis - tél. : +33 (0)1 49 45 29 02	1	contact	69541
1ère édition de la journée speed project au sein de supméca crédits : supméca	1	legendeImage	69541
optoélectronique	2	texte	70748
ingénieurschercheur	1	texte	70748
electronique	3	texte	70748,72635,67940
sudcnrs	1	texte	70748
ascension	2	texte	70748,71617
272	10	bulletin	70748,70749,70744,70751,70745,70753,70747,70746,70752,70743
9/08/2012	10	date	70748,70749,70744,70751,70745,70753,70747,70746,70752,70743
- université paris sud - cécile pérol - tél. : +33 (0)1 6915 41 99 - email : cecile.perol@u-psud.fr- psa peugeot citroën - laure de servigny : tél +33 (0)1 40 66 35 42	1	contact	70748
medtec	4	titre	69543
francophone	7	titre	69543,68888,69821
soulignonsl	2	texte	69543,70169
rhônealper	2	texte	69543,72395
medtec : http://www.medtecfrance.com	1	contact	69543
actiler	14	texte	68885,67388
ruminant	2	texte	68885,67388
fermier	2	texte	68885
fromsant	1	texte	68885
colzauprot	1	texte	68885
coag	6	texte	68885,67388
histol	1	texte	68885
cniel	3	texte	68885
anicap	2	texte	68885
cnaol	2	texte	68885
notz	7	texte	68885,67388
animateur	2	texte	68885,68383
umt	6	texte	68885,67388
poligny	9	texte	68885,67388
itff	1	texte	68885
cecaler	2	texte	68885
caprin	2	texte	68885
itplc	1	texte	68885
fromager	9	texte	68885,70745,67388
carmejane	1	texte	68885
mamirolle	4	texte	68885,67388
francscomtoi	1	texte	68885
actilait	2	texte	68885
doub	2	texte	68885,68279
jura	1	texte	68885
réalisent	3	texte	68885,74450,72939
analytique	6	texte	68885,73877,72118
dénomination	2	texte	68885
larf	1	texte	68885
pmepmi	2	texte	68885,67945
cecalait	1	texte	68885
philipp	4	texte	68885,72394,72631
trossat	1	texte	68885
fourniture	2	texte	68885,68279
garantie	4	texte	68885,67388,68279,71358
étalonnage	1	texte	68885
aptitude	2	texte	68885,72394
interlaboratoire	1	texte	68885
interprofession	1	texte	68885
afnor	1	texte	68885
iso	1	texte	68885
franccomtoi	3	texte	68885,70745,68279
fini	1	texte	68885
artisanau	1	texte	68885
paramètre	9	texte	68885,69813,68646,71841,74751,68387
particip	1	texte	68885
isba	3	texte	68885,67388
anime	1	texte	68885
affinage	1	texte	68885
comtois	1	texte	68885
ctfc	1	texte	68885
enil	2	texte	68885,67388
ariatt	1	texte	68885
r23ae	1	texte	68885
centr	2	texte	68885,72119
interprofessionnel	3	texte	68885,73877
laitère	1	texte	68885
ain	1	texte	68885
alpesdehauteprovence	1	texte	68885
cantal	1	texte	68885
charentemaritime	1	texte	68885
doubs	1	texte	68885
ileetvilaine	1	texte	68885
jurer	1	texte	68885
hautesavoie	1	texte	68885
valdemarn	1	texte	68885
laitière	1	texte	68885
documentation	1	texte	68885
actilait - eric notz - email : e.notz@actilait.com	2	contact	68885,67388
pathoquest	6	titre	73686
séquençage	4	titre	73686
pasteur	11	texte	73686,69813,74451,75458
vétérinaire	5	texte	73686,74455,75462,74750,68384
alfort	1	texte	73686
infectieuser	1	texte	73686
cloud	1	texte	73686
teste	1	texte	73686
immunodépression	1	texte	73686
congénital	1	texte	73686
immunosuppresseur	1	texte	73686
post	1	texte	73686
greff	1	texte	73686
anticancéreuse	1	texte	73686
aurinvest	1	texte	73686
kurma	1	texte	73686
biofund	1	texte	73686
pathoquest - http://www.pathoquest.com	1	contact	73686
banal	3	texte	69812,72392,71614
ranjard	5	texte	69812
microbien	10	texte	69812,70745,67388,71837
abondance	3	texte	69812,67943
tgu	1	texte	69812
genosol	4	texte	69812
postdoctorale	1	texte	69812
aquifère	1	texte	69812
liberté	2	texte	69812,67383
maron	1	texte	69812
carré	2	texte	69812,70167
référentiel	1	texte	69812
pactole	1	texte	69812
inra/dijon - lionel ranjard - email : lionel.ranjard@dijon.inra.fr	1	contact	69812
sérotonine	16	titre	69184
neurotransmetteur	3	texte	69184
régule	1	texte	69184
thermorégulation	1	texte	69184
vasculaire	2	texte	69184,73189
circuler	2	texte	69184,69813
faibler	3	texte	69184,75463,71614
majoritairement	2	texte	69184,70743
relarguer	2	texte	69184,72634
circulant	3	texte	69184
contradictoire	2	texte	69184,68283
vernejoul	1	texte	69184
606	1	texte	69184
articulation	1	texte	69184
insermpari	1	texte	69184
lariboisière	1	texte	69184
cytokine	1	texte	69184
hématopoïès	1	texte	69184
immun	1	texte	69184
ostéoclaste	3	texte	69184
résorber	1	texte	69184
observée	1	texte	69184
exprimer	3	texte	69184,73876,67802
transporteur	3	texte	69184,72631
drogue	2	texte	69184,70425
antidépresseur	1	texte	69184
antimigraineux	1	texte	69184
ostéoporose	1	texte	69184
ménopauser	1	texte	69184
"inserm - unité 606 ""os et articulation"" - marie christine de vernejoul : tél. : +33 (0)1 49 95 63 58 - email : christine.devernejoul@lrb.aphp.fr"	1	contact	69184
learninglab	10	titre	73876
mooc	1	texte	73876
onlin	1	texte	73876
gratuit	1	texte	73876
avantcoureur	1	texte	73876
look	1	texte	73876
emlyon	3	texte	73876
business	3	texte	73876
media	2	texte	73876,70169
mit	2	texte	73876,70422
inspiration	1	texte	73876
berthet	5	texte	73876
clairement	3	texte	73876,70749,68279
mêler	1	texte	73876
multimedia	2	texte	73876,70914
1985	1	texte	73876
doyen	1	texte	73876
carrefour	5	texte	73876,73884
différemment	1	texte	73876
débusquer	2	texte	73876,74455
idea	1	texte	73876
idefi	1	texte	73876
sociologique	1	texte	73876
hewlett	1	texte	73876
packard	1	texte	73876
hp	1	texte	73876
pupitre	1	texte	73876
inéluctable	4	texte	73876,74450,71614
rater	1	texte	73876
coche	1	texte	73876
leurre	2	texte	73876,71836
ecole centrale de lyon - jean-pierre berthet : tél. : +33 (0)4 72 18 67 81 email : jean-pierre.berthet@ec-lyon.fr	1	contact	73876
jean-pierre berthet, directeur de la stratégie numérique au sein de l'ecole centrale de lyon et initiateur, avec thierry picq, doyen associé à l'innovation pédagogique de emlyon business school, du learninglab crédits : learninglab	1	legendeImage	73876
une salle de learninglab et ses équipements spécifiques crédits : learninglab	1	legendeImage	73876
changemer	1	texte	67803
journalistesmétéo	1	texte	67803
échangent	1	texte	67803
"colloque international ""changement climatique : impacts et adaptation"" : http://www.smf.asso.fr/fim11_pro_colloque.htm/"	1	contact	67803
creathe	6	titre	70166
microencapsulation	7	titre	70166,75462
technolgiqu	2	titre	70166
capsule	6	texte	70166,75462
parfum	2	texte	70166,76516
détergent	5	texte	70166,67558
microcapsule	4	texte	70166
huilier	5	texte	70166
creather	1	texte	70166
enfermer	2	texte	70166,75462
pâteux	1	texte	70166
fameuse	3	texte	70166,73879,75070
définit	2	texte	70166,75063
creathes	1	texte	70166
masquer	2	texte	70166,75065
assimilation	1	texte	70166
texturation	1	texte	70166
encapsuler	4	texte	70166,75065,75462
externaliser	1	texte	70166
agréable	1	texte	70166
gn	1	texte	70166
solliciter	3	texte	70166,68643,70422
regretter	2	texte	70166,67937
pleine	2	texte	70166,71835
cris	1	texte	70166
guise	2	texte	70166,72630
creathes - hervé huilier - email : herve.huilier@creathes.fr	1	contact	70166
bali	6	titre	75793,67798
quatorze	2	texte	75793
elaboré	1	texte	75793
178	2	texte	75793
item	3	texte	75793
danone	5	texte	75793,72394,67798
bienêtr	1	texte	75793
rogeal	2	texte	75793
bluffer	2	texte	75793,75063
caution	1	texte	75793
mapi	2	texte	75793
pro	1	texte	75793
reported	1	texte	75793
outcomer	1	texte	75793
quantifier	4	texte	75793,67388,75463,70916
verbaliser	2	texte	75793
liée	1	texte	75793
déséquilibrer	1	texte	75793
version	6	texte	75793,69821,67940,70916,74168
simplifier	3	texte	75793,68279,76208
nutrineuro	2	texte	75793
inrauniversité	1	texte	75793
cen	13	texte	75793,67798
nutrimer	1	texte	75793
merck	4	texte	75793,67798,71360
médication	3	texte	75793,67798
familial	4	texte	75793,67798,74746
senobl	3	texte	75793,67798
style	1	texte	75793
lessac	1	texte	75793
esc	2	texte	75793,67798
biotech	4	texte	75793,67798
esclessac	1	texte	75793
lumondeler	1	texte	75793
sodexo	1	texte	75793
- danone - michel rogeaux - email : michel.rogeaux@danone.com- vitagora - marthe jewell - email : marthe.jewell@vitagora.com	1	contact	75793
lirmm	3	texte	67383
racheter	2	texte	67383,71842
adept	1	texte	67383
remarquablemer	2	texte	67383
accorder	1	texte	67383
solitaire	1	texte	67383
wany	1	texte	67383
conjonction	1	texte	67383
sert	2	texte	67383,68646
éventuellement	3	texte	67383,75789,72630
chocolat	1	texte	67383
barquette	1	texte	67383
espagnol	1	texte	67383
tecnalia	2	texte	67383
évoque	2	texte	67383,76209
lirmm - françois pierrot - email : francois.pierrot@lirmm.fr	1	contact	67383
récupérer	8	titre	75792,69177,71842,72397
hydrométallurgie	4	titre	75792
ieh	5	titre	75792
brésil	8	texte	75792,69185,67553,75788,72396
inquiétude	3	texte	75792,71835
goettmann	2	texte	75792
marcoule	8	texte	75792,72392,70915
décharge	3	texte	75792
2017	2	texte	75792
litre	3	texte	75792,67388
01	1	texte	75792
tantale	1	texte	75792
miniaturisation	7	texte	75792,72635,70747,70423,75070
lanthanide	1	texte	75792
scandium	1	texte	75792
yttrium	1	texte	75792
niobium	2	texte	75792
carburer	1	texte	75792
grandissant	1	texte	75792
débarrasser	1	texte	75792
développant	2	texte	75792,76508
recyclent	1	texte	75792
irréprochabler	1	texte	75792
réactivé	1	texte	75792
savoirfair	1	texte	75792
environnemer	2	texte	75792,72392
balard	1	texte	75792
éclore	2	texte	75792,75461
sereinement	1	texte	75792
livraison	1	texte	75792
accepteratil	1	texte	75792
métallurgiste	1	texte	75792
recycleur	1	texte	75792
transformateur	1	texte	75792
cea - département d'étude du traitement et du conditionnement des déchets - frédéric goettmann - email : frederic.goettmann@cea.fr	1	contact	75792
vue d'artiste de l'institut européen d'hydrométallurgie (ieh) crédits : cea	1	legendeImage	75792
l'ieh au sein du parc marcel boiteux crédits : cea	1	legendeImage	75792
33èmes	3	titre	76516
extrait	7	titre	76516,73877,71845
dignelesbain	1	texte	76516
aromatique	1	texte	76516
médicinal	1	texte	76516
appam	1	texte	76516
dépérissement	1	texte	76516
lavande	1	texte	76516
lavandin	1	texte	76516
inhabituel	1	texte	76516
parfumerie	2	texte	76516
aromatisation	2	texte	76516
mets	1	texte	76516
spiritueux	1	texte	76516
succinct	1	texte	76516
- pole pass - http://www.pole-pass.fr- http://redirectix.bulletins-electroniques.com/4g87x	1	contact	76516
nanofibres	2	titre	70167
conductricer	2	titre	70167
chimiquement	1	texte	70167
photocopie	1	texte	70167
xero	1	texte	70167
nicola	1	texte	70167
giuseppone	1	texte	70167
sadron	1	texte	70167
nanofil	4	texte	70167,72635
supramoléculaire	1	texte	70167
doudin	1	texte	70167
ipcms	1	texte	70167
microcircuit	1	texte	70167
flash	1	texte	70167
lumineux	6	texte	70167,70747,73688,75070,73188
2106	1	texte	70167
ampèr	1	texte	70167
approcher	2	texte	70167,70425
fils	3	texte	70167,75789,76509
cuivre	6	texte	70167,68644,75066
industriellemer	1	texte	70167
nanocircuit	1	texte	70167
- institut charles sadron - nicolas giuseppone : tél. : +33 (0)3 88 41 41 66 - email : giuseppone@unistra.fr- institut de physique et chimie des matériaux de strasbourg - bernard doudin : tél. : + 33 (0)3 88 10 72 39 - email : bdoudin@ipcms.unistra.fr	1	contact	70167
pancréa	1	texte	67802
alpher	1	texte	67802
îlot	1	texte	67802
langerhan	1	texte	67802
glucagon	1	texte	67802
insulin	2	texte	67802
destruction	3	texte	67802,75789,70917
raphael	1	texte	67802
scharfmann	1	texte	67802
845	1	texte	67802
ravassard	1	texte	67802
moelle	2	texte	67802,70744
épinière	1	texte	67802
cnrsumpcinserm	1	texte	67802
pancréas	1	texte	67802
foetal	1	texte	67802
vecteur	4	texte	67802,69813
immortaliser	2	texte	67802
promoteur	1	texte	67802
hasard	4	texte	67802,72393,72631,71612
mourir	2	texte	67802,67798
transplanter	2	texte	67802,67937
immunodéficiente	1	texte	67802
scid	1	texte	67802
différenciation	2	texte	67802,74451
mature	1	texte	67802
retirer	1	texte	67802
dissocier	1	texte	67802
lignée	2	texte	67802
secret	3	texte	67802,75459
insuline	2	texte	67802,76509
url	1	texte	67802
httpredirectixbulletinselectroniquescomsilxw	1	texte	67802
greffer	4	texte	67802,68644,70747,75067
diabétique	8	texte	67802,76509,75459
glycémie	1	texte	67802
clinical	1	texte	67802
investigation	2	texte	67802,72939
endocells	1	texte	67802
inserm - raphael scharfmann - tél. : + 33 (0) 01 40 61 55 65 - email : raphael.scharfmann@inserm.fr	1	contact	67802
jeanphilippe	4	texte	73877
gervai	4	texte	73877
bivb	3	texte	73877
20142020	2	texte	73877
colmar	1	texte	73877
septentrional	1	texte	73877
rvvs	1	texte	73877
priorité	12	texte	73877,71840,67943,76209,68383
systémique	2	texte	73877
mesurent	1	texte	73877
dur	2	texte	73877
quarante	1	texte	73877
pulvérisation	1	texte	73877
infernal	1	texte	73877
ecophyto	1	texte	73877
grenelle	2	texte	73877,69818
pesticide	1	texte	73877
approuver	2	texte	73877,70424
rattraper	2	texte	73877,74169
gervais	1	texte	73877
émotionnel	3	texte	73877,75063
empirique	2	texte	73877,74752
cultural	3	texte	73877,72630,68279
constitution	1	texte	73877
guyot	1	texte	73877
iuvv	1	texte	73877
soulign	2	texte	73877,67389
parasitoïde	1	texte	73877
faune	1	texte	73877
auxiliaire	1	texte	73877
intrant	2	texte	73877,68279
variétal	3	texte	73877,70420,68279
mildiou	1	texte	73877
oïdium	1	texte	73877
viniculture	1	texte	73877
cru	3	texte	73877,76209
procurer	3	texte	73877,75458
décortiquant	1	texte	73877
amertume	1	texte	73877
tanin	1	texte	73877
quid	1	texte	73877
sousproduit	2	texte	73877
cst	1	texte	73877
chaudière	1	texte	73877
phénolique	1	texte	73877
rentable	1	texte	73877
précocement	1	texte	73877
flavescence	1	texte	73877
dorer	1	texte	73877
vitalité	1	texte	73877
modernité	1	texte	73877
bivb - jean-philippe gervais - email : jean-philippe.gervais@bivb.com	1	contact	73877
ingénieursarchitecte	3	titre	69185
estp	5	titre	69185,73883
ensaplv	3	titre	69185
cérémonie	5	texte	69185,68888,71837,72120
villette	1	texte	69185
redoubler	1	texte	69185
cabinet	3	texte	69185,71361
expatrier	1	texte	69185
estp - anne claire omont : tél. : +33 (0)1 49 08 24 38 - email : acomont@adm.estp.fr	1	contact	69185
dengue	9	titre	69813
moustiqu	2	texte	69813
aede	1	texte	69813
aegypti	1	texte	69813
fièvre	2	texte	69813
hémorragique	1	texte	69813
ultime	2	texte	69813,75070
vacccin	1	texte	69813
neuville	1	texte	69813
charmeil	1	texte	69813
élargie	1	texte	69813
téléépidémiologie	3	texte	69813
moustique	4	texte	69813
aire	1	texte	69813
pressebouton	1	texte	69813
conceptuel	1	texte	69813
multidisciplinaire	3	texte	69813,71359,71615
muriel	1	texte	69813
lafaye	1	texte	69813
environnementclimatsanter	1	texte	69813
piquer	2	texte	69813,67937
sénégal	11	texte	69813,75458
rift	1	texte	69813
paludisme	1	texte	69813
fass	1	texte	69813
vaccination	1	texte	69813
larvaire	1	texte	69813
comte	1	texte	69813
ajoute	1	texte	69813
auvergne	4	titre	73687
aerocampus	7	titre	73687,69542
aerocampu	2	texte	73687
auvergn	4	texte	73687
bourget	2	texte	73687
top	1	texte	73687
aubert	1	texte	73687
duval	1	texte	73687
constellium	1	texte	73687
soustraitante	2	texte	73687
rang	5	texte	73687,67943,70914,71361,74745
nse	1	texte	73687
integration	1	texte	73687
rexiaer	1	texte	73687
slicom	1	texte	73687
usinage	1	texte	73687
câblage	1	texte	73687
avia	1	texte	73687
aeria	1	texte	73687
rectorat	1	texte	73687
claustre	1	texte	73687
ifma	1	texte	73687
essaimage	1	texte	73687
concession	2	texte	73687,68383
région auvergne - zakia douakha : tél. : + 33 (0)4 73 31 93 58 - email : presse@cr-auvergne.fr	1	contact	73687
myrt	4	titre	68884
peri	1	texte	68884
corse	5	texte	68884
electriqu	1	texte	68884
hélion	1	texte	68884
réinjecter	2	texte	68884,67558
électrolyseur	1	texte	68884
supplément	1	texte	68884
feder	6	texte	68884,71841,70420,76508,71360,68385
capénergie	1	texte	68884
stabilisation	1	texte	68884
intermittent	2	texte	68884,71363
autoriser	3	texte	68884,75458,74168
décentraliser	1	texte	68884
déstabiliser	1	texte	68884
université de corse - philippe poggi - email : philippe.poggi@univ-corse.fr	1	contact	68884
14ème	2	titre	69542
rassemblement	4	titre	69542
hydravion	9	titre	69542
biscarosse	5	titre	69542
14èm	1	texte	69542
rihb	2	texte	69542
canada	5	texte	69542,69820,74745,71614
patrie	2	texte	69542
royaume	1	texte	69542
brousse	2	texte	69542,75458
latécoère	2	texte	69542
admirer	2	texte	69542,71835
voler	6	texte	69542,74450,71617
hydrohélicoptère	1	texte	69542
hydroulm	1	texte	69542
centenaire	1	texte	69542
pavillon	1	texte	69542
200m2	1	texte	69542
biscarossaise	1	texte	69542
dhc	1	texte	69542
beaver	1	texte	69542
hydraviation	1	texte	69542
catalina	1	texte	69542
coqu	1	texte	69542
donnetlévêque	1	texte	69542
denhaut	1	texte	69542
65èm	1	texte	69542
anniversaire	1	texte	69542
631	1	texte	69542
antille	2	texte	69542,71362
mythique	1	texte	69542
biscarossefortdefrance	1	texte	69542
1940	1	texte	69542
afpa	1	texte	69542
enac	1	texte	69542
rihb : http://www.hydravions-biscarrosse.com	1	contact	69542
un rendez-vous à ne pas manquer pour tous les passionnés d'hydravions crédits : rihb	1	legendeImage	69542
chasser	3	titre	67553
meute	4	titre	67553
eden	14	titre	67553
exportatricer	1	texte	67553
isolément	1	texte	67553
prenante	1	texte	67553
trésorier	1	texte	67553
dga	8	texte	67553,69177,67941
croîtr	5	texte	67553,72392,74450,72631,74745
embaucher	3	texte	67553,68643,75461
dual	2	texte	67553,71836
donneur	5	texte	67553,68642,72120
paternité	1	texte	67553
réelle	2	texte	67553
pérennité	2	texte	67553,68283
pact	1	texte	67553
formaliser	3	texte	67553,68642,68279
tpe	3	texte	67553,72630,71614
couvrent	1	texte	67553
aérien	6	texte	67553,71840,70420,71358,71617
laad	1	texte	67553
aero	1	texte	67553
defense	1	texte	67553
réfléchissentil	1	texte	67553
trimestre	2	texte	67553,71841
agréer	1	texte	67553
eden - thierry regond : tél. : +33 (0)4 72 08 12 12 email : tregond@sunaero.com - http://www.eden-defense-cluster.com	1	contact	67553
schwartz	1	texte	70749
sandrer	1	texte	70749
wagner	1	texte	70749
peutelle	1	texte	70749
satisfaite	1	texte	70749
conscient	4	texte	70749,74455,75458
certainement	1	texte	70749
révélateur	3	texte	70749,74457,68281
pnrer	1	texte	70749
lourde	2	texte	70749,72394
tientell	1	texte	70749
spécifiquement	2	texte	70749,72631
parentalité	1	texte	70749
retombée	1	texte	70749
attentif	4	texte	70749,67388,71835
conclut	1	texte	70749
- csga - sophie nicklaus - email : sophie.nicklaus@dijon.inra.fr- colloque opaline - email : congres.opaline@vitagora.com	1	contact	70749
borne	1	texte	72635
born	1	texte	72635
grille	4	texte	72635,74452
interrupteur	1	texte	72635
planaire	1	texte	72635
lilleuniversité	1	texte	72635
valencien	1	texte	72635
hainautcambresisisen	1	texte	72635
chrome	1	texte	72635
nanoscal	1	texte	72635
hormis	2	texte	72635,70421
lithographique	1	texte	72635
laas - guilhem larrieu : tél. : +33 (0)5 61 33 79 84 - email : guilhem.larrieu@laas.fr	1	contact	72635
vue schématique d'un nano-transistors 3d montrant la grille (rouge) entourant les nanofils verticaux (vert) et séparant les contacts aux extrémités de chaque nanofil (beige). crédits :  x-l han et g. larrieu	1	legendeImage	72635
ecrir	3	titre	70744
lettre	6	texte	70744,68889
figure	1	texte	70744
lisse	1	texte	70744
arrièreplan	1	texte	70744
lorenceau	3	texte	70744
epinièr	1	texte	70744
cnrsupmcinserm	1	texte	70744
illusion	2	texte	70744
visuel	3	texte	70744,75788,72939
reversephi	2	texte	70744
lisser	2	texte	70744,74744
affichent	1	texte	70744
disque	3	texte	70744
luminance	1	texte	70744
varie	2	texte	70744,67388
hertz	1	texte	70744
clignotant	1	texte	70744
nette	1	texte	70744
illusoire	1	texte	70744
mouvant	1	texte	70744
saccader	1	texte	70744
oculomètre	1	texte	70744
entraînement	3	texte	70744
finit	1	texte	70744
accrocher	2	texte	70744,72119
surfer	1	texte	70744
automatisme	1	texte	70744
latéral	1	texte	70744
amyotrophique	1	texte	70744
artiste	1	texte	70744
centre de recherche de l'institut du cerveau et la moelle epinière - jean lorenceau : tél. : +33 (0) 57 27 43 77 - email : jean.lorenceau@upmc.fr	1	contact	70744
"la partie gauche de cette figure montre la position (trait plein) et la vitesse (pointillé) des mouvements oculaires horizontaux (en rouge) et verticaux (en vert). a droite : le mot ""eye"" correspondant à ces tracés crédits : lorenceau/cnrs"	1	legendeImage	70744
"des chiffres et le prénom ""jean"" écrits avec le dispositif crédits : lorenceau/cnrs"	1	legendeImage	70744
géomatique	5	titre	68889
marnelavaller	1	texte	68889
ensg	1	texte	68889
géographie	3	texte	68889,67944,73881
pénètr	1	texte	68889
trame	1	texte	68889
ateliersdébat	1	texte	68889
tablesronde	1	texte	68889
masterclas	1	texte	68889
grandtémoin	1	texte	68889
allocution	1	texte	68889
wolton	1	texte	68889
rencontres sig la lettre 2012 - http://www.rencontres-sig-la-lettre.fr	1	contact	68889
evaluer	2	titre	68645
allergique	1	texte	68645
atopica	2	texte	68645
atopic	1	texte	68645
diseaser	1	texte	68645
changing	1	texte	68645
climate	1	texte	68645
land	1	texte	68645
user	1	texte	68645
quality	1	texte	68645
immunologiste	1	texte	68645
allergologue	1	texte	68645
dermatologue	1	texte	68645
ineri	2	texte	68645,75463
cnrsupmcensecole	1	texte	68645
ineris	1	texte	68645
modéliser	7	texte	68645,74453,72939,70916,74751,74745,74744
dioxyd	1	texte	68645
allergénicité	1	texte	68645
allergène	1	texte	68645
pointclé	1	texte	68645
ambrosia	1	texte	68645
artemisiifolia	1	texte	68645
communément	1	texte	68645
ambroisi	1	texte	68645
armoise	1	texte	68645
allergisant	1	texte	68645
abandonnée	1	texte	68645
rhône	3	texte	68645,72392,71616
proliférer	1	texte	68645
occasionner	1	texte	68645
laboratoire des sciences du climat et de l'environnement (lsce) - robert vautard : tél. : +33 (0)1 69 08 26 40 - email : robert.vautard@lsce.ipsl.fr	1	contact	68645
anesthésique	6	titre	71843
abeille	4	titre	71843
2heptanone	4	texte	71843
2h	1	texte	71843
trouve	1	texte	71843
chypriote	1	texte	71843
evolution	2	texte	71843,67071
spéciation	1	texte	71843
legs	1	texte	71843
plos	2	texte	71843,73688
one	2	texte	71843,73688
glande	1	texte	71843
mandibulaire	1	texte	71843
paralyser	1	texte	71843
arthropode	1	texte	71843
mordu	1	texte	71843
repousser	1	texte	71843
éjecter	1	texte	71843
intrus	1	texte	71843
anesthésiant	1	texte	71843
lidocaine	2	texte	71843
teign	1	texte	71843
nerf	1	texte	71843
sciatique	1	texte	71843
rat	2	texte	71843,67389
sodium	2	texte	71843,69819
laboratoire evolution, génomes et spéciation (legs) - gérard arnold - email : arnold@legs.cnrs-gif.fr	1	contact	71843
veolia	7	titre	72392,74450
démantèlement	10	titre	72392,74751
arrêt	2	texte	72392,70915
126	1	texte	72392
58	2	texte	72392,71837
électronucléaire	1	texte	72392
dispose	3	texte	72392,74452,75063
découpe	1	texte	72392
effluent	2	texte	72392,69538
béhar	2	texte	72392
déconstruction	3	texte	72392
frérot	1	texte	72392
réclame	1	texte	72392
assainissement	1	texte	72392
heurter	1	texte	72392
areva	2	texte	72392,75464
intervenu	1	texte	72392
massivemer	2	texte	72392,75463
décontamination	1	texte	72392
polluer	1	texte	72392
accumuler	2	texte	72392,68385
véolia	1	texte	72392
asteralis	2	texte	72392
panoplie	2	texte	72392,68643
cadarache	8	texte	72392,75064,70915,74168,68385
up1	1	texte	72392
irradier	1	texte	72392
radioprotection	1	texte	72392
trier	2	texte	72392,75788
germinet	1	texte	72392
- cea - stephane laveissière : tél. : +33 (0)1 64 50 27 53 - email : stephane.laveissiere@cea.fr- veolia environnement - stéphane galfré : tél. : +33 (0)01 71 75 19 27 - email : stephane.galfre@veolia.com	1	contact	72392
antoine frérot (à gauche), pdg de véolia environnement, et bernard bigot (à droite), administrateur général du cea, signent l'accord stratégique de collaboration veolia-cea crédits : veolia	1	legendeImage	72392
oxycombustion	4	titre	70426
combustion	5	texte	70426,68644,71615
purification	3	texte	70426,72118
c02	1	texte	70426
bénéfici	1	texte	70426
subvention	2	texte	70426,67799
schuller	1	texte	70426
energétique	2	texte	70426,71362
macroscopique	1	texte	70426
em2c	2	texte	70426
charbon	1	texte	70426
dimensionnement	1	texte	70426
brûleur	1	texte	70426
simultaner	1	texte	70426
ecole centrale paris - alexandrine urbain : tél. : +33 (0)1 41 13 13 10 - email : alexandrine.urbain@ecp.fr	2	contact	70426,68888
cinquantenaire	4	titre	69177,73882
yannick	5	texte	69177,70424
escatha	4	texte	69177
presse	1	texte	69177
ride	1	texte	69177
21b	1	texte	69177
couronne	1	texte	69177
acharner	1	texte	69177
succè	1	texte	69177
galileo	2	texte	69177
21a	1	texte	69177
pléïade	2	texte	69177
dessous	1	texte	69177
elisa	1	texte	69177
électromagnétique	6	texte	69177,67942,74744
estl	1	texte	69177
félicité	1	texte	69177
nanosatellite	3	texte	69177,68644
désorbitation	2	texte	69177
demeter	4	texte	69177,67942
myriad	1	texte	69177
débris	1	texte	69177
hélios	4	texte	69177,71836
1a	4	texte	69177,71836
ariane	3	texte	69177
46	2	texte	69177,72119
affiler	1	texte	69177
atv2	1	texte	69177
ravitaillement	1	texte	69177
iss	1	texte	69177
accostage	1	texte	69177
atv3	2	texte	69177
parfaire	5	texte	69177,76509,71359,75063,71614
fier	3	texte	69177,71842,70914
pur	2	texte	69177,74169
résumé	1	texte	69177
océanographique	2	texte	69177,70916
altika	1	texte	69177
doris	1	texte	69177
argos	1	texte	69177
atterrissage	5	texte	69177,74450,71617
rover	1	texte	69177
msl	1	texte	69177
chemcam	1	texte	69177
swarm	2	texte	69177,73880
magnétomètre	1	texte	69177
absoudre	1	texte	69177
ministériel	2	texte	69177,74746
exomar	1	texte	69177
metop	1	texte	69177
iasing	1	texte	69177
iasi	1	texte	69177
is	2	texte	69177
barter	4	texte	69177,75459
reporter	1	texte	69177
elementest	1	texte	69177
habituel	1	texte	69177
atv	1	texte	69177
yannick d'escatha, le président du cnes crédits : julien lecomte/cnes	1	legendeImage	69177
41èm	1	texte	74456
atec	3	texte	74456
it	3	texte	74456
seratil	3	texte	74456,76209
patronage	1	texte	74456
cuvillier	1	texte	74456
directif	1	texte	74456
planification	1	texte	74456
aménagemer	2	texte	74456,72939
opportun	2	texte	74456,70422
prestataire	1	texte	74456
malbrunot	1	texte	74456
atec its france 2014 - http://www.congres-atecitsfrance.fr/	1	contact	74456
controverse	4	titre	74457
déforestation	1	texte	74457
malbouff	1	texte	74457
alimente	2	texte	74457,71835
agroindustrie	1	texte	74457
planteur	1	texte	74457
majeure	1	texte	74457
controvers	1	texte	74457
trancher	1	texte	74457
définitif	3	texte	74457,74454,68383
caricatural	1	texte	74457
biologist	1	texte	74457
rival	4	texte	74457
agroéconomiste	1	texte	74457
levang	2	texte	74457
mondialiser	1	texte	74457
antagoniste	1	texte	74457
triturer	1	texte	74457
plaire	1	texte	74457
encyclopédie	1	texte	74457
fascicule	1	texte	74457
inciter	3	texte	74457,68383,68387
arrangent	1	texte	74457
conflit	2	texte	74457
nordsud	1	texte	74457
immergé	1	texte	74457
projecteur	1	texte	74457
joindre	2	texte	74457,67945
marteler	1	texte	74457
stigmatiser	1	texte	74457
editions quae - http://www.quae.com	1	contact	74457
un petit ouvrage très utile en pleine controverse crédits : quae	1	legendeImage	74457
fourmill	2	texte	68283,71835
réservoir	5	texte	68283,72397,75067
puit	1	texte	68283
cemagref :- www.forets-cemagref.fr- www.cemagref.fr	1	contact	68283
mécatronique	8	titre	73884,67941,68393
11èm	1	texte	73884
marcher	1	texte	73884
emm2013	1	texte	73884
mechatronic	2	texte	73884
meeting	2	texte	73884
croisement	3	texte	73884,70745,75063
bourse	9	texte	73884,71612,74746,68390
connected	1	texte	73884
ciblé	1	texte	73884
avance	2	texte	73884,74455
artemis	19	texte	73884,71842,68279,68393
- séminaire technique et marché emm1013 - http://www.mp-i.fr/mecatronic/emm2013/- bourse technologique b.e. mechatronics connected - http://www.mp-i.fr/mecatronic/bemechatronics/- convention d'affaires robotics meetings - http://www.mp-i.fr/mecatronic/roboticsmeetings/- conférence européenne du programme de recherche sur l'automobile artemis - http://www.mp-i.fr/mecatronic/artemis/	1	contact	73884
iccc	4	titre	72393
conference	4	texte	72393,67945,72396
sustainability	1	texte	72393
iir	1	texte	72393
aff	1	texte	72393
cemafroid	4	texte	72393
irstea	4	texte	72393,70917
sponsoriser	1	texte	72393
gpan	2	texte	72393
frigorifique	2	texte	72393
fournaison	1	texte	72393
mènentil	1	texte	72393
nouvellezélande	1	texte	72393
frigorigène	1	texte	72393
supermarché	1	texte	72393
institutionnaliser	1	texte	72393
faut	2	texte	72393,70423
amf	1	texte	72393
jumelage	1	texte	72393
iccc 2013 - http://www.iccc2013.com - contact@iccc2013.com	1	contact	72393
technopôle	9	titre	71842,68643,68279,75461
agroenvironnement	12	titre	71842,70745,68643,68279
dédié	3	texte	71842,72395,71359
agronov	8	texte	71842,68643,68279
bretenière	5	texte	71842,68279
témoigner	6	texte	71842,70422,71835,71612,71362,74746
faiblir	1	texte	71842
rapatrier	1	texte	71842
réhabiliter	1	texte	71842
ider	2	texte	71842,74455
prévoît	1	texte	71842
hall	1	texte	71842
jardiner	1	texte	71842
amphithéâtre	1	texte	71842
restaurant	2	texte	71842,74752
coop	1	texte	71842
agrene	4	texte	71842,68643,68279
agri	1	texte	71842
biotisa	1	texte	71842
bulbe	1	texte	71842
farine	1	texte	71842
farin	1	texte	71842
artemi	1	texte	71842
puzzl	1	texte	71842
puzzle	1	texte	71842
participent	1	texte	71842
respectueuse	2	texte	71842,71617
agronov - http://www.agronov.fr	1	contact	71842
cosmétologie	3	titre	67946
cosmetic	2	texte	67946,72120
valley	5	texte	67946,74455,74746
parfumeriecosmétique	1	texte	67946
to	1	texte	67946
breton	2	texte	67946
cbb	1	texte	67946
2è	1	texte	67946
- connexions r&d : www.connexions-rd.com- cosmetic valley : caroline crabbe - email : carolinecrabbe@wanadoo.fr - www.cosmetic-valley.com	1	contact	67946
microsystème	3	titre	68644
oxyde	4	texte	68644,71615
brin	10	texte	68644,70747,70425,75070
hélice	1	texte	68644
solidement	2	texte	68644,68643
coller	5	texte	68644,74750
interuniversitaire	2	texte	68644,71612
toulouse	1	texte	68644
3inp	1	texte	68644
toulousecnr	1	texte	68644
collant	1	texte	68644
enflammer	1	texte	68644
chauffé	1	texte	68644
410c	1	texte	68644
séparément	1	texte	68644
nanoscopique	1	texte	68644
mélanger	2	texte	68644,67558
coiffer	1	texte	68644
nanoparticules	2	texte	68644,74750
originel	1	texte	68644
nitroglycérine	1	texte	68644
gramme	2	texte	68644,73878
produiraient	1	texte	68644
appoint	1	texte	68644
laas - fabrice séverac : tél. : +33 (0)5 61 33 63 60 - email : fseverac@laas.fr	1	contact	68644
pékin	5	titre	68888
75	5	texte	68888,73878,76508,71837,71615
nicole	1	texte	68888
bru	2	texte	68888
beihang	2	texte	68888
astronautique	2	texte	68888
pékn	1	texte	68888
pékinbeihang	1	texte	68888
douzaine	7	texte	68888,71841,74453,76208,68387,75063
polyvalent	2	texte	68888,75458
trilingue	1	texte	68888
china	2	texte	68888,68278
scholarship	1	texte	68888
csc	1	texte	68888
futurotextile	3	texte	70751
award	3	texte	70751,72120
ifm	1	texte	70751
postulat	1	texte	70751
vernissage	1	texte	70751
guidée	2	texte	70751,75071
cetilab	1	texte	70751
karine wallois - tél. +33 (0)3 62 72 61 51 - email : internationalforum@ceti.com	1	contact	70751
emac	8	titre	72634
salaison	4	texte	72634
charcutier	1	texte	72634
définitivement	6	texte	72634,70422,70915,70917
mougin	1	texte	72634
aft	3	texte	72634
plasturgie	7	texte	72634,70752
installée	1	texte	72634
fontaine	1	texte	72634
agrosourcer	1	texte	72634
chanvre	1	texte	72634
sorption	1	texte	72634
désorption	1	texte	72634
bactéricide	1	texte	72634
lactali	2	texte	72634
cloche	1	texte	72634
camembert	1	texte	72634
perméable	1	texte	72634
microaéré	1	texte	72634
régler	3	texte	72634,74455,75458
welienc	1	texte	72634
financièremer	1	texte	72634
légitimité	1	texte	72634
agathe	2	texte	72634
pener	2	texte	72634
concurrente	2	texte	72634,72633
lactalis	3	texte	72634
implanté	1	texte	72634
viagora	1	texte	72634
port	2	texte	72634,67941
équipage	1	texte	72634
paticipant	1	texte	72634
financeur	2	texte	72634,74746
positivemer	1	texte	72634
iar	1	texte	72634
agroressource	1	texte	72634
plastipolis	5	texte	72634,70752
plastilax	1	texte	72634
wipak	1	texte	72634
pam	2	texte	72634,72394
dijonuniversité	2	texte	72634,72394
icmub	1	texte	72634
glucide	10	texte	72634,76509
cvg	1	texte	72634
bioindustriel	1	texte	72634
lemp	1	texte	72634
esiec	1	texte	72634
reim	1	texte	72634
vitagora - agathe penant - email : agathe.penant@vitagora.com	1	contact	72634
chronoenvironnemer	2	titre	70745
chronoenvironnement	6	texte	70745
gilbert	4	texte	70745
essayant	1	texte	70745
géologue	1	texte	70745
écologiste	2	texte	70745
chimiste	6	texte	70745,72630,74752
interdisciplinarité	3	texte	70745,67071,73189
vaine	1	texte	70745
terroir	3	texte	70745,68279
agrosystème	1	texte	70745
agréger	1	texte	70745
néolithique	1	texte	70745
quasitotalité	1	texte	70745
instauration	2	texte	70745,69538
continuum	2	texte	70745,72631
inee	1	texte	70745
géoscience	1	texte	70745
géosystème	1	texte	70745
tourbière	1	texte	70745
sédiment	1	texte	70745
millénaire	1	texte	70745
viking	1	texte	70745
groenland	1	texte	70745
erik	1	texte	70745
franccomtois	1	texte	70745
contaminant	1	texte	70745
multiexposition	1	texte	70745
pâturage	1	texte	70745
aoc	1	texte	70745
souhaitetil	1	texte	70745
comté	1	texte	70745
sillage	1	texte	70745
chono-environnement - daniel gilbert - email : daniel.gilbert@univ-fcomte.fr	1	contact	70745
34	1	texte	70753
positionnement	2	texte	70753,75789
concurrentiel	1	texte	70753
instituts carnot - http://www.instituts-carnot.eu	1	contact	70753
nanoantenne	3	titre	70747
bioinspirée	2	titre	70747
osciller	1	texte	70747
paristechupmcuniversiter	1	texte	70747
fresnel	2	texte	70747,68391
colorant	7	texte	70747,75462,73189
synthétiquer	1	texte	70747
tandis	2	texte	70747,68646
émetteur	2	texte	70747,67942
lithographie	3	texte	70747,70423
microprocesseur	4	texte	70747,70423
luminescent	1	texte	70747
compacte	2	texte	70747,75067
cryptographie	1	texte	70747
espci - sébastien bidault - email : sebastien.bidault@espci.fr	1	contact	70747
représentation schématique d'une nano-antenne formée de deux nanoparticules d'or liées par un double brin d'adn et alimentée par un émetteur quantique unique crédits : busson, rolly , stout, bonod, bidault	1	legendeImage	70747
ajusteuse	2	titre	72636
exercer	5	texte	72636,73882,75458,68390
exercent	1	texte	72636
brio	3	texte	72636,70422,71835
sandy	2	texte	72636
bodet	1	texte	72636
saintnazaire	1	texte	72636
expliquetelle	2	texte	72636,76509
sénat	2	texte	72636,72396
aéronef	2	texte	72636,68393
fille	1	texte	72636
airbus - anne galabert - email : anne.galabert@airbus.com - http://www.airbus.com	1	contact	72636
sandy bodet, meilleur apprenti de france en mécanique aéronautique, cellules d'aéronefs crédits : airbus	1	legendeImage	72636
paralysie	1	texte	68646
supranucléaire	1	texte	68646
psp	1	texte	68646
dégénérescence	3	texte	68646,71360,68387
corticonasal	1	texte	68646
cbd	1	texte	68646
atrophie	1	texte	68646
multisystématiser	1	texte	68646
ams	1	texte	68646
dyskinésie	3	texte	68646
levodopa	4	texte	68646
idiopathique	1	texte	68646
tison	1	texte	68646
physiopathologie	1	texte	68646
dopamine	1	texte	68646
préférentiellement	1	texte	68646
souffrant	1	texte	68646
saccade	2	texte	68646
prévalence	2	texte	68646,75065
03	1	texte	68646
malade	4	texte	68646,68641,73189,75063
8000	1	texte	68646
eyebrain : http://www.eye-brain.com	1	contact	68646
catalyse	5	titre	67561,70425
pride	2	texte	67561,68393
solidaire	2	texte	67561,68393
novachim	1	texte	67561
trimatec	1	texte	67561
valros	1	texte	67561
renseignements : tél. +33 (0)4 42 11 22 33	1	contact	67561
lanc	3	titre	67944,74169
hydrographie	5	titre	67944
gent	3	texte	67944
creuse	1	texte	67944
vassivière	2	texte	67944
syndicat	2	texte	67944,74746
dispensé	1	texte	67944
universiter	1	texte	67944
multiculturel	1	texte	67944
accréditer	1	texte	67944
hydrographique	1	texte	67944
master2	1	texte	67944
topographie	2	texte	67944,73880
ensta bretagne - ingrid le toutouze : tél. : +33 (0)2 98 34 88 51 - email : ingrid.letoutouze@ensta-bretagne.fr	1	contact	67944
impler	2	titre	71840
genay	1	texte	71840
aerokwer	1	texte	71840
johor	1	texte	71840
bahru	1	texte	71840
barre	2	texte	71840,71358
asiepacifiqu	1	texte	71840
trafic	2	texte	71840,72939
asiepacifique	1	texte	71840
135	1	texte	71840
trophée	3	texte	71840,70752,75458
inpi	1	texte	71840
sociétésoeur	1	texte	71840
aerowing	1	texte	71840
us	1	texte	71840
sunaero - thierry regond : tél. : +33 (0)4 72 08 12 12 - email : tregond@sunaero.com - http://www.sunaero.com	1	contact	71840
papillon	11	titre	70425,72632
actualitéinnovation	1	texte	70425
peutil	1	texte	70425
bombyx	3	texte	70425
murier	2	texte	70425
cnrsinstitut	2	texte	70425,69819
trinitrotoluène	1	texte	70425
tnt	2	texte	70425
ppq	2	texte	70425
quadrillion	1	texte	70425
volatil	2	texte	70425
ppb	2	texte	70425,71612
billion	1	texte	70425
109	1	texte	70425
insuffiser	1	texte	70425
mori	1	texte	70425
phéromone	5	texte	70425,72632
sensille	1	texte	70425
micrométrique	1	texte	70425
microlevier	4	texte	70425
largeur	2	texte	70425,68391
nanostructurer	1	texte	70425
titane	7	texte	70425,74454,68642,75067
aligner	1	texte	70425
verticalement	1	texte	70425
nanostructure	1	texte	70425
résonance	3	texte	70425,71837,73189
chien	1	texte	70425
entraîné	1	texte	70425
inaccessible	2	texte	70425,74168
pentrite	1	texte	70425
susceptible	2	texte	70425,69538
trace	1	texte	70425
actualité-innovation	1	rubrique	70425
cnrs - denis spitzer : tél. : +33 (0)3 89 69 50 75 - email : denis.spitzer@isl.eu	1	contact	70425
vue d'ensemble du micro-levier nanostructuré par des nanotubes alignés de dioxyde de titane crédits : fabien schnell/ns3e	1	legendeImage	70425
agrandissement sur la forêt de nanotubes de tio2 crédits : fabien schnell/ns3e	1	legendeImage	70425
francin	1	texte	73689
prédéfini	1	texte	73689
jury	3	texte	73689,75066,74746
sportloisirssanter	1	texte	73689
rhônealpin	1	texte	73689
sporaltec - séverine sabot : tél. : + 33 (0)4 77 39 00 31 - email : severine.sabot@sporaltec.fr - http://www.sporaltec.fr/raidinnovation	1	contact	73689
fortiori	1	texte	69821
eurocentrist	1	texte	69821
sahara	2	texte	69821,75458
renaître	5	texte	69821,71841,71360
tourte	3	texte	69821
monumental	1	texte	69821
colossal	3	texte	69821,74744,75458
bouscule	1	texte	69821
brillant	1	texte	69821
postface	1	texte	69821
suisj	1	texte	69821
aval	1	texte	69821
nota	1	texte	69821
bene	1	texte	69821
cdrom	1	texte	69821
fao - http://www.fao.org/docrep/009/a0217f/a0217f00.htm	1	contact	69821
6 volumes, 3.000 pages, un travail monumental! crédits : fao	1	legendeImage	69821
neurodsp	4	titre	73879
arve	1	texte	73879
15ème	1	texte	73879
sensing	2	texte	73879
gst	7	texte	73879
née	1	texte	73879
associative	1	texte	73879
imiter	1	texte	73879
cm1k	1	texte	73879
cognimem	1	texte	73879
1024	1	texte	73879
biométrie	2	texte	73879,72633
bruneau	3	texte	73879
paindavoine	1	texte	73879
technologier	8	texte	73879,67945,72118,75461,75066,76208
bertin	7	texte	73879,71614
alkan	1	texte	73879
présidentdirecteur	1	texte	73879
fpga	1	texte	73879
fieldprogrammabl	1	texte	73879
prémice	1	texte	73879
neuropic	1	texte	73879
paramétrable	2	texte	73879
facial	2	texte	73879,72633
catalogue	2	texte	73879,74747
neurofpga	1	texte	73879
classification	1	texte	73879
neurologie	1	texte	73879
platform	1	texte	73879
list	2	texte	73879,75064
fui	3	texte	73879,69818
volée	1	texte	73879
quête	2	texte	73879,74168
global sensing technologies - xavier bruneau - email : xavier.bruneau@globalsensing.eu - http://www.globalsensing.eu	1	contact	73879
essca	4	titre	68281
pect	5	titre	68281
maximum	5	texte	68281,70743,76209,70916
réactiver	1	texte	68281
rythme	1	texte	68281
registre	1	texte	68281
relancer	1	texte	68281
miniquiz	1	texte	68281
anonyme	3	texte	68281,68279,68383
immédiate	1	texte	68281
transmis	1	texte	68281
auparavant	2	texte	68281,69539
scale	1	texte	68281
up	7	texte	68281,75466,71616
caroline	1	texte	68281
constamment	1	texte	68281
leblanc	1	texte	68281
essca - joëlle isaac-moine : tél. : +33 (0)2 41 73 57 78 - email : joelle.isaac-moine@essca.fr	1	contact	68281
la salle pect du campus d'angers de l'essca crédits : essca	1	legendeImage	68281
ilser	7	titre	74455
dépister	1	texte	74455
ilsa	1	texte	74455
périphérie	5	texte	74455,68643,68279,75063,74746
besançon	2	texte	74455
horlogerie	1	texte	74455
microtechnique	3	texte	74455,71359
beuffe	1	texte	74455
reproductibilité	1	texte	74455
élimination	1	texte	74455
détour	2	texte	74455,72939
prescrire	2	texte	74455,75458
immunohématologie	1	texte	74455
beuff	3	texte	74455
vain	1	texte	74455
voeu	1	texte	74455
pieux	1	texte	74455
imaginé	1	texte	74455
ensmm	1	texte	74455
exist	1	texte	74455
drastique	1	texte	74455
réorganisation	1	texte	74455
centrée	1	texte	74455
consommable	1	texte	74455
corée	4	texte	74455,72396
discret	1	texte	74455
écoute	2	texte	74455,71835
ilsa - emmanuel beuffe - email : e.beuffe@ilsa-france.com	1	contact	74455
le nouvel instrument d'ilsa pour dépister le cancer du col de l'utérus crédits : ilsa	1	legendeImage	74455
batiénergie	4	titre	70169
167	1	texte	70169
600	5	texte	70169,72633,75466,74746
rt2012	1	texte	70169
rt	1	texte	70169
tertiaire	1	texte	70169
bureal	1	texte	70169
anru2	1	texte	70169
logement	1	texte	70169
conformer	1	texte	70169
ffi	1	texte	70169
effinergie	1	texte	70169
lafarge	1	texte	70169
saintgobain	1	texte	70169
grdf	1	texte	70169
verita	1	texte	70169
batiénergie - http://www.salon-batienergie.fr	1	contact	70169
visualisation	6	titre	75788
préhistorien	7	titre	75788
vialou	2	texte	75788
muséum	4	texte	75788,67071
agueer	1	texte	75788
vilhener	1	texte	75788
originaire	2	texte	75788,71612
préhistorienne	1	texte	75788
morro	3	texte	75788
solteiro	3	texte	75788
mato	1	texte	75788
grosso	1	texte	75788
vestige	1	texte	75788
rupestre	2	texte	75788
innov	1	texte	75788
day	1	texte	75788
boulet	3	texte	75788
annoter	1	texte	75788
préhistorique	2	texte	75788
map	1	texte	75788
photographique	1	texte	75788
corrélation	2	texte	75788,67798
colorimétrie	1	texte	75788
ressortir	1	texte	75788
quadriller	1	texte	75788
exactement	3	texte	75788,76509,75459
photo	4	texte	75788,71612,71836
peuventils	1	texte	75788
pompéi	2	texte	75788
sollicité	1	texte	75788
naple	1	texte	75788
rondonopoli	1	texte	75788
thales université - design center - didier boulet : tél. : 06 77 48 28 90 - email : didier.boulet@thalesgroup.com	1	contact	75788
un outil de visualisation unique en son genre pour les archéologues et les préhistoriens crédits : thales	1	legendeImage	75788
stratobu	10	titre	75789
33	1	texte	75789
stationnaire	4	texte	75789,74745
stratosphère	3	texte	75789
intratropiqu	1	texte	75789
extratropique	1	texte	75789
kw	2	texte	75789,72397
stratosphérique	2	texte	75789
pégase	3	texte	75789,71358
alenier	3	texte	75789,71836
zodiac	3	texte	75789
cealiten	1	texte	75789
opérer	3	texte	75789,70424,69819
interruption	1	texte	75789
avantprojet	3	texte	75789
michemin	1	texte	75789
alenia	2	texte	75789
tributaire	1	texte	75789
sauf	2	texte	75789,74752
acheminement	1	texte	75789
enclaver	1	texte	75789
liten	6	texte	75789,68640
oeuvrer	2	texte	75789,74746
enveloppe	2	texte	75789,75063
verrou	2	texte	75789,73188
légère	1	texte	75789
20182020	1	texte	75789
transparence	3	texte	75789,71361
opacité	1	texte	75789
polyéthylène	1	texte	75789
stratrobu	1	texte	75789
montée	1	texte	75789
pspc	2	texte	75789,71359
dégrossir	1	texte	75789
piraterie	1	texte	75789
télécommunicatier	2	texte	75789,75071
repositionnable	1	texte	75789
thales alenia space, service communication : tarik lahlou - tel. : +33 (0)4 92 92 68 45 - email : tarik.lahlou@thalesaleniaspace.com	1	contact	75789
stratobus, un ballon stationnaire dans la stratosphère crédits : thales	1	legendeImage	75789
100 m de long, sur 33 m de large, alimentée en énergie par des cellules solaires : une plate-forme idéale pour des missions d'observations, de cartographie et de télécommunications crédits : thales	1	legendeImage	75789
ccip	1	texte	70168
bioscience	1	texte	70168
isb	1	texte	70168
esiee - christine cévaër : tél. : +33 (0)1 45 92 65 92 - email : c.cevaer@esiee.fr	1	contact	70168
larynx	10	titre	74454
1600	2	texte	74454,75461
laryngectomie	2	texte	74454
respirer	2	texte	74454
normalement	1	texte	74454
trachéotomie	1	texte	74454
28000	1	texte	74454
revêt	1	texte	74454
protip	4	texte	74454
debry	2	texte	74454
orl	3	texte	74454,76508
masculin	1	texte	74454
ablation	1	texte	74454
bague	3	texte	74454
trachéal	2	texte	74454
insérer	2	texte	74454,74450
amovible	1	texte	74454
valve	1	texte	74454
biomatériau	5	texte	74454,71612,75067,71616
maurice	1	texte	74454
bérenger	1	texte	74454
paneuropéen	1	texte	74454
- protip - http://www.protipmedical.com- a lire également dans be france :* http://www.bulletins-electroniques.com/actualites/37498.htm* http://www.bulletins-electroniques.com/actualites/58785.htm	1	contact	74454
une vue du larynx artificiel de protip implanté par l'équipe du professeur christian debry crédits : protip/y. freund	1	legendeImage	74454
smartox	3	titre	73878
biotechnology	4	titre	73878,72121
dangerosité	1	texte	73878
recensement	1	texte	73878
173000	1	texte	73878
venimeux	1	texte	73878
waard	1	texte	73878
floralis	2	texte	73878
fouriergrenobl	1	texte	73878
ujf	1	texte	73878
grain	2	texte	73878,69819
isère	1	texte	73878
océanie	1	texte	73878
distributeur	2	texte	73878,75063
béroud	1	texte	73878
smartox biotechnology - http://www.smartox-biotech.com	1	contact	73878
dynacomp	4	titre	69820
cachan	2	texte	69820,73883
tiendra	1	texte	69820
vibratoire	1	texte	69820
mondiau	2	texte	69820,75466
permettrontelle	1	texte	69820
conférencier	1	texte	69820
algérie	1	texte	69820
amortisseur	1	texte	69820
dommage	1	texte	69820
dynacomp - http://redirectix.bulletins-electroniques.com/e98qr	1	contact	69820
façonnabl	3	titre	68280
résine	2	texte	68280
minéral	7	texte	68280,67388,68642,72630,71612
réversible	2	texte	68280,67558
ludwik	2	texte	68280,74750
leibler	2	texte	68280,74750
mou	2	texte	68280,74750
époxy	1	texte	68280
durcisseur	1	texte	68280
inversemer	1	texte	68280
insoluble	2	texte	68280,67558
vitreux	2	texte	68280
cassable	1	texte	68280
concurrencer	1	texte	68280
arkema	1	texte	68280
éclairage	4	texte	68280,68642,75070,73188
espci - ludwik leibler : tél. : +33 (0)1 40 79 51 25 - email : ludwik.leibler@espci.fr	1	contact	68280
différentes formes possibles de ce matériau inédit crédits : cnrs photothèque/espci/cyril frésillon	1	legendeImage	68280
une bande de matériau est déformée dans un four. les contraintes de torsion que subit ce matériau, sont facilement visualisables par des couleurs très vives sous lumière polarisée. ces couleurs disparaissent en quelques minutes à chaud : le matériau a adopté une nouvelle forme de manière permanente. crédits : cnrs photothèque/espci/cyril frésillon	1	legendeImage	68280
bioluminescence	5	titre	73688
antare	5	texte	73688
muon	1	texte	73688
900	3	texte	73688,68640,74746
photomultiplicateur	1	texte	73688
2400	1	texte	73688
abyssal	1	texte	73688
gêné	1	texte	73688
littéralement	1	texte	73688
ébloui	1	texte	73688
9000	1	texte	73688
coïncider	1	texte	73688
convection	2	texte	73688
lion	2	texte	73688,70916
boostent	1	texte	73688
profonder	1	texte	73688
profonde	2	texte	73688,70746
cnrsirduniversité	1	texte	73688
aixmarseilleuniversit	1	texte	73688
toulonvar	1	texte	73688
centre d'océanologie de marseille - christian tamburini : tél. : + 33 (0)4 91 82 90 53 - email : christian.tamburini@univ-amu.fr	1	contact	73688
euclid	4	titre	70424
bang	1	texte	70424
éloigner	2	texte	70424,68383
certer	2	texte	70424,70423
inexplicable	1	texte	70424
gravitation	1	texte	70424
mystérieux	3	texte	70424,73880
sus	1	texte	70424
dérangeante	1	texte	70424
spc	1	texte	70424
gravitationnel	1	texte	70424
weak	1	texte	70424
lensing	1	texte	70424
distorsion	1	texte	70424
visée	2	texte	70424,71612
baryonique	1	texte	70424
baryonic	1	texte	70424
acoustic	1	texte	70424
bao	1	texte	70424
amas	1	texte	70424
renseigner	1	texte	70424
relevé	1	texte	70424
foyer	1	texte	70424
576	1	texte	70424
hubbl	1	texte	70424
supercalculateur	7	texte	70424,70914,74744
mellier	1	texte	70424
curiecnrssoutenus	1	texte	70424
focal	1	texte	70424
vue d'artiste d'euclid crédits : esa – c. carreau	1	legendeImage	70424
sénart	4	titre	67945
fontainebleau	3	titre	67945
parisest	1	texte	67945
créteil	2	texte	67945,76509
marne	1	texte	67945
upec	2	texte	67945
ijcci	1	texte	67945
ic3k	1	texte	67945
knowledge	1	texte	67945
discovery	2	texte	67945,71614
knowledg	2	texte	67945
madère	1	texte	67945
valence	2	texte	67945,68393
insticc	1	texte	67945
systems	1	texte	67945
control	1	texte	67945
sénartaise	2	texte	67945
lissi	3	texte	67945
kurosh	1	texte	67945
madani	1	texte	67945
privé	1	texte	67945
sisine	1	texte	67945
négociation	1	texte	67945
romer	1	texte	67945
italia	1	texte	67945
glal	1	texte	67945
mediazioni	1	texte	67945
xiwrite	1	texte	67945
slovaque	1	texte	67945
pdc	1	texte	67945
polonais	1	texte	67945
itti	1	texte	67945
univerité paris-est créteil val de marne - gaspard dussort : tél. : +33 (0)1 64 13 43 56 - email : dussort@u-pec.fr - www.iutsf.com	1	contact	67945
oculomoteur	3	titre	71841
ha	1	texte	71841
ce2	1	texte	71841
lectur	1	texte	71841
ophtalmologue	1	texte	71841
psychiatre	1	texte	71841
orthoptiste	1	texte	71841
neuropsychologuer	1	texte	71841
orthophoniste	1	texte	71841
binoculaire	1	texte	71841
debré	1	texte	71841
cofinancer	2	texte	71841,75460
eyebrain - http://www.eye-brain.com - http://www.eyebrainpedia.com	1	contact	71841
flageller	2	titre	70746
torpiller	2	titre	70746
biofilm	11	titre	70746
bain	1	texte	70746
cohésion	1	texte	70746
tridimensionnel	1	texte	70746
matrice	5	texte	70746,72394,71616
biopolymère	2	texte	70746,71616
autoproduit	1	texte	70746
conférer	2	texte	70746,71612
viscoélastique	1	texte	70746
antimicrobien	5	texte	70746,67937
inclus	1	texte	70746
interférer	1	texte	70746
micalis	1	texte	70746
pner	1	texte	70746
souspopulation	1	texte	70746
sillonner	1	texte	70746
pore	1	texte	70746
staphylococcu	1	texte	70746
aureu	1	texte	70746
enterococcu	1	texte	70746
faecali	1	texte	70746
listeria	1	texte	70746
monocytogene	1	texte	70746
cutané	1	texte	70746
nasal	1	texte	70746
inra/jouy - romain briandet - email : romain.briandet@jouy.inra.fr	1	contact	70746
demandsupply	3	titre	72637
sustainabl	2	texte	72637
sofiproteol	1	texte	72637
systèm	2	texte	72637,67940
u	1	texte	72637
terrener	1	texte	72637
sdsc	1	texte	72637
chapdaniel	2	texte	72637
organisationnel	1	texte	72637
sousjacent	1	texte	72637
executiv	2	texte	72637,71617
posture	1	texte	72637
demand	1	texte	72637
supply	1	texte	72637
agroparistech - monique mizart - email : monique.mizart@agroparistech.fr	1	contact	72637
networking	1	texte	70752
mercredi	2	texte	70752
plasturgiste	1	texte	70752
caoutchouc	2	texte	70752,75464
forum plastipolis - email : forum2012@plastipolis.fr - http://www.plastipolis.fr	1	contact	70752
agren	3	texte	68643
attentil	1	texte	68643
euphorique	1	texte	68643
devis	1	texte	68643
alabouvette	5	texte	68643
retraité	1	texte	68643
christell	1	texte	68643
cordier	1	texte	68643
confiant	1	texte	68643
habituer	3	texte	68643,70421,71614
arcane	1	texte	68643
comptabilité	1	texte	68643
salaire	1	texte	68643
agrène	5	texte	68643
homologation	5	texte	68643,71616
oreille	2	texte	68643,76508
amm	2	texte	68643
screening	6	texte	68643,72118
manip	1	texte	68643
rencontrentelle	1	texte	68643
scar	1	texte	68643
pcr	1	texte	68643
soulignetildès	1	texte	68643
armé	1	texte	68643
consultant	1	texte	68643
autorisation	3	texte	68643,75065
agrene - claude alabouvette - email : a.ala@agrene.fr - http://www.agrene.fr	1	contact	68643
aldebaran	3	titre	72633
morpho	6	titre	72633
marius	3	titre	72633
lavet	3	titre	72633
ingénieursinventeur	1	texte	72633
aguerrir	1	texte	72633
maisonnier	1	texte	72633
nao	2	texte	72633
humanoïde	2	texte	72633,75063
créneau	1	texte	72633
romeo	1	texte	72633
1982	2	texte	72633,70917
adoptent	1	texte	72633
afi	1	texte	72633
automated	1	texte	72633
fingerprint	1	texte	72633
tourne	1	texte	72633
investi	1	texte	72633
transaction	2	texte	72633,71614
empreindre	3	texte	72633,74745,71617
digitale	1	texte	72633
iri	2	texte	72633,71360
- aldebaran robotics - http://www.aldebaran-robotics.com- morpho system - http://www.morpho.com	1	contact	72633
particulière	6	texte	67558,75065,71614,75458,74168
tensioactive	3	texte	67558
stabiliser	6	texte	67558,68390,74168
12hydroxy	3	texte	67558
stéarique	3	texte	67558
ricin	1	texte	67558
avantageux	1	texte	67558
tensioactif	2	texte	67558
rigide	3	texte	67558,71836
tenue	1	texte	67558
fusionner	5	texte	67558,74168
sphérique	1	texte	67558
micelle	3	texte	67558
baisse	1	texte	67558
reformer	1	texte	67558
angewandt	1	texte	67558
chemie	1	texte	67558
amplement	1	texte	67558
shampoing	1	texte	67558
synthétique	3	texte	67558,70423,68390
mousser	1	texte	67558
http://onlinelibrary.wiley.com/doi/10.1002/ange.201102115/abstract	1	contact	67558
écoextraction	3	titre	71845
aixenprovence	2	texte	71845,68393
pass	2	texte	71845
ecoextraction	1	texte	71845
mutualiser	1	texte	71845
acv	1	texte	71845
pôle pass : http://www.pole-pass.fr	1	contact	71845
parenthèse	4	titre	72394
vilvorde	1	texte	72394
cargill	2	texte	72394
advisor	1	texte	72394
cayot	6	texte	72394
réintégrer	2	texte	72394
amphi	2	texte	72394,74752
électrochimie	1	texte	72394
arilaitrecherch	1	texte	72394
bourgenbresse	1	texte	72394
délocaliser	1	texte	72394
nestlé	1	texte	72394
emma	1	texte	72394
macromolécule	3	texte	72394,70423,68390
physicochimie	4	texte	72394,67071,74744,74752
postdoctorant	2	texte	72394,71361
riz	1	texte	72394
regrette	1	texte	72394
posteriori	1	texte	72394
coopératif	4	texte	72394,68279,74169
enrichissante	1	texte	72394
disponibilité	2	texte	72394,70914
alter	1	texte	72394
ego	1	texte	72394
ressourcer	1	texte	72394
agrossup	1	texte	72394
agrosup dijon - philippe cayot - email : p.cayot@agrosupdijon.fr	1	contact	72394
hercule	7	titre	67941
millipol	1	texte	67941
intérieure	1	texte	67941
exclusivité	2	texte	67941,74451
cobot	3	texte	67941
rb3d	1	texte	67941
auxerre	1	texte	67941
sauveteur	1	texte	67941
supporter	1	texte	67941
dorsal	1	texte	67941
commander	2	texte	67941,74745
supportant	1	texte	67941
inertiel	1	texte	67941
superviser	1	texte	67941
exosquelette	1	texte	67941
manutention	1	texte	67941
btp	2	texte	67941,68383
dga - bruno daffix : tél. : +33(0)1 46 19 81 51 - email : bruno.daffix@dga.defense.gouv.fr	1	contact	67941
hercule, un prototype de cobot, un robot collaboratif crédits : dga	1	legendeImage	67941
sarcopéniqu	6	titre	67799,71360
sarcob	4	titre	67799,71360
obèse	1	texte	67799
handicapant	1	texte	67799
biophytis	6	texte	67799,71360
biocitech	2	texte	67799,71360
metabrain	3	texte	67799,71360
myologie	2	texte	67799,71360
cardiométabolisme	1	texte	67799
biosip	1	texte	67799
ravir	2	texte	67799,71612
âger	2	texte	67799,74746
insatisfait	1	texte	67799
stanisla	2	texte	67799,71360
veillet	2	texte	67799,71360
biocitech - www.biocitech.com	1	contact	67799
modulable	1	texte	70420
climatiser	1	texte	70420
confinemer	1	texte	70420
convoyée	1	texte	70420
bienvenu	1	texte	70420
inracnrsuniversité	1	texte	70420
bourgogneagrosup	2	texte	70420,72631
hightech	1	texte	70420
nondestructif	2	texte	70420
accru	1	texte	70420
phénotype	2	texte	70420
pathogènesmutualiste	1	texte	70420
abiotique	1	texte	70420
intrer	1	texte	70420
fluctuant	1	texte	70420
stressante	1	texte	70420
phénotypique	1	texte	70420
relance	1	texte	70420
pétri	1	texte	70420
plantule	1	texte	70420
colonie	1	texte	70420
balayer	2	texte	70420,72938
grosse	1	texte	70420
fluorescence	8	texte	70420,74451,69539,73189
rapporteur	1	texte	70420
situ	1	texte	70420
verser	1	texte	70420
nodosité	1	texte	70420
légumineuse	2	texte	70420,69538
inoviaflow	1	texte	70420
stérile	1	texte	70420
microbe	1	texte	70420
génotypage	1	texte	70420
cache	1	texte	70420
semencier	1	texte	70420
inra - christophe salon - email : christophe.salon@dijon.inra.fr	1	contact	70420
une plateforme unique en son genre crédits : christophe salon/inra	1	legendeImage	70420
des robots, des caméras et... des plantes crédits : christophe salon/inra	1	legendeImage	70420
tince	3	titre	73883
accueill	1	texte	73883
constructibilité	2	texte	73883
gcn	1	texte	73883
combler	3	texte	73883,71612
irc	1	texte	73883
constructionréhabilitationaménagement	1	texte	73883
estp paris - albane duteurtre : tél. : + 33 (0)1 49 08 24 38 email : aduteurtre@adm.estp.fr	1	contact	73883
microgeo	6	titre	69818
géothermie	4	titre	69818
ciat	1	texte	69818
tenerrdis	1	texte	69818
13ème	1	texte	69818
pomper	1	texte	69818
chaleursonde	1	texte	69818
géothermal	1	texte	69818
chaude	1	texte	69818
chauffage	2	texte	69818,74168
rafraîchissemer	1	texte	69818
ttc	1	texte	69818
pompe	2	texte	69818,76509
tenerrdis - http://www.tenerrdis.fr	1	contact	69818
enutrition	1	texte	76509
évocateur	1	texte	76509
emmanuell	3	texte	76509
poitier	1	texte	76509
mari	1	texte	76509
villain	1	texte	76509
onze	2	texte	76509,75458
souffre	1	texte	76509
insulinodépender	1	texte	76509
permette	1	texte	76509
aiguille	1	texte	76509
faite	1	texte	76509
résumetelle	1	texte	76509
naissant	1	texte	76509
coaching	1	texte	76509
présentiel	1	texte	76509
rétorquer	1	texte	76509
calculateur	1	texte	76509
apparent	2	texte	76509,70915
- le temps des glucides - emmanuelle auras : ltdglucides@gmail.com - http://www.letempsdesglucides.com- http://leblog.letempsdesglucides.com	1	contact	76509
crédits : subbotina anna	1	legendeImage	76509
dt18	5	titre	74450
endurance	5	titre	74450
pipeline	1	texte	74450
gazoduc	1	texte	74450
quotidiennement	1	texte	74450
delairtech	2	texte	74450,75066
polytechnicien	5	texte	74450,76208
lagarde	4	texte	74450
faurr	1	texte	74450
dt26	2	texte	74450
gravir	1	texte	74450
échelon	1	texte	74450
diplôm	1	texte	74450
estii	1	texte	74450
escuela	1	texte	74450
tecnica	1	texte	74450
superior	1	texte	74450
ingeniero	1	texte	74450
industriale	1	texte	74450
madrid	1	texte	74450
spécification	1	texte	74450
bénéfique	3	texte	74450,68387
minidrone	2	texte	74450
autopilote	1	texte	74450
camarade	1	texte	74450
bastien	1	texte	74450
mancini	1	texte	74450
banjamin	1	texte	74450
benharrosh	1	texte	74450
delair	4	texte	74450
2kg	1	texte	74450
michaël	2	texte	74450
gdf	1	texte	74450
suer	1	texte	74450
midipyréene	1	texte	74450
abandonner	2	texte	74450,67937
caquette	1	texte	74450
mi2014	1	texte	74450
voilure	1	texte	74450
simplicité	2	texte	74450,74451
ergonomie	1	texte	74450
automatisation	1	texte	74450
automatiquer	1	texte	74450
exigu	1	texte	74450
far	1	texte	74450
west	7	texte	74450,75064,74168
delair tech - michaël de lagarde - email : michael.delagarde@delair-tech.com	1	contact	74450
le dt-18 de delair tech crédits : delair tech/romain laporte	1	legendeImage	74450
le dt-18, au top d'une filière en train d'émerger crédits : delair tech/romain laporte	1	legendeImage	74450
cartographi	1	texte	67389
jérôme	3	texte	67389
epsztein	3	texte	67389
901	1	texte	67389
brecht	1	texte	67389
humboldt	1	texte	67389
lee	1	texte	67389
howard	1	texte	67389
hugue	1	texte	67389
hippocampe	3	texte	67389
silencieux	5	texte	67389,71617
intracellulaire	1	texte	67389
fondamentale	1	texte	67389
supposaient	1	texte	67389
excitateur	1	texte	67389
celllule	1	texte	67389
silencieuser	1	texte	67389
epsetein	1	texte	67389
prédisposer	1	texte	67389
jérôm	2	texte	67389,74746
"inserm - unité 901 ""institut de neurobiologie de la méditerranée"" - jérôme epsztein : tél. : +33 (0)4 91 82 81 15 - email : epsztein@inmed.univ-mrs.fr"	1	contact	67389
protéolytique	1	texte	67388
présure	4	texte	67388
veau	4	texte	67388,74750
enzymatique	3	texte	67388
coagulante	5	texte	67388
coagulant	8	texte	67388
caillage	1	texte	67388
cent	2	texte	67388,71837
millilitre	1	texte	67388
qualifiable	1	texte	67388
homéopathique	1	texte	67388
extraite	1	texte	67388
caillette	1	texte	67388
abattu	1	texte	67388
chymosine	2	texte	67388
majoritaire	1	texte	67388
pepsine	2	texte	67388
augment	2	texte	67388,69538
fromagerie	2	texte	67388
nacl	1	texte	67388
phosphate	6	texte	67388,68640,71612
azoter	1	texte	67388
conservateur	2	texte	67388,76209
affiner	2	texte	67388,70916
enquête	2	texte	67388,72630
brosser	1	texte	67388
protéique	2	texte	67388
elle	2	texte	67388,72395
moduler	2	texte	67388,75459
immunochimique	1	texte	67388
bovine	1	texte	67388
recuite	1	texte	67388
insoupçonné	1	texte	67388
imputer	1	texte	67388
présur	1	texte	67388
1l	1	texte	67388
inraurtal	1	texte	67388
bioaxial	7	titre	74451
louisphilippe	1	texte	74451
braibart	1	texte	74451
gabriel	2	texte	74451
sirat	2	texte	74451
super	2	texte	74451
microscope	6	texte	74451,72397,75070,69539,72119
12mois	1	texte	74451
initiativ	1	texte	74451
viveris	2	texte	74451,71616
célia	1	texte	74451
hart	1	texte	74451
bioaxial - http://www.bioaxial.com	1	contact	74451
audition	4	titre	76508
arkamy	8	titre	76508
opt	2	titre	76508
appareiller	5	titre	76508
citadin	1	texte	76508
baign	1	texte	76508
quarantaine	3	texte	76508,72630,74746
audio	2	texte	76508
intelligibilité	2	texte	76508
conversation	1	texte	76508
téléphonique	1	texte	76508
auditif	7	texte	76508
rendu	5	texte	76508,70421
sonore	6	texte	76508,73880,72939
frachet	2	texte	76508
publiquehôpital	1	texte	76508
avicenne	1	texte	76508
syti	2	texte	76508
seinesaintdenis	2	texte	76508,71360
téléviseur	1	texte	76508
habitacle	1	texte	76508
annulation	2	texte	76508
écho	1	texte	76508
jeanmichel	3	texte	76508
raczinski	3	texte	76508
manager	1	texte	76508
séoul	1	texte	76508
tokyo	1	texte	76508
shanghai	1	texte	76508
détroit	1	texte	76508
sytis	1	texte	76508
prothèse	4	texte	76508,74750,71614
remboursement	1	texte	76508
arkamys	1	texte	76508
audiogramme	1	texte	76508
tonal	1	texte	76508
modem	1	texte	76508
pénalisant	1	texte	76508
otorhinolaryngologie	1	texte	76508
avicenn	1	texte	76508
phrase	1	texte	76508
arkamys - jean-michel raczinski - email : jmraczinski@arkamys.com - http://www.arkamys.com	1	contact	76508
egyptien	1	texte	69819
granulaire	3	texte	69819
chauffer	1	texte	69819
ombre	1	texte	69819
planétologie	1	texte	69819
grenobleuniversité	1	texte	69819
parietal	1	texte	69819
american	2	texte	69819,70422
ceramic	1	texte	69819
tomographie	1	texte	69819
id15a	1	texte	69819
facility	3	texte	69819,69539,68391
esrf	6	texte	69819,69539,68391
quinze	4	texte	69819,76209,67937
gourmand	1	texte	69819
saint-gobain - emmanuelle gouillart - tél. : +33 (0) 1 48 39 57 52 - email : emmanuelle.gouillart@saint-gobain.com	1	contact	69819
gadzartz	1	texte	73882
gar	1	texte	73882
22000	1	texte	73882
facette	1	texte	73882
7000	1	texte	73882
1963	1	texte	73882
renouveau	1	texte	73882
égalité	1	texte	73882
- congrès des ingénieurs arts et métiers - http://www.artsetmetiers2013.gadz.org/accueil/inscriptions- société des ingénieurs arts et métiers - francis compagnon : tél. : + 33 (0)1 40 69 27 57 email : francis.compagnon@arts-et-metiers.asso.fr	1	contact	73882
départemer	1	texte	70421
ambiant	1	texte	70421
diasi	1	texte	70421
lsi	5	texte	70421
présentetell	1	texte	70421
fontenayauxrose	1	texte	70421
utilise	1	texte	70421
immersion	3	texte	70421,72939,74750
rer	5	texte	70421
accidenter	1	texte	70421
lueur	1	texte	70421
lampe	2	texte	70421
frontal	2	texte	70421
fixée	2	texte	70421,70422
perturb	1	texte	70421
graver	4	texte	70421
eh	1	texte	70421
immerger	2	texte	70421,75064
observateur	1	texte	70421
avatar	3	texte	70421
polygone	2	texte	70421
vibreur	1	texte	70421
avertissement	1	texte	70421
notoire	1	texte	70421
recréer	1	texte	70421
brûl	1	texte	70421
serait	1	texte	70421
tailleur	1	texte	70421
cea - philippe gravez : tél + 33 (0)1 46 54 81 01 - email : philippe.gravez@cea.fr	1	contact	70421
l'avatar du pompier dans la rame virtuelle du rer crédits : cea	1	legendeImage	70421
successif	2	texte	72395,67940
préqualifiée	1	texte	72395
latent	1	texte	72395
préqualifier	1	texte	72395
prospect	3	texte	72395,71837
audit	1	texte	72395
correctif	1	texte	72395
jalon	1	texte	72395
recaler	1	texte	72395
btob	1	texte	72395
explicite	1	texte	72395
amorcer	1	texte	72395
thésame - sandra cheriti, responsable du programme innovation pme : tél. : +33 (0)4 50 33 58 21 - email : sc@thesame-innovation.com - http://www.thesame-innovation.com	1	contact	72395
evaluation	6	titre	67798,67071,70915
françoisandré	4	texte	67798
allaert	4	texte	67798
cholestérol	6	texte	67798,75459
préliminaire	2	texte	67798,75065
statine	1	texte	67798
allégation	1	texte	67798
ébaucher	1	texte	67798
affect	2	texte	67798,74453
observeton	1	texte	67798
douleur	1	texte	67798
ostéoarticulaire	1	texte	67798
lombalgie	1	texte	67798
courante	1	texte	67798
guérir	2	texte	67798
parletelle	1	texte	67798
induit	1	texte	67798
cognition	1	texte	67798
toile	1	texte	67798
imperturbable	1	texte	67798
cen expérimental - françois-andré allaert - email : allaert@cenbiotech.com	1	contact	67798
fauteuil	7	titre	67940
cliniquement	3	titre	67940
francoanglai	1	texte	67940
sysias	1	texte	67940
financièrement	2	texte	67940,74745
interreg	1	texte	67940
iver	1	texte	67940
manche	1	texte	67940
isen	2	texte	67940
garche	4	texte	67940
cicit	2	texte	67940
r	2	texte	67940
roulant	1	texte	67940
évolutif	2	texte	67940,72631
adaptable	1	texte	67940
handicaper	1	texte	67940
rééducation	4	texte	67940
ergothérapeute	1	texte	67940
norbert	8	texte	67940,68387
segard	1	texte	67940
catholique	2	texte	67940
avancement	1	texte	67940
kent	2	texte	67940
essex	1	texte	67940
ekhuft	1	texte	67940
sautelet	1	texte	67940
villeneuve	1	texte	67940
ascq	1	texte	67940
calver	1	texte	67940
berck	1	texte	67940
garches	1	texte	67940
- projet sysiass - www.sysiass.eu- isen - www.isen.fr	1	contact	67940
le fauteuil roulant intelligent développé dans le cadre du projet franco-anglais sysiass crédits : isen	1	legendeImage	67940
l'objectif est d'offrir aux personnes atteitnes d'un handicap moteur une aide technique évolutive et adaptable à tous les types de fauteuils crédits : isen	1	legendeImage	67940
palmivor	1	titre	72632
palmivore	2	texte	72632
paysandisia	2	texte	72632
archon	2	texte	72632
accidentellement	1	texte	72632
importation	1	texte	72632
infesté	1	texte	72632
semer	2	texte	72632,72396
ravager	1	texte	72632
endémique	1	texte	72632
ornemental	1	texte	72632
chemoecology	1	texte	72632
intégrée	2	texte	72632
ravageur	1	texte	72632
patte	3	texte	72632
parade	1	texte	72632
nuptial	1	texte	72632
mâle	4	texte	72632
frotte	1	texte	72632
médian	2	texte	72632,75065
attraction	1	texte	72632
femelle	3	texte	72632
segmer	1	texte	72632
tarse	1	texte	72632
bosse	1	texte	72632
griffe	1	texte	72632
androconie	2	texte	72632
morphologique	1	texte	72632
émis	1	texte	72632
congénère	1	texte	72632
piégeage	1	texte	72632
sexuel	1	texte	72632
"unité mixte de recherche ""physiologie de l'insecte : signalisation et communication"" - brigitte frérot : tél. : + 33 (0) 30 83 31 44"	1	contact	72632
eolienn	2	titre	70743
flottant	3	titre	70743
houle	2	texte	70743
energétiqu	1	texte	70743
lheea	1	texte	70743
modérer	6	texte	70743,68387,71358,74746
littoral	1	texte	70743
occupé	1	texte	70743
flottante	1	texte	70743
loire	4	texte	70743,68279,72939,71358
soufflerie	1	texte	70743
150ème	1	texte	70743
simulent	1	texte	70743
semrev	1	texte	70743
ferrer	1	texte	70743
ecole centrale de nantes - laurence louatron : tél. : +33 (0)2 40 37 16 87 email : laurence.louatron@ec-nantes.fr	1	contact	70743
eramin	6	titre	68642
eranet	2	titre	68642
sélénium	1	texte	68642
lithium	2	texte	68642,68640
monopoliser	1	texte	68642
approvisionnement	3	texte	68642,74169,71617
fragmenté	1	texte	68642
représentativité	1	texte	68642
instance	1	texte	68642
bmbf	1	texte	68642
jûlich	1	texte	68642
vinnover	1	texte	68642
sgu	1	texte	68642
paysba	1	texte	68642
m2i	1	texte	68642
teke	1	texte	68642
cdti	1	texte	68642
fct	1	texte	68642
ncbir	1	texte	68642
hongrie	1	texte	68642
mbfh	1	texte	68642
programmation	1	texte	68642
secondaire	3	texte	68642,75065,68387
etpsmr	1	texte	68642
publicspriver	1	texte	68642
era-min :- bruno goffé : email : bruno.goffe@cnrs-dir.fr- olivier vidal : tél. : +33 (0)4 76 63 59 24 - email : olivier.vidal@ujf-grenoble.fr	1	contact	68642
1280	2	titre	68640
ax	1	texte	68640
établi	1	texte	68640
254	1	texte	68640
alterner	2	texte	68640
relayer	1	texte	68640
kwh	1	texte	68640
pack	1	texte	68640
accumulateur	1	texte	68640
525	1	texte	68640
pastel	13	titre	72630
receler	2	texte	72630,74744
agroindustrielle	1	texte	72630
catar	1	texte	72630
beauxart	2	texte	72630
ariège	3	texte	72630,75066
capa	2	texte	72630
cocagn	2	texte	72630
visage	2	texte	72630
lambert	2	texte	72630
lectoure	1	texte	72630
vilarem	4	texte	72630
agroindustriell	2	texte	72630
apercevoir	3	texte	72630,67937,75459
pigment	4	texte	72630
bleu	15	texte	72630,72118,69539
commencé	1	texte	72630
blocus	1	texte	72630
teindre	1	texte	72630
uniforme	1	texte	72630
avaitil	1	texte	72630
cocagne	1	texte	72630
lent	2	texte	72630,71835
aléa	2	texte	72630,75458
tinctorial	1	texte	72630
phytochimiqu	1	texte	72630
inlassablemer	2	texte	72630,74168
brasser	1	texte	72630
babethanol	1	texte	72630
bioéthanol	1	texte	72630
mayer	1	texte	72630
indigo	2	texte	72630,71366
amalgame	1	texte	72630
basique	1	texte	72630
maya	1	texte	72630
cathare	1	texte	72630
oblige	1	texte	72630
décliner	3	texte	72630,68383,70916
attapulgite	1	texte	72630
argile	2	texte	72630
formulateur	1	texte	72630
acclimater	1	texte	72630
laboratoire de chimie agro-industrielle - gérard vilarem : tél. : +33 (0)5 34 32 35 40/49 - email : gerard.vilarem@ensiacet.fr	1	contact	72630
géophysicien	1	texte	67942
ind	2	texte	67942,72396
nouvellezéland	1	texte	67942
russi	1	texte	67942
tectonique	1	texte	67942
ionosphérique	3	texte	67942
detection	1	texte	67942
electromagnetic	1	texte	67942
emissier	1	texte	67942
transmitted	1	texte	67942
from	1	texte	67942
earthquak	1	texte	67942
region	1	texte	67942
715	1	texte	67942
éruption	1	texte	67942
volcanique	1	texte	67942
tsunamis	1	texte	67942
ionosphère	1	texte	67942
tohoku	1	texte	67942
radionavigation	1	texte	67942
taranis	1	texte	67942
cnes - gwenaëlle verpeaux : tél. : +33 (0)1 44 76 74 04 - email : gwenaelle.verpeaux@cnes.fr	1	contact	67942
osmotique	9	titre	72397
estuaire	4	titre	72397,70917
exploitable	1	texte	72397
doux	2	texte	72397
semiperméable	2	texte	72397
saler	2	texte	72397,72631
adaptée	2	texte	72397,68383
gradient	1	texte	72397
salin	1	texte	72397
exploite	1	texte	72397
turbine	3	texte	72397,74745
embouchure	1	texte	72397
gigantesque	3	texte	72397,73880,74452
térawat	1	texte	72397
actuelle	1	texte	72397
imperméable	1	texte	72397
isolante	1	texte	72397
électriquemer	1	texte	72397
percer	1	texte	72397
boreazote	3	texte	72397
nanoampère	1	texte	72397
extrapoler	1	texte	72397
mw	2	texte	72397,74168
université lyon 1 - lydéric bocquet : tél. : +33 (0)4 72 44 82 53 - email : lyderic.bocquet@univ-lyon1.fr	1	contact	72397
schéma de principe de l'expérience : le transport osmotique de l'eau à travers un nanotube de bore-azote transmembranaire est étudié crédits : laurent joly (ilm)	1	legendeImage	72397
cryosat	4	titre	73880
goc	5	titre	73880
smo	3	titre	73880
fleuron	2	titre	73880
cryosphère	1	texte	73880
inlandsis	1	texte	73880
émergé	1	texte	73880
défini	1	texte	73880
égaler	2	texte	73880,69539
croût	1	texte	73880
manteau	1	texte	73880
moho	1	texte	73880
mégaséisme	1	texte	73880
smos	1	texte	73880
ouragan	1	texte	73880
terrer	1	texte	73880
esa - http://www.esa.int/esa	1	contact	73880
rhodia	2	texte	68278
east	1	texte	68278
ecnu	1	texte	68278
ecoefficient	1	texte	68278
product	1	texte	68278
processe	1	texte	68278
shangher	1	texte	68278
épuisemer	1	texte	68278
écoefficient	1	texte	68278
pétrole	4	texte	68278,70423
cnrs - julien guillaume : tél. : +33 (0)1 44 96 46 35 email : julien.guillaume@cnrs-dir.fr	1	contact	68278
ultramince	3	titre	70423
redouane	1	texte	70423
borsali	1	texte	70423
cermav	1	texte	70423
copolymère	2	texte	70423
polystyrènesilicier	1	texte	70423
autoorganiser	2	texte	70423
cylindre	1	texte	70423
dérivé	1	texte	70423
intègre	2	texte	70423,71836
biodégradable	2	texte	70423,75464
permetelle	1	texte	70423
biocapteur	1	texte	70423
nanoglycofilm	1	texte	70423
centre de recherche sur les macromolécules végétales (cermav) - redouane borsali : tél. : +33 (0)4 76 03 76 40 - email : redouane.borsali@cermav.cnrs.fr	1	contact	70423
image de microscopie à force atomique d'un glycopolymère nano-organisé en cylindres de sucres dans une matrice de polystyrène-silicié crédits : cermav (cnrs)	1	legendeImage	70423
epilepsi	2	titre	74453
affection	2	titre	74453
épilepsi	4	texte	74453
rhenepi	2	texte	74453
alsac	1	texte	74453
biovalley	1	texte	74453
lyonbiopôle	2	texte	74453,75465
pharmer	1	texte	74453
synapcell	1	texte	74453
depauli	1	texte	74453
gin	1	texte	74453
fagni	1	texte	74453
igf	1	texte	74453
dysfonctionnement	1	texte	74453
épilepsie	2	texte	74453
bischoff	1	texte	74453
épileptique	3	texte	74453
antiépileptique	2	texte	74453
boisson	2	texte	74453,75462
persistent	1	texte	74453
cumuler	2	texte	74453,68391
indésirable	1	texte	74453
vercueil	1	texte	74453
secrétaire	2	texte	74453,67937
ligue	1	texte	74453
affecte	1	texte	74453
- rhenovia - http://www.rhenovia.com- synapcell - http://www.synapcell.com	1	contact	74453
ebiothon	4	titre	74452
bioinformatique	4	titre	74452
protéomiqu	1	texte	74452
séquenceur	1	texte	74452
hautdébit	1	texte	74452
bruter	1	texte	74452
pétaoctet	1	texte	74452
ibm	1	texte	74452
sysferer	1	texte	74452
idris	1	texte	74452
teraoctet	1	texte	74452
téraflops	1	texte	74452
supercomputing	1	texte	74452
sc13	1	texte	74452
denver	1	texte	74452
cnrs - michel daydé : tél. : +33 (0)1 44 96 42 42, email : michel.dayde@cnrs-dir.fr	1	contact	74452
bicentenaire	1	texte	70422
soitell	2	texte	70422
uc	1	texte	70422
berkeley	1	texte	70422
baisser	2	texte	70422,68390
san	2	texte	70422
francisco	2	texte	70422
rizlene	3	texte	70422
bouchemoua	1	texte	70422
enchaîner	1	texte	70422
césure	1	texte	70422
douer	1	texte	70422
guidon	1	texte	70422
shasta	1	texte	70422
friend	1	texte	70422
afam	1	texte	70422
prime	1	texte	70422
rizlen	1	texte	70422
prospecter	1	texte	70422
challeng	1	texte	70422
- arts et métiers paristech :* aurore tixier : tél. : +33 (0)1 44 24 64 35 - email : aurore.tixier@ensam.eu* rizlene bouchemoua - email : rizlene.bouchemoua@ensam.eu- american friends of arts & métiers paristech (afam) : http://www.americanfriendsam.org/	1	contact	70422
rizlene bouchemoua, représentante permanente d'arts et métiers paristech aux etats-unis crédits : arts et métiers paristech	1	legendeImage	70422
megève	1	texte	73881
éphémère	1	texte	73881
écouter	2	texte	73881,71835
grenoblealpe	1	texte	73881
université des alpes - alpes magazine : http://www.alpesmagazine.com - carole gerard - email : carole.gerard@megeve.com	1	contact	73881
esquisse	3	titre	68279,75458
semis	2	texte	68279
interrégionale	1	texte	68279
86	1	texte	68279
présélectionner	1	texte	68279
duvernois	1	texte	68279
typologie	1	texte	68279
complémentarité	5	texte	68279,71836,71358
harmoniser	1	texte	68279
gy	2	texte	68279
virey	2	texte	68279
amendement	1	texte	68279
agroenvironnemental	1	texte	68279
guidage	2	texte	68279
corrigé	1	texte	68279
precisio	1	texte	68279
geodata	1	texte	68279
antennesrelai	1	texte	68279
dénommer	1	texte	68279
orpheon	1	texte	68279
paramétrer	1	texte	68279
inopler	1	texte	68279
interrégional	1	texte	68279
hautsaône	1	texte	68279
limon	3	texte	68279
evry	1	texte	68279
yonn	2	texte	68279
argileux	2	texte	68279
nitry	1	texte	68279
argilocalcaire	2	texte	68279
abbay	1	texte	68279
saôn	1	texte	68279
argilolimoneux	1	texte	68279
aiserey	1	texte	68279
solcipandésherbageamendement	1	texte	68279
minérauxfertilisation	1	texte	68279
organiquerotation	1	texte	68279
désherbage	1	texte	68279
chimiquetout	1	texte	68279
mécaniquemixteréduction	1	texte	68279
rotation	6	texte	68279,72119,75463
broyage	1	texte	68279
caillou	1	texte	68279
fertilisation	1	texte	68279
pk	1	texte	68279
pluriannuel	1	texte	68279
fertilité	1	texte	68279
prairi	1	texte	68279
artemis - gérard million - email : gerard.million@dijon-cereales.fr	1	contact	68279
spiral2	4	titre	67943
ganil	2	texte	67943
ceacnr	1	texte	67943
exotique	1	texte	67943
gsi	1	texte	67943
msu	1	texte	67943
riken	1	texte	67943
placera	1	texte	67943
supraconducteur	1	texte	67943
cea - marie vandermersch : tél. : +33 (0)1 64 50 17 16 - email : marie.vandermersch@cea.fr	1	contact	67943
accroît	3	titre	72396
thématiquephare	1	texte	72396
conquête	2	texte	72396,76209
mentalité	1	texte	72396
embûche	1	texte	72396
vautil	1	texte	72396
marathon	1	texte	72396
calme	1	texte	72396
cgns	1	texte	72396
kyushu	1	texte	72396
kbcc	2	texte	72396
f2c	1	texte	72396
fructueux	1	texte	72396
hong	1	texte	72396
kong	1	texte	72396
crci	1	texte	72396
sigle	1	texte	72396
bric	1	texte	72396
brut	1	texte	72396
indifférent	1	texte	72396
moscou	1	texte	72396
fgbu	1	texte	72396
nii	1	texte	72396
ramn	1	texte	72396
maire	1	texte	72396
volgograd	1	texte	72396
jumeler	1	texte	72396
consolid	1	texte	72396
citation	1	texte	72396
tseu	1	texte	72396
ditelle	2	texte	72396,71612
lieue	1	texte	72396
inviteelle	1	texte	72396
vôtre	1	texte	72396
sien	1	texte	72396
vitagora - marthe jewell - email : marthe.jewell@vitagora.com	1	contact	72396
existetil	2	titre	72631
6èm	4	titre	72631,71612
réellement	2	texte	72631,75064
besnard	7	texte	72631
nutox	1	texte	72631
toxicologie	2	texte	72631,68387
gustation	1	texte	72631
spontaner	1	texte	72631
endocrinologie	2	texte	72631,67937
lipidorécepteurs	1	texte	72631
bourgeon	1	texte	72631
cd36	3	texte	72631
papille	2	texte	72631
sensofat	2	texte	72631
fatty	1	texte	72631
acid	1	texte	72631
cd	1	texte	72631
lingual	1	texte	72631
senseur	2	texte	72631
hypothalamus	1	texte	72631
tromper	2	texte	72631,75065
eil	1	texte	72631
orointestinalhypothalamus	1	texte	72631
physiologiquer	1	texte	72631
localisation	2	texte	72631,70916
orosensoriell	1	texte	72631
amer	2	texte	72631
umami	2	texte	72631
salé	1	texte	72631
sucré	1	texte	72631
méfiance	1	texte	72631
orodétection	1	texte	72631
inconscier	1	texte	72631
précarité	1	texte	72631
procur	1	texte	72631
curiosité	3	texte	72631,74752
agrosup dijon - philippe besnard - email : p.besnard@agrosupdijon.fr	1	contact	72631
druon	5	titre	68641
récompensé	2	titre	68641
cornée	5	titre	68641
jerphagnon	2	texte	68641
nathalie	1	texte	68641
picquer	1	texte	68641
photophysique	1	texte	68641
bouyer	1	texte	68641
fabry	2	texte	68641
graduate	2	texte	68641
cognet	1	texte	68641
fs	1	texte	68641
réfractive	1	texte	68641
lasik	1	texte	68641
voisin	1	texte	68641
greffe	1	texte	68641
laser16	1	texte	68641
f	1	texte	68641
optics valley - eric lambouroud : tél. : +33 (0)1 69 31 75 02 - email : e.lambouroud@opticsvalley.org	1	contact	68641
25ème	1	texte	71363
cartier	1	texte	71363
hydro	1	texte	71363
ancienneté	1	texte	71363
réuniratil	1	texte	71363
pompag	1	texte	71363
réhabilitation	1	texte	71363
hydrolienne	1	texte	71363
plénière	1	texte	71363
hydro 21 - http://www.hydro21.org/colloque2012/	1	contact	71363
cantogether	4	titre	69538
crops	1	texte	69538
animals	1	texte	69538
together	1	texte	69538
végétaler	1	texte	69538
expérimentale	2	texte	69538,74744
répartie	1	texte	69538
mixter	1	texte	69538
41	1	texte	69538
vertueux	2	texte	69538,71359
inra/rennes - philippe leterme - tél. : + 33 (0)2 23 48 54 74 - email : philippe.leterme@agrocampus-ouest.fr	1	contact	69538
ultrapure	3	titre	72118
agrochimique	1	texte	72118
cofinance	1	texte	72118
pureter	1	texte	72118
mettratelle	1	texte	72118
pureté	1	texte	72118
exigé	1	texte	72118
monteil	1	texte	72118
méthylène	1	texte	72118
provence technologies - http://www.provetech.com	2	contact	72118,75461
démocratisation	2	titre	70914
curie	9	texte	70914,75070,71360
genci	5	texte	70914
prac	2	texte	70914
tgcc	2	texte	70914
bruyèreslechâtel	1	texte	70914
dispos	2	texte	70914,74747
7600	1	texte	70914
fichier	1	texte	70914
mp3	1	texte	70914
adsl	1	texte	70914
instar	2	texte	70914,71617
atell	3	texte	70914,70915,74746
hpcpme	1	texte	70914
oseo	2	texte	70914,68383
httpwwwmaisondelasimulationfr	1	texte	70914
technopole	1	texte	70914
httpwwwteracteceu	1	texte	70914
affronter	2	texte	70914
associé	1	texte	70914
bigot	1	texte	70914
escient	1	texte	70914
rivièr	1	texte	70914
classement	8	texte	70914,68383,71361,71614
caffarel	1	texte	70914
pétaflopique	1	texte	70914
exaflopique	1	texte	70914
description	1	texte	70914
moléculeclef	1	texte	70914
- cea - stéphane laveissière - email : stephane.laveissiere@cea.fr- genci - laetitia baudin - email : laetitia.baudin@genci.fr	1	contact	70914
de gauche à droite : bernard bigot, administrateur général du cea, genevieve fioraso, ministre de l'enseignement supérieur et de la recherche, philippe vannier, pdg de bull, catherine rivière, pdg de genci crédits : cea/cadam	1	legendeImage	70914
le supercalculateur curie crédits : cea	1	legendeImage	70914
ça	2	titre	75461
bouge	2	titre	75461
provepharm	4	titre	75461
château	1	texte	75461
gombert	1	texte	75461
triplement	1	texte	75461
pépite	1	texte	75461
feraud	1	texte	75461
pdg	1	texte	75461
recherch	1	texte	67071
géographi	1	texte	67071
socialer	1	texte	67071
érosion	3	texte	67071,74168
ecotechnologie	1	texte	67071
écotoxique	1	texte	67071
brgm	1	texte	67071
ifsttar	1	texte	67071
allenvi - http://www.allenvi.fr	1	contact	67071
associatif	1	texte	75071
réseauxtélécommunication	1	texte	75071
embarquésobjet	1	texte	75071
électroniquemicro	1	texte	75071
esanté	1	texte	75071
optionnel	1	texte	75071
télécommunication	3	texte	75071,75063
btsdut	1	texte	75071
httpwwwadmissionpostbacfr	1	texte	75071
esiee paris - http://www.esiee.fr	1	contact	75071
primitif	4	titre	75065
foie	7	titre	75065,73189,74750
livatag	5	titre	75065
bioalliance	8	titre	75065
1997	1	texte	75065
spécialiter	1	texte	75065
orphelin	1	texte	75065
troie	2	texte	75065
doxorubicine	2	texte	75065
randomiser	1	texte	75065
carcinome	4	texte	75065
hépatocellulaire	4	texte	75065
judith	2	texte	75065
greciet	2	texte	75065
750000	1	texte	75065
parlentil	1	texte	75065
tardivement	1	texte	75065
asymptomatique	1	texte	75065
espérance	1	texte	75065
transplantation	1	texte	75065
sorafenib	1	texte	75065
inefficace	1	texte	75065
ciblée	1	texte	75065
réussissent	1	texte	75065
nanoformulation	1	texte	75065
32	1	texte	75065
chimioembolisation	1	texte	75065
retravailler	1	texte	75065
redéfinir	2	texte	75065,68392
acquiert	1	texte	75065
bpifrance	1	texte	75065
exoseo	1	texte	75065
lipidots	1	texte	75065
galien	1	texte	75065
parissudcnr	1	texte	75065
nanobiotix	1	texte	75065
dbi	1	texte	75065
nanomédecin	1	texte	75065
nanomédicament	1	texte	75065
bioalliance pharma - judith greciet - email : judith.greciet@bioalliancepharma.com - http://www.bioalliancepharma.com	1	contact	75065
flacon contenant un lyophilisat qui est la forme finale destinée au produit livatag crédits : bioalliance pharma	1	legendeImage	75065
bourdelai	2	texte	72939
sociale	1	texte	72939
insh	1	texte	72939
athéner	1	texte	72939
charenton	2	texte	72939
combat	2	texte	72939
acuité	1	texte	72939
cubiculum	1	texte	72939
minutieux	1	texte	72939
reconstitution	1	texte	72939
musicologie	1	texte	72939
partition	1	texte	72939
exact	1	texte	72939
xvièm	1	texte	72939
restitution	1	texte	72939
catopsys	1	texte	72939
msh	1	texte	72939
freturb	1	texte	72939
aménageur	1	texte	72939
géographe	1	texte	72939
2entpe	1	texte	72939
magéo	1	texte	72939
épidémie	1	texte	72939
aon	1	texte	72939
benfield	1	texte	72939
analytic	1	texte	72939
réassurance	1	texte	72939
reconstruction	1	texte	72939
sévérité	1	texte	72939
- cnrs - laetitia louis : tél. : +33 (0)1 44 96 51 37 - email : laetitia.louis@cnrs-dir.fr- innovatives shs - http://www.cnrs.fr/inshs/innovatives-shs2013/presentation.htm	1	contact	72939
innovatives shs, un salon de la valorisation en sciences humaines et sociales, une première! crédits : cnrs	1	legendeImage	72939
assise	4	titre	72938
biosimilaire	6	titre	72938
mabimprov	3	texte	72938
aritt	1	texte	72938
agenc	1	texte	72938
watier	1	texte	72938
monoclonal	1	texte	72938
biomédicament	2	texte	72938
bioproduction	1	texte	72938
environnant	1	texte	72938
biosimilair	1	texte	72938
bioéquivalence	1	texte	72938
serontelle	1	texte	72938
labex mabimprove - email : labex_mabimprove@univ-tours.fr - http://mabimprove.univ-tours.fr	1	contact	72938
iter	22	titre	75064,74168
coré	2	texte	75064,74168
lisière	1	texte	75064
tokamak	10	texte	75064,74168
thermonuclear	2	texte	75064,74168
experimental	2	texte	75064,74168
reactor	2	texte	75064,74168
démonter	1	texte	75064
thermonucléaire	4	texte	75064,74168
plasma	9	texte	75064,74168,75459
confinement	3	texte	75064,74168
irfm	8	texte	75064,74168
cao	1	texte	75064
delphine	1	texte	75064
keller	2	texte	75064
tungsten	1	texte	75064
environmer	2	texte	75064,74168
steadystat	2	texte	75064,74168
divertor	8	texte	75064,74168
tungstèn	3	texte	75064,74168
mouvoir	1	texte	75064
mannequin	1	texte	75064
restreindre	1	texte	75064
cohabiter	1	texte	75064
retourner	1	texte	75064
outillage	1	texte	75064
crvm	1	texte	75064
luminy	1	texte	75064
démarr	1	texte	75064
ergonomiquer	1	texte	75064
delphin	1	texte	75064
restituer	1	texte	75064
collision	1	texte	75064
cea/cadarache - institut de recherche sur la fusion par confinement magnétique (irfm) - delphine keller - email : delphine.keller@cea.fr - www-fusion-magnetique.cea.fr	1	contact	75064
salle de réalité virtuelle de l'irfm au sein du centre cea de cadarache crédits : cea	1	legendeImage	75064
led	5	titre	75070
électroluminescente	2	texte	75070
lightemitting	1	texte	75070
ipcm	1	texte	75070
polythiophène	2	texte	75070
polarité	1	texte	75070
lumineuse	2	texte	75070,73188
ipcms - guillaume schull : tél. : +33 (0)3 88 10 70 24/22 - email : shull@ipcms.unistra.fr	1	contact	75070
vue artistique de l'électroluminescence d'un fil moléculaire de polythiophène unique suspendu entre la pointe et la surface d'un microscope à effet tunnel crédits : guillaume schull - ipcms (cnrs/université de strasbourg)	1	legendeImage	75070
théorème	17	titre	71835
évocation	1	texte	71835
pythagore	1	texte	71835
savant	1	texte	71835
éternité	1	texte	71835
collégien	1	texte	71835
écolier	1	texte	71835
figé	1	texte	71835
road	1	texte	71835
trip	1	texte	71835
grasset	1	texte	71835
repos	1	texte	71835
kyoto	1	texte	71835
hyderabad	1	texte	71835
tranche	1	texte	71835
entrecoupe	1	texte	71835
rappel	1	texte	71835
incompréhensible	1	texte	71835
héros	1	texte	71835
légend	1	texte	71835
jourlà	1	texte	71835
courage	1	texte	71835
inclassable	1	texte	71835
dénicher	1	texte	71835
azimut	1	texte	71835
affût	1	texte	71835
foudre	1	texte	71835
âm	1	texte	71835
répète	1	texte	71835
nuance	1	texte	71835
symphonie	1	texte	71835
écrouler	1	texte	71835
piano	1	texte	71835
théorèm	1	texte	71835
regret	2	texte	71835,71614
aimer	1	texte	71835
termine	1	texte	71835
incompressible	1	texte	71835
génère	1	texte	71835
conger	1	texte	71835
portetil	1	texte	71835
compétent	1	texte	71835
sousdiscipline	1	texte	71835
détriment	1	texte	71835
denrée	1	texte	71835
alarmetil	1	texte	71835
institut henri poincaré (ihp) - sylviane bellorini, assistante de direction : tél. : +33 (0)1 44 27 67 92 - email : sylviane.bellorini@ihp.fr - http://www.ihp.fr	1	contact	71835
cédric villani, directeur de l'institut henri poincaré, médaille fields 2010 crédits : cnrs photothèque - sébastien godefroy	1	legendeImage	71835
cimer	4	titre	71612
injectable	5	titre	71612
oréal	12	texte	71612,74744
franceunescoacadémie	2	texte	71612
sylvain	3	texte	71612,71616,68390
jacquart	4	texte	71612
christèle	1	texte	71612
combe	1	texte	71612
pharmacotechnie	2	texte	71612
cirimat	3	texte	71612
inpensiacet	3	texte	71612,71362
ciment	2	texte	71612
cavité	2	texte	71612
ingénérie	1	texte	71612
paul	2	texte	71612,68386
sabatierinp	1	texte	71612
biomatérial	1	texte	71612
dent	1	texte	71612
sylvaine	3	texte	71612
estimetell	1	texte	71612
remodeler	1	texte	71612
corde	1	texte	71612
bagage	1	texte	71612
flou	1	texte	71612
conclutell	1	texte	71612
- inp-ensiacet, institut carnot cirimat, équipe phosphates, pharmacotechnie et biomatériaux (ppb) - sylvaine jacquart - email : sylvaine.jacquart@ensiacet.fr- inp toulouse - florence lauriac : tél. : +33 (0)5 34 32 31 36 email : florence.lauriac@inp-toulouse.fr	1	contact	71612
"sylvaine jacquart, lauréate de la 6ème édition des bourses l'oréal france-unesco-académie des sciences ""pour les femmes et la science"" crédits : inp toulouse"	1	legendeImage	71612
le nouveau ciment biomimétique injectable crédits : inp toulouse	1	legendeImage	71612
phytochip	4	titre	75460
biopuce	3	titre	75460
systerra	1	texte	75460
comanche	2	texte	75460
coquill	2	texte	75460
saintjacque	3	texte	75460
pecten	1	texte	75460
maximus	1	texte	75460
gastronome	1	texte	75460
coquille	1	texte	75460
plurithématiqu	1	texte	75460
prolifération	2	texte	75460,68387
impropre	1	texte	75460
robuste	2	texte	75460,75067
ifremer - marion le foll et thomas isaak : tél. : + 33 (0)1 46 48 22 40/42 email : presse@ifremer.fr	1	contact	75460
edwige	3	texte	70915
bonnevie	3	texte	70915
précaution	1	texte	70915
hiérarchiser	1	texte	70915
irionsnou	1	texte	70915
jeter	2	texte	70915,71366
daïchi	1	texte	70915
dévaster	1	texte	70915
conformément	1	texte	70915
calendrier	1	texte	70915
asn	1	texte	70915
dosimétrie	1	texte	70915
crier	1	texte	70915
victoir	1	texte	70915
dérive	1	texte	70915
atelle	1	texte	70915
247	1	texte	70915
httpwwwbulletinselectroniquescomactualites64561htm	1	texte	70915
horowitz	1	texte	70915
rjh	1	texte	70915
plutonium	1	texte	70915
atpu	1	texte	70915
masurca	1	texte	70915
phénix	1	texte	70915
osiris	1	texte	70915
- cea - pôle maîtrise des risques - edwige bonnevie - email : edwige.bonnevie@cea.fr- pour télécharger le bilan maîtrise des risques 2011 : http://www.cea.fr/le_cea/publications/rapports_annuels2	1	contact	70915
illuminer	2	titre	69539
cyan	3	texte	69539
cfp	8	texte	69539
conformation	1	texte	69539
cartographient	1	texte	69539
illuminé	1	texte	69539
réagit	1	texte	69539
cancéreuser	1	texte	69539
pallier	2	texte	69539,76208
royer	1	texte	69539
cnrsceauniversité	1	texte	69539
amsterdam	2	texte	69539
oxford	2	texte	69539
déceler	1	texte	69539
inspecter	1	texte	69539
chromophore	4	texte	69539,73189
theodoru	1	texte	69539
gadella	1	texte	69539
mturquoise2	2	texte	69539
esrf - antoine royant - tél. : +33 (0)4 76 88 17 46 - email : antoine.royant@esrf.fr	1	contact	69539
nanomoteur	3	titre	72119
stator	2	texte	72119
ruthénium	1	texte	72119
rotule	1	texte	72119
rotor	4	texte	72119,75066
pale	1	texte	72119
raccourcir	1	texte	72119
ceme	1	texte	72119
elaboration	1	texte	72119
ohio	1	texte	72119
2685	1	texte	72119
zéro	1	texte	72119
absolu	1	texte	72119
préfigurer	1	texte	72119
engrenage	1	texte	72119
- centre d'elaboration de matériaux et d'etudes structurales (cemes) :* christian joachim : tél. : +33 (0)5 62 25 78 35 email : joachim@cemes.fr* gwénaël rapenne : tél. : +33 (0)5 62 25 78 41 email : rapenne@cemes.fr	1	contact	72119
"la ""molécule-moteur"" est ancrée sur une surface via trois points d'accroche. le plateau supérieur tourne dans un sens ou dans l'autre autour de son axe, selon la position de la pointe du microscope. crédits : g. rapenne et g. vives, cemes, cnrs/ups"	1	legendeImage	72119
transfère	2	titre	71362
tianjin	1	texte	71362
dhet	1	texte	71362
web	3	texte	71362,71359
sao	1	texte	71362
paulo	1	texte	71362
mexique	1	texte	71362
prefalc	1	texte	71362
reformater	1	texte	71362
uag	2	texte	71362
guadeloupe	1	texte	71362
inp toulouse - florence lauriac - tél. : +33 (0)5 34 32 31 36 - email : florence.lauriac@inp-toulouse.fr	1	contact	71362
nutraceutique	6	titre	71360
lafont	1	texte	71360
romainville	1	texte	71360
quinolia	1	texte	71360
bixiller	1	texte	71360
peau	5	texte	71360,75067,74744,74750
maculaire	1	texte	71360
age	1	texte	71360
dmler	1	texte	71360
codétier	1	texte	71360
souscrire	1	texte	71360
serono	1	texte	71360
historiquer	1	texte	71360
biophyti	1	texte	71360
cmcic	1	texte	71360
maculia	1	texte	71360
additionnel	1	texte	71360
essonn	1	texte	71360
mairi	1	texte	71360
cardiométabolime	1	texte	71360
affiche	1	texte	71360
purifier	1	texte	71360
biophytis - http://www.biophytis.com	1	contact	71360
esturgeon	7	titre	70917
relâché	2	titre	70917
dordogne	3	titre	70917
fréquenter	2	texte	70917,71617
acipenser	1	texte	70917
sturio	1	texte	70917
faillir	1	texte	70917
caviar	1	texte	70917
aggravant	1	texte	70917
frayère	1	texte	70917
granulat	1	texte	70917
migrateur	2	texte	70917,67937
girondegaronnedordogne	1	texte	70917
lâcher	2	texte	70917,70916
castillonlabataille	1	texte	70917
gironde	3	texte	70917
sauvegarde	1	texte	70917
repeuplement	2	texte	70917
spécimen	2	texte	70917
captivité	2	texte	70917
seurinsurl	1	texte	70917
isle	1	texte	70917
girond	1	texte	70917
700000	1	texte	70917
suppléer	1	texte	70917
subsist	1	texte	70917
irstea/bordeaux - chantal gardes : tél. : +33 (0)5 57 89 08 18 email : chantal.gardes@irstea.fr	1	contact	70917
encapsulation	4	titre	75462
poncelet	3	texte	75462
oniri	1	texte	75462
capsulae	1	texte	75462
hydrophobe	2	texte	75462,75459
hydrophile	1	texte	75462
sachet	1	texte	75462
thé	1	texte	75462
pizza	1	texte	75462
éclater	1	texte	75462
probiotique	3	texte	75462,75067
préférable	1	texte	75462
fusible	1	texte	75462
oniris nantes - denis poncelet - email : denis.poncelet@oniris-nantes.fr	1	contact	75462
laurier	6	titre	71837
guimet	1	texte	71837
foll	1	texte	71837
rmn	2	texte	71837
symbiotique	2	texte	71837
pédologue	1	texte	71837
franci	2	texte	71837
virage	2	texte	71837,71359
1987	1	texte	71837
arbresmicroorganisme	1	texte	71837
immunité	6	texte	71837,67937
plantehôte	1	texte	71837
colonisation	1	texte	71837
microsymbionte	1	texte	71837
bonheur	1	texte	71837
forest	2	texte	71837,71616
cortège	1	texte	71837
accompagne	2	texte	71837,75459
inra/nancy - francis martin : tél. : +33 (0)3 83 39 40 80 - email : fmartin@nancy.inra.fr	1	contact	71837
francis martin, lauréat 2012 du laurier inra de la recherche agronomique crédits : slagmulder christian	1	legendeImage	71837
banaliser	1	texte	76209
ipso	2	texte	76209
oudghiri	2	texte	76209
ipsos	1	texte	76209
unanimité	1	texte	76209
innocuité	1	texte	76209
appétence	1	texte	76209
authentique	1	texte	76209
renoncer	1	texte	76209
terra	1	texte	76209
incogniter	1	texte	76209
symboliser	1	texte	76209
fascination	1	texte	76209
cosmetofood	2	texte	76209
censé	1	texte	76209
beal	1	texte	76209
bouder	1	texte	76209
privilège	1	texte	76209
vitagora - marthe jewell : tél. : +33 (0)3 80 78 97 92 email : marthe.jewell@vitagora.com	1	contact	76209
crédits : imarin	1	legendeImage	76209
33èm	4	titre	75066
inn	2	texte	75066
ovation	2	texte	75066
dotation	1	texte	75066
210000	1	texte	75066
110	1	texte	75066
128	2	texte	75066,70916
111	2	texte	75066,71361
aveyron	1	texte	75066
tarn	1	texte	75066
tarnetgaronne	1	texte	75066
ger	1	texte	75066
hautespyrénée	1	texte	75066
whylot	1	texte	75066
cambe	1	texte	75066
quercypôle	1	texte	75066
toursminute	1	texte	75066
ravaud	1	texte	75066
raréfaction	1	texte	75066
actis	1	texte	75066
hybris	1	texte	75066
crusta	1	texte	75066
eurorégion	1	texte	75066
pyrénéesméditerrané	1	texte	75066
crustacé	1	texte	75066
beta	1	texte	75066
deexbio	1	texte	75066
naïo	1	texte	75066
oz	1	texte	75066
maraîcher	1	texte	75066
gaulle	1	texte	75066
trimouv	1	texte	75066
green	1	texte	75066
tricycle	1	texte	75066
confort	2	texte	75066,71836
caréner	1	texte	75066
inptupscnrsomp	1	texte	75066
déplass	1	texte	75066
géranium	1	texte	75066
dépolluer	1	texte	75066
fusia	1	texte	75066
midi-pyrénées innovation - tél. : +33 (0)5 34 40 41 00 - http://www.mp-i.fr	1	contact	75066
innovateur	2	texte	76208,71614
vissière	1	texte	76208
sysnav	2	texte	76208
dangla	3	texte	76208
stilla	1	texte	76208
magnétoinertiell	1	texte	76208
inopérer	1	texte	76208
géolocalisation	1	texte	76208
circonstance	1	texte	76208
autonomieet	1	texte	76208
indépendamment	1	texte	76208
vissièr	1	texte	76208
ladhy	2	texte	76208
stiller	1	texte	76208
ultrasensible	1	texte	76208
microfluidique	1	texte	76208
microfluidiqu	1	texte	76208
fragmenter	1	texte	76208
goutte	1	texte	76208
gouttelette	1	texte	76208
primordial	1	texte	76208
ecole polytechnique - raphaël de rasilly : tél. : +33 (0)1 69 33 38 97 email : raphael.de-rasilly@polytechnique.edu	1	contact	76208
massachusetts institute of technology (mit) à boston crédits : edan	1	legendeImage	76208
cbmn	1	texte	75067
lcpo	1	texte	75067
antibiotique	3	texte	75067
implant	1	texte	75067
relargage	1	texte	75067
carie	1	texte	75067
souchothèque	1	texte	75067
lactobacille	1	texte	75067
salivaire	1	texte	75067
odontologie	1	texte	75067
probiotiqu	1	texte	75067
anticarie	1	texte	75067
antiseptique	1	texte	75067
buccodentaire	1	texte	75067
celia	1	texte	75067
1cnrscea	1	texte	75067
lasagyl	1	texte	75067
accordable	1	texte	75067
spectral	1	texte	75067
fibré	1	texte	75067
encombrant	1	texte	75067
détatouage	1	texte	75067
photocoagulation	1	texte	75067
calorimètre	2	texte	75067
captage	1	texte	75067
lfcr	1	texte	75067
pau	1	texte	75067
adour	1	texte	75067
calorimétrique	1	texte	75067
bar	1	texte	75067
agitation	1	texte	75067
calvet	1	texte	75067
polyphasique	1	texte	75067
liquidegazsolide	1	texte	75067
aquitaine science transfert - claire moras : tél. : +33 (0)5 56 46 20 73 - email : c.moras@ast-innovations.com	1	contact	75067
leadership	1	texte	68383
made	1	texte	68383
ocde	1	texte	68383
régresse	1	texte	68383
balance	1	texte	68383
structurellement	2	texte	68383,74169
déficitaire	1	texte	68383
concitoyen	1	texte	68383
pessimisme	1	texte	68383
211	1	texte	68383
armand	1	texte	68383
colin	1	texte	68383
prioriter	1	texte	68383
142	1	texte	68383
1960	1	texte	68383
luxe	1	texte	68383
hôtellerie	1	texte	68383
10èm	2	texte	68383,74746
mériter	1	texte	68383
guy	2	texte	68383
delcroi	1	texte	68383
pmipme	1	texte	68383
timidité	1	texte	68383
ferrary	2	texte	68383
gustav	1	texte	68383
eiffel	1	texte	68383
louis	1	texte	68383
blériot	1	texte	68383
pierregeorge	1	texte	68383
latécoèr	1	texte	68383
bouygue	1	texte	68383
manifestement	1	texte	68383
regrett	1	texte	68383
delcroix	1	texte	68383
lourdeur	1	texte	68383
déficier	1	texte	68383
multiplicité	1	texte	68383
proposition	1	texte	68383
recommandant	1	texte	68383
fierté	2	texte	68383,67937
huitième	1	texte	68383
titanesque	1	texte	68383
sombrer	1	texte	68383
- association des centraliens : grace ferreira, responsable communication : tél. : +33 (0)1 56 43 68 04 - email : grace.ferreira@centraliens.net - http://www.centraliens.net- armand colin editeur : http://www.armand-colin.com	1	contact	68383
8 priorités pour nourrir la réflexion et passer à l'action ! crédits : association des centraliens	1	legendeImage	68383
pléiade	15	titre	71836,72120
1b	5	titre	71836
970	1	texte	71836
694	1	texte	71836
garantit	1	texte	71836
revisite	1	texte	71836
rééchantillonner	1	texte	71836
minière	1	texte	71836
carbonecarbone	1	texte	71836
coefficient	1	texte	71836
dilatation	1	texte	71836
zérodur	1	texte	71836
refocalisation	1	texte	71836
agilité	3	texte	71836
dépointage	1	texte	71836
encastrer	1	texte	71836
inertie	1	texte	71836
actionneur	1	texte	71836
gyroscopique	1	texte	71836
excellente	1	texte	71836
colonel	2	texte	71836
marchai	2	texte	71836
interarmer	1	texte	71836
cie	1	texte	71836
interprète	1	texte	71836
reconnaissabler	1	texte	71836
livrée	1	texte	71836
char	1	texte	71836
discerner	1	texte	71836
insister	2	texte	71836
passe	1	texte	71836
serrer	1	texte	71836
- cnes :* alain delrieu : tél. : +33 (0)1 44 76 74 04 - email : alain.delrieu@cnes.fr* pascale bresson : tél. : +33 (0)1 44 76 75 39 - email : pascale.bresson@cnes.fr	1	contact	71836
le palais de madrid. image prise par le satellite pléiades 1b, le 6 décembre 2012 crédits :  cnes/distribution astrium services/spot image, 2012	1	legendeImage	71836
kourou, en guyane, vu par pléiades 1a crédits :  cnes/distribution astrium services/spot image, 2012	1	legendeImage	71836
labo	1	texte	75463
idéaliser	1	texte	75463
doubler	2	texte	75463,71614
technicoéconomie	1	texte	75463
enea	1	texte	75463
dsmenergie	1	texte	75463
fp7	1	texte	75463
impact2c	1	texte	75463
doublement	2	texte	75463,74169
superposition	1	texte	75463
en direct des labos	1	rubrique	75463
cea - robert vautard : tél. : +33 (0)1 69 08 26 40 email : robert.vautard@cea.fr	1	contact	75463
eoliennes crédits : perig	1	legendeImage	75463
pourtour	3	titre	70916
hyme	5	texte	70916
bateal	1	texte	70916
nordoccidental	4	texte	70916
météofrance	4	texte	70916
mistral	2	texte	70916
hydrométéorologique	3	texte	70916
crue	3	texte	70916
inondation	1	texte	70916
meurtrier	1	texte	70916
vaisonlaromaine	1	texte	70916
vaucluse	1	texte	70916
gard	1	texte	70916
frappé	1	texte	70916
var	1	texte	70916
sort	1	texte	70916
recrudescence	1	texte	70916
rivage	1	texte	70916
touriste	1	texte	70916
résum	2	texte	70916,67937
drobinski	1	texte	70916
simon	1	texte	70916
laplac	1	texte	70916
polytechniqueensupmc	1	texte	70916
véroniqu	3	texte	70916
ducrocq	3	texte	70916
atmosphèreterresurface	1	texte	70916
sudoccidental	1	texte	70916
adriatique	1	texte	70916
renfort	1	texte	70916
prévue	1	texte	70916
denser	1	texte	70916
tramontane	1	texte	70916
atmosphèremer	1	texte	70916
théty	1	texte	70916
navire	2	texte	70916
marchand	1	texte	70916
glider	1	texte	70916
eal	1	texte	70916
cnrmgame	1	texte	70916
météofrancecnr	1	texte	70916
bouée	1	texte	70916
flotteur	1	texte	70916
dropsonde	1	texte	70916
dérivant	1	texte	70916
radiosondage	1	texte	70916
précipitant	1	texte	70916
falcon	1	texte	70916
atr42	1	texte	70916
safir	1	texte	70916
cnrscnesmétéo	1	texte	70916
dornier	1	texte	70916
karlsruher	1	texte	70916
für	1	texte	70916
kit	1	texte	70916
lidar	1	texte	70916
grêle	1	texte	70916
neige	1	texte	70916
arome	4	texte	70916
météofranc	1	texte	70916
déterministe	3	texte	70916
arpéger	2	texte	70916
aladin	1	texte	70916
imperfection	2	texte	70916,68391
prévisionniste	2	texte	70916
horizon2015	1	texte	70916
maille	1	texte	70916
intensité	4	texte	70916,73188,68391
- laboratoire de météorologie dynamique - http://www.hymex.org* philippe drobinski : tél. : +33 (0)1 69 33 51 42 email : philippe.drobinski@lmd@polytechnique.fr- météo france, cnrm-game* véronique ducrocq : tél. : +33 (0)5 61 07 96 02 email : veronique.ducrocq@meteo.fr- hymex	1	contact	70916
cartes des huit régions d'étude : le sud-est de la france et plus particulièrement la région cévennes-vivarais (cv), la corse (c0), la région centre de l'italie (ic), le nord-est de l'italie (ine), la ligurie et toscane (lt), la région de valence en espagne (va), la catalogne (ca) et les îles baléares (ba). des instruments de recherche seront déployés spécialement pour la campagne d'automne sur les sites cv, co, ic, ba, ine. crédits : véronique ducrocq / météo-france	1	legendeImage	70916
le thétys ii, navire océanographique côtier du cnrs-insu. les mesures effectuées sur ce navire contribuent aux observations long terme du programme hymex. crédits : cnrs photothèque / sbr - cariou thierry	1	legendeImage	70916
le glider est un appareil autonome sous-marin qui réalise des mesures de température et de salinité sur les premiers 1.000 mètres de la mer. selon les capteurs installés à son bord, des mesures biogéochimiques ou de vitesses sont aussi possibles. crédits : cnrs / photothèque / john pusceddu	1	legendeImage	70916
pasdecalai	1	titre	71361
pasdecaler	1	texte	71361
gemtex	1	texte	71361
spécialisé	1	texte	71361
enser	1	texte	71361
84	1	texte	71361
gemte	4	texte	71361
05	1	texte	71361
noetontexrank	1	texte	71361
noeton	1	texte	71361
ensait	1	texte	71361
lodz	1	texte	71361
gand	1	texte	71361
critèr	1	texte	71361
pasdecalais	1	texte	71361
aixlachapell	1	texte	71361
rwth	2	texte	71361
responsabilisation	1	texte	71361
aixlachapelle	1	texte	71361
manchester	1	texte	71361
dresde	1	texte	71361
suédois	1	texte	71361
bora	1	texte	71361
ensait - matthieu nicolas - tél. : +33 (0)3 20 25 64 80 - email : matthieu.nicolas@ensait.fr	1	contact	71361
innorobo	4	titre	72122
nationalité	1	texte	72122
12000	1	texte	72122
emm	1	texte	72122
thésam	1	texte	72122
tronic	1	texte	72122
innoecho	1	texte	72122
euroneurop	1	texte	72122
- innorobo - http://www.innorobo.com- emm robotics - http://www.mecatronique.fr/emm-robotics- european robotics forum (erf) - http://www.eurobotics2013.com	1	contact	72122
agrimip	1	texte	71359
imaginove	1	texte	71359
systeme	1	texte	71359
soixante	1	texte	71359
supercocotte	1	texte	71359
autocuiseur	1	texte	71359
1953	1	texte	71359
cocotteminute	1	texte	71359
cuisinière	1	texte	71359
cuisiner	1	texte	71359
kevin	4	texte	71359
camphuis	4	texte	71359
combinatoire	1	texte	71359
hardware	3	texte	71359,71614
software	3	texte	71359
demisiècle	1	texte	71359
électroménager	1	texte	71359
hard	1	texte	71359
soft	1	texte	71359
intègrer	1	texte	71359
centré	1	texte	71359
tonalité	1	texte	71359
englober	1	texte	71359
format	1	texte	71359
connecté	1	texte	71359
testeur	1	texte	71359
cook	1	texte	71359
appropriable	1	texte	71359
selongey	1	texte	71359
seb - kevin camphuis - email : kcamphuis@seb.fr	1	contact	71359
haider	3	titre	71615
aérothermique	4	titre	71615
aérodynamique	7	titre	71615,74745,71617
inca	1	texte	71615
maia	1	texte	71615
iroqua	1	texte	71615
poca	1	texte	71615
advisory	1	texte	71615
aeronautic	1	texte	71615
acare	2	texte	71615
nox	1	texte	71615
parl	2	texte	71615,71617
no	1	texte	71615
haida	1	texte	71615
aérothermiqueoptimisation	1	texte	71615
cerfac	1	texte	71615
cenaero	1	texte	71615
karman	1	texte	71615
safran - http://www.safran-group.com	1	contact	71615
virtuellemer	1	texte	74751
capitaliser	1	texte	74751
supélec	4	texte	74751
blériotfabre	1	texte	74751
gifsuryvette	1	texte	74751
perfectionner	1	texte	74751
ecole centrale paris - etienne dages-desgranges : tél. : + 33 (0)1 41 13 14 74 - email : etienne.dagesdesgranges@ecp.fr - http://www.ecp.fr	1	contact	74751
ccrt	11	texte	74745,74744
brochet	2	texte	74745
turbomeca	1	texte	74745
bruyant	1	texte	74745
gazeuse	1	texte	74745
instationnaire	1	texte	74745
fluctuation	1	texte	74745
turboréacteur	1	texte	74745
leading	1	texte	74745
edge	1	texte	74745
cfm	1	texte	74745
snecmer	1	texte	74745
general	1	texte	74745
cfm56	1	texte	74745
monocouloir	1	texte	74745
a320neo	1	texte	74745
boeing	1	texte	74745
737	1	texte	74745
c919	1	texte	74745
comac	1	texte	74745
aubage	1	texte	74745
compresseur	1	texte	74745
compression	2	texte	74745,74746
motorist	1	texte	74745
jacque	1	texte	74745
soufflante	1	texte	74745
oiseau	4	texte	74745,68387,75458,71617
oie	1	texte	74745
- cea - coline verneau : tél. : + 33 (0)1 64 50 14 88 - email : coline.verneau@cea.fr- ccrt - www-ccrt.cea.fr	1	contact	74745
lbmn	1	texte	68387
latruffe	7	texte	68387
leucodystrophie	1	texte	68387
montbard	2	texte	68387
rifler	2	texte	68387
urgentiste	2	texte	68387
postopérer	2	texte	68387
infarctus	5	texte	68387
myocarde	5	texte	68387
agrochimie	1	texte	68387
hépatique	1	texte	68387
peroxysome	1	texte	68387
fécondation	1	texte	68387
ensoleillé	1	texte	68387
dégénératif	1	texte	68387
polyphenol	1	texte	68387
health	1	texte	68387
sitge	1	texte	68387
barcelone	1	texte	68387
resvératrol	1	texte	68387
55	1	texte	68387
apparenter	1	texte	68387
boire	1	texte	68387
cholestérolémie	1	texte	68387
globule	1	texte	68387
buveur	1	texte	68387
gestation	1	texte	68387
laboratoire de biochimie métabolique et nutritionnelle (lbmn) - norbert latruffe - email : latruffe@u-bourgogne.fr	1	contact	68387
hélicoptèr	1	titre	68393
hélicoptère	4	texte	68393
munich	1	texte	68393
inovsy	2	texte	68393
pegase	1	texte	68393
capenergie	1	texte	68393
optitec	1	texte	68393
arts & métiers paristech - aurore tixier : tél. : +33 (0)1 44 24 64 35 - email : aurore.tixier@ensam.eu	1	contact	68393
lemphea	2	titre	73189
lempheer	1	texte	73189
biphotonique	1	texte	73189
surclasser	1	texte	73189
colorer	1	texte	73189
brillance	1	texte	73189
fourierceainsermchu	1	texte	73189
chemical	1	texte	73189
ens lyon - cyrille monnereau : tél. : +33 [4] 72 72 88 61 email : cyrille.monnereau@ens-lyon.fr	1	contact	73189
retorik	7	titre	75063
davi	5	texte	75063
conversationnel	1	texte	75063
avezvous	1	texte	75063
senser	1	texte	75063
interfac	2	texte	75063
hommemachine	1	texte	75063
assurance	2	texte	75063
arbault	3	texte	75063
casquette	1	texte	75063
cogiter	1	texte	75063
vocal	2	texte	75063
puteau	1	texte	75063
never	1	texte	75063
prémices	1	texte	75063
labellisation	1	texte	75063
eurêka	1	texte	75063
bourgognecnr	1	texte	75063
limsi	1	texte	75063
hospitalisé	1	texte	75063
assistant	1	texte	75063
maintien	1	texte	75063
réfléchit	1	texte	75063
serein	1	texte	75063
revendeur	1	texte	75063
davi - pascal arbault - email : pascal@davi.fr - http://www.davi.fr	1	contact	75063
retorik, un humanoïde ayant la maturité d'un enfant âgé de 3 ans, auquel les équipes de davi dispensent progressivement des connaissances tout en s'attachant à l'éduquer afin qu'il apprenne à comprendre les règles sociales et les émotions humaines crédits : davi	1	legendeImage	75063
del	3	titre	73188
néon	1	texte	73188
économiser	1	texte	73188
laboratoire de physique de la matière condensée - claude weisbuch : tél. : 01 69 33 46 76 email : claude.weisbuch@polytechnique.edu	1	contact	73188
jules	9	titre	67937
hoffmann	17	titre	67937
gentleman	2	titre	67937
figurent	1	texte	67937
1954	1	texte	67937
attribution	1	texte	67937
keyo	1	texte	67937
gairdner	1	texte	67937
shaw	1	texte	67937
joël	1	texte	67937
bertrand	1	texte	67937
joi	1	texte	67937
injustifier	1	texte	67937
bach	2	texte	67937
perpétuel	1	texte	67937
immunologist	1	texte	67937
inné	4	texte	67937
éléger	1	texte	67937
élégance	1	texte	67937
chaleureux	1	texte	67937
convivial	1	texte	67937
immunologie	3	texte	67937,75465
adolescent	1	texte	67937
luxembourgeois	1	texte	67937
répertorier	1	texte	67937
extérieure	1	texte	67937
combattre	1	texte	67937
bombe	2	texte	67937
joly	1	texte	67937
1978	1	texte	67937
criquet	1	texte	67937
mouche	4	texte	67937
drosophil	1	texte	67937
strasbourgeois	1	texte	67937
lemaître	1	texte	67937
reichhart	1	texte	67937
toll	4	texte	67937
dorsoventral	1	texte	67937
drosophile	2	texte	67937
agresseur	1	texte	67937
mammifère	3	texte	67937
tolllik	1	texte	67937
receptor	1	texte	67937
tlr	1	texte	67937
déclenche	1	texte	67937
inner	1	texte	67937
neutraliser	1	texte	67937
opposer	1	texte	67937
adjuvant	2	texte	67937
rétrospectivement	1	texte	67937
inhibiteur	3	texte	67937,75459
autoimmune	1	texte	67937
insecticide	1	texte	67937
cnrs - elsa champion : tél. : +33 (0)1 44 96 43 90 - email : elsa.champion@cnrs-dir.fr	1	contact	67937
jules hoffmann, prix nobel de médecine et de physiologie 2011 crédits : cnrs photothèque/pascal disdier	1	legendeImage	67937
"jules hoffmann : ""au départ, nous voulions comprendre comment l'insecte se défend et bloquer ses défenses pour le neutraliser. or grâce à la drosophile, nous avons pu apporter en quinze ans des éléments nouveaux et importants sur l'immunité innée qui concernent tous les grands groupes animaux, y compris l'homme chez qui ce sujet était très peu étudié"". crédits : cnrs photothèque/pascal disdier"	1	legendeImage	67937
monnet	2	texte	68392
idest	2	texte	68392
221	1	texte	68392
université paris-sud - cécile pérol : tél. : +33 (0)1 69 15 41 99 - email : cecile.perol@u-psud.fr	1	contact	68392
eurohorc	1	texte	68386
dissoudre	1	texte	68386
foundation	1	texte	68386
esf	1	texte	68386
boyl	1	texte	68386
economic	1	texte	68386
esrc	1	texte	68386
uk	1	texte	68386
rcuk	1	texte	68386
europ	1	texte	68386
andré	1	texte	68386
syrota	1	texte	68386
jean-fancçois desessard	1	auteur	68386
science europe - http://www.scienceeurope.org	1	contact	68386
enfer	1	texte	74744
rappelle	1	texte	74744
leca	1	texte	74744
damiledefrance	1	texte	74744
ménacher	1	texte	74744
querleux	2	texte	74744
appuyé	1	texte	74744
agon	1	texte	74744
prédictiver	1	texte	74744
étaler	1	texte	74744
ultraviolet	1	texte	74744
furtif	1	texte	74744
chevelure	1	texte	74744
cheveux	2	texte	74744
coiffant	1	texte	74744
confidentialité	1	texte	74744
graviter	1	texte	74744
- cea - coline verneau : tél. : + 33(0)1 64 50 14 88 - email : coline.verneau@cea.fr- ccrt - www-ccrt.cea.fr	1	contact	74744
gel	9	titre	74750
recoller	3	texte	74750
incision	1	texte	74750
moisci	1	texte	74750
alba	1	texte	74750
marcellan	1	texte	74750
physcochimie	1	texte	74750
cnrsupmcespci	1	texte	74750
étalant	1	texte	74750
adsorption	1	texte	74750
innombrable	1	texte	74750
connexier	1	texte	74750
consistance	1	texte	74750
diffèr	1	texte	74750
déformation	1	texte	74750
autoréparable	1	texte	74750
morceal	1	texte	74750
décollé	1	texte	74750
repositionner	1	texte	74750
nanocristau	1	texte	74750
cellulose	1	texte	74750
morceau	1	texte	74750
scalpel	1	texte	74750
espci - ludwik leibler : tél. : + 33 (0)1 40 79 51 25 - email : ludwik.leibler@espci.fr	1	contact	74750
deux morceaux de gel, collés grâce à une solution aqueuse de nanoparticules de silice, sont immergés dans l'eau. l'adhésion résiste à cette immersion. crédits : cnrs photothèque / espci / mmc / alba marcellan	1	legendeImage	74750
17èm	3	titre	75466
start	1	texte	75466
positionnetil	1	texte	75466
medtech	10	titre	71614
nahum	6	texte	71614
béninois	1	texte	71614
serie	1	texte	71614
steve	1	texte	71614
job	1	texte	71614
mark	1	texte	71614
zuckerberg	1	texte	71614
cameron	1	texte	71614
brigit	2	texte	71614
orthopédique	6	texte	71614,71616
neurochirurgie	3	texte	71614
rachis	2	texte	71614
inser	2	texte	71614,71616
coventry	1	texte	71614
velléité	1	texte	71614
insa	2	texte	71614,72121
crânienne	1	texte	71614
computer	1	texte	71614
inc	2	texte	71614
surgical	1	texte	71614
immi	1	texte	71614
cardiaque	1	texte	71614
mûrir	1	texte	71614
frileux	1	texte	71614
drire	1	texte	71614
genou	1	texte	71614
zimmer	1	texte	71614
réinvestir	1	texte	71614
montpelliéraine	1	texte	71614
rosa	1	texte	71614
autofinancer	1	texte	71614
york	1	texte	71614
vertébral	1	texte	71614
opératoire	1	texte	71614
artisanat	3	texte	71614,74752
vis	1	texte	71614
finalis	1	texte	71614
carton	1	texte	71614
diapason	1	texte	71614
medtech - bertin nahum : tél. : +33 (0)4 67 10 77 40 - email : contact@medtechsurgical.com - http://www.medtech.fr	1	contact	71614
bertin nahum, le fondateur de medtech crédits : medtech	1	legendeImage	71614
rosa, l'un des robots de medtech, en fonctionnement au bloc opératoire crédits : medtech	1	legendeImage	71614
isae	10	texte	71358
supaero	3	texte	71358
ensica	1	texte	71358
visibilité	3	texte	71358,74747,75465
bannière	2	texte	71358,74746
ensma	1	texte	71358
aérotechnique	1	texte	71358
poitiers	1	texte	71358
estaca	4	texte	71358
levalloisperret	2	texte	71358
mayenne	1	texte	71358
officier	7	texte	71358
salondeprovence	2	texte	71358
1925	1	texte	71358
ribon	1	texte	71358
guider	2	texte	71358,71616
disposetelle	1	texte	71358
moveo	1	texte	71358
astech	1	texte	71358
elc2	1	texte	71358
450	1	texte	71358
recruté	1	texte	71358
sousofficier	1	texte	71358
nourrit	1	texte	71358
flying	1	texte	71358
capabilitie	1	texte	71358
fcc	1	texte	71358
crea	1	texte	71358
gifa	1	texte	71358
sayette	1	texte	71358
iesf	1	texte	71358
vivifiant	1	texte	71358
ajouté	1	texte	71358
isae - patrick gousseau - tél. : +33 (0)5 61 33 80 31 - email : patrick.gousseau@isae.fr	1	contact	71358
bouffe	3	titre	71366
gaspiller	1	texte	71366
lhost	1	texte	71366
pérenne	1	texte	71366
régal	1	texte	71366
rue de l'echiquier - http://www.ruedelechiquier.net	1	contact	71366
rechercheindustrie	3	titre	72121
bioénergie	5	titre	72121
3bcar	2	texte	72121
nanobiotechnologie	2	texte	72121
gazéification	2	texte	72121
rendezvous	1	texte	72121
préorganiser	1	texte	72121
éthanol	1	texte	72121
futurol	1	texte	72121
greenstar	1	texte	72121
genepi	1	texte	72121
white	1	texte	72121
serenad	1	texte	72121
- forum recherche-industrie sur les bioénergies - https://colloque.inra.fr/forum_bioenergie_ic_3bcar2012- 3bcar - http://www.3bcar.fr/	1	contact	72121
25èm	3	titre	75464
depo	3	titre	75464
deformation	2	titre	75464
presqu	1	texte	75464
gien	1	texte	75464
alè	2	texte	75464
rednre	1	texte	75464
c2ma	2	texte	75464
alès	1	texte	75464
biosourcer	1	texte	75464
recycler	1	texte	75464
jeudi	1	texte	75464
déchirure	1	texte	75464
élastomère	1	texte	75464
thermoplastique	1	texte	75464
nanochargé	1	texte	75464
piercan	1	texte	75464
gant	1	texte	75464
déformable	1	texte	75464
colloque depos - http://depos25.mines-ales.fr	1	contact	75464
emballage en polymère crédits : ekawatchaow	1	legendeImage	75464
68	3	titre	71616
biom	5	titre	71616
picot	1	texte	71616
patricia	1	texte	71616
gagnieu	1	texte	71616
résorbable	3	texte	71616
collagène	1	texte	71616
saintpriest	1	texte	71616
implantable	1	texte	71616
régénération	3	texte	71616,75458
cardiothoracique	2	texte	71616
cova	1	texte	71616
matri	1	texte	71616
adhérence	1	texte	71616
cicatrisation	1	texte	71616
biocompatible	1	texte	71616
extrémité	1	texte	71616
spinal	1	texte	71616
dentaire	2	texte	71616
implantologie	2	texte	71616
malléable	1	texte	71616
praticité	1	texte	71616
maxillofacial	1	texte	71616
mérieux	1	texte	71616
sham	1	texte	71616
sofimac	1	texte	71616
aquasourça	1	texte	71616
améliane	1	texte	71616
cdc	1	texte	71616
otc	1	texte	71616
asset	1	texte	71616
régénératif	1	texte	71616
biom'up - sylvain picot, président directeur général - email : sylvain.picot@biomup.com - http://www.biomup.com	1	contact	71616
résolumer	2	titre	74746
expo	1	texte	74746
b2b	1	texte	74746
michèl	1	texte	74746
delaunay	4	texte	74746
ager	1	texte	74746
michèle	3	texte	74746
2025	1	texte	74746
cristalliser	1	texte	74746
pigniez	1	texte	74746
asipag	1	texte	74746
portail	1	texte	74746
silverecofr	1	texte	74746
émulation	1	texte	74746
gérontologie	1	texte	74746
curieparis	1	texte	74746
gériatrie	1	texte	74746
soliage	1	texte	74746
siéger	1	texte	74746
ombistocking	1	texte	74746
enfilage	1	texte	74746
hamacsenior	1	texte	74746
sousvêtement	1	texte	74746
antifuite	1	texte	74746
mk	1	texte	74746
vertigo	1	texte	74746
aidant	1	texte	74746
assisdebout	1	texte	74746
mention	1	texte	74746
solidage	1	texte	74746
galette	1	texte	74746
protibis	1	texte	74746
denovo	1	texte	74746
canne	1	texte	74746
tango	1	texte	74746
elova	1	texte	74746
levage	1	texte	74746
- silver valley - http://www.silvervalley.fr- silvereco - http://www.silvereco.fr	1	contact	74746
muraill	12	titre	75458
mécénat	1	texte	75458
klorane	1	texte	75458
hostile	1	texte	75458
désert	1	texte	75458
7700	1	texte	75458
dakar	3	texte	75458
djibouti	2	texte	75458
umies	1	texte	75458
hommesmilieux	1	texte	75458
téssékéré	1	texte	75458
ohmi	4	texte	75458
boëtsch	5	texte	75458
transcontinental	1	texte	75458
nigérian	1	texte	75458
olusegun	1	texte	75458
obasanjo	1	texte	75458
sahélosaharien	1	texte	75458
censad	1	texte	75458
ougadougou	1	texte	75458
burkina	3	texte	75458
faso	3	texte	75458
densifier	1	texte	75458
désertification	2	texte	75458
éleveur	3	texte	75458
dune	1	texte	75458
1973	1	texte	75458
dure	1	texte	75458
humide	1	texte	75458
mousson	1	texte	75458
pluviométrie	2	texte	75458
troupeau	2	texte	75458
zébu	1	texte	75458
mouton	1	texte	75458
chèvre	1	texte	75458
climatologie	1	texte	75458
perturber	1	texte	75458
545	1	texte	75458
plant	1	texte	75458
sénégalais	2	texte	75458
aliou	2	texte	75458
guisser	2	texte	75458
ucad	2	texte	75458
cheikh	1	texte	75458
antadiop	1	texte	75458
codirecteur	1	texte	75458
endémiquer	1	texte	75458
poussaient	1	texte	75458
alentours	1	texte	75458
méticuleux	1	texte	75458
rémunérer	1	texte	75458
allégement	1	texte	75458
corvée	1	texte	75458
chargent	1	texte	75458
parefeu	1	texte	75458
aménager	1	texte	75458
réapparaître	1	texte	75458
reboiser	1	texte	75458
bétail	1	texte	75458
brièvemer	1	texte	75458
terreslà	1	texte	75458
chass	1	texte	75458
defccs	1	texte	75458
herbe	1	texte	75458
nullement	1	texte	75458
mordre	1	texte	75458
defcc	1	texte	75458
goutteàgoutt	1	texte	75458
maraîchage	1	texte	75458
widou	1	texte	75458
thiengoli	1	texte	75458
caillé	1	texte	75458
coucou	1	texte	75458
mil	1	texte	75458
hypertension	1	texte	75458
dispensaire	1	texte	75458
bête	1	texte	75458
dépense	1	texte	75458
incessant	1	texte	75458
instituteur	1	texte	75458
curieusemer	1	texte	75458
camion	1	texte	75458
intelligemment	1	texte	75458
lentement	1	texte	75458
umiess	1	texte	75458
cnrst	1	texte	75458
ouagadougou	1	texte	75458
ugb	1	texte	75458
usttb	1	texte	75458
bamako	1	texte	75458
mali	2	texte	75458
mauritanie	1	texte	75458
niger	1	texte	75458
nigeria	1	texte	75458
tchad	1	texte	75458
soudan	1	texte	75458
ethiopi	1	texte	75458
erythré	1	texte	75458
acacia	3	texte	75458
senegal	1	texte	75458
raddiana	1	texte	75458
ziziphus	1	texte	75458
mauritania	1	texte	75458
nilotica	1	texte	75458
balanite	1	texte	75458
aegyptiaca	1	texte	75458
tamarindu	1	texte	75458
indica	1	texte	75458
"- umi-ess - gilles boëtsch - email : gilles.boetsch@gmail.com- a lire : ""le cnrs lance une première opération d'envergure en afrique"" - be france 222 - 27/02/2009 - http://www.bulletins-electroniques.com/actualites/57973.htm"	1	contact	75458
gilles boëtsch, directeur de l'unité mixte international environnement, santé, sociétés (umi-ess) et de l'observatoire hommes-milieux international de téssékéré (ohmi), deux structures basées au sénégal crédits : cnrs photothèque / sébastien godefroy	1	legendeImage	75458
la grande muraille verte, 7700 km à travers 11 pays d'afrique crédits : cnrs photothèque/ohm-axel ducourneau	1	legendeImage	75458
une pépinière de jeunes plants d'acacias à widou thiengoli au sénégal, avant qu'ils ne soient plantés dans les parcelles de la grande muraille verte (gmv) à la saison des pluies crédits : cnrs/photothèque - axel ducourneau	1	legendeImage	75458
"un doctorant en écologie végétale à l'université cheikh anta diop de dakar suit l'évolution de l'espèce ""balanites aegyptiaca"", dattier du désert, sur le tracé de la grande muraille verte. crédits : cnrs photothèque - axel durcourneau"	1	legendeImage	75458
soidiser	1	texte	74752
immanquablemer	1	texte	74752
cantonner	1	texte	74752
cuisinier	2	texte	74752
tarte	2	texte	74752
grandmèr	1	texte	74752
fantasmé	1	texte	74752
gastronomie	2	texte	74752
étoilé	1	texte	74752
mar	3	texte	74752
auguste	1	texte	74752
escoffier	1	texte	74752
haumont	3	texte	74752
pâtisserie	1	texte	74752
fermentation	1	texte	74752
boulangerie	1	texte	74752
marx	1	texte	74752
dunod	1	texte	74752
étoiler	1	texte	74752
cela	1	texte	74752
émulsionne	1	texte	74752
gèl	1	texte	74752
cuir	1	texte	74752
jaune	1	texte	74752
oeuf	1	texte	74752
fou	1	texte	74752
editions dunod - elisabeth erhardy : tél. : +33 (0)1 4046 35 12 - email : eerhardy@dunod.com - http://www.dunod.fr	1	contact	74752
raphaël haumont, un étonnant chimiste en cuisine avec le chef étoilé thierry marx crédits : dunod	1	legendeImage	74752
devill	1	texte	68390
erc	1	texte	68390
acetate	1	texte	68390
zirconium	5	texte	68390
ordinaire	1	texte	68390
morphologie	2	texte	68390
obtenu	1	texte	68390
congélation	2	texte	68390
acétate	4	texte	68390
cation	1	texte	68390
anion	1	texte	68390
neutre	1	texte	68390
net	1	texte	68390
antigel	2	texte	68390
surprise	1	texte	68390
indéniable	1	texte	68390
laboratoire de synthèse et fonctionnalisation des céramiques (cnrs/saint-gobain) - sylvain deville : tél. : +33 (0)4 32 50 06 59 - email : sylvain.deville@saint-gobain.com	1	contact	68390
sur cette image, le matériau a été élaboré sans ajouter l'acétate de zirconium : sa structure ne comporte pas de motifs réguliers crédits : sylvain deville	1	legendeImage	68390
sur cette image, le matériau a été élaboré en ajoutant le sel : elle est composée de motifs réguliers de forme hexagonale crédits : sylvain deville	1	legendeImage	68390
newvecty	5	titre	68384
pitié	1	texte	68384
salpêtrièr	1	texte	68384
newvectys	1	texte	68384
translationnell	1	texte	68384
infectiologie	2	texte	68384
iasp	1	texte	68384
- inra/tours : thierry pineau, chef du département santé animale : tél. : +33 (0)2 47 42 77 75 - email : sa@tours.inra.fr- newvectys : http://www.newvectys.com	1	contact	68384
éternel	1	texte	74168
quart	1	texte	74168
extrapolation	1	texte	74168
tore	4	texte	74168
supra	5	texte	74168
entame	1	texte	74168
tungstenw	1	texte	74168
tungstène	9	texte	74168
proton	3	texte	74168
deutérium	5	texte	74168
hélium	5	texte	74168
astre	1	texte	74168
tritium	5	texte	74168
isotope	1	texte	74168
soviétique	1	texte	74168
toroïdal	1	texte	74168
poloïdal	1	texte	74168
faisabilité	1	texte	74168
bécoulet	1	texte	74168
titan	1	texte	74168
récupère	1	texte	74168
tor	1	texte	74168
déposition	2	texte	74168
becoulet	1	texte	74168
béryllium	1	texte	74168
cea - stéphane laveissière : +33 (0) 64 50 27 53 - email : stephane.laveissiere@cea.fr	1	contact	74168
vue générale du tokamak tore supra, installé à cadarache, dans le centre du cea crédits : cea	1	legendeImage	74168
etudes des paramètres d'un plasma depuis la salle de contrôle commande de tore supra crédits : p. stroppa/cea	1	legendeImage	74168
reconfiguration du tokamak tore supra dans le cadre du projet west crédits : cea	1	legendeImage	74168
image virtuelle du tokamak tore supra configuré pour le projet west crédits : cea	1	legendeImage	74168
connecting	3	titre	73438
elevator	1	texte	73438
speech	1	texte	73438
international connecting show - http://www.ics-show.com	1	contact	73438
jus	9	titre	74169
fijusraisol	4	titre	74169
arrachage	1	texte	74169
surproducteur	1	texte	74169
basculer	1	texte	74169
pénurie	1	texte	74169
foulonsopagly	3	texte	74169
ju	1	texte	74169
qualimed	1	texte	74169
payraud	3	texte	74169
poursuitil	1	texte	74169
pluriannualiser	1	texte	74169
rentabiliser	1	texte	74169
devient	1	texte	74169
évident	1	texte	74169
cherchentil	1	texte	74169
viticulteur	1	texte	74169
impatient	1	texte	74169
sa	1	texte	74169
roquecourb	1	texte	74169
sca	1	texte	74169
heracle	1	texte	74169
pech	1	texte	74169
oenologie	1	texte	74169
spo	1	texte	74169
vassal	1	texte	74169
icv	1	texte	74169
fiju	3	texte	74169
raisol	3	texte	74169
roule	1	texte	74169
foulon	1	texte	74169
soplagy	1	texte	74169
excès	1	texte	74169
optimisme	1	texte	74169
voyager	2	texte	74169,71617
foulon-sopagly - richard payraud - email : rpayraud@foulon-sopagly.fr	1	contact	74169
héliobiotec	4	titre	68385
cyanobactérie	1	texte	68385
hydrocarbure	1	texte	68385
surfacique	1	texte	68385
biodiesel	1	texte	68385
bouchesdurhône	1	texte	68385
bioénergétique	1	texte	68385
lb3m	1	texte	68385
ceacnrsuniversité	1	texte	68385
etatrégion	1	texte	68385
diffraction	3	texte	68391
abîmer	1	texte	68391
régularité	1	texte	68391
met	1	texte	68391
chamard	2	texte	68391
3ecole	1	texte	68391
surmont	1	texte	68391
infini	1	texte	68391
concrètemer	1	texte	68391
balaie	1	texte	68391
diffracté	1	texte	68391
dévier	1	texte	68391
cliché	1	texte	68391
détaille	1	texte	68391
ptychographie	1	texte	68391
1969	1	texte	68391
walter	1	texte	68391
hoppe	1	texte	68391
institut fresnel - virginie chamard : tél. : 33 (0)4 91 28 28 37 - email : virginie.chamard@fresnel.fr	1	contact	68391
physiopathologier	1	texte	75459
athérosclérose	1	texte	75459
quatrevingt	1	texte	75459
remaniement	1	texte	75459
transit	1	texte	75459
contingent	1	texte	75459
philip	2	texte	75459
baker	1	texte	75459
melbourne	1	texte	75459
wollongong	1	texte	75459
banlieue	1	texte	75459
sydney	1	texte	75459
natif	1	texte	75459
saôneetloire	1	texte	75459
éventuellemer	1	texte	75459
cetp	4	texte	75459
cholesteryl	1	texte	75459
ester	1	texte	75459
bonne	1	texte	75459
imaginaiton	1	texte	75459
solary	1	texte	75459
20122016	1	texte	75459
puisser	1	texte	75459
finement	1	texte	75459
soupçonner	1	texte	75459
caractérisé	1	texte	75459
apolipoprotéine	1	texte	75459
c1	1	texte	75459
dyslipidémie	1	texte	75459
sporadiquement	1	texte	75459
physiopathologique	1	texte	75459
gaston	1	texte	75459
bachelard	1	texte	75459
réformer	1	texte	75459
lipoprotein	1	texte	75459
cholesterol	1	texte	75459
what	1	texte	75459
else	1	texte	75459
umr 866 lipides, nutrition, santé - inserm - laurent lagrost - email : laurent.lagrost@u-bourgogne.fr	1	contact	75459
nanotechmap	4	titre	74747
atomisé	1	texte	74747
nanothinking	1	texte	74747
photographie	1	texte	74747
fich	1	texte	74747
actualiser	1	texte	74747
nanothinking - thomas dubouchet - email : thomas.dubouchet@nanothinking.com - http://www.nanothinking.com	1	contact	74747
by	2	texte	71617
vice	1	texte	71617
presider	1	texte	71617
smarter	2	texte	71617
skie	2	texte	71617
ecoclimb	1	texte	71617
pent	2	texte	71617
croisière	1	texte	71617
efficient	1	texte	71617
traînée	1	texte	71617
airbus - http://www.airbus.com	1	contact	71617
biovision	5	titre	75465
investor	1	texte	75465
proposera	1	texte	75465
catalyzer	1	texte	75465
biovision 2014 - http://www.biovision.org	1	contact	75465
bien veillir crédits : phovoir	1	legendeImage	75465
pcd	4	titre	72120
aerosol	4	titre	72120
dispensing	4	titre	72120
perfume	1	texte	72120
conditionneur	1	texte	72120
pouls	1	texte	72120
apparue	1	texte	72120
88	1	texte	72120
speaker	1	texte	72120
- pcd - http://www.pcd-congress.com/fr/- aerosol & dispensing forum - http://www.aerosol-forum.com/fr/	1	contact	72120
