token	sub
0	0
00	00
01	01
010	010
03	03
05	05
1	1
10	10
100	100
1000	1000
10000	10000
100000	100000
100b	100b
101	101
1015	1015
1024	1024
105	105
106	106
109	109
10ème	10ème
11	11
110	110
111	111
115	115
1160	1160
117	117
11ème	11ème
12	12
120	120
12000	12000
125	125
125000	125000
126	126
128	128
1280	1280
12mois	12mois
12ème	12ème
13	13
130	130
135	135
1367	1367
13ème	13ème
14	14
140	140
141	141
142	142
145	145
1466	1466
14ème	14ème
15	15
150	150
1500	1500
15000	15000
150000	150000
150ème	150ème
154	154
15ème	15ème
16	16
1600	1600
167	167
16ème	16ème
17	17
170	170
173000	173000
178	178
1780	1780
17ème	17ème
18	18
180	180
1809	1809
182	182
1859	1859
188	188
19	19
1901	1901
1925	1925
1940	1940
1946	1946
1950	1950
1953	1953
1954	1954
1959	1959
1960	1960
1961	1961
1963	1963
1969	1969
1970	1970
1973	1973
1978	1978
1979	1979
1980	1980
1981	1981
1982	1982
1983	1983
1985	1985
1987	1987
1989	1989
1990	1990
1991	1991
1992	1992
1993	1993
1994	1994
1995	1995
1996	1996
1997	1997
1998	1998
1a	1a
1b	1b
1cnrscea	1cnrscea
1er	1er
1formation	1formation
1l	1l
1laboratoires	1laboratoires
1ère	1ère
2	2
20	20
200	200
2000	2000
20000	20000
2001	2001
2002	2002
2003	2003
2004	2004
2005	2005
2006	2006
2007	2007
2008	2008
2009	2009
200m2	200m2
2010	2010
2011	2011
2011produire	2011produire
2012	2012
2012prix	2012prix
2013	2013
2013cuisine	2013cuisine
2013innovation	2013innovation
2014	2014
20148ème	20148ème
2014eco	2014eco
2015	2015
2016	2016
2016de	2016de
2017	2017
2018	2018
2020	2020
2020micro	2020micro
2023	2023
2025	2025
2030	2030
2035	2035
2040	2040
2050	2050
2050modification	2050modification
2060	2060
21	21
2100	2100
210000	210000
2106	2106
211	211
212	212
215	215
21ème	21ème
22	22
220	220
22000	22000
221	221
225	225
23	23
230	230
24	24
2400	2400
24000	24000
247	247
25	25
250	250
25000	25000
254	254
25ème	25ème
26	26
260	260
2600	2600
262	262
2685	2685
27	27
270	270
276	276
28	28
280	280
28000	28000
289	289
29	29
290000	290000
292	292
2d	2d
2d3d	2d3d
2entpe	2entpe
2kg	2kg
2è	2è
2ème	2ème
3	3
30	30
300	300
3000	3000
30000	30000
300000	300000
301	301
31	31
312	312
314	314
32	32
33	33
33ème	33ème
33èmes	33èmes
34	34
35	35
350	350
350000	350000
352	352
356	356
36	36
365	365
38	38
3bcar	3bcar
3c	3c
3d	3d
3d2d	3d2d
3e	3e
3ecole	3ecole
3inp	3inp
3ème	3ème
4	4
40	40
400	400
4000	4000
40000	40000
41	41
410c	410c
41ème	41ème
42	42
43	43
449	449
45	45
450	450
46	46
47	47
48	48
4i	4i
4ème	4ème
5	5
50	50
500	500
5000	5000
50000	50000
500000	500000
5050	5050
52	52
525	525
53	53
545	545
55	55
559	559
560	560
567	567
576	576
58	58
5ème	5ème
6	6
60	60
600	600
6000	6000
606	606
61	61
620	620
631	631
64	64
65	65
650	650
65ème	65ème
68	68
69	69
69000	69000
694	694
6ème	6ème
7	7
70	70
700	700
7000	7000
700000	700000
710	710
715	715
72000	72000
73	73
737	737
74	74
747	747
75	75
750	750
750000	750000
7600	7600
7700	7700
774000	774000
7ème	7ème
8	8
80	80
800	800
8000	8000
800000	800000
83	83
84	84
845	845
85	85
86	86
865	865
866	866
87	87
88	88
897université	897université
8ème	8ème
9	9
90	90
900	900
9000	9000
901	901
93	93
95	95
968	968
970	970
972	972
98	98
9ème	9ème
a	
a320	a320
a320neo	a320neo
a350	a350
a380	a380
aarhus	aarhus
abandonner	abandonner
abandonnées	abandonnées
abattus	abattus
abbaye	abbaye
abeille	abeille
abeilles	abeilles
abiotique	abiotique
ablation	ablation
abondance	abondance
abondante	abondante
abord	abord
aborde	aborde
aborder	aborder
abordera	abordera
aborderont	aborderont
abordé	abordé
abordée	abordée
abordées	abordées
abordés	abordés
abouti	abouti
aboutir	aboutir
aboutira	aboutira
aboutiront	aboutiront
aboutissement	aboutissement
aboutissez	aboutissez
aboutit	aboutit
abri	abri
abrite	abrite
abritent	abritent
abriter	abriter
abritera	abritera
absence	absence
absolu	absolu
absolus	absolus
absorbe	absorbe
absorber	absorber
absorbons	absorbons
absorption	absorption
abstraire	abstraire
abstraites	abstraites
abstress	abstress
absurde	absurde
abusent	abusent
abyssaux	abyssaux
abîmer	abîmer
acacia	acacia
academies	academies
academy	academy
académiciens	académiciens
académie	académie
académie5ème	académie5ème
académies	académies
académique	académique
académiques	académiques
acare	acare
accelerator	accelerator
accent	accent
acceptabilité	acceptabilité
acceptable	acceptable
acceptables	acceptables
acceptant	acceptant
accepter	accepter
acceptera	acceptera
accepté	accepté
accessible	accessible
accessibles	accessibles
accident	accident
accidentellement	accidentellement
accidents	accidents
accidentée	accidentée
acclimater	acclimater
accompagnant	accompagnant
accompagne	accompagne
accompagnement	accompagnement
accompagnent	accompagnent
accompagner	accompagner
accompagnons	accompagnons
accompagné	accompagné
accompagnée	accompagnée
accompagnées	accompagnées
accompagnés	accompagnés
accomplir	accomplir
accord	accord
accordable	accordable
accorde	accorde
accords	accords
accostage	accostage
accrocher	accrocher
accroissement	accroissement
accroissent	accroissent
accroît	accroît
accroître	accroître
accru	accru
accrue	accrue
accréditée	accréditée
accueil	accueil
accueillant	accueillant
accueillantes	accueillantes
accueille	accueille
accueillera	accueillera
accueilli	accueilli
accueillie	accueillie
accueillir	accueillir
accueillis	accueillis
accumulateurs	accumulateurs
accumulation	accumulation
accumuler	accumuler
accumulées	accumulées
accusé	accusé
accèdent	accèdent
accès	accès
accéder	accéder
accélérateur	accélérateur
accélérateurs	accélérateurs
accélération	accélération
accélérer	accélérer
accéléromètres	accéléromètres
accélérée	accélérée
acetate	acetate
acharné	acharné
achat	achat
acheminement	acheminement
acheter	acheter
achever	achever
achevé	achevé
achevée	achevée
achille	achille
achève	achève
achèvent	achèvent
achèvera	achèvera
acid	acid
acide	acide
acides	acides
acidité	acidité
acier	acier
acipenser	acipenser
acoustic	acoustic
acousticiens	acousticiens
acoustique	acoustique
acoustiquemusique	acoustiquemusique
acoustiques	acoustiques
acousto	acousto
acquiert	acquiert
acquis	acquis
acquise	acquise
acquises	acquises
acquisition	acquisition
acquisitions	acquisitions
acquérir	acquérir
acte	acte
actes	actes
acteur	acteur
acteurs	acteurs
actia	actia
actif	actif
actifs	actifs
actilait	actilait
actilaitpremiers	actilaitpremiers
action	action
actionnaire	actionnaire
actionnaires	actionnaires
actionnarial	actionnarial
actionneurs	actionneurs
actions	actions
actis	actis
activation	activation
active	active
activement	activement
actives	actives
activité	activité
activités	activités
activée	activée
activées	activées
activés	activés
actualisées	actualisées
actualité	
actualités	actualités
actuel	actuel
actuelle	actuelle
actuellement	actuellement
actuellement200	actuellement200
actuellementvaimos	actuellementvaimos
actuelles	actuelles
actuels	actuels
acuité	acuité
acv	acv
acétate	acétate
adaptable	adaptable
adaptatif	adaptatif
adaptatifs	adaptatifs
adaptation	adaptation
adaptationcolloque	adaptationcolloque
adaptations	adaptations
adaptative	adaptative
adapte	adapte
adaptent	adaptent
adapter	adapter
adapté	adapté
adaptée	adaptée
adaptées	adaptées
adaptés	adaptés
additif	additif
additifs	additifs
additionnel	additionnel
adecal	adecal
ademe	ademe
adept	adept
adhérences	adhérences
adhérent	adhérent
adhérente	adhérente
adhérentes	adhérentes
adhérents	adhérents
adhérer	adhérer
adhéré	adhéré
adhésif	adhésif
adhésion	adhésion
adjoint	adjoint
adjoints	adjoints
adjonction	adjonction
adjuvants	adjuvants
administrateur	administrateur
administration	administration
administrations	administrations
administratives	administratives
administrée	administrée
admirer	admirer
admis	admis
adn	adn
adolescent	adolescent
adoptent	adoptent
adoption	adoption
adoptée	adoptée
adoptés	adoptés
adosser	adosser
adossé	adossé
adossée	adossée
adour	adour
adresse	adresse
adresser	adresser
adria	adria
adriatique	adriatique
adrien	adrien
ads	ads
adsl	adsl
adsorption	adsorption
adulte	adulte
adultes	adultes
advanced	advanced
advisor	advisor
advisory	advisory
adéquat	adéquat
adéquate	adéquate
adéquates	adéquates
aedes	aedes
aegypti	aegypti
aegyptiaca	aegyptiaca
aeria	aeria
aero	aero
aerocampus	aerocampus
aerokwai	aerokwai
aeronautics	aeronautics
aerosol	aerosol
aerospace	aerospace
aerospatial	aerospatial
aerowing	aerowing
afam	afam
aff	aff
affaire	affaire
affaires	affaires
affectant	affectant
affecte	affecte
affectent	affectent
affecter	affecter
affection	affection
affective	affective
affecté	affecté
affichant	affichant
affiche	affiche
affichent	affichent
afficher	afficher
affiché	affiché
affichée	affichée
affichés	affichés
affilée	affilée
affinage	affinage
affiner	affiner
affinés	affinés
affirme	affirme
affirmer	affirmer
affirmons	affirmons
affirmé	affirmé
affluent	affluent
affranchir	affranchir
affronter	affronter
affût	affût
afin	
afis	afis
afni	afni
afnor	afnor
afpa	afpa
africain	africain
africaine	africaine
africains	africains
afrique	afrique
afriqueera	afriqueera
aft	aft
agathe	agathe
age	age
agence	agence
agences	agences
agenda	agenda
agent	agent
agents	agents
agglomération	agglomération
aggravants	aggravants
aggravation	aggravation
aggroalimentaires	aggroalimentaires
agilité	agilité
agir	agir
agira	agira
agirait	agirait
agissaient	agissaient
agissait	agissait
agisse	agisse
agissent	agissent
agit	agit
agitation	agitation
agon	agon
agonistes	agonistes
agrandir	agrandir
agrene	agrene
agresseur	agresseur
agressions	agressions
agri	agri
agricole	agricole
agricoles	agricoles
agriculteurs	agriculteurs
agriculture	agriculture
agricultures	agricultures
agrimip	agrimip
agro	agro
agroalimenairefrisbee	agroalimenairefrisbee
agroalimentaire	agroalimentaire
agroalimentaires	agroalimentaires
agroalimentaireune	agroalimentaireune
agrochimie	agrochimie
agrochimique	agrochimique
agroenvironnement	agroenvironnement
agronome	agronome
agronomes	agronomes
agronomie	agronomie
agronomique	agronomique
agronov	agronov
agroparis	agroparis
agroparistech	agroparistech
agrossup	agrossup
agrosup	agrosup
agrosystèmes	agrosystèmes
agroécologie	agroécologie
agrège	agrège
agrène	agrène
agrès	agrès
agréable	agréable
agrégat	agrégat
agrégation	agrégation
agrégats	agrégats
agréée	agréée
aguea	aguea
aguerris	aguerris
agées	agées
ai	ai
aidants	aidants
aide	aide
aider	aider
aides	aides
aient	aient
aiguille	aiguille
aile	aile
ailleurs	ailleurs
aimara	aimara
aime	aime
aimerait	aimerait
ain	ain
ainsi	
air	air
airbus	airbus
aircore	aircore
aircraft	aircraft
aires	aires
airs	airs
aiserey	aiserey
aisément	aisément
ait	ait
aix	aix
ajout	ajout
ajoutant	ajoutant
ajoute	ajoute
ajoutent	ajoutent
ajouter	ajouter
ajoutez	ajoutez
ajoutons	ajoutons
ajouts	ajouts
ajouté	ajouté
ajoutée	ajoutée
ajoutéle	ajoutéle
ajoutés	ajoutés
ajustements	ajustements
ajusteuse	ajusteuse
alabouvette	alabouvette
aladin	aladin
alain	alain
alarme	alarme
alba	alba
albert	albert
alcatel	alcatel
alcoolique	alcoolique
alcoolisme	alcoolisme
aldebaran	aldebaran
alenia	alenia
alentours	alentours
alerte	alerte
alerté	alerté
alertés	alertés
ales	ales
alexandre	alexandre
alexandrines	alexandrines
alf	alf
alfort	alfort
algorithme	algorithme
algorithmes	algorithmes
algues	algues
algérie	algérie
ali	ali
alia	alia
alice	alice
alignés	alignés
aliment	aliment
alimentaire	alimentaire
alimentaires	alimentaires
alimentation	alimentation
alimente	alimente
alimentec	alimentec
alimentent	alimentent
alimenter	alimenter
aliments	aliments
alimentsbiophytis	alimentsbiophytis
alimenté	alimenté
alimentée	alimentée
alimentées	alimentées
aliou	aliou
aliss	aliss
alkan	alkan
allaert	allaert
allaient	allaient
allait	allait
allaitement	allaitement
allaité	allaité
allant	allant
allemagne	allemagne
allemand	allemand
allemandes	allemandes
allemands	allemands
allenvi	allenvi
aller	aller
allergies	allergies
allergiques	allergiques
allergisante	allergisante
allergologues	allergologues
allergènes	allergènes
allergénicité	allergénicité
allers	allers
allez	allez
alliages	alliages
alliance	alliance
allier	allier
allions	allions
allocution	allocution
allongement	allongement
allons	allons
allure	allure
allèles	allèles
allé	allé
allée	allée
allégations	allégations
allégement	allégement
alléger	alléger
allés	allés
almasat	almasat
alone	alone
along	along
alors	
alpes	alpes
alpespace	alpespace
alpha	alpha
alpin	alpin
alpine	alpine
alsace	alsace
alter	alter
alterindustrialisation	alterindustrialisation
alternance	alternance
alternant	alternant
alternatifs	alternatifs
alternative	alternative
alternatives	alternatives
altika	altika
altimètre	altimètre
altimétrie	altimétrie
altimétrique	altimétrique
altitude	altitude
altitudes	altitudes
altran	altran
altérer	altérer
altéré	altéré
altérés	altérés
alumine	alumine
aluminium	aluminium
alzheimer	alzheimer
alès	alès
aléas	aléas
amalgame	amalgame
amas	amas
ambassade	ambassade
ambiance	ambiance
ambiante	ambiante
ambiguïté	ambiguïté
ambitieux	ambitieux
ambition	ambition
ambitionne	ambitionne
ambitions	ambitions
ambroisie	ambroisie
ambrosia	ambrosia
ambulatoire	ambulatoire
amenant	amenant
amendements	amendements
amender	amender
amener	amener
amené	amené
amenées	amenées
amenés	amenés
amer	amer
america	america
american	american
amertume	amertume
amf	amf
ami	ami
amical	amical
aminé	aminé
aminés	aminés
amiral	amiral
amm	amm
ammoniac	ammoniac
amont	amont
amorcer	amorcer
amortisseur	amortisseur
amorçage	amorçage
amovible	amovible
amphis	amphis
amphithéâtre	amphithéâtre
amplement	amplement
ampleur	ampleur
amplifiant	amplifiant
amplificateur	amplificateur
amplificateurs	amplificateurs
amplification	amplification
amplificatrice	amplificatrice
amplificatrices	amplificatrices
amplifient	amplifient
amplifier	amplifier
amplifiée	amplifiée
amplifiées	amplifiées
amplifying	amplifying
ampère	ampère
ams	ams
amsterdam	amsterdam
amundi	amundi
amusant	amusant
amusez	amusez
amylgen	amylgen
amyloid	amyloid
amyloïde	amyloïde
amyotrophique	amyotrophique
amène	amène
amènent	amènent
améliane	améliane
améliorant	améliorant
amélioration	amélioration
améliorations	améliorations
améliorent	améliorent
améliorer	améliorer
améliorons	améliorons
améliorées	améliorées
améliorés	améliorés
aménagement	aménagement
aménagements	aménagements
aménageurs	aménageurs
aménagés	aménagés
américain	américain
américaine	américaine
américaines	américaines
américains	américains
amérique	amérique
an	an
analogue	analogue
analogues	analogues
analysant	analysant
analyse	analyse
analyser	analyser
analyses	analyses
analyste	analyste
analystes	analystes
analysée	analysée
analysées	analysées
analytical	analytical
analytics	analytics
analytique	analytique
analytiques	analytiques
anania	anania
anantharaman	anantharaman
anatomie	anatomie
ancien	ancien
ancienne	ancienne
anciennes	anciennes
ancienneté	ancienneté
anciens	anciens
ancre	ancre
and	and
andine	andine
andrews	andrews
androconie	androconie
androconies	androconies
android	android
andré	andré
anecdote	anecdote
anecdotes	anecdotes
anesthésiantes	anesthésiantes
anesthésique	anesthésique
anesthésiques	anesthésiques
angers	angers
angewandte	angewandte
anglais	anglais
angle	angle
angles	angles
angleterre	angleterre
anglo	anglo
angströms	angströms
angusticeps	angusticeps
anicap	anicap
animal	animal
animale	animale
animales	animales
animalespartenariat	animalespartenariat
animals	animals
animateur	animateur
animation	animation
animations	animations
animaux	animaux
animauxun	animauxun
anime	anime
animer	animer
animera	animera
animé	animé
animées	animées
anions	anions
anjou	anjou
anl	anl
anne	anne
anneau	anneau
annexe	annexe
annie	annie
anniversaire	anniversaire
annonce	annonce
annoncent	annoncent
annoncer	annoncer
annoncé	annoncé
annonçait	annonçait
annotée	annotée
annualiser	annualiser
annuel	annuel
annuelle	annuelle
annuelles	annuelles
annuels	annuels
annulation	annulation
année	année
annéearts	annéearts
annéel	annéel
années	années
annéessunaero	annéessunaero
annéesthéorème	annéesthéorème
annéetroubles	annéetroubles
anomalie	anomalie
anomalies	anomalies
anonyme	anonyme
anonymes	anonymes
anormale	anormale
anormaux	anormaux
anr	anr
anru2	anru2
ans	ans
anses	anses
anta	anta
antagonistes	antagonistes
antarctique	antarctique
antares	antares
antem	antem
antenne	antenne
antennes	antennes
anthropique	anthropique
anthropiques	anthropiques
anthropologie	anthropologie
anthropologue	anthropologue
anthropologues	anthropologues
anti	anti
antibiotique	antibiotique
antibiotiques	antibiotiques
anticancéreuse	anticancéreuse
anticipant	anticipant
anticipation	anticipation
anticiper	anticiper
anticipées	anticipées
anticorps	anticorps
anticorpspremières	anticorpspremières
antidépresseurs	antidépresseurs
antigel	antigel
antigelun	antigelun
antigènes	antigènes
antilles	antilles
antimicrobien	antimicrobien
antimicrobiens	antimicrobiens
antimigraineux	antimigraineux
antimonure	antimonure
antine	antine
antioxydant	antioxydant
antioxydants	antioxydants
antipolis	antipolis
antiseptiques	antiseptiques
antiépileptiques	antiépileptiques
antoine	antoine
aoc	aoc
aon	aon
août	août
ap	ap
ap1000	ap1000
aperçu	aperçu
apix	apix
aplatie	aplatie
apolipoprotéine	apolipoprotéine
apollon	apollon
appam	appam
apparaissait	apparaissait
apparaissent	apparaissent
apparaît	apparaît
apparaître	apparaître
appareil	appareil
appareiller	appareiller
appareillées	appareillées
appareils	appareils
apparente	apparente
apparenté	apparenté
apparition	apparition
apparié	apparié
appartenant	appartenant
appartiennent	appartiennent
appartient	appartient
apparu	apparu
apparue	apparue
apparues	apparues
appel	appel
appelait	appelait
appeler	appeler
appelions	appelions
appellation	appellation
appellations	appellations
appelle	appelle
appellent	appellent
appellerais	appellerais
appelons	appelons
appels	appels
appelé	appelé
appelée	appelée
appelées	appelées
appleton	appleton
appli	appli
applicable	applicable
applicables	applicables
applicatifs	applicatifs
application	application
applications	applications
applicationsilluminer	applicationsilluminer
applied	applied
appliquant	appliquant
applique	applique
appliquent	appliquent
appliquer	appliquer
appliquions	appliquions
appliqué	appliqué
appliquée	appliquée
appliquées	appliquées
appliqués	appliqués
appoint	appoint
apport	apport
apportant	apportant
apporte	apporte
apportent	apportent
apporter	apporter
apporteront	apporteront
apportons	apportons
apports	apports
apporté	apporté
apportées	apportées
apprenait	apprenait
apprenant	apprenant
apprenants	apprenants
apprend	apprend
apprendre	apprendre
apprendront	apprendront
apprenne	apprenne
apprenti	apprenti
apprentie	apprentie
apprentis	apprentis
apprentissage	apprentissage
apprentissages	apprentissages
appris	appris
approchant	approchant
approche	approche
approchent	approchent
approches	approches
approfondie	approfondie
approfondir	approfondir
appropriables	appropriables
approprient	approprient
approprier	approprier
appropriés	appropriés
approuve	approuve
approuvée	approuvée
approvisionnement	approvisionnement
approvisionnements	approvisionnements
appréciation	appréciation
apprécie	apprécie
apprécient	apprécient
apprécier	apprécier
apprécié	apprécié
appréciée	appréciée
appréhender	appréhender
appréhension	appréhension
appui	appui
appuie	appuie
appuiera	appuiera
appuieront	appuieront
appuyant	appuyant
appuyer	appuyer
appuyez	appuyez
appuyé	appuyé
appuyée	appuyée
appétence	appétence
appétit	appétit
après	après
apte	apte
aptes	aptes
aptitude	aptitude
aptitudes	aptitudes
aquaculture	aquaculture
aquarium	aquarium
aquasourça	aquasourça
aquatique	aquatique
aquatiques	aquatiques
aqueuse	aqueuse
aquifères	aquifères
aquimer	aquimer
aquitaine	aquitaine
arabe	arabe
arabes	arabes
arabidopsis	arabidopsis
aragonite	aragonite
araignées	araignées
arbault	arbault
arbre	arbre
arbres	arbres
arbresmicroorganismes	arbresmicroorganismes
arc	arc
arcachon	arcachon
arcanes	arcanes
architecte	architecte
architectes	architectes
architecture	architecture
architectures	architectures
archon	archon
archéologie	archéologie
archéologique	archéologique
archéologiques	archéologiques
archéologue	archéologue
archéologues	archéologues
archétype	archétype
arctique	arctique
arctiques	arctiques
areva	areva
argent	argent
argile	argile
argileux	argileux
argilo	argilo
argos	argos
argument	argument
ariane	ariane
arianespace	arianespace
ariatt	ariatt
arilait	arilait
arimnet	arimnet
aritt	aritt
ariège	ariège
arkaeos	arkaeos
arkamys	arkamys
arkema	arkema
armand	armand
arme	arme
armement	armement
armes	armes
armoise	armoise
armée	armée
armées	armées
armés	armés
arn	arn
arnaud	arnaud
aromatiques	aromatiques
aromatisation	aromatisation
arome	arome
arp	arp
arpège	arpège
arrachage	arrachage
arrangent	arrangent
arranger	arranger
array	array
arrivant	arrivant
arrive	arrive
arrivent	arrivent
arriver	arriver
arriveront	arriveront
arrivée	arrivée
arrivées	arrivées
arrivés	arrivés
arrière	arrière
arrosage	arrosage
arrêt	arrêt
arrête	arrête
arrêter	arrêter
arrêtons	arrêtons
arrêtés	arrêtés
arséniure	arséniure
art	art
artemis	artemis
artemisiifolia	artemisiifolia
arthropodes	arthropodes
artichaut	artichaut
article	article
articles	articles
articleune	articleune
articulaires	articulaires
articulant	articulant
articulation	articulation
articule	articule
articulent	articulent
articulera	articulera
articuleront	articuleront
artificiel	artificiel
artificielle	artificielle
artificielles	artificielles
artificiels	artificiels
artisanal	artisanal
artisanale	artisanale
artisanales	artisanales
artisanat	artisanat
artisanaux	artisanaux
artistes	artistes
arts	arts
arve	arve
arôme	arôme
arômes	arômes
as	as
ascension	ascension
ascq	ascq
asi	asi
asiatiques	asiatiques
asie	asie
asipag	asipag
asn	asn
aspect	aspect
aspects	aspects
asperge	asperge
aspirations	aspirations
assainissement	assainissement
assemblage	assemblage
assemblages	assemblages
assemblent	assemblent
assembler	assembler
assemblées	assemblées
assemblés	assemblés
asset	asset
assez	assez
assiami	assiami
assiette	assiette
assiettes	assiettes
assimilation	assimilation
assimile	assimile
assimilé	assimilé
assimilée	assimilée
assis	assis
assises	assises
assistait	assistait
assistance	assistance
assistant	assistant
assiste	assiste
assistent	assistent
assister	assister
assistera	assistera
assistons	assistons
assistée	assistée
assistés	assistés
assocation	assocation
associant	associant
association	association
associations	associations
associative	associative
associatives	associatives
associe	associe
associent	associent
associer	associer
associé	associé
associée	associée
associées	associées
associés	associés
assortie	assortie
assumant	assumant
assurait	assurait
assurance	assurance
assurant	assurant
assure	assure
assurent	assurent
assurer	assurer
assuré	assuré
assurée	assurée
assystem	assystem
assène	assène
astech	astech
aster	aster
asteralis	asteralis
astre	astre
astrium	astrium
astrocytes	astrocytes
astrolabe	astrolabe
astronautes	astronautes
astronautique	astronautique
astrophysique	astrophysique
asymptomatique	asymptomatique
atec	atec
atee	atee
atelier	atelier
ateliers	ateliers
ateliersdébats	ateliersdébats
athlète	athlète
athéna	athéna
athérosclérose	athérosclérose
ati	ati
atlantique	atlantique
atmospheric	atmospheric
atmosphère	atmosphère
atmosphérique	atmosphérique
atmosphériques	atmosphériques
atoll	atoll
atome	atome
atomes	atomes
atomique	atomique
atomisé	atomisé
atopic	atopic
atopica	atopica
atout	atout
atouts	atouts
atpu	atpu
atr	atr
atrophie	atrophie
attachant	attachant
attache	attache
attaches	attaches
attachées	attachées
attachés	attachés
attapulgite	attapulgite
attaque	attaque
attaquer	attaquer
attaques	attaques
attaqués	attaqués
attarde	attarde
attarder	attarder
atteignait	atteignait
atteignant	atteignant
atteindra	atteindra
atteindre	atteindre
atteindrons	atteindrons
atteint	atteint
atteinte	atteinte
atteintes	atteintes
atteints	atteints
atteler	atteler
attend	attend
attendant	attendant
attendent	attendent
attendons	attendons
attendre	attendre
attendu	attendu
attendue	attendue
attendues	attendues
attendus	attendus
attentat	attentat
attentats	attentats
attente	attente
attentes	attentes
attentif	attentif
attentifs	attentifs
attentil	attentil
attention	attention
atterrissage	atterrissage
atterrissages	atterrissages
attester	attester
attirent	attirent
attirer	attirer
attitudes	attitudes
attractif	attractif
attractifs	attractifs
attraction	attraction
attractivité	attractivité
attribution	attribution
attribué	attribué
attribuée	attribuée
attribuées	attribuées
attribués	attribués
atténuant	atténuant
atténuation	atténuation
atv	atv
atv2	atv2
atv3	atv3
atypique	atypique
atypiques	atypiques
au	
aubage	aubage
aube	aube
aubert	aubert
aubes	aubes
aucun	aucun
aucune	aucune
audacieux	audacieux
audio	audio
audiogramme	audiogramme
audit	audit
auditif	auditif
audition	audition
auditive	auditive
auditives	auditives
auditoires	auditoires
augmentait	augmentait
augmentation	augmentation
augmente	augmente
augmenter	augmenter
augmenté	augmenté
augmentée	augmentée
augsburg	augsburg
auguste	auguste
aujourd	
auo	auo
aupalesens	aupalesens
auparavant	auparavant
auprès	auprès
auquel	auquel
aura	aura
auraient	auraient
aurais	aurais
aurait	aurait
auras	auras
aureus	aureus
aurinvest	aurinvest
aurons	aurons
auront	auront
auroy	auroy
ausculter	ausculter
aussi	
aussitôt	aussitôt
australe	australe
australie	australie
austère	austère
autant	
auteur	auteur
auteurs	auteurs
authenticité	authenticité
authentification	authentification
authentique	authentique
auto	auto
autobus	autobus
autochtones	autochtones
autocuiseur	autocuiseur
autodirecteurs	autodirecteurs
autofinancer	autofinancer
automated	automated
automatique	automatique
automatiquement	automatiquement
automatiques	automatiques
automatisation	automatisation
automatiser	automatiser
automatismes	automatismes
automatisé	automatisé
automatisée	automatisée
automatisées	automatisées
automatisés	automatisés
automne	automne
automobile	automobile
automobiles	automobiles
automobilesresqme	automobilesresqme
autonome	autonome
autonomes	autonomes
autonomie	autonomie
autonomieet	autonomieet
autoproduits	autoproduits
autorisant	autorisant
autorisation	autorisation
autorise	autorise
autorité	autorité
autorités	autorités
autoroute	autoroute
autoroutes	autoroutes
autoréparable	autoréparable
autour	autour
autre	autre
autrefois	autrefois
autrement	autrement
autres	
autriche	autriche
auvergne	auvergne
aux	
auxerre	auxerre
auxiliaires	auxiliaires
auxquelles	auxquelles
auxquels	auxquels
avaient	avaient
avais	avais
avait	avait
aval	aval
avalanche	avalanche
avance	avance
avancement	avancement
avancer	avancer
avanciez	avanciez
avancée	avancée
avancées	avancées
avancés	avancés
avant	avant
avantage	avantage
avantages	avantages
avantageuses	avantageuses
avatar	avatar
avec	
avenir	avenir
avenirs	avenirs
aventure	aventure
aversions	aversions
avertissement	avertissement
aveyron	aveyron
avez	avez
avia	avia
aviation	aviation
avicenne	avicenne
avicole	avicole
aviculture	aviculture
avion	avion
avionneur	avionneur
avionneurs	avionneurs
avions	avions
avis	avis
avoir	avoir
avons	avons
avoue	avoue
avouer	avouer
avril	avril
avum	avum
avère	avère
avèrent	avèrent
avérait	avérait
avérant	avérant
avérer	avérer
avéré	avéré
awards	awards
ax	ax
axe	axe
axel	axel
axer	axer
axes	axes
axé	axé
axée	axée
axées	axées
axés	axés
ayant	ayant
azimuts	azimuts
azote	azote
azoture	azoture
azotée	azotée
azur	azur
açores	açores
aérien	aérien
aériennes	aériennes
aériens	aériens
aérodynamique	aérodynamique
aérodynamiques	aérodynamiques
aéromaritime	aéromaritime
aéronautique	aéronautique
aéronautiques	aéronautiques
aéronefs	aéronefs
aéroport	aéroport
aéroports	aéroports
aéroportuaires	aéroportuaires
aérospatial	aérospatial
aérotechnique	aérotechnique
aérothermique	aérothermique
aérothermiqueoptimisation	aérothermiqueoptimisation
aérothermiques	aérothermiques
aérée	aérée
aînée	aînée
b	b
b2b	b2b
b2v	b2v
b9	b9
babethanol	babethanol
bac	bac
bac3	bac3
baccalauréat	baccalauréat
bach	bach
bachelard	bachelard
bacheliers	bacheliers
bachelor	bachelor
bactéricides	bactéricides
bactérie	bactérie
bactérien	bactérien
bactérienne	bactérienne
bactériennes	bactériennes
bactériens	bactériens
bactéries	bactéries
bagages	bagages
bagarre	bagarre
bague	bague
bahru	bahru
baigne	baigne
bailleurs	bailleurs
bains	bains
baissant	baissant
baisse	baisse
baisser	baisser
baker	baker
balaie	balaie
balaieront	balaieront
balance	balance
balanites	balanites
balard	balard
balayage	balayage
balayer	balayer
balbutiante	balbutiante
bali	bali
ballester	ballester
ballon	ballon
ballons	ballons
baltique	baltique
bamako	bamako
banal	banal
banalisées	banalisées
banals	banals
banc	banc
bancaire	bancaire
bancs	bancs
bande	bande
bang	bang
bangalore	bangalore
bangladais	bangladais
bangladesh	bangladesh
banjamin	banjamin
bank	bank
banlieue	banlieue
bannière	bannière
banque	banque
banquier	banquier
banquise	banquise
bao	bao
baptisant	baptisant
baptiste	baptiste
baptisé	baptisé
baptisée	baptisée
baptisées	baptisées
baptisés	baptisés
barbara	barbara
barcelone	barcelone
barque	barque
barquettes	barquettes
barracuda	barracuda
barrage	barrage
barrages	barrages
barre	barre
barreau	barreau
barrière	barrière
barrières	barrières
bars	bars
barter	barter
baryonic	baryonic
baryoniques	baryoniques
bas	bas
basculé	basculé
base	base
bases	bases
basiques	basiques
basse	basse
basses	basses
bassin	bassin
bassins	bassins
bastien	bastien
basé	basé
basée	basée
basées	basées
basés	basés
bataille	bataille
batailler	batailler
bateau	bateau
bateaux	bateaux
batiénergie	batiénergie
battant	battant
battants	battants
battent	battent
batterie	batterie
batteries	batteries
battre	battre
bauce	bauce
be	be
beau	beau
beaucoup	beaucoup
beaujolais	beaujolais
beauvais	beauvais
beaux	beaux
beaver	beaver
becoulet	becoulet
beihang	beihang
bel	bel
belge	belge
belgique	belgique
belle	belle
belles	belles
bene	bene
benefit	benefit
benfield	benfield
benharrosh	benharrosh
benjamin	benjamin
benoit	benoit
berceau	berceau
berck	berck
berkeley	berkeley
berlin	berlin
bernard	bernard
berthet	berthet
bertin	bertin
bertrand	bertrand
besançon	besançon
besnard	besnard
besoin	besoin
besoins	besoins
beta	beta
beuffe	beuffe
bi	bi
biais	biais
biausser	biausser
bibliographie	bibliographie
bibliothèque	bibliothèque
bic	bic
bien	bien
biene	biene
biennal	biennal
biennale	biennale
biens	biens
bientôt	bientôt
bienvenu	bienvenu
big	big
bigot	bigot
bilan	bilan
bille	bille
billes	billes
billion	billion
binaire	binaire
binoculaire	binoculaire
binôme	binôme
bio	bio
bioalliance	bioalliance
bioaxial	bioaxial
biocapteurs	biocapteurs
biocarburant	biocarburant
biocarburantproduire	biocarburantproduire
biocarburants	biocarburants
biochimie	biochimie
biochimiste	biochimiste
biocitech	biocitech
biocompatible	biocompatible
biocore	biocore
biodiesel	biodiesel
biodiversité	biodiversité
biodégradable	biodégradable
biodégradables	biodégradables
biofilm	biofilm
biofilms	biofilms
biofund	biofund
biogaz	biogaz
biogenèse	biogenèse
bioindustriel	bioindustriel
bioindustries	bioindustries
bioinformatique	bioinformatique
biologie	biologie
biologique	biologique
biologiques	biologiques
biologiste	biologiste
biologistes	biologistes
biology	biology
bioluminescence	bioluminescence
biom	biom
biomarqueurs	biomarqueurs
biomass	biomass
biomasse	biomasse
biomatériaux	biomatériaux
biomimétique	biomimétique
biomimétiques	biomimétiques
biomédical	biomédical
biomédicament	biomédicament
biomédicaments	biomédicaments
biométhane	biométhane
biométrie	biométrie
biopharmaceutique	biopharmaceutique
biophytis	biophytis
biophytisobésité	biophytisobésité
biopolymères	biopolymères
bioproduction	bioproduction
bioprotein	bioprotein
biopuce	biopuce
biosciences	biosciences
biosimilaire	biosimilaire
biosimilaires	biosimilaires
biosimulation	biosimulation
biosipe	biosipe
biosynthèse	biosynthèse
biotech	biotech
biotechnologie	biotechnologie
biotechnologies	biotechnologies
biotechnologiques	biotechnologiques
biotechnology	biotechnology
biothon	biothon
biotisa	biotisa
biovalley	biovalley
biovision	biovision
bioénergies	bioénergies
bioénergétique	bioénergétique
bioéquivalence	bioéquivalence
biphotonique	biphotonique
bipolaires	bipolaires
bipolar	bipolar
bisannuelle	bisannuelle
biscarossaises	biscarossaises
biscarosse	biscarosse
biscarosse14ème	biscarosse14ème
bischoff	bischoff
bistouri	bistouri
bit	bit
bivalent	bivalent
bivalves	bivalves
bivb	bivb
bixilla	bixilla
blanc	blanc
blanches	blanches
blancs	blancs
bleu	bleu
bleue	bleue
bleus	bleus
bloc	bloc
blocage	blocage
blocus	blocus
bloquant	bloquant
bloquer	bloquer
bloqué	bloqué
blue	blue
bluffant	bluffant
bluffé	bluffé
blériot	blériot
bmbf	bmbf
boas	boas
bobiné	bobiné
bodet	bodet
boeing	boeing
bois	bois
boissons	boissons
bologne	bologne
bombay	bombay
bombe	bombe
bombyx	bombyx
bon	bon
bone	bone
bongo	bongo
bonheur	bonheur
bonne	bonne
bonnes	bonnes
bonnevie	bonnevie
bons	bons
boom	boom
boostant	boostant
boostent	boostent
booster	booster
borastextiles	borastextiles
bord	bord
bordeaux	bordeaux
bordelais	bordelais
bordelaise	bordelaise
bords	bords
bordé	bordé
bordée	bordée
bore	bore
borg	borg
borne	borne
bornes	bornes
borsali	borsali
bosse	bosse
bouche	bouche
bouchemoua	bouchemoua
bouches	bouches
boucle	boucle
boucler	boucler
boucles	boucles
bouclé	bouclé
bouder	bouder
bouffe	bouffe
bouffée	bouffée
bouffées	bouffées
bouge	bouge
bougeant	bougeant
bougent	bougent
bouger	bouger
bougognefranche	bougognefranche
boulangerie	boulangerie
boulet	boulet
bouletun	bouletun
bouleversant	bouleversant
bouleversement	bouleversement
bouleversements	bouleversements
bouleverser	bouleverser
bouleversées	bouleversées
boulogne	boulogne
bouquet	bouquet
bourdelais	bourdelais
bourg	bourg
bourgain	bourgain
bourgeons	bourgeons
bourget	bourget
bourgogne	bourgogne
bourgogneagrosup	bourgogneagrosup
bourgognechrono	bourgognechrono
bourgognecnrs	bourgognecnrs
bourgogneparenthèse	bourgogneparenthèse
bourgois	bourgois
bourguignon	bourguignon
bourguignonne	bourguignonne
bourguignonnes	bourguignonnes
bourguignons	bourguignons
bourin	bourin
bourlingue	bourlingue
bourlingué	bourlingué
bourse	bourse
bourses	bourses
boursiers	boursiers
bouscule	bouscule
bousculer	bousculer
bousculé	bousculé
bout	bout
boutade	boutade
bouteille	bouteille
bouteilles	bouteilles
bouton	bouton
bouts	bouts
bouttes	bouttes
bouyer	bouyer
bouygues	bouygues
bouées	bouées
bovine	bovine
bowler	bowler
boyle	boyle
boëtsch	boëtsch
boîte	boîte
bpi	bpi
bpifrance	bpifrance
braibart	braibart
branche	branche
branches	branches
bras	bras
brasserie	brasserie
brassons	brassons
braun	braun
brecht	brecht
bref	bref
brefs	brefs
breizh	breizh
bresse	bresse
brest	brest
bretagne	bretagne
bretenière	bretenière
bretillon	bretillon
bretons	bretons
breuillet	breuillet
brevet	brevet
brevetabilité	brevetabilité
brevets	brevets
breveté	breveté
brevetée	brevetée
brevetés	brevetés
brgm	brgm
brian	brian
briand	briand
bricas	bricas
brics	brics
bridge	bridge
brigit	brigit
brillamment	brillamment
brillance	brillance
brillants	brillants
brin	brin
brins	brins
brio	brio
brique	brique
briques	briques
brisant	brisant
brise	brise
briser	briser
bristol	bristol
brisé	brisé
britannique	britannique
brièvement	brièvement
brochet	brochet
bronchite	bronchite
brosser	brosser
brouillard	brouillard
brousse	brousse
broyage	broyage
bru	bru
bruit	bruit
bruits	bruits
bruneau	bruneau
bruno	bruno
brut	brut
brutes	brutes
bruxelles	bruxelles
bruyant	bruyant
bruyères	bruyères
brésil	brésil
brésilien	brésilien
brésiliens	brésiliens
brûle	brûle
brûler	brûler
brûleurs	brûleurs
btob	btob
btp	btp
bts	bts
btsdut	btsdut
bucco	bucco
buck	buck
budget	budget
budgétaire	budgétaire
budgétaires	budgétaires
bugat	bugat
bulbes	bulbes
bulgarie	bulgarie
bull	bull
bulles	bulles
bulletin	bulletin
bureau	bureau
bureaux	bureaux
bures	bures
burkina	burkina
bus	bus
business	business
but	but
buvaient	buvaient
buveurs	buveurs
buy	buy
bvterifiq	bvterifiq
by	by
bâti	bâti
bâtie	bâtie
bâtiment	bâtiment
bâtiments	bâtiments
bâtimentstince	bâtimentstince
bâtir	bâtir
bâtissant	bâtissant
bâtit	bâtit
bébé	bébé
bébés	bébés
bécoulet	bécoulet
béhar	béhar
béharle	béharle
bénigne	bénigne
béninoise	béninoise
bénins	bénins
bénéfice	bénéfice
bénéfices	bénéfices
bénéficiant	bénéficiant
bénéficie	bénéficie
bénéficient	bénéficient
bénéficier	bénéficier
bénéficiera	bénéficiera
bénéficieront	bénéficieront
bénéficions	bénéficions
bénéficié	bénéficié
bénéfiques	bénéfiques
bénévoles	bénévoles
bérenger	bérenger
béroud	béroud
béryllium	béryllium
bétail	bétail
béton	béton
bêta	bêta
bêtes	bêtes
c	
c02	c02
c1	c1
c1280	c1280
c2ma	c2ma
c3	c3
c919	c919
cabinet	cabinet
cabinets	cabinets
cachan	cachan
cache	cache
cachent	cachent
cadarache	cadarache
cadas	cadas
cadence	cadence
cadences	cadences
cadmium	cadmium
cadoret	cadoret
cadre	
cadres	cadres
caen	caen
caffarel	caffarel
café	café
cahier	cahier
caillage	caillage
caillette	caillette
cailloux	cailloux
caillé	caillé
caisse	caisse
calais	calais
calcaires	calcaires
calcium	calcium
calcul	calcul
calculateur	calculateur
calculer	calculer
calendrier	calendrier
calibrés	calibrés
california	california
californie	californie
californiens	californiens
calme	calme
calorimètre	calorimètre
calorimètres	calorimètres
calorimétrique	calorimétrique
calottes	calottes
caltech	caltech
calvet	calvet
calvé	calvé
calédonie	calédonie
calédonien	calédonien
camarades	camarades
cambes	cambes
cambresisisen	cambresisisen
camembert	camembert
cameron	cameron
cameroun	cameroun
camerounais	camerounais
camille	camille
camions	camions
campagne	campagne
campagnes	campagnes
camphuis	camphuis
campus	campus
caméra	caméra
caméras	caméras
can	can
canada	canada
canadienne	canadienne
canal	canal
canaries	canaries
canaux	canaux
cancer	cancer
cancerde	cancerde
cancers	cancers
cancéreuses	cancéreuses
cancérologie	cancérologie
cancéropôle	cancéropôle
candidat	candidat
candidates	candidates
candidats	candidats
candidature	candidature
candidatures	candidatures
canne	canne
cantal	cantal
cantogether	cantogether
cantonné	cantonné
cao	cao
caoutchoucs	caoutchoucs
cap	cap
capa	capa
capabilities	capabilities
capable	capable
capables	capables
capacité	capacité
capacitémission	capacitémission
capacités	capacités
capenergie	capenergie
capital	capital
capitale	capitale
capitales	capitales
capitaliser	capitaliser
caprine	caprine
caprins	caprins
capsulae	capsulae
capsule	capsule
capsules	capsules
captage	captage
captant	captant
capte	capte
captent	captent
capter	capter
capteurs	capteurs
captivité	captivité
capturant	capturant
capture	capture
capturer	capturer
capturera	capturera
capté	capté
capénergies	capénergies
caquette	caquette
car	car
caractère	caractère
caractères	caractères
caractérisation	caractérisation
caractérise	caractérise
caractériser	caractériser
caractéristique	caractéristique
caractéristiques	caractéristiques
caractérisé	caractérisé
caractérisées	caractérisées
caractérisés	caractérisés
carbon	carbon
carbonate	carbonate
carbonates	carbonates
carbone	carbone
carbonecarbone	carbonecarbone
carbonique	carbonique
carburant	carburant
carburants	carburants
carbure	carbure
carcinome	carcinome
cardiaque	cardiaque
cardio	cardio
cardiométabolime	cardiométabolime
cardiométabolisme	cardiométabolisme
cardiovasculaires	cardiovasculaires
cardons	cardons
caressait	caressait
cargill	cargill
caricaturales	caricaturales
caries	caries
carignan	carignan
carlo	carlo
carmejane	carmejane
carminatti	carminatti
carnet	carnet
carnot	carnot
caroline	caroline
carraro	carraro
carrefour	carrefour
carrière	carrière
carrières	carrières
carroll	carroll
carré	carré
carrée	carrée
carrés	carrés
carte	carte
cartes	cartes
cartier	cartier
cartogaphier	cartogaphier
cartographie	cartographie
cartographient	cartographient
cartographier	cartographier
cartographies	cartographies
cartographique	cartographique
cartons	cartons
caréné	caréné
cas	cas
casablanca	casablanca
cascade	cascade
case	case
casque	casque
casquette	casquette
cassable	cassable
cassent	cassent
casser	casser
cassis	cassis
cassé	cassé
castillon	castillon
cataclysme	cataclysme
catalinas	catalinas
catalogue	catalogue
catalyse	catalyse
catalyseurs	catalyseurs
catalyzer	catalyzer
catar	catar
catastrophe	catastrophe
catastrophes	catastrophes
cathare	cathare
catherine	catherine
catholique	catholique
cations	cations
catopsys	catopsys
catégorie	catégorie
catégories	catégories
causalité	causalité
cause	cause
causes	causes
causse	causse
causée	causée
causées	causées
caution	caution
caviar	caviar
cavité	cavité
cavités	cavités
cayot	cayot
cazenave	cazenave
cbb	cbb
cbd	cbd
cbmn	cbmn
cbs	cbs
cci	cci
ccip	ccip
ccl2	ccl2
ccrt	ccrt
cd	cd
cd36	cd36
cdc	cdc
cdio	cdio
cdte	cdte
cdti	cdti
ce	
ce2	ce2
cea	cea
ceacnrs	ceacnrs
ceacnrsuniversité	ceacnrsuniversité
ceacnrsuvsq	ceacnrsuvsq
ceadam	ceadam
cealeti	cealeti
cealist	cealist
cecalait	cecalait
ceci	ceci
ceinture	ceinture
ceintures	ceintures
cela	
celia	celia
cell	cell
celle	
celles	celles
celllules	celllules
cellulaire	cellulaire
cellulaires	cellulaires
cellule	cellule
cellules	cellules
cellulose	cellulose
celui	
celuii	celuii
cemafroid	cemafroid
cemafroidchaîne	cemafroidchaîne
cemagref	cemagref
cemes	cemes
cen	cen
cenaero	cenaero
censés	censés
cent	cent
centaine	centaine
centaines	centaines
centenaire	centenaire
center	center
centimètre	centimètre
centimètres	centimètres
centiv	centiv
central	central
centrale	centrale
centrales	centrales
centralien	centralien
centralienne	centralienne
centraliens	centraliens
centre	
centres	centres
centrifugation	centrifugation
centré	centré
centrée	centrée
centrées	centrées
centrés	centrés
cependant	cependant
ceramic	ceramic
cercle	cercle
cerface	cerface
cerfacs	cerfacs
cerise	cerise
cerises	cerises
cermav	cermav
cern	cern
certain	certain
certaine	certaine
certainement	certainement
certaines	certaines
certains	certains
certes	certes
certification	certification
certifié	certifié
certifiés	certifiés
cerveau	cerveau
cerveauparkinson	cerveauparkinson
ces	
cessait	cessait
cessant	cessant
cesse	cesse
cessent	cessent
cesser	cesser
cession	cession
cessé	cessé
cet	
ceti	ceti
cetilab	cetilab
cetp	cetp
cette	
ceux	ceux
cfm	cfm
cfm56	cfm56
cfp	cfp
cgns	cgns
chablis	chablis
chacun	chacun
chacune	chacune
chain	chain
chair	chair
chaire	chaire
chaires	chaires
chaleur	chaleur
chaleureux	chaleureux
chaleursonde	chaleursonde
challenge	challenge
challenges	challenges
chamard	chamard
chambre	chambre
chambres	chambres
chameau	chameau
champ	champ
champagne	champagne
champignon	champignon
champignons	champignons
champion	champion
championship	championship
champs	champs
chance	chance
chancearts	chancearts
chances	chances
chancescongrès	chancescongrès
change	change
changement	changement
changements	changements
changer	changer
changing	changing
changé	changé
chantier	chantier
chantiers	chantiers
chantiersla	chantiersla
chanvre	chanvre
chaotique	chaotique
chapdaniel	chapdaniel
chapdanielsustainable	chapdanielsustainable
chapelle	chapelle
chapitre	chapitre
chapitres	chapitres
chaque	chaque
charbon	charbon
charcuterie	charcuterie
charcutiers	charcutiers
chardonnay	chardonnay
charente	charente
charenton	charenton
charge	charge
chargent	chargent
charger	charger
charges	charges
chargé	chargé
chargée	chargée
chargés	chargés
charles	charles
charmeil	charmeil
charpak	charpak
charpentiers	charpentiers
chars	chars
chasse	chasse
chassent	chassent
chasser	chasser
chaud	chaud
chaude	chaude
chaudes	chaudes
chaudière	chaudière
chauds	chauds
chauffage	chauffage
chauffé	chauffé
chauffées	chauffées
chazal	chazal
chaîne	chaîne
chaînes	chaînes
chef	chef
chefs	chefs
cheikh	cheikh
chemcam	chemcam
chemical	chemical
chemie	chemie
chemin	chemin
cheminement	cheminement
chemistry	chemistry
chemistryd	chemistryd
chemoecology	chemoecology
chemosens	chemosens
chenilles	chenilles
cher	cher
cherchait	cherchait
cherche	cherche
cherchent	cherchent
chercher	chercher
chercheur	chercheur
chercheurs	
chercheurvers	chercheurvers
chercheuse	chercheuse
chercheuses	chercheuses
cherchez	cherchez
cherchons	cherchons
cherché	cherché
cherenkov	cherenkov
cheval	cheval
chevaux	chevaux
chevelure	chevelure
cheveu	cheveu
cheveux	cheveux
chevilles	chevilles
chez	chez
chiens	chiens
chiffre	chiffre
chiffres	chiffres
chili	chili
chilien	chilien
chilienne	chilienne
chimie	chimie
chimio	chimio
chimioembolisation	chimioembolisation
chimiokine	chimiokine
chimiokines	chimiokines
chimiométrie	chimiométrie
chimiométriques	chimiométriques
chimiothérapie	chimiothérapie
chimiothérapiesréparation	chimiothérapiesréparation
chimique	chimique
chimiquement	chimiquement
chimiques	chimiques
chimiquetout	chimiquetout
chimiste	chimiste
chimistes	chimistes
china	china
chine	chine
chinois	chinois
chinoises	chinoises
chinoiseschimie	chinoiseschimie
chirac	chirac
chirped	chirped
chirurgical	chirurgical
chirurgicale	chirurgicale
chirurgicales	chirurgicales
chirurgie	chirurgie
chirurgien	chirurgien
chirurgiens	chirurgiens
choc	choc
chocolats	chocolats
chocs	chocs
choisi	choisi
choisies	choisies
choisir	choisir
choisira	choisira
choisis	choisis
choisissent	choisissent
choix	choix
cholesterol	cholesterol
cholesteryl	cholesteryl
cholestérol	cholestérol
cholestérolémie	cholestérolémie
choquer	choquer
chose	chose
choses	choses
chris	chris
christelle	christelle
christian	christian
christine	christine
christophe	christophe
christèle	christèle
chromatographie	chromatographie
chrome	chrome
chromophore	chromophore
chronique	chronique
chroniques	chroniques
chrono	chrono
chronologie	chronologie
chu	chu
chuter	chuter
chymosine	chymosine
chypriotes	chypriotes
châlons	châlons
château	château
châteauroux	châteauroux
châtel	châtel
châtenay	châtenay
chèvres	chèvres
chêne	chêne
chômé	chômé
ci	
ciat	ciat
cible	cible
ciblent	ciblent
cibler	cibler
cibles	cibles
ciblé	ciblé
ciblée	ciblée
ciblées	ciblées
ciblés	ciblés
cic	cic
cicatrisation	cicatrisation
cie	cie
ciel	ciel
cigs	cigs
ciliaire	ciliaire
ciment	ciment
ciments	ciments
cinq	cinq
cinquantaine	cinquantaine
cinquante	cinquante
cinquantenaire	cinquantenaire
cinquième	cinquième
cinéma	cinéma
cinétique	cinétique
cirad	cirad
circle	circle
circonstance	circonstance
circuit	circuit
circuits	circuits
circulaire	circulaire
circulante	circulante
circulantes	circulantes
circulation	circulation
circulations	circulations
circule	circule
circumnavigation	circumnavigation
cirimat	cirimat
cis	cis
cisaillement	cisaillement
citadelles	citadelles
citadin	citadin
citations	citations
citer	citer
citoyen	citoyen
citoyenne	citoyenne
citoyens	citoyens
citroën	citroën
cité	cité
civil	civil
civile	civile
civiles	civiles
civilisations	civilisations
civils	civils
cjd	cjd
clair	clair
clairance	clairance
claire	claire
clairement	clairement
clara	clara
class	class
classe	classe
classement	classement
classements	classements
classent	classent
classes	classes
classification	classification
classique	classique
classiquement	classiquement
classiques	classiques
classé	classé
classés	classés
claude	claude
claustres	claustres
clef	clef
clermont	clermont
clichés	clichés
client	client
clients	clients
clientèle	clientèle
clignotant	clignotant
climat	climat
climate	climate
climatique	climatique
climatiques	climatiques
climatisation	climatisation
climatisées	climatisées
climatologie	climatologie
climatologues	climatologues
climats	climats
climb	climb
clinical	clinical
clinicienscet	clinicienscet
clinique	clinique
cliniquement	cliniquement
cliniques	cliniques
cloche	cloche
cloud	cloud
cls	cls
club	club
clubs	clubs
clubtex	clubtex
cluster	cluster
clusters	clusters
clé	clé
clés	clés
clôturera	clôturera
clôturée	clôturée
cm	cm
cm1k	cm1k
cmip	cmip
cnam	cnam
cnaol	cnaol
cnes	cnes
cnescnes	cnescnes
cniel	cniel
cnr	cnr
cnrm	cnrm
cnrs	cnrs
cnrsaix	cnrsaix
cnrsceauniversité	cnrsceauniversité
cnrsceauvsq	cnrsceauvsq
cnrscnesirdompuniversité	cnrscnesirdompuniversité
cnrscnesmétéo	cnrscnesmétéo
cnrsecole	cnrsecole
cnrsens	cnrsens
cnrsensicaen	cnrsensicaen
cnrsespci	cnrsespci
cnrshaida	cnrshaida
cnrsinsa	cnrsinsa
cnrsinstitut	cnrsinstitut
cnrsirduniversité	cnrsirduniversité
cnrsobservatoire	cnrsobservatoire
cnrssaint	cnrssaint
cnrst	cnrst
cnrsumpcinserm	cnrsumpcinserm
cnrsuniversité	cnrsuniversité
cnrsuniversités	cnrsuniversités
cnrsupmcensecole	cnrsupmcensecole
cnrsupmcespci	cnrsupmcespci
cnrsupmcinserm	cnrsupmcinserm
cnrsupmcirdmnhn	cnrsupmcirdmnhn
co	co
co2	co2
coaching	coaching
coag	coag
coagulant	coagulant
coagulante	coagulante
coagulantes	coagulantes
coagulants	coagulants
coagulation	coagulation
coaguler	coaguler
cobot	cobot
cocagne	cocagne
coche	coche
cochon	cochon
cocotier	cocotier
cocotte	cocotte
codant	codant
code	code
codes	codes
codée	codée
coefficient	coefficient
coeur	coeur
cofinancés	cofinancés
cogitation	cogitation
cogiter	cogiter
cognet	cognet
cognimem	cognimem
cognitifs	cognitifs
cognition	cognition
cognitive	cognitive
cognitives	cognitives
cohabitent	cohabitent
coherent	coherent
cohorte	cohorte
cohortes	cohortes
cohérence	cohérence
cohérente	cohérente
cohérentes	cohérentes
cohérents	cohérents
cohésion	cohésion
coiffant	coiffant
coiffe	coiffe
coiffées	coiffées
coindreau	coindreau
col	col
colasse	colasse
cold	cold
coli	coli
colin	colin
collaborant	collaborant
collaborateur	collaborateur
collaborateurs	collaborateurs
collaboratif	collaboratif
collaboratifs	collaboratifs
collaboration	collaboration
collaborations	collaborations
collaborative	collaborative
collabore	collabore
collaborent	collaborent
collaborer	collaborer
collaborons	collaborons
collagène	collagène
collantes	collantes
colleaux	colleaux
collecte	collecte
collecter	collecter
collectif	collectif
collectifs	collectifs
collection	collection
collective	collective
collectivement	collectivement
collectives	collectives
collectivité	collectivité
collectivités	collectivités
collectées	collectées
coller	coller
collision	collision
colloque	colloque
colloques	colloques
colloïdale	colloïdale
collège	collège
collègue	collègue
collègues	collègues
collégiens	collégiens
collés	collés
colmar	colmar
colo	colo
colombie	colombie
colonel	colonel
colonies	colonies
colonisation	colonisation
colonne	colonne
colonnes	colonnes
colorant	colorant
colorants	colorants
colorimétrie	colorimétrie
colossal	colossal
colossale	colossale
colporter	colporter
colza	colza
colzauprot	colzauprot
comac	comac
comanche	comanche
combat	combat
combattre	combattre
combes	combes
combien	combien
combinaison	combinaison
combinaisons	combinaisons
combinant	combinant
combinatoire	combinatoire
combine	combine
combiner	combiner
combiné	combiné
combinée	combinée
combinées	combinées
combler	combler
combustible	combustible
combustibles	combustibles
combustion	combustion
comité	comité
comités	comités
commande	commande
commandement	commandement
commandementgestion	commandementgestion
commandes	commandes
commandé	commandé
commandées	commandées
comme	
commelin	commelin
commence	commence
commencent	commencent
commencer	commencer
commencera	commencera
commencerfusion	commencerfusion
commencions	commencions
commencèrent	commencèrent
commencé	commencé
commencée	commencée
comment	comment
commençaient	commençaient
commençait	commençait
commençant	commençant
commençons	commençons
commerce	commerce
commercer	commercer
commerces	commerces
commercial	commercial
commerciale	commerciale
commerciales	commerciales
commercialisation	commercialisation
commercialise	commercialise
commercialiser	commercialiser
commercialisé	commercialisé
commercialisée	commercialisée
commercialisés	commercialisés
commerciaux	commerciaux
commettaient	commettaient
commis	commis
commission	commission
commissions	commissions
commun	commun
communauté	communauté
communautés	communautés
commune	commune
communes	communes
communication	communication
communications	communications
communiquer	communiquer
communs	communs
communément	communément
compact	compact
compacte	compacte
compactes	compactes
compacts	compacts
compagnie	compagnie
compagnies	compagnies
compagnon	compagnon
compagnons	compagnons
companies	companies
comparable	comparable
comparables	comparables
comparaison	comparaison
comparaisons	comparaisons
comparant	comparant
compare	compare
comparer	comparer
comparé	comparé
comparée	comparée
compatible	compatible
compatibles	compatibles
compensation	compensation
compenser	compenser
compilant	compilant
compiler	compiler
complet	complet
complets	complets
complexe	complexe
complexes	complexes
complexes8ème	complexes8ème
complexesune	complexesune
complexité	complexité
complication	complication
complications	complications
compliqué	compliqué
complète	complète
complètement	complètement
complètent	complètent
complètes	complètes
complément	complément
complémentaire	complémentaire
complémentaires	complémentaires
complémentairesingénierie	complémentairesingénierie
complémentarité	complémentarité
complémentarités	complémentarités
compléments	compléments
compléter	compléter
complété	complété
complétée	complétée
comportait	comportait
comportant	comportant
comporte	comporte
comportement	comportement
comportementales	comportementales
comportements	comportements
comportent	comportent
comporter	comporter
composant	composant
composante	composante
composantes	composantes
composants	composants
compose	compose
composent	composent
composite	composite
composites	composites
composition	composition
composé	composé
composée	composée
composées	composées
composés	composés
comprenant	comprenant
comprend	comprend
comprendre	comprendre
comprenez	comprenez
comprenons	comprenons
compresseur	compresseur
compression	compression
compris	compris
comprise	comprise
compromis	compromis
compréhension	compréhension
comptabilité	comptabilité
comptable	comptable
comptait	comptait
comptant	comptant
compte	compte
comptent	comptent
compter	compter
comptera	comptera
compterait	compterait
comptes	comptes
comptons	comptons
compté	compté
computational	computational
computer	computer
computing	computing
compétences	compétences
compétent	compétent
compétitifs	compétitifs
compétition	compétition
compétitives	compétitives
compétitivité	compétitivité
compétitivitéagroparistech	compétitivitéagroparistech
comte	comte
comtois	comtois
comtoise	comtoise
comtoises	comtoises
comté	comté
comète	comète
concentration	concentration
concentrations	concentrations
concentre	concentre
concentrent	concentrent
concentrer	concentrer
concentré	concentré
concentrée	concentrée
concentrés	concentrés
concept	concept
concepteur	concepteur
concepteurs	concepteurs
conception	conception
conceptionecolab	conceptionecolab
concepts	concepts
conceptuelle	conceptuelle
concernait	concernait
concernant	concernant
concerne	concerne
concernent	concernent
concerneront	concerneront
concerné	concerné
concernée	concernée
concernées	concernées
concernés	concernés
concession	concession
concevoir	concevoir
concevons	concevons
conchyculteurs	conchyculteurs
concilier	concilier
concitoyens	concitoyens
conclu	conclu
concluent	concluent
conclusion	conclusion
conclusioncreathes	conclusioncreathes
conclusionde	conclusionde
conclusions	conclusions
conclut	conclut
concombres	concombres
concourant	concourant
concourir	concourir
concours	concours
concret	concret
concrète	concrète
concrètement	concrètement
concrètes	concrètes
concrétise	concrétise
concrétisent	concrétisent
concrétiser	concrétiser
concrétisé	concrétisé
concrétisée	concrétisée
concurrence	concurrence
concurrencer	concurrencer
concurrent	concurrent
concurrentes	concurrentes
concurrentiel	concurrentiel
concurrents	concurrents
condensée	condensée
condes	condes
condiments	condiments
condition	condition
conditionne	conditionne
conditionnement	conditionnement
conditionneurs	conditionneurs
conditionnées	conditionnées
conditions	conditions
conducteur	conducteur
conducteurs	conducteurs
conduction	conduction
conductivité	conductivité
conductrices	conductrices
conduira	conduira
conduire	conduire
conduisait	conduisait
conduisant	conduisant
conduisent	conduisent
conduit	conduit
conduite	conduite
conduites	conduites
conduits	conduits
conference	conference
confiance	confiance
confiantjus	confiantjus
confiants	confiants
confidentialité	confidentialité
confient	confient
configuration	configuration
configurations	configurations
confinement	confinement
confinée	confinée
confirmant	confirmant
confirmation	confirmation
confirme	confirme
confirment	confirment
confirmer	confirmer
confirmé	confirmé
confirmée	confirmée
confié	confié
confiées	confiées
conflits	conflits
confondre	confondre
confondues	confondues
conformation	conformation
conformer	conformer
conformité	conformité
conformément	conformément
confort	confort
confortables	confortables
confronter	confronter
confrontons	confrontons
confronté	confronté
confrontée	confrontée
confrontées	confrontées
confrontés	confrontés
confrères	confrères
confèrent	confèrent
conférant	conférant
conférence	conférence
conférences	conférences
conférenciers	conférenciers
congo	congo
congress	congress
congrès	congrès
congé	congé
congélation	congélation
congénitale	congénitale
congénères	congénères
conique	conique
conjoint	conjoint
conjointement	conjointement
conjointes	conjointes
conjonction	conjonction
conjuguer	conjuguer
connaissaient	connaissaient
connaissais	connaissais
connaissait	connaissait
connaissance	connaissance
connaissances	connaissances
connaissant	connaissant
connaissent	connaissent
connaisseurs	connaisseurs
connaissez	connaissez
connaissions	connaissions
connaissons	connaissons
connaît	connaît
connaître	connaître
connected	connected
connecting	connecting
connectique	connectique
connecté	connecté
connectée	connectée
connectées	connectées
connectés	connectés
connexion	connexion
connexions	connexions
connu	connu
connue	connue
connues	connues
connus	connus
conquièrent	conquièrent
conquérir	conquérir
conquête	conquête
consacre	consacre
consacrent	consacrent
consacrer	consacrer
consacré	consacré
consacrée	consacrée
consacrées	consacrées
consacrés	consacrés
conscience	conscience
conscient	conscient
consciente	consciente
conscients	conscients
conseil	conseil
conseille	conseille
conseiller	conseiller
conseillère	conseillère
conseillée	conseillée
conseils	conseils
conservant	conservant
conservateurs	conservateurs
conservation	conservation
conservatoire	conservatoire
conserver	conserver
conservions	conservions
conservées	conservées
considère	considère
considèrent	considèrent
considérable	considérable
considérablement	considérablement
considérables	considérables
considérant	considérant
considération	considération
considérer	considérer
considéré	considéré
considérée	considérée
considérées	considérées
considérés	considérés
consignes	consignes
consistance	consistance
consistant	consistant
consiste	consiste
consister	consister
consistera	consistera
consisté	consisté
consoles	consoles
consolide	consolide
consolider	consolider
consommables	consommables
consommaient	consommaient
consommant	consommant
consommateur	consommateur
consommateurs	consommateurs
consommation	consommation
consommations	consommations
consommatrices	consommatrices
consomme	consomme
consomment	consomment
consommer	consommer
consommer9	consommer9
consommé	consommé
consommée	consommée
consommés	consommés
consortium	consortium
constamment	constamment
constant	constant
constants	constants
constat	constat
constatant	constatant
constate	constate
constatent	constatent
constater	constater
constats	constats
constaté	constaté
constatée	constatée
constellium	constellium
constituait	constituait
constituant	constituant
constituants	constituants
constitue	constitue
constituent	constituent
constituer	constituer
constituera	constituera
constituerait	constituerait
constitution	constitution
constitué	constitué
constituée	constituée
constituées	constituées
constitués	constitués
constructeur	constructeur
constructeurs	constructeurs
constructibilité	constructibilité
construction	construction
constructions	constructions
construire	construire
construisent	construisent
construisons	construisons
construit	construit
construite	construite
construites	construites
construits	construits
consultant	consultant
consultants	consultants
consultation	consultation
consulter	consulter
consumer	consumer
conséquence	conséquence
conséquences	conséquences
conséquent	conséquent
conséquents	conséquents
contact	contact
contacter	contacter
contacts	contacts
contacté	contacté
contactée	contactée
contaminants	contaminants
contamination	contamination
contaminent	contaminent
contaminé	contaminé
contaminée	contaminée
contaminées	contaminées
contenant	contenant
conteneur	conteneur
contenir	contenir
contente	contente
contenter	contenter
contents	contents
contenu	contenu
contenus	contenus
contest	contest
conteste	conteste
contester	contester
contexte	
contiennent	contiennent
contient	contient
continent	continent
continentale	continentale
continentales	continentales
continentaux	continentaux
continents	continents
contingent	contingent
continu	continu
continue	continue
continuer	continuer
continues	continues
continueune	continueune
continuité	continuité
continus	continus
continuum	continuum
contourner	contourner
contours	contours
contraction	contraction
contradictoires	contradictoires
contrainte	contrainte
contraintes	contraintes
contraire	contraire
contrairement	contrairement
contraste	contraste
contrastées	contrastées
contrastés	contrastés
contrat	contrat
contrats	contrats
contre	contre
contrecarrer	contrecarrer
contrer	contrer
contribuant	contribuant
contribue	contribue
contribuent	contribuent
contribuer	contribuer
contribuera	contribuera
contribueront	contribueront
contribution	contribution
contributions	contributions
contribué	contribué
control	control
controverse	controverse
controverses	controverses
contrées	contrées
contrôle	contrôle
contrôlent	contrôlent
contrôler	contrôler
contrôlé	contrôlé
contrôlée	contrôlée
contrôléequatre	contrôléequatre
contrôlées	contrôlées
convaincre	convaincre
convaincu	convaincu
convaincudépistage	convaincudépistage
convaincus	convaincus
convection	convection
convections	convections
convention	convention
conventionnel	conventionnel
conventionnels	conventionnels
conventions	conventions
convenu	convenu
convergence	convergence
convergences	convergences
conversationnel	conversationnel
conversations	conversations
conversion	conversion
converties	converties
convertir	convertir
convertissant	convertissant
conviction	conviction
convivial	convivial
convoité	convoité
convoyeurs	convoyeurs
convoyées	convoyées
conçoit	conçoit
conçoivent	conçoivent
conçu	conçu
conçue	conçue
conçus	conçus
cook	cook
cookies	cookies
coop	coop
coopérants	coopérants
coopératif	coopératif
coopération	coopération
coopérations	coopérations
coopérative	coopérative
coopératives	coopératives
coordinateur	coordinateur
coordination	coordination
coordinatrice	coordinatrice
coordonnant	coordonnant
coordonne	coordonne
coordonner	coordonner
coordonné	coordonné
coordonnée	coordonnée
coordonnés	coordonnés
copenhague	copenhague
copies	copies
copolymère	copolymère
copolymères	copolymères
copper	copper
coque	coque
coqueugniot	coqueugniot
coquille	coquille
coquilles	coquilles
corde	corde
cordier	cordier
corinne	corinne
corino	corino
coriolis	coriolis
cornet	cornet
cornée	cornée
cornées	cornées
coronographes	coronographes
coronographiques	coronographiques
corps	corps
corpusculaire	corpusculaire
correctement	correctement
correctives	correctives
correspond	correspond
correspondait	correspondait
correspondant	correspondant
correspondants	correspondants
corresponde	corresponde
correspondent	correspondent
corriger	corriger
corrigé	corrigé
corrélation	corrélation
corrélations	corrélations
corrélé	corrélé
corrélée	corrélée
corse	corse
cortex	cortex
cortico	cortico
cortège	cortège
corvée	corvée
corée	corée
coréen	coréen
coréens	coréens
cosmetic	cosmetic
cosmetics	cosmetics
cosmeto	cosmeto
cosmiques	cosmiques
cosmologie	cosmologie
cosmétique	cosmétique
cosmétiques	cosmétiques
cosmétologie	cosmétologie
cote	cote
cou	cou
couche	couche
couches	couches
coucous	coucous
couler	couler
couleur	couleur
couleurs	couleurs
coulisses	coulisses
coulées	coulées
council	council
councils	councils
coup	coup
coupe	coupe
couper	couper
couplage	couplage
couplant	couplant
couple	couple
coupler	coupler
couplé	couplé
couplée	couplée
couplées	couplées
couplés	couplés
coupure	coupure
coupée	coupée
coupés	coupés
courage	courage
courait	courait
couramment	couramment
courant	courant
courante	courante
courantes	courantes
courants	courants
courbes	courbes
courbure	courbure
coureaud	coureaud
coureur	coureur
couronne	couronne
courons	courons
courrons	courrons
cours	
course	course
courses	courses
court	court
courtes	courtes
courts	courts
couse	couse
cousu	cousu
cousus	cousus
couvercle	couvercle
couvert	couvert
couverte	couverte
couvertes	couvertes
couverts	couverts
couverture	couverture
couvrait	couvrait
couvrant	couvrant
couvre	couvre
couvrent	couvrent
couvrir	couvrir
couvrira	couvrira
couvriront	couvriront
cova	cova
covariances	covariances
coventry	coventry
coïncidé	coïncidé
coût	coût
coûte	coûte
coûtent	coûtent
coûteusela	coûteusela
coûteuseun	coûteuseun
coûteux	coûteux
coûteuxcellules	coûteuxcellules
coûts	coûts
cpa	cpa
crayon	crayon
crci	crci
crea	crea
creathes	creathes
creuse	creuse
creusot	creusot
creux	creux
criant	criant
criblage	criblage
crier	crier
criminalité	criminalité
criquet	criquet
crise	crise
crises	crises
cristal	cristal
cristalline	cristalline
cristallines	cristallines
cristallins	cristallins
cristalliser	cristalliser
cristaux	cristaux
critique	critique
critiques	critiques
critère	critère
critères	critères
croirait	croirait
croire	croire
crois	crois
croise	croise
croisement	croisement
croisements	croisements
croisière	croisière
croissance	croissance
croissant	croissant
croissante	croissante
croissants	croissants
croisé	croisé
croisés	croisés
croit	croit
crops	crops
croquettes	croquettes
croyez	croyez
croître	croître
croûte	croûte
cru	cru
crucial	crucial
cruciale	cruciale
cruciales	cruciales
crues	crues
crus	crus
crusta	crusta
crustacés	crustacés
crvm	crvm
cryosat	cryosat
cryosphère	cryosphère
cryptographie	cryptographie
crânien	crânien
crâniennes	crâniennes
crâniens	crâniens
crèche	crèche
crèches	crèches
créant	créant
créateur	créateur
créateurs	créateurs
créatif	créatif
créatifs	créatifs
création	création
créative	créative
créativité	créativité
créativitéun	créativitéun
créatrice	créatrice
crédibilité	crédibilité
crédible	crédible
crédibles	crédibles
crédit	crédit
crée	crée
créent	créent
créer	créer
créneaux	créneaux
créteil	créteil
créé	créé
créée	créée
créées	créées
créés	créés
csa	csa
csc	csc
csga	csga
cst	cst
cta	cta
ctfc	ctfc
cube	cube
cubesat	cubesat
cubiculum	cubiculum
cuire	cuire
cuisine	cuisine
cuisiner	cuisiner
cuisines	cuisines
cuisinier	cuisinier
cuisiniers	cuisiniers
cuisinières	cuisinières
cuisson	cuisson
cuissons	cuissons
cuivre	cuivre
culinaire	culinaire
culinaires	culinaires
culot	culot
cultivent	cultivent
cultiver	cultiver
cultivé	cultivé
cultivée	cultivée
cultivées	cultivées
cultivés	cultivés
culturale	culturale
culturales	culturales
culture	culture
culturel	culturel
culturelle	culturelle
culturellement	culturellement
culturelles	culturelles
culturels	culturels
cultureprôtis	cultureprôtis
cultures	cultures
cumulant	cumulant
cumuler	cumuler
cuoq	cuoq
curatif	curatif
curie	curie
curiecnrssoutenus	curiecnrssoutenus
curien	curien
curieusement	curieusement
curieux	curieux
curiosité	curiosité
curiosités	curiosités
cursus	cursus
customiser	customiser
cutanées	cutanées
cuve	cuve
cuves	cuves
cuvillier	cuvillier
cuvée	cuvée
cvg	cvg
cyaa	cyaa
cyan	cyan
cyanobactéries	cyanobactéries
cyber	cyber
cybersécurité	cybersécurité
cyceron	cyceron
cycle	cycle
cycles	cycles
cyclique	cyclique
cyclo	cyclo
cyclones	cyclones
cyclonique	cyclonique
cylindres	cylindres
cytokines	cytokines
câblage	câblage
câbles	câbles
câblé	câblé
câblées	câblées
câblés	câblés
cécité	cécité
cédant	cédant
céder	céder
cédric	cédric
cédée	cédée
célestes	célestes
célia	célia
célibataire	célibataire
célèbre	célèbre
célébrer	célébrer
cépage	cépage
cépages	cépages
céramique	céramique
céramiques	céramiques
céréales	céréales
cérébral	cérébral
cérébrale	cérébrale
cérébrales	cérébrales
cérémonie	cérémonie
cérémonies	cérémonies
césure	césure
cévennes	cévennes
côte	côte
côtes	côtes
côtière	côtière
côtières	côtières
côté	côté
côtés	côtés
d	
dakar	dakar
dam	dam
danemark	danemark
danger	danger
dangereux	dangereux
dangerosité	dangerosité
dangers	dangers
dangla	dangla
danguin	danguin
daniel	daniel
danois	danois
danone	danone
dans	
danube	danube
dao	dao
darwin	darwin
darwinien	darwinien
darwinienne	darwinienne
darwiniennes	darwiniennes
dassault	dassault
data	data
datant	datant
datar	datar
date	date
dates	dates
dattier	dattier
dattiers	dattiers
daté	daté
datée	datée
davantage	davantage
davi	davi
david	david
days	days
daïchi	daïchi
dbi	dbi
dcns	dcns
dcnsdes	dcnsdes
de	
dea	dea
debout	debout
debry	debry
debré	debré
deexbio	deexbio
defccs	defccs
defense	defense
deficit	deficit
deficits	deficits
deformation	deformation
degré	degré
degrés	degrés
dehecq	dehecq
dehli	dehli
dehors	dehors
delair	delair
delaunay	delaunay
delcroix	delcroix
delphine	delphine
dels	dels
delta	delta
delà	delà
demain	demain
demand	demand
demande	demande
demandent	demandent
demander	demander
demandera	demandera
demandes	demandes
demandeur	demandeur
demandé	demandé
demay	demay
demeter	demeter
demeure	demeure
demi	demi
dendroapsis	dendroapsis
dengue	dengue
denhaut	denhaut
denier	denier
denis	denis
denovo	denovo
denrée	denrée
dense	dense
denses	denses
densification	densification
densifier	densifier
densité	densité
densités	densités
dent	dent
dentaire	dentaire
dentaires	dentaires
denver	denver
department	department
depaulis	depaulis
depe	depe
depos	depos
depuis	
derepas	derepas
dermatologie	dermatologie
dermatologues	dermatologues
dernier	
dernierdes	dernierdes
derniere	derniere
derniermesurer	derniermesurer
derniers	derniers
dernière	dernière
dernières	dernières
derrière	derrière
des	
desbarats	desbarats
descartes	descartes
descendre	descendre
descendu	descendu
descente	descente
description	description
design	design
designer	designer
designers	designers
desquelles	desquelles
desquels	desquels
dessinent	dessinent
dessiner	dessiner
dessiné	dessiné
dessous	dessous
dessus	dessus
destination	destination
destiné	destiné
destinée	destinée
destinées	destinées
destinés	destinés
destructif	destructif
destructifs	destructifs
destruction	destruction
destructive	destructive
destructuration	destructuration
desy	desy
detection	detection
deutsches	deutsches
deutérium	deutérium
deux	
deuxième	deuxième
devaient	devaient
devait	devait
devant	devant
development	development
devenant	devenant
devenir	devenir
devenu	devenu
devenue	devenue
devenues	devenues
devices	devices
deviendra	deviendra
deviendrait	deviendrait
deviendront	deviendront
devienne	devienne
deviennent	deviennent
devient	devient
deville	deville
devis	devis
devise	devise
devoir	devoir
devons	devons
devra	devra
devraient	devraient
devrait	devrait
devront	devront
dga	dga
dgac	dgac
dgcis	dgcis
dge	dge
dhc	dhc
dhet	dhet
di	di
diabète	diabète
diabètes	diabètes
diabétique	diabétique
diabétiques	diabétiques
diabétiquesle	diabétiquesle
diagana	diagana
diagnostic	diagnostic
diagnostics	diagnostics
diagnostiquer	diagnostiquer
diagnostiqué	diagnostiqué
diagnostiquée	diagnostiquée
diagnostiquées	diagnostiquées
diagnostiqués	diagnostiqués
dialogue	dialogue
dialoguent	dialoguent
dialoguer	dialoguer
diamètre	diamètre
diamètres	diamètres
diapason	diapason
diaphyse	diaphyse
diasi	diasi
didactique	didactique
didactiques	didactiques
diderot	diderot
didier	didier
difficile	difficile
difficilel	difficilel
difficilement	difficilement
difficiles	difficiles
difficulté	difficulté
difficultés	difficultés
diffraction	diffraction
diffractions	diffractions
diffractés	diffractés
diffus	diffus
diffuser	diffuser
diffusion	diffusion
diffusée	diffusée
diffère	diffère
diffèrent	diffèrent
différemment	différemment
différence	différence
différences	différences
différenciation	différenciation
différent	différent
différente	différente
différentedes	différentedes
différentes	différentes
différents	différents
différentsvisualiser	différentsvisualiser
digestif	digestif
digestion	digestion
digestive	digestive
digestives	digestives
digestivesdes	digestivesdes
digital	digital
digitale	digitale
digne	digne
dijon	dijon
dijonexiste	dijonexiste
dijonnais	dijonnais
dijonnaise	dijonnaise
dijonnaises	dijonnaises
dijonuniversité	dijonuniversité
dilatation	dilatation
dimension	dimension
dimensionnement	dimensionnement
dimensionné	dimensionné
dimensions	dimensions
diminuant	diminuant
diminuent	diminuent
diminuer	diminuer
diminution	diminution
diminué	diminué
dimères	dimères
dinasolar	dinasolar
diode	diode
diodes	diodes
diop	diop
dior	dior
dioxyde	dioxyde
diplomatique	diplomatique
diplôme	diplôme
diplômes	diplômes
diplômé	diplômé
diplômée	diplômée
diplômés	diplômés
dira	dira
dire	dire
direct	direct
directe	directe
directement	directement
directes	directes
directeur	directeur
directeurs	directeurs
direction	direction
directions	directions
directives	directives
directrice	directrice
directs	directs
dires	dires
dirige	dirige
dirigeait	dirigeait
dirigeant	dirigeant
dirigeante	dirigeante
dirigeants	dirigeants
diriger	diriger
dirigiez	dirigiez
dirigé	dirigé
dirigée	dirigée
dirigées	dirigées
dirigés	dirigés
dis	dis
disait	disait
disamegamark	disamegamark
disant	disant
disasolar	disasolar
discerner	discerner
disciplinarité	disciplinarité
discipline	discipline
disciplines	disciplines
discours	discours
discovery	discovery
discrimination	discrimination
discrètes	discrètes
discussion	discussion
discussions	discussions
discuter	discuter
diseases	diseases
disney	disney
disparaissant	disparaissant
disparaît	disparaît
disparaître	disparaître
disparition	disparition
disparités	disparités
disparu	disparu
disparue	disparue
dispensaire	dispensaire
dispense	dispense
dispenser	dispenser
dispensing	dispensing
dispensons	dispensons
dispensé	dispensé
dispensée	dispensée
dispensées	dispensées
dispensés	dispensés
disperse	disperse
disperser	disperser
dispersion	dispersion
dispersées	dispersées
dispersés	dispersés
disponibilité	disponibilité
disponible	disponible
disponibles	disponibles
disposaient	disposaient
disposait	disposait
disposant	disposant
dispose	dispose
disposent	disposent
disposer	disposer
disposera	disposera
disposeront	disposeront
disposez	disposez
disposions	disposions
dispositif	dispositif
dispositifs	dispositifs
dispositifun	dispositifun
disposition	disposition
disposons	disposons
disques	disques
dissection	dissection
dissertent	dissertent
disserter	disserter
dissociation	dissociation
dissociée	dissociée
dissoute	dissoute
dissuasif	dissuasif
disséminera	disséminera
distance	distance
distances	distances
distinction	distinction
distincts	distincts
distinguer	distinguer
distingueront	distingueront
distingué	distingué
distorsion	distorsion
distribuer	distribuer
distributeurs	distributeurs
distributing	distributing
distribution	distribution
distribué	distribué
dit	dit
dite	dite
dites	dites
dits	dits
divers	divers
diverses	diverses
diversification	diversification
diversifier	diversifier
diversifiée	diversifiée
diversifiées	diversifiées
diversifiés	diversifiés
diversité	diversité
diversités	diversités
divertor	divertor
diviser	diviser
divisée	divisée
divisés	divisés
dix	dix
dizaine	dizaine
dizaines	dizaines
diète	diète
diététique	diététique
djibouti	djibouti
dlr	dlr
dlrune	dlrune
dluo	dluo
dmla	dmla
doc	doc
docteur	docteur
docteurs	docteurs
doctoral	doctoral
doctorales	doctorales
doctorantes	doctorantes
doctorants	doctorants
doctorat	doctorat
documentationun	documentationun
documents	documents
dodaro	dodaro
doigts	doigts
doigté	doigté
doit	doit
doivent	doivent
dollars	dollars
domaine	
domaineles	domaineles
domaines	domaines
domaineune	domaineune
domicile	domicile
domiciles	domiciles
domicilesilver	domicilesilver
dominantes	dominantes
dominique	dominique
dommages	dommages
domomédecine	domomédecine
domotique	domotique
donc	
donnait	donnait
donnant	donnant
donne	donne
donnent	donnent
donner	donner
donnera	donnera
donnet	donnet
donneurs	donneurs
donné	donné
donnée	donnée
données	données
donnés	donnés
dont	
dopage	dopage
dopagelutte	dopagelutte
dopamine	dopamine
doper	doper
dopé	dopé
dordogne	dordogne
doris	doris
dorn	dorn
dornier	dornier
dorsale	dorsale
dorso	dorso
dorée	dorée
dosage	dosage
dose	dose
doser	doser
doses	doses
dosimétrie	dosimétrie
dossier	dossier
dossiers	dossiers
dotait	dotait
dotant	dotant
dotations	dotations
doter	doter
doté	doté
dotée	dotée
dotées	dotées
dotés	dotés
douai	douai
douarnenez	douarnenez
double	double
doublement	doublement
doubler	doubler
doubs	doubs
douce	douce
doudin	doudin
douleurs	douleurs
doutait	doutait
doute	doute
douter	douter
douzaine	douzaine
douze	douze
douée	douée
doxorubicine	doxorubicine
doyen	doyen
drastiques	drastiques
dresde	dresde
dressage	dressage
dresse	dresse
dresser	dresser
dressez	dressez
dressé	dressé
drire	drire
driven	driven
drobinski	drobinski
drogues	drogues
droit	droit
droite	droite
droits	droits
drone	drone
drones	drones
dropsondes	dropsondes
drosophile	drosophile
druon	druon
dryade	dryade
dsf	dsf
dsm	dsm
dsp	dsp
dt	dt
du	
dual	dual
dualine	dualine
ducrocq	ducrocq
ductilité	ductilité
due	due
dues	dues
duflo	duflo
dunes	dunes
dunod	dunod
duquel	duquel
dur	dur
durabilité	durabilité
durable	durable
durable1ère	durable1ère
durablel	durablel
durablement	durablement
durableplus	durableplus
durables	durables
durait	durait
durant	durant
durcir	durcir
durcissement	durcissement
durcisseurs	durcisseurs
durcit	durcit
dure	dure
dures	dures
durée	durée
duréeequilibre	duréeequilibre
durées	durées
dus	dus
dusko	dusko
dut	dut
dutailly	dutailly
dutour	dutour
duval	duval
duvernois	duvernois
dynacomp	dynacomp
dynamique	dynamique
dynamiquement	dynamiquement
dynamiques	dynamiques
dynamiser	dynamiser
dynamisme	dynamisme
dysfonctionnements	dysfonctionnements
dysfonctions	dysfonctions
dyskinésie	dyskinésie
dyskinésies	dyskinésies
dyslipidémie	dyslipidémie
dès	dès
débarque	débarque
débarrassons	débarrassons
débat	débat
débats	débats
débatsconférence	débatsconférence
débattre	débattre
débattront	débattront
débattu	débattu
débit	débit
déboucher	déboucher
débris	débris
débusquer	débusquer
début	début
débute	débute
débuteront	débuteront
débuté	débuté
décalage	décalage
décantation	décantation
décarboner	décarboner
décarbonée	décarbonée
décelables	décelables
décelé	décelé
décembre	décembre
décennie	décennie
décennies	décennies
décentralisée	décentralisée
décernait	décernait
décerne	décerne
décernent	décernent
décerner	décerner
décerné	décerné
décernée	décernée
décernés	décernés
décharges	décharges
déchets	déchets
déchiffrer	déchiffrer
déchirure	déchirure
décide	décide
décident	décident
décider	décider
décideur	décideur
décideurs	décideurs
décidé	décidé
décidément	décidément
décimètre	décimètre
décisif	décisif
décision	décision
décisions	décisions
décisives	décisives
déclare	déclare
déclarent	déclarent
déclarer	déclarer
déclaré	déclaré
déclarés	déclarés
déclenchant	déclenchant
déclenche	déclenche
déclencher	déclencher
déclencheur	déclencheur
déclenché	déclenché
déclin	déclin
décliné	décliné
déclinée	déclinée
déclinées	déclinées
décollage	décollage
décollés	décollés
décomposer	décomposer
déconcertante	déconcertante
déconstruction	déconstruction
décontamination	décontamination
décor	décor
décoration	décoration
décortiquant	décortiquant
décortiquer	décortiquer
décortiqués	décortiqués
découle	découle
découpe	découpe
découper	découper
découpées	découpées
découvert	découvert
découverte	découverte
découvertes	découvertes
découverts	découverts
découvre	découvre
découvrent	découvrent
découvrir	découvrir
découvrirez	découvrirez
décrire	décrire
décrit	décrit
décrite	décrite
décrivent	décrivent
décrocher	décrocher
décroché	décroché
décroître	décroître
décryptant	décryptant
décrypter	décrypter
décrypté	décrypté
décryptées	décryptées
décrète	décrète
décès	décès
dédié	dédié
dédiée	dédiée
dédiées	dédiées
dédiés	dédiés
déduire	déduire
déduit	déduit
défaut	défaut
défauts	défauts
défectueux	défectueux
défend	défend
défendent	défendent
défendra	défendra
défendre	défendre
défendue	défendue
défense	défense
défenses	défenses
défi	défi
déficience	déficience
déficiences	déficiences
déficient	déficient
déficit	déficit
déficitaire	déficitaire
déficits	déficits
défini	défini
définie	définie
définies	définies
définir	définir
définissant	définissant
définit	définit
définitif	définitif
définition	définition
définitive	définitive
définitivement	définitivement
définitives	définitives
défis	défis
déforestation	déforestation
déformable	déformable
déformation	déformation
défunt	défunt
dégager	dégager
dégagées	dégagées
déglutition	déglutition
dégradation	dégradation
dégrade	dégrade
dégradent	dégradent
dégrader	dégrader
dégrossir	dégrossir
dégustateur	dégustateur
dégustateurs	dégustateurs
dégustation	dégustation
dégâts	dégâts
dégénératives	dégénératives
dégénérescence	dégénérescence
dégénérescences	dégénérescences
déjà	
délais	délais
délaissé	délaissé
délibérée	délibérée
délibérément	délibérément
délicat	délicat
délicatsreproduire	délicatsreproduire
délimité	délimité
délivrance	délivrance
délivrent	délivrent
délivrer	délivrer
délivré	délivré
délivrée	délivrée
délocalisée	délocalisée
délégation	délégation
délégations	délégations
délégué	délégué
déléguée	déléguée
démantèlement	démantèlement
démarche	démarche
démarches	démarches
démarrage	démarrage
démarre	démarre
démarrent	démarrent
démarrer	démarrer
démarré	démarré
dématérialisation	dématérialisation
démences	démences
démocratisation	démocratisation
démocratise	démocratise
démocratisons	démocratisons
démographie	démographie
démographique	démographique
démographiques	démographiques
démonstrateur	démonstrateur
démonstrateurs	démonstrateurs
démonstration	démonstration
démonstrations	démonstrations
démonter	démonter
démontre	démontre
démontrer	démontrer
démontrerdes	démontrerdes
démontré	démontré
démystifie	démystifie
dénicher	dénicher
dénombrement	dénombrement
dénombrer	dénombrer
dénomination	dénomination
dénommé	dénommé
dénommée	dénommée
dénutrition	dénutrition
départ	départ
département	département
départements	départements
dépasse	dépasse
dépassement	dépassement
dépassent	dépassent
dépasser	dépasser
dépassera	dépassera
dépasserait	dépasserait
dépend	dépend
dépendaient	dépendaient
dépendance	dépendance
dépendant	dépendant
dépendante	dépendante
dépendantes	dépendantes
dépendent	dépendent
dépendons	dépendons
dépendre	dépendre
dépens	dépens
dépenser	dépenser
dépenses	dépenses
dépistage	dépistage
dépister	dépister
dépit	dépit
déplace	déplace
déplacement	déplacement
déplacements	déplacements
déplacent	déplacent
déplacer	déplacer
déplacé	déplacé
déplacée	déplacée
déplaire	déplaire
déplass	déplass
déploiement	déploiement
déplorable	déplorable
déplore	déplore
déploré	déploré
déployer	déployer
déployé	déployé
déployées	déployées
déployés	déployés
dépointage	dépointage
dépolluer	dépolluer
déposant	déposant
déposer	déposer
déposition	déposition
déposé	déposé
déposée	déposée
déposées	déposées
déposés	déposés
dépourvu	dépourvu
dépourvues	dépourvues
dépression	dépression
dépérissement	dépérissement
dépôt	dépôt
dépôts	dépôts
dérangeant	dérangeant
dérangeante	dérangeante
dérisoirele	dérisoirele
dérivants	dérivants
dérive	dérive
dérivé	dérivé
dérivées	dérivées
dérivés	dérivés
dérober	dérober
déroulant	déroulant
déroule	déroule
déroulement	déroulement
déroulent	déroulent
dérouler	dérouler
déroulera	déroulera
dérouleront	dérouleront
déroulé	déroulé
déroulée	déroulée
désaffection	désaffection
désaisonnaliser	désaisonnaliser
désarmés	désarmés
désert	désert
désertification	désertification
désherbage	désherbage
déshérence	déshérence
désigne	désigne
désigner	désigner
désir	désir
désirs	désirs
désole	désole
désorbitation	désorbitation
désordre	désordre
désorganisation	désorganisation
désormais	désormais
désorption	désorption
déstabilisermyrte	déstabilisermyrte
déstructuration	déstructuration
déséquilibres	déséquilibres
déséquilibrée	déséquilibrée
détaché	détaché
détail	détail
détailles	détailles
détaillées	détaillées
détails	détails
détatouage	détatouage
détecte	détecte
détecter	détecter
détecteur	détecteur
détecteurs	détecteurs
détection	détection
détecté	détecté
détectée	détectée
détectées	détectées
détenant	détenant
détenir	détenir
détenu	détenu
détenue	détenue
détergentes	détergentes
détergents	détergents
déterminant	déterminant
déterminants	déterminants
déterminent	déterminent
déterminer	déterminer
déterministe	déterministe
déterministes	déterministes
déterminée	déterminée
détiennent	détiennent
détient	détient
détour	détour
détracteurs	détracteurs
détriment	détriment
détroit	détroit
détruire	détruire
dévasté	dévasté
développant	développant
développe	développe
développement	
développements	développements
développent	développent
développer	développer
développera	développera
développerait	développerait
développeurs	développeurs
développons	développons
développé	développé
développée	développée
développées	développées
développés	développés
déviés	déviés
dévoilent	dévoilent
dévoiler	dévoiler
dévoilée	dévoilée
déçus	déçus
dû	dû
e	e
eads	eads
earth	earth
earthquake	earthquake
east	east
eau	eau
eauquel	eauquel
eauréutilisation	eauréutilisation
eaux	eaux
ebt	ebt
ec6	ec6
eccp	eccp
ecnu	ecnu
eco	eco
ecolab	ecolab
ecole	ecole
ecoles	ecoles
ecologie	ecologie
ecology	ecology
economic	economic
economie	economie
economique	economique
economy	economy
ecophyto	ecophyto
ecosse	ecosse
ecosym	ecosym
ecotechnologies	ecotechnologies
ecrire	ecrire
eden	eden
edf	edf
edge	edge
edimbourg	edimbourg
editeur	editeur
editions	editions
edmond	edmond
edrip	edrip
education	education
edwige	edwige
effacement	effacement
effectif	effectif
effectifs	effectifs
effective	effective
effectivement	effectivement
effectuait	effectuait
effectuant	effectuant
effectue	effectue
effectuent	effectuent
effectuer	effectuer
effectuera	effectuera
effectuerons	effectuerons
effectueront	effectueront
effectué	effectué
effectuées	effectuées
effectués	effectués
effervescence	effervescence
effet	
effets	effets
efficace	efficace
efficacement	efficacement
efficaces	efficaces
efficacité	efficacité
efficience	efficience
efficient	efficient
efficientes	efficientes
efficients	efficients
effinergie	effinergie
effluents	effluents
effondre	effondre
effondrement	effondrement
effondrées	effondrées
effort	effort
efforts	efforts
effrénée	effrénée
egalement	egalement
egg	egg
egly	egly
ego	ego
egypte	egypte
egyptiens	egyptiens
eh	eh
ehpad	ehpad
ehrlich	ehrlich
eiffel	eiffel
eile	eile
einstein	einstein
ekhuft	ekhuft
elaboration	elaboration
elaboré	elaboré
elc2	elc2
elderly	elderly
eldorado	eldorado
electric	electric
electrique	electrique
electro	electro
electron	electron
electronique	electronique
electroniquescomactualites64561htm	electroniquescomactualites64561htm
electroniquescomsilxw	electroniquescomsilxw
elektronen	elektronen
element	element
elementest	elementest
elements	elements
elevator	elevator
elisa	elisa
elisabeth	elisabeth
elle	elle
ellemédaille	ellemédaille
elles	elles
elo	elo
elova	elova
else	else
em2c	em2c
emac	emac
emballage	emballage
emballages	emballages
emballés	emballés
embarcation	embarcation
embarcations	embarcations
embarque	embarque
embarquent	embarquent
embarquer	embarquer
embarqué	embarqué
embarquée	embarquée
embarqués	embarqués
embarquésobjets	embarquésobjets
embauche	embauche
embaucher	embaucher
embl	embl
emblée	emblée
emblématique	emblématique
emblématiques	emblématiques
embouchures	embouchures
embryon	embryon
embûches	embûches
emc2	emc2
emergence	emergence
emirats	emirats
emissions	emissions
emitting	emitting
emlyon	emlyon
emm	emm
emm2013	emm2013
emma	emma
emmanuel	emmanuel
emmanuelle	emmanuelle
emmener	emmener
emmènera	emmènera
empile	empile
empilement	empilement
empiler	empiler
empirique	empirique
empiriques	empiriques
emplacement	emplacement
emploi	emploi
emploie	emploie
emplois	emplois
employés	employés
empois	empois
emportait	emportait
emporte	emporte
emporter	emporter
emportera	emportera
empreinte	empreinte
empreintes	empreintes
empresse	empresse
emprunt	emprunt
empruntant	empruntant
empruntent	empruntent
emprunter	emprunter
empêchant	empêchant
empêche	empêche
empêcher	empêcher
en	
enac	enac
encadrement	encadrement
encaissée	encaissée
encapsulation	encapsulation
encapsuler	encapsuler
encapsulé	encapsulé
encapsulés	encapsulés
encastrés	encastrés
enchantement	enchantement
enchaîner	enchaîner
enclavées	enclavées
enclin	enclin
encombrante	encombrante
encore	
encourageants	encourageants
encouragent	encouragent
encourager	encourager
encouragés	encouragés
encre	encre
encyclopédie	encyclopédie
encéphale	encéphale
encéphalique	encéphalique
end	end
endettement	endettement
endocellsproduction	endocellsproduction
endocrine	endocrine
endocrines	endocrines
endocrinien	endocrinien
endocriniens	endocriniens
endocrinologie	endocrinologie
endommager	endommager
endommagé	endommagé
endommagée	endommagée
endoscopique	endoscopique
endroit	endroit
endroits	endroits
endurance	endurance
endémiques	endémiques
enea	enea
energie	energie
energies	energies
energy	energy
energétique	energétique
energétiques	energétiques
enfance	enfance
enfant	enfant
enfants	enfants
enfermer	enfermer
enfilage	enfilage
enfin	enfin
enflamme	enflamme
engage	engage
engageant	engageant
engagement	engagement
engager	engager
engagé	engagé
engagée	engagée
engagées	engagées
engagés	engagés
engendrera	engendrera
engendrées	engendrées
engin	engin
engineering	engineering
engins	engins
englobe	englobe
engouement	engouement
engrais	engrais
engranger	engranger
engref	engref
engrenages	engrenages
enil	enil
enils	enils
enitiaa	enitiaa
enjeu	enjeu
enjeux	enjeux
enki	enki
enlever	enlever
enquête	enquête
enregistre	enregistre
enregistrement	enregistrement
enregistrements	enregistrements
enregistrer	enregistrer
enregistré	enregistré
enregistrés	enregistrés
enrichie	enrichie
enrichies	enrichies
enrichir	enrichir
enrichissant	enrichissant
enrichissante	enrichissante
enrichissants	enrichissants
ens	ens
ensait	ensait
ensam	ensam
ensaplv	ensaplv
ensbana	ensbana
enseignant	enseignant
enseignants	enseignants
enseigne	enseigne
enseignement	enseignement
enseignements	enseignements
enseigner	enseigner
ensemble	ensemble
ensembliers	ensembliers
ensg	ensg
ensia	ensia
ensiacet	ensiacet
ensica	ensica
ensma	ensma
ensmm	ensmm
ensoleillement	ensoleillement
ensoleillés	ensoleillés
ensta	ensta
ensuite	ensuite
entamant	entamant
entame	entame
entament	entament
entamer	entamer
entamera	entamera
entamé	entamé
entamés	entamés
entend	entend
entendais	entendais
entendent	entendent
entendre	entendre
entendu	entendu
entendue	entendue
enterococcus	enterococcus
enterome	enterome
enthousiasme	enthousiasme
enthousiasmesystèmes	enthousiasmesystèmes
enthousiasmés	enthousiasmés
enthousiaste	enthousiaste
enthousiastes	enthousiastes
entier	entier
entiers	entiers
entité	entité
entités	entités
entière	entière
entièrement	entièrement
entoure	entoure
entourent	entourent
entourer	entourer
entrants	entrants
entraînant	entraînant
entraîne	entraîne
entraînement	entraînement
entraînent	entraînent
entraîner	entraîner
entraînera	entraînera
entraîné	entraîné
entraînée	entraînée
entraînés	entraînés
entre	
entrecoupe	entrecoupe
entrent	entrent
entreprendre	entreprendre
entrepreneur	entrepreneur
entrepreneuriale	entrepreneuriale
entrepreneuriat	entrepreneuriat
entrepreneurs	entrepreneurs
entrepris	entrepris
entreprise	entreprise
entrepriseanalyse	entrepriseanalyse
entreprisedes	entreprisedes
entrepriseeyebrain	entrepriseeyebrain
entreprises	entreprises
entrepriseshémangiome	entrepriseshémangiome
entrer	entrer
entrera	entrera
entreront	entreront
entres	entres
entretenir	entretenir
entretenue	entretenue
entretien	entretien
entretiennent	entretiennent
entretiens	entretiens
entretient	entretient
entrevoir	entrevoir
entré	entré
entrée	entrée
entrées	entrées
envahi	envahi
envahit	envahit
enveloppe	enveloppe
envergure	envergure
envers	envers
envie	envie
environ	environ
environment	environment
environmental	environmental
environnant	environnant
environnants	environnants
environnement	environnement
environnemental	environnemental
environnementale	environnementale
environnementalenécessité	environnementalenécessité
environnementales	environnementales
environnementaux	environnementaux
environnementdétecteur	environnementdétecteur
environnements	environnements
environnent	environnent
envisage	envisage
envisageable	envisageable
envisageables	envisageables
envisagent	envisagent
envisageons	envisageons
envisager	envisager
envisagé	envisagé
envisagée	envisagée
envisagées	envisagées
envisagés	envisagés
envisat	envisat
envoi	envoi
envoie	envoie
envol	envol
envoyer	envoyer
envoyons	envoyons
envoyé	envoyé
envoyées	envoyées
envoyés	envoyés
enzymatique	enzymatique
enzymatiques	enzymatiques
enzyme	enzyme
enzymes	enzymes
enzymologie	enzymologie
eolienne	eolienne
ephe	ephe
epilepsie	epilepsie
epinière	epinière
eportfolio	eportfolio
eppn	eppn
epsetein	epsetein
epsztein	epsztein
equateur	equateur
equatoriale	equatoriale
equilibre	equilibre
equipement	equipement
equipements	equipements
equipex	equipex
equipé	equipé
equitation	equitation
equity	equity
era	era
erasmus	erasmus
erc	erc
erectus	erectus
ergonomie	ergonomie
ergonomiques	ergonomiques
ergothérapeutes	ergothérapeutes
eric	eric
erik	erik
erlangen	erlangen
erreur	erreur
erreurs	erreurs
erythrée	erythrée
esa	esa
esc	esc
escale	escale
escales	escales
escatha	escatha
escherichia	escherichia
escient	escient
escoffier	escoffier
escuela	escuela
esf	esf
esiec	esiec
esiee	esiee
esnouf	esnouf
espace	espace
espaces	espaces
espagne	espagne
espagnole	espagnole
espci	espci
espoir	espoir
esprit	esprit
espèce	espèce
espècede	espècede
espèces	espèces
espère	espère
espèrent	espèrent
espérance	espérance
espérer	espérer
esquisse	esquisse
esquisser	esquisser
esr	esr
esrc	esrc
esrf	esrf
ess	ess
essai	essai
essaimage	essaimage
essais	essais
essayant	essayant
essayent	essayent
essayer	essayer
essayons	essayons
essayé	essayé
essca	essca
esscal	esscal
essence	essence
essences	essences
essentiel	essentiel
essentielle	essentielle
essentiellement	essentiellement
essentielles	essentielles
essentiels	essentiels
essex	essex
essonne	essonne
essor	essor
essoufflement	essoufflement
est	
est3ème	est3ème
estaca	estaca
ester	ester
esther	esther
estii	estii
estimant	estimant
estimation	estimation
estimations	estimations
estime	estime
estiment	estiment
estimer	estimer
estimons	estimons
estimé	estimé
estimée	estimée
estivale	estivale
estomac	estomac
estompent	estompent
estp	estp
estuaire	estuaire
estuaires	estuaires
esturgeon	esturgeon
esturgeons	esturgeons
et	
etablissement	etablissement
etat	etat
etats	etats
etc	etc
etcvol	etcvol
ethiopie	ethiopie
etienne	etienne
etou	etou
etp	etp
etre	etre
etude	etude
etudes	etudes
etudesuniversité	etudesuniversité
etudiants	etudiants
eu	eu
euclid	euclid
eumetsat	eumetsat
euorg	euorg
euphorique	euphorique
euralis	euralis
euratom	euratom
euro	euro
eurobiomed	eurobiomed
eurocentriste	eurocentriste
eurocopter	eurocopter
eurohorcs	eurohorcs
euroneurop	euroneurop
europe	europe
european	european
européen	européen
européenne	européenne
européennes	européennes
européens	européens
européensvers	européensvers
eurorégion	eurorégion
euros	euros
euros4ème	euros4ème
eurotrans	eurotrans
eurêka	eurêka
eustache	eustache
eux	eux
evaluation	evaluation
evaluations	evaluations
evaluer	evaluer
evolution	evolution
evolutive	evolutive
evoquant	evoquant
evry	evry
evénement	evénement
ex	ex
exacerbée	exacerbée
exactement	exactement
exactes	exactes
exaflopiques	exaflopiques
examen	examen
examens	examens
exawatt	exawatt
excellence	excellence
excellente	excellente
excellentes	excellentes
excellents	excellents
exception	exception
exceptionnel	exceptionnel
exceptionnelle	exceptionnelle
exceptionnelles	exceptionnelles
exceptionnels	exceptionnels
excessive	excessive
excitateurs	excitateurs
exclame	exclame
exclu	exclu
exclusif	exclusif
exclusive	exclusive
exclusivement	exclusivement
exclusivité	exclusivité
exclut	exclut
excède	excède
excès	excès
executive	executive
exemplaire	exemplaire
exemplaires	exemplaires
exemple	exemple
exemples	exemples
exenuc	exenuc
exercent	exercent
exercer	exercer
exercice	exercice
exercices	exercices
exercée	exercée
exerçait	exerçait
exerçant	exerçant
exhaustif	exhaustif
exhaustive	exhaustive
exige	exige
exigeant	exigeant
exigeante	exigeante
exigeantes	exigeantes
exigeants	exigeants
exigence	exigence
exigences	exigences
exigent	exigent
exigus	exigus
exigés	exigés
existaient	existaient
existait	existait
existant	existant
existante	existante
existantes	existantes
existants	existants
existe	existe
existence	existence
existent	existent
exister	exister
existera	existera
existerait	existerait
exomars	exomars
exosquelette	exosquelette
exotiques	exotiques
exoès	exoès
expansion	expansion
expansiontoulouse	expansiontoulouse
expatrié	expatrié
experimental	experimental
expert	expert
expertes	expertes
expertise	expertise
expertises	expertises
experts	experts
expiration	expiration
explication	explication
explicites	explicites
explique	
expliquent	expliquent
expliquer	expliquer
expliquerait	expliquerait
expliqué	expliqué
exploit	exploit
exploitable	exploitable
exploitation	exploitation
exploitationbilan	exploitationbilan
exploitationrhepatch	exploitationrhepatch
exploitations	exploitations
exploite	exploite
exploiter	exploiter
exploité	exploité
exploitée	exploitée
exploitées	exploitées
exploités	exploités
explorait	explorait
exploration	exploration
explore	explore
explorent	explorent
explorer	explorer
explorons	explorons
exploré	exploré
explorée	explorée
explorées	explorées
explose	explose
explosif	explosif
explosifs	explosifs
explosé	explosé
expo	expo
exponentielle	exponentielle
export	export
exportait	exportait
exportatrices	exportatrices
exportent	exportent
exporter	exporter
exposants	exposants
expose	expose
exposer	exposer
exposera	exposera
exposition	exposition
expositionles	expositionles
expositions	expositions
exposé	exposé
exposée	exposée
exposés	exposés
expression	expression
expresso	expresso
expriment	expriment
exprimer	exprimer
exprimé	exprimé
expédition	expédition
expéditions	expéditions
expérience	expérience
expériences	expériences
expérimental	expérimental
expérimentale	expérimentale
expérimentalement	expérimentalement
expérimentales	expérimentales
expérimentalesdynacomp	expérimentalesdynacomp
expérimentation	expérimentation
expérimentations	expérimentations
expérimentaux	expérimentaux
expérimente	expérimente
expérimenter	expérimenter
extension	extension
externalisée	externalisée
externe	externe
extia	extia
extia7ème	extia7ème
extra	extra
extraction	extraction
extraire	extraire
extrait	extrait
extraite	extraite
extraites	extraites
extraits	extraits
extraordinaire	extraordinaire
extraordinaires	extraordinaires
extrapolation	extrapolation
extrapole	extrapole
extrusion	extrusion
extrémités	extrémités
extrême	extrême
extrêmement	extrêmement
extrêmes	extrêmes
extérieur	extérieur
extérieures	extérieures
exécuter	exécuter
eyebrain	eyebrain
eyeop1	eyeop1
eyetechcare	eyetechcare
eyrolles	eyrolles
f2c	f2c
fab	fab
fablab	fablab
fabmake	fabmake
fabre	fabre
fabricant	fabricant
fabricants	fabricants
fabrication	fabrication
fabrice	fabrice
fabriquant	fabriquant
fabrique	fabrique
fabriquer	fabriquer
fabriqué	fabriqué
fabriquée	fabriquée
fabriquées	fabriquées
fabriqués	fabriqués
fabry	fabry
fabshop	fabshop
fabulous	fabulous
face	face
facettes	facettes
faciale	faciale
facile	facile
facilement	facilement
faciles	faciles
facilitant	facilitant
facilitateur	facilitateur
facilite	facilite
facilitent	facilitent
faciliter	faciliter
facility	facility
facilité	facilité
facilités	facilités
facteur	facteur
facteurs	facteurs
faculté	faculté
faecalis	faecalis
fagni	fagni
faible	faible
faibles	faibles
faiblesse	faiblesse
faiblit	faiblit
failles	failles
failli	failli
faim	faim
faire	faire
faisabilité	faisabilité
faisaient	faisaient
faisait	faisait
faisant	faisant
faisceau	faisceau
faisions	faisions
faisons	faisons
fait	
faite	faite
faites	faites
faits	faits
falcon	falcon
falconnier	falconnier
falcoz	falcoz
fallait	fallait
falloir	falloir
fallu	fallu
fameuse	fameuse
fameuses	fameuses
fameux	fameux
familiale	familiale
familiariser	familiariser
familiaux	familiaux
famille	famille
famillenalini	famillenalini
familles	familles
fance	fance
fantasmé	fantasmé
fao	fao
far	far
farine	farine
fascicule	fascicule
fascination	fascination
faso	faso
fasse	fasse
fassent	fassent
fassions	fassions
fatiguant	fatiguant
fatigue	fatigue
fatiguer	fatiguer
fatty	fatty
faudra	faudra
faudrait	faudrait
faunes	faunes
faupel	faupel
faurre	faurre
fausse	fausse
faut	faut
faute	faute
fauteuil	fauteuil
fauteuils	fauteuils
faux	faux
faveur	faveur
favorable	favorable
favorablement	favorablement
favorisant	favorisant
favorise	favorise
favorisent	favorisent
favoriser	favoriser
favorisera	favorisera
façon	façon
façonnable	façonnable
façons	façons
fcc	fcc
fct	fct
feder	feder
federalimentare	federalimentare
federun	federun
feillet	feillet
feingenbaum	feingenbaum
femelle	femelle
femelles	femelles
femme	femme
femmes	femmes
femto	femto
femtosecondes	femtosecondes
fer	fer
fera	fera
feraud	feraud
ferme	ferme
fermentation	fermentation
fermes	fermes
fermeture	fermeture
fermetures	fermetures
fermiers	fermiers
fermilab	fermilab
fermières	fermières
fermé	fermé
feront	feront
ferrand	ferrand
ferranteolienne	ferranteolienne
ferrary	ferrary
ferroviaire	ferroviaire
ferroviaires	ferroviaires
ferré	ferré
fertilisation	fertilisation
fertiliser	fertiliser
fertilité	fertilité
feu	feu
feuillage	feuillage
feuille	feuille
feuilles	feuilles
feux	feux
feynman	feynman
ffie	ffie
fgbu	fgbu
fiabilité	fiabilité
fiable	fiable
fiables	fiables
fibre	fibre
fibres	fibres
fibreuses	fibreuses
fibrillaires	fibrillaires
fibrée	fibrée
fiche	fiche
fiches	fiches
fichiers	fichiers
fiction	fiction
fidèles	fidèles
field	field
fields	fields
fier	fier
fiers	fiers
fierté	fierté
figurait	figurait
figure	figure
figurent	figurent
figures	figures
figés	figés
fijus	fijus
fil	fil
filage	filage
filament	filament
file	file
filiale	filiale
filiales	filiales
filière	filière
filières	filières
fille	fille
film	film
films	films
filmé	filmé
filmées	filmées
fils	fils
filtration	filtration
filtre	filtre
filtres	filtres
fin	fin
final	final
finale	finale
finalement	finalement
finalisation	finalisation
finalise	finalise
finaliser	finaliser
finalité	finalité
finance	finance
financement	financement
financements	financements
financer	financer
financeurs	financeurs
financier	financier
financiers	financiers
financière	financière
financièrement	financièrement
financières	financières
financé	financé
financée	financée
financés	financés
finançant	finançant
finaux	finaux
fine	fine
finement	finement
fines	fines
finesse	finesse
fingerprint	fingerprint
fini	fini
finir	finir
finira	finira
finis	finis
finisse	finisse
finit	finit
fink	fink
finlande	finlande
fins	fins
fioraso	fioraso
fip	fip
firmes	firmes
fission	fission
fissure	fissure
fissures	fissures
fixant	fixant
fixe	fixe
fixer	fixer
fixes	fixes
fixé	fixé
fixée	fixée
fixées	fixées
fixés	fixés
fièvre	fièvre
fièvres	fièvres
flagellées	flagellées
flamme	flamme
flash	flash
flavescence	flavescence
flaveur	flaveur
fleurons	fleurons
fleurs	fleurs
fleuve	fleuve
fleuves	fleuves
flexibilité	flexibilité
flexible	flexible
flexibles	flexibles
flexisécurité	flexisécurité
floralis	floralis
flore	flore
flottante	flottante
flottantes	flottantes
flottation	flottation
flotteurs	flotteurs
floue	floue
fluctuantes	fluctuantes
fluctuations	fluctuations
fluide	fluide
fluides	fluides
fluidité	fluidité
fluorescence	fluorescence
fluorescent	fluorescent
fluorescente	fluorescente
fluorescentes	fluorescentes
flux	flux
flying	flying
fléau	fléau
focal	focal
focalisation	focalisation
focaliser	focaliser
focalisé	focalisé
focalisées	focalisées
focalisés	focalisés
focus	
foetal	foetal
foie	foie
fois	
foisles	foisles
foix	foix
foliaire	foliaire
foll	foll
foncier	foncier
fonciers	fonciers
fonction	fonction
fonctionnalisation	fonctionnalisation
fonctionnalité	fonctionnalité
fonctionnalités	fonctionnalités
fonctionnant	fonctionnant
fonctionne	fonctionne
fonctionnel	fonctionnel
fonctionnelle	fonctionnelle
fonctionnelles	fonctionnelles
fonctionnels	fonctionnels
fonctionnement	fonctionnement
fonctionnent	fonctionnent
fonctionner	fonctionner
fonctionnera	fonctionnera
fonctionné	fonctionné
fonctions	fonctions
fond	fond
fondaient	fondaient
fondamental	fondamental
fondamentale	fondamentale
fondamentalecherenkov	fondamentalecherenkov
fondamentalement	fondamentalement
fondamentales	fondamentales
fondamentaux	fondamentaux
fondant	fondant
fondateur	fondateur
fondateurs	fondateurs
fondation	fondation
fondatrices	fondatrices
fonde	fonde
fondeur	fondeur
fonds	fonds
fondsbientôt	fondsbientôt
fondu	fondu
fondé	fondé
fondée	fondée
font	font
fontaine	fontaine
fontainebleau	fontainebleau
fonte	fonte
fontenay	fontenay
food	food
for	for
force	force
forceps	forceps
forces	forces
forcément	forcément
forest	forest
forestier	forestier
forestiersquelle	forestiersquelle
forestière	forestière
forestières	forestières
forests	forests
forger	forger
formalise	formalise
formalisera	formalisera
formalisé	formalisé
formant	formant
formateur	formateur
formation	formation
formations	formations
formats	formats
forme	forme
formellement	formellement
forment	forment
former	former
formes	formes
formidable	formidable
formidables	formidables
formons	formons
formulateur	formulateur
formulation	formulation
formulations	formulations
formule	formule
formuler	formuler
formulés	formulés
formé	formé
formée	formée
formées	formées
formés	formés
fort	fort
forte	forte
fortement	fortement
fortes	fortes
fortiori	fortiori
forts	forts
forum	forum
forums	forums
forêt	forêt
forêts	forêts
fos	fos
fossile	fossile
fossiles	fossiles
fossilisation	fossilisation
fou	fou
fouchecour	fouchecour
foudre	foudre
fouilles	fouilles
foules	foules
foulon	foulon
foulée	foulée
foundation	foundation
four	four
fourier	fourier
fourierceainsermchu	fourierceainsermchu
fourieruniversité	fourieruniversité
fourmillant	fourmillant
fourmille	fourmille
fournaison	fournaison
fourni	fourni
fournie	fournie
fournies	fournies
fournir	fournir
fournira	fournira
fourniront	fourniront
fournis	fournis
fournissent	fournissent
fournisseur	fournisseur
fournisseurs	fournisseurs
fournit	fournit
fourniture	fourniture
fours	fours
foyer	foyer
fp7	fp7
fpga	fpga
frachet	frachet
fraction	fraction
fractionnement	fractionnement
fracture	fracture
fragile	fragile
fragiles	fragiles
fragilise	fragilise
fragilité	fragilité
fragment	fragment
fragmentation	fragmentation
fragmenter	fragmenter
fragmenté	fragmenté
frais	frais
fraise	fraise
frama	frama
framatome	framatome
franc	franc
france	france
francecnrs	francecnrs
francfort	francfort
franche	franche
franchi	franchi
franchir	franchir
franchit	franchit
francilien	francilien
francilienne	francilienne
franciliennes	franciliennes
franciliens	franciliens
francin	francin
francis	francis
francisco	francisco
franco	franco
francophone	francophone
francophones	francophones
francs	francs
français	français
française	française
françaises	françaises
françaisfrédéric	françaisfrédéric
françois	françois
frappant	frappant
frapper	frapper
frappé	frappé
frappés	frappés
fraternité	fraternité
fraunhofer	fraunhofer
frayères	frayères
frein	frein
freinage	freinage
freinant	freinant
freiner	freiner
freins	freins
french	french
fresnel	fresnel
freturb	freturb
freya	freya
friends	friends
frigorifiques	frigorifiques
frigorigènes	frigorigènes
frileux	frileux
frisbee	frisbee
froid	froid
froides	froides
from	from
fromage	fromage
fromager	fromager
fromagerie	fromagerie
fromages	fromages
fromagère	fromagère
fromagères	fromagères
fromsante	fromsante
front	front
frontale	frontale
frontière	frontière
frontières	frontières
fronts	fronts
frotte	frotte
fructueux	fructueux
fruit	fruit
fruits	fruits
frère	frère
frédéric	frédéric
frémissements	frémissements
fréquemment	fréquemment
fréquence	fréquence
fréquences	fréquences
fréquentait	fréquentait
fréquente	fréquente
fréquentées	fréquentées
frérot	frérot
frôler	frôler
fs	fs
fsi	fsi
fui	fui
fuir	fuir
fuite	fuite
fuites	fuites
fukushima	fukushima
fumée	fumée
fumées	fumées
fundamental	fundamental
funds	funds
fur	fur
furent	furent
furtives	furtives
fuselage	fuselage
fusia	fusia
fusible	fusible
fusion	fusion
fusionnant	fusionnant
fusionnent	fusionnent
fusionner	fusionner
fusée	fusée
fut	fut
futur	futur
future	future
futures	futures
futurol	futurol
futurotextiles	futurotextiles
futurs	futurs
futurstolérance	futurstolérance
fécondation	fécondation
fédère	fédère
fédéral	fédéral
fédérant	fédérant
fédérateurs	fédérateurs
fédération	fédération
fédérations	fédérations
fédératrice	fédératrice
fédérer	fédérer
fées	fées
félicite	félicite
félicité	félicité
fémur	fémur
février	février
fête	fête
fêter	fêter
fêtera	fêtera
fêté	fêté
für	für
g	g
gabarit	gabarit
gabon	gabon
gabonais	gabonais
gabonaise	gabonaise
gabriel	gabriel
gadella	gadella
gadzarts	gadzarts
gadzartz	gadzartz
gageure	gageure
gagnant	gagnant
gagne	gagne
gagner	gagner
gagnieu	gagnieu
gagné	gagné
gain	gain
gains	gains
gairdner	gairdner
galactolipides	galactolipides
galaxie	galaxie
galaxies	galaxies
galerie	galerie
galettes	galettes
galien	galien
galileo	galileo
galles	galles
gallium	gallium
galvestine	galvestine
gam	gam
game	game
gamma	gamma
gamme	gamme
gammes	gammes
gand	gand
ganil	ganil
gants	gants
gaps	gaps
garanti	garanti
garantie	garantie
garanties	garanties
garantir	garantir
garantira	garantira
garantis	garantis
garantissait	garantissait
garantissant	garantissant
garantit	garantit
garches	garches
garchesun	garchesun
gard	gard
gardent	gardent
garder	garder
garonne	garonne
gars	gars
gaspillage	gaspillage
gaspillé	gaspillé
gaston	gaston
gastro	gastro
gastronomes	gastronomes
gastronomie	gastronomie
gate	gate
gauche	gauche
gaulle	gaulle
gayon	gayon
gaz	gaz
gazeuse	gazeuse
gazeuses	gazeuses
gazeux	gazeux
gazoducs	gazoducs
gazéification	gazéification
gcn	gcn
gdf	gdf
geapsi	geapsi
gel	gel
gels	gels
gelés	gelés
gemtex	gemtex
genay	genay
genci	genci
gendarmerie	gendarmerie
gene	gene
genepi	genepi
general	general
generation	generation
generis	generis
genet	genet
genevieve	genevieve
geneviève	geneviève
gennes	gennes
genopole	genopole
genosol	genosol
genou	genou
genre	genre
gens	gens
gent	gent
genticel	genticel
gentille	gentille
gentleman	gentleman
genève	genève
genérateur	genérateur
geo	geo
geodata	geodata
geoinformation	geoinformation
georges	georges
geoss	geoss
geosud	geosud
germe	germe
germes	germes
germination	germination
germinet	germinet
germé	germé
gers	gers
gervais	gervais
gestation	gestation
geste	geste
gestes	gestes
gestion	gestion
gestionnaire	gestionnaire
gestionnaires	gestionnaires
gev	gev
gewurztraminer	gewurztraminer
ghisolfo	ghisolfo
gibaru	gibaru
gie	gie
giec	giec
giens	giens
gif	gif
gifas	gifas
giga	giga
gigantesque	gigantesque
gigantesques	gigantesques
gigaoctets	gigaoctets
gilbert	gilbert
gilles	gilles
gin	gin
giorgio	giorgio
gipc	gipc
giron	giron
gironde	gironde
gis	gis
gisement	gisement
gisements	gisements
giuseppone	giuseppone
glace	glace
glaces	glaces
glaciaires	glaciaires
glandes	glandes
glanées	glanées
glaucome	glaucome
glaux	glaux
gliales	gliales
gliders	gliders
global	global
globale	globale
globalement	globalement
globales	globales
globalité	globalité
globaux	globaux
globe	globe
globules	globules
glucagon	glucagon
glucides	glucides
glycochimie	glycochimie
glycofilms	glycofilms
glycémie	glycémie
gmbh	gmbh
gmes	gmes
gns	gns
gobain	gobain
goce	goce
goettmann	goettmann
golfe	golfe
gombert	gombert
gomme	gomme
google	google
gorgé	gorgé
goubet	goubet
gourmands	gourmands
gourminnov	gourminnov
goutte	goutte
gouttelettes	gouttelettes
gouvernance	gouvernance
gouvernances	gouvernances
gouvernant	gouvernant
gouvernants	gouvernants
gouvernement	gouvernement
gouvernementale	gouvernementale
gouvernementales	gouvernementales
gouvernements	gouvernements
gouvernent	gouvernent
goût	goût
goûte	goûte
goûtent	goûtent
goûter	goûter
goûts	goûts
gpan	gpan
gpao	gpao
gpm	gpm
gps	gps
gradients	gradients
graduate	graduate
grain	grain
graine	graine
graines	graines
grains	grains
gram	gram
grameen	grameen
grammes	grammes
grand	grand
grande	grande
grandement	grandement
grandes	grandes
grandeur	grandeur
grandir	grandir
grandissant	grandissant
grandissante	grandissante
grandissent	grandissent
grands	grands
granitiques	granitiques
granulaires	granulaires
granulats	granulats
grappe	grappe
grappes	grappes
gras	gras
grasse	grasse
grasses	grasses
grasset	grasset
gratuitement	gratuitement
gratuits	gratuits
grave	grave
graves	graves
gravez	gravez
gravimètres	gravimètres
gravir	gravir
gravitation	gravitation
gravitationnel	gravitationnel
gravitent	gravitent
gravité	gravité
gravures	gravures
grdf	grdf
grec	grec
greciet	greciet
grecque	grecque
grecques	grecques
grecs	grecs
green	green
greenstar	greenstar
greffe	greffe
greffer	greffer
greffon	greffon
greffé	greffé
greffées	greffées
grenelle	grenelle
grenoble	grenoble
grenobleinppremière	grenobleinppremière
grenoblois	grenoblois
grenobloise	grenobloise
grenobloises	grenobloises
grid	grid
griffe	griffe
grille	grille
grilles	grilles
grises	grises
groenland	groenland
gros	gros
grosse	grosse
grosses	grosses
grossir	grossir
grosso	grosso
group	group
groupe	groupe
groupement	groupement
groupements	groupements
groupes	groupes
grâce	grâce
grèce	grèce
grêle	grêle
gsi	gsi
gst	gst
gtm	gtm
guadeloupe	guadeloupe
guez	guez
guichard	guichard
guichet	guichet
guidage	guidage
guide	guide
guidon	guidon
guidée	guidée
guidées	guidées
guidés	guidés
guillou	guillou
guimet	guimet
guinevere	guinevere
guinée	guinée
guise	guise
guissé	guissé
gustatifs	gustatifs
gustation	gustation
gustative	gustative
gustatives	gustatives
gustave	gustave
guy	guy
guyane	guyane
guyot	guyot
guère	guère
guérir	guérir
guérison	guérison
gy	gy
gyptis	gyptis
gyroscopiques	gyroscopiques
gâteau	gâteau
gâteaux	gâteaux
gèle	gèle
gène	gène
gènes	gènes
gère	gère
gèrent	gèrent
géant	géant
géantes	géantes
géniale	géniale
géniaux	géniaux
génie	génie
génique	génique
génome	génome
génomes	génomes
génomique	génomique
génotypage	génotypage
génotypes	génotypes
génère	génère
génèrent	génèrent
général	général
générale	générale
généralement	généralement
générales	générales
généraliser	généraliser
généralistes	généralistes
généralisé	généralisé
générant	générant
générateur	générateur
génération	génération
générations	générations
généraux	généraux
générer	générer
générique	générique
génériques	génériques
généré	généré
générée	générée
générées	générées
générés	générés
génétique	génétique
génétiquement	génétiquement
génétiques	génétiques
géo	géo
géochimiste	géochimiste
géoconcept	géoconcept
géodésie	géodésie
géodésiens	géodésiens
géodésique	géodésique
géographes	géographes
géographie	géographie
géographique	géographique
géographiques	géographiques
géolocalisation	géolocalisation
géologie	géologie
géologique	géologique
géologues	géologues
géomatique	géomatique
géométrie	géométrie
géométries	géométries
géométrique	géométrique
géométriques	géométriques
géophysiciens	géophysiciens
géophysique	géophysique
géophysiques	géophysiques
géosciences	géosciences
géosystèmes	géosystèmes
géothermale	géothermale
géothermie	géothermie
géraniums	géraniums
gérant	gérant
gérante	gérante
gérard	gérard
gérer	gérer
gériatrie	gériatrie
gérontechnologies	gérontechnologies
gérontologie	gérontologie
géré	géré
gérés	gérés
gêné	gêné
gödel	gödel
h	h
habeat	habeat
habilité	habilité
habitacle	habitacle
habitant	habitant
habitants	habitants
habitat	habitat
habitation	habitation
habite	habite
habitent	habitent
habitude	habitude
habitudes	habitudes
habituelle	habituelle
habituellement	habituellement
habituées	habituées
habitués	habitués
habitées	habitées
haida	haida
haies	haies
hainaut	hainaut
haleine	haleine
hall	hall
hallucinante	hallucinante
hamac	hamac
hambourg	hambourg
hammer	hammer
handicap	handicap
handicapante	handicapante
handicapée	handicapée
handicapées	handicapées
handicapés	handicapés
hard	hard
hardware	hardware
harmattan	harmattan
harmonisés	harmonisés
hart	hart
has	has
hasard	hasard
haumont	haumont
hausse	hausse
haut	haut
haute	haute
hautement	hautement
hautes	hautes
hauteur	hauteur
hauts	hauts
head	head
heads	heads
health	health
hec	hec
hectare	hectare
hectares	hectares
hectolitres	hectolitres
heh	heh
henri	henri
heptanone	heptanone
heracles	heracles
herbacées	herbacées
herbe	herbe
herbicidescontrôler	herbicidescontrôler
herbrand	herbrand
hercule	hercule
heritage	heritage
hermès	hermès
hermétiques	hermétiques
hertz	hertz
hertziennes	hertziennes
hervé	hervé
heure	heure
heures	heures
heureuse	heureuse
heureusement	heureusement
heureux	heureux
heurte	heurte
hewlett	hewlett
hexagonal	hexagonal
hexagone	hexagone
hexagonel	hexagonel
hier	hier
hifu	hifu
high	high
hindi	hindi
hipercom	hipercom
hippocampe	hippocampe
histoire	histoire
histoires	histoires
histol	histol
historique	historique
historiques	historiques
hiver	hiver
hiérarchique	hiérarchique
hiérarchiser	hiérarchiser
hoffmann	hoffmann
hollandais	hollandais
hollande	hollande
holothuries	holothuries
hommage	hommage
homme	homme
hommes	hommes
homo	homo
homogène	homogène
homogénéisation	homogénéisation
homologation	homologation
homologues	homologues
homéopathiques	homéopathiques
hong	hong
hongrie	hongrie
honneur	honneur
honoraire	honoraire
honorer	honorer
hoplias	hoplias
hoppe	hoppe
horaires	horaires
horizon	horizon
horizon2015	horizon2015
horizons	horizons
horlogerie	horlogerie
hormis	hormis
hormone	hormone
hormones	hormones
horowitz	horowitz
hors	hors
hospitalier	hospitalier
hospitaliers	hospitaliers
hospitalisation	hospitalisation
hospitalisées	hospitalisées
hospitalière	hospitalière
hostile	hostile
houle	houle
houllier	houllier
howard	howard
hp	hp
hpc	hpc
hpccalcul	hpccalcul
hpv	hpv
hpv16	hpv16
httpredirectixbulletins	httpredirectixbulletins
httpwwwadmission	httpwwwadmission
httpwwwbulletins	httpwwwbulletins
httpwwwmaisondelasimulationfr	httpwwwmaisondelasimulationfr
httpwwwteracteceu	httpwwwteracteceu
hubble	hubble
hubert	hubert
hugo	hugo
hugues	hugues
hui	
huile	huile
huiles	huiles
huilier	huilier
huit	huit
huitième	huitième
humain	humain
humaine	humaine
humaines	humaines
humainespour	humainespour
humains	humains
humanisme	humanisme
humanité	humanité
humanités	humanités
humanoïde	humanoïde
humble	humble
humbles	humbles
humboldt	humboldt
humeur	humeur
humide	humide
humidité	humidité
humour	humour
hybride	hybride
hybrides	hybrides
hybris	hybris
hyderabad	hyderabad
hydraulique	hydraulique
hydraviation	hydraviation
hydravion	hydravion
hydravions	hydravions
hydrique	hydrique
hydro	hydro
hydrocarbures	hydrocarbures
hydrodynamique	hydrodynamique
hydrodynamiques	hydrodynamiques
hydrographie	hydrographie
hydrographiel	hydrographiel
hydrographique	hydrographique
hydrogène	hydrogène
hydrogénées	hydrogénées
hydroliennes	hydroliennes
hydrologique	hydrologique
hydrologiques	hydrologiques
hydrométallurgie	hydrométallurgie
hydrométéorologie	hydrométéorologie
hydrométéorologiques	hydrométéorologiques
hydrophiles	hydrophiles
hydrophobes	hydrophobes
hydroxy	hydroxy
hymex	hymex
hyper	hyper
hypertension	hypertension
hypophysaires	hypophysaires
hypostyle	hypostyle
hypothalamus	hypothalamus
hypothèse	hypothèse
hypothèses	hypothèses
hypothétique	hypothétique
hyènes	hyènes
hébergeant	hébergeant
hébergement	hébergement
hébergera	hébergera
hébergé	hébergé
hébergée	hébergée
hébergés	hébergés
hédonique	hédonique
hédoniques	hédoniques
hélas	hélas
hélice	hélice
hélicoptère	hélicoptère
hélicoptères	hélicoptères
hélio	hélio
héliobiotec	héliobiotec
hélion	hélion
hélios	hélios
héliosynchrone	héliosynchrone
hélium	hélium
hélène	hélène
hémangiome	hémangiome
hémangiomes	hémangiomes
hémato	hémato
hématologie	hématologie
hématopoïèse	hématopoïèse
hémorragies	hémorragies
hémorragiques	hémorragiques
hépatique	hépatique
hépatite	hépatite
hépatocellulaire	hépatocellulaire
hérault	hérault
hérauts	hérauts
héros	héros
hésitant	hésitant
hésite	hésite
hésitent	hésitent
hésitez	hésitez
hésité	hésité
hêtre	hêtre
hôpital	hôpital
hôpitaux	hôpitaux
hôte	hôte
hôtel	hôtel
hôtellerie	hôtellerie
i	i
iar	iar
iasi	iasi
iasp	iasp
ibitec	ibitec
ibm	ibm
ic3k	ic3k
ican	ican
iccc	iccc
icebergs	icebergs
ici	ici
icmp	icmp
icmub	icmub
icos	icos
icv	icv
id15a	id15a
idea	idea
idefi	idefi
identifiables	identifiables
identification	identification
identifie	identifie
identifier	identifier
identifié	identifié
identifiée	identifiée
identifiées	identifiées
identifiés	identifiés
identique	identique
identiques	identiques
identité	identité
idest	idest
idinvest	idinvest
idiopathique	idiopathique
idriss	idriss
idé	idé
idéal	idéal
idéale	idéale
idéalisés	idéalisés
idée	idée
idées	idées
ieh	ieh
iesf	iesf
ifcam	ifcam
ifce	ifce
ifm	ifm
ifma	ifma
ifremer	ifremer
ifris	ifris
ifsttar	ifsttar
ift	ift
ifts	ifts
ifv	ifv
igf	igf
igm	igm
ign	ign
ignorant	ignorant
ignoriez	ignoriez
ignorons	ignorons
ignoré	ignoré
igpsc	igpsc
ihes	ihes
ii	ii
iii	iii
iil	iil
iir	iir
iisb	iisb
ijcci	ijcci
il	
ildesigner	ildesigner
ildès	ildès
ile	ile
iles	iles
ililes	ililes
ilingénierie	ilingénierie
ill	ill
illearninglab	illearninglab
illuminer	illuminer
illuminée	illuminée
illusion	illusion
illusoire	illusoire
illustrant	illustrant
illustration	illustration
illustrations	illustrations
illustre	illustre
illustrer	illustrer
illustres	illustres
illustré	illustré
illustrée	illustrée
illustrés	illustrés
illégales	illégales
ilmedtech	ilmedtech
ilnucadvisor	ilnucadvisor
ilphysique	ilphysique
ilpremier	ilpremier
ils	ils
ilsa	ilsa
ilsafran	ilsafran
ilstratobus	ilstratobus
image	image
imager	imager
imagerie	imagerie
imageries	imageries
images	images
imageur	imageur
imageurs	imageurs
imaginaient	imaginaient
imaginait	imaginait
imagination	imagination
imagine	imagine
imaginer	imaginer
imaginez	imaginez
imaginove	imaginove
imaginé	imaginé
imaginée	imaginée
imaginées	imaginées
imaginés	imaginés
imagées	imagées
imitent	imitent
immanquablement	immanquablement
immense	immense
immenses	immenses
immensesla	immensesla
immergé	immergé
immergés	immergés
immersion	immersion
immersive	immersive
immi	immi
imminente	imminente
immiscent	immiscent
immobilisation	immobilisation
immobilisé	immobilisé
immobilisée	immobilisée
immobilière	immobilière
immortalisant	immortalisant
immune	immune
immunes	immunes
immunitaire	immunitaire
immunitaires	immunitaires
immunité	immunité
immuno	immuno
immunochimique	immunochimique
immunodéficiente	immunodéficiente
immunodépression	immunodépression
immunoglobuline	immunoglobuline
immunologie	immunologie
immunologiste	immunologiste
immunologistes	immunologistes
immunosuppresseur	immunosuppresseur
immunothérapie	immunothérapie
immédiat	immédiat
immédiate	immédiate
immédiates	immédiates
impact	impact
impact2c	impact2c
impactant	impactant
impacte	impacte
impacter	impacter
impacts	impacts
impacté	impacté
impartis	impartis
impatiemment	impatiemment
impatients	impatients
imperfections	imperfections
imperméable	imperméable
imperturbableun	imperturbableun
implantables	implantables
implantation	implantation
implantations	implantations
implante	implante
implanter	implanter
implantologie	implantologie
implants	implants
implanté	implanté
implantée	implantée
implantées	implantées
implantés	implantés
implication	implication
implications	implications
impliquant	impliquant
implique	implique
impliquent	impliquent
impliquer	impliquer
impliqué	impliqué
impliquée	impliquée
impliquées	impliquées
impliqués	impliqués
importance	importance
important	important
importante	importante
importantes	importantes
importantesgenticel	importantesgenticel
importants	importants
importation	importation
importe	importe
imposant	imposant
impose	impose
imposer	imposer
impossibilité	impossibilité
impossible	impossible
imposé	imposé
imposés	imposés
impression	impression
impressionnante	impressionnante
impressionnants	impressionnants
imprimante	imprimante
imprimantes	imprimantes
imprimé	imprimé
imprimée	imprimée
imprimées	imprimées
imprimés	imprimés
impropre	impropre
impulser	impulser
impulsion	impulsion
impulsions	impulsions
impute	impute
impératif	impératif
impérativement	impérativement
impératives	impératives
impôt	impôt
imt	imt
in	in
ina	ina
inaccessible	inaccessible
inaccessibles	inaccessibles
inattendu	inattendu
inattendus	inattendus
inaugurait	inaugurait
inaugural	inaugural
inauguration	inauguration
inauguré	inauguré
inaugurée	inaugurée
inc	inc
inca	inca
incapable	incapable
incapacité	incapacité
incendie	incendie
incendies	incendies
incertain	incertain
incertaine	incertaine
incertitudes	incertitudes
incessant	incessant
incidence	incidence
incident	incident
incidente	incidente
incision	incision
incitent	incitent
inciter	inciter
inclassable	inclassable
inclinaison	inclinaison
incliné	incliné
incluant	incluant
incluent	incluent
incluses	incluses
incognita	incognita
incompressibles	incompressibles
incompréhensibles	incompréhensibles
incongru	incongru
inconnues	inconnues
inconnus	inconnus
inconscient	inconscient
incontestable	incontestable
incontournable	incontournable
incontournables	incontournables
incontrôlables	incontrôlables
inconvénient	inconvénient
inconvénients	inconvénients
incorporé	incorporé
incorporés	incorporés
increased	increased
incuballiance	incuballiance
incubateur	incubateur
incubation	incubation
inde	inde
independence	independence
indes	indes
index	index
indian	indian
indicala	indicala
indicateur	indicateur
indicateurs	indicateurs
indications	indications
indices	indices
indien	indien
indienne	indienne
indiens	indiens
indifféremment	indifféremment
indifférents	indifférents
indigo	indigo
indiquait	indiquait
indiquant	indiquant
indique	indique
indiquent	indiquent
indiquer	indiquer
indiqué	indiqué
indiquée	indiquée
indiquées	indiquées
indirects	indirects
indispensable	indispensable
indispensables	indispensables
indium	indium
individu	individu
individuel	individuel
individuelle	individuelle
individuelles	individuelles
individuels	individuels
individus	individus
indo	indo
indre	indre
induced	induced
induisait	induisait
induisant	induisant
induisent	induisent
induit	induit
induite	induite
induites	induites
induits	induits
indusriels	indusriels
industriales	industriales
industrialisation	industrialisation
industrialiser	industrialiser
industrialisé	industrialisé
industrialisés	industrialisés
industrie	industrie
industriel	industriel
industrielle	industrielle
industriellement	industriellement
industrielles	industrielles
industriels	industriels
industries	industries
indéniables	indéniables
indépendamment	indépendamment
indépendance	indépendance
indépendante	indépendante
indépendantes	indépendantes
indésirables	indésirables
inee	inee
inefficace	inefficace
ineris	ineris
inertie	inertie
inertielle	inertielle
ines	ines
inexplicable	inexplicable
infantile	infantile
infantiles	infantiles
infarctus	infarctus
infatigable	infatigable
infecter	infecter
infectieuses	infectieuses
infectieux	infectieux
infectiologie	infectiologie
infection	infection
infections	infections
infectées	infectées
infernal	infernal
infestés	infestés
infime	infime
infimes	infimes
infinies	infinies
infirmière	infirmière
infirmières	infirmières
inflammation	inflammation
inflammatoire	inflammatoire
inflammatoires	inflammatoires
influe	influe
influence	influence
influencer	influencer
influencés	influencés
influer	influer
infographie	infographie
infographiste	infographiste
informaticien	informaticien
information	information
informationnel	informationnel
informationnels	informationnels
informations	informations
informatique	informatique
informatiques	informatiques
informer	informer
infra	infra
infrared	infrared
infrarouge	infrarouge
infrarouges	infrarouges
infrastructure	infrastructure
infrastructures	infrastructures
inférieur	inférieur
inférieure	inférieure
inférieures	inférieures
ingaas	ingaas
ingenieros	ingenieros
ingrédient	ingrédient
ingrédients	ingrédients
ingénierie	ingénierie
ingénieriste	ingénieriste
ingénieur	ingénieur
ingénieure	ingénieure
ingénieurs	ingénieurs
ingénieursla	ingénieursla
ingénérie	ingénérie
ingérer	ingérer
ingérop	ingérop
inhabituelle	inhabituelle
inhibe	inhibe
inhibiteur	inhibiteur
inhibiteurs	inhibiteurs
initial	initial
initiale	initiale
initialement	initialement
initiales	initiales
initiateur	initiateur
initiateurs	initiateurs
initiation	initiation
initiative	initiative
initiatives	initiatives
initie	initie
initier	initier
initié	initié
initiée	initiée
initiés	initiés
injectable	injectable
injecter	injecter
injection	injection
injecté	injecté
injectée	injectée
injustifiées	injustifiées
inlandsis	inlandsis
inlassablement	inlassablement
inn	inn
innobio	innobio
innocuité	innocuité
innoecho	innoecho
innombrables	innombrables
innorobo	innorobo
innov	innov
innovant	innovant
innovante	innovante
innovantes	innovantes
innovants	innovants
innovantsouverture	innovantsouverture
innovateurs	innovateurs
innovation	innovation
innovation2ème	innovation2ème
innovationl	innovationl
innovationpremière	innovationpremière
innovations	innovations
innovatives	innovatives
innove	innove
innovent	innovent
innover	innover
innovez	innovez
inné	inné
innée	innée
inondations	inondations
inoplant	inoplant
inopérant	inopérant
inosport	inosport
inosport5ème	inosport5ème
inoviaflow	inoviaflow
inovsys	inovsys
inp	inp
inpi	inpi
inptupscnrsomp	inptupscnrsomp
inquiètent	inquiètent
inquiètes	inquiètes
inquiétude	inquiétude
inra	inra
inracnrsuniversité	inracnrsuniversité
inrauniversité	inrauniversité
inria	inria
insa	insa
insatisfaits	insatisfaits
insaturés	insaturés
insb	insb
inscription	inscription
inscriptions	inscriptions
inscrirait	inscrirait
inscrire	inscrire
inscrit	inscrit
inscrite	inscrite
inscrites	inscrites
inscrits	inscrits
inscrivait	inscrivait
inscrivent	inscrivent
insecte	insecte
insectes	insectes
insecticides	insecticides
insensible	insensible
inserm	inserm
insermecole	insermecole
insermparis	insermparis
insertion	insertion
inshs	inshs
insistant	insistant
insiste	insiste
insoluble	insoluble
insomnies	insomnies
insoupçonnés	insoupçonnés
inspecter	inspecter
inspecteurs	inspecteurs
inspection	inspection
inspirant	inspirant
inspiration	inspiration
inspirer	inspirer
inspiré	inspiré
inspirée	inspirée
inspirées	inspirées
inspirés	inspirés
instabilité	instabilité
installant	installant
installation	installation
installations	installations
installe	installe
installer	installer
installé	installé
installée	installée
installées	installées
installés	installés
instances	instances
instant	instant
instantles	instantles
instar	instar
instationnaires	instationnaires
instauration	instauration
insticc	insticc
institut	institut
institute	institute
instituteurs	instituteurs
institution	institution
institutionnaliser	institutionnaliser
institutionnels	institutionnels
institutionnelsdeux	institutionnelsdeux
institutions	institutions
instituts	instituts
instrument	instrument
instrumentation	instrumentation
instruments	instruments
instrumenté	instrumenté
insuffisant	insuffisant
insuffisante	insuffisante
insulaire	insulaire
insulaires	insulaires
insuline	insuline
insulino	insulino
insurmontable	insurmontable
insérer	insérer
inséré	inséré
intact	intact
integrated	integrated
integration	integration
integrations	integrations
intellectuel	intellectuel
intellectuelle	intellectuelle
intellectuelles	intellectuelles
intellectuellesdécouverte	intellectuellesdécouverte
intelligemment	intelligemment
intelligence	intelligence
intelligent	intelligent
intelligente	intelligente
intelligents	intelligents
intelligibilité	intelligibilité
intempéries	intempéries
intense	intense
intenses	intenses
intensif	intensif
intensification	intensification
intensifier	intensifier
intensité	intensité
intensive	intensive
intensives	intensives
intention	intention
inter	inter
interactif	interactif
interactifs	interactifs
interaction	interaction
interactions	interactions
interactive	interactive
interactives	interactives
interactivité	interactivité
interagir	interagir
interagissent	interagissent
interagit	interagit
interarmées	interarmées
interconnexions	interconnexions
interdisciplinaire	interdisciplinaire
interdisciplinaires	interdisciplinaires
interdisciplinarité	interdisciplinarité
interdite	interdite
interface	interface
interfaces	interfaces
interférence	interférence
interférer	interférer
interféromètre	interféromètre
intergouvernemental	intergouvernemental
intergouvernementales	intergouvernementales
intergénérationnelle	intergénérationnelle
interindividuelle	interindividuelle
interlaboratoires	interlaboratoires
interlocuteur	interlocuteur
interministériel	interministériel
interministérielle	interministérielle
intermittentes	intermittentes
intermédiaire	intermédiaire
intermédiaires	intermédiaires
international	international
internationale	internationale
internationales	internationales
internationalles	internationalles
internationaux	internationaux
interne	interne
internet	internet
internethistoire	internethistoire
internetla	internetla
interopérabilité	interopérabilité
interprofession	interprofession
interprofessionnel	interprofessionnel
interprofessionnelle	interprofessionnelle
interprètes	interprètes
interreg	interreg
interroge	interroge
interrogeant	interrogeant
interrogent	interrogent
interroger	interroger
interrogera	interrogera
interrupteur	interrupteur
interruption	interruption
interrégionales	interrégionales
intersection	intersection
intersensorielle	intersensorielle
intertropicales	intertropicales
interuniversitaire	interuniversitaire
intervalles	intervalles
intervenant	intervenant
intervenants	intervenants
intervenir	intervenir
intervenons	intervenons
intervention	intervention
interventions	interventions
intervenus	intervenus
interviendra	interviendra
intervient	intervient
intestin	intestin
intestinal	intestinal
intestinale	intestinale
intestinales	intestinales
intimes	intimes
intitulé	intitulé
intitulée	intitulée
intitulées	intitulées
intoxication	intoxication
intra	intra
intracellulaire	intracellulaire
intrants	intrants
intrinsèque	intrinsèque
intrinsèquement	intrinsèquement
intrinsèques	intrinsèques
intrinsèquesdes	intrinsèquesdes
introduction	introduction
introduira	introduira
introduire	introduire
introduit	introduit
introduites	introduites
introduits	introduits
intrus	intrus
intuition	intuition
intègre	intègre
intègrent	intègrent
intègreront	intègreront
intégrant	intégrant
intégrante	intégrante
intégrateur	intégrateur
intégrateurs	intégrateurs
intégratif	intégratif
intégration	intégration
intégrer	intégrer
intégrera	intégrera
intégreront	intégreront
intégré	intégré
intégrée	intégrée
intégrées	intégrées
intégrés	intégrés
intéressait	intéressait
intéressant	intéressant
intéressante	intéressante
intéressantes	intéressantes
intéressants	intéressants
intéresse	intéresse
intéressent	intéressent
intéresser	intéresser
intéressera	intéressera
intéresseront	intéresseront
intéressons	intéressons
intéressé	intéressé
intéressée	intéressée
intéressées	intéressées
intéressés	intéressés
intérieur	intérieur
intérieure	intérieure
intérieurs	intérieurs
intérêt	intérêt
intérêts	intérêts
inutile	inutile
invalidation	invalidation
invasifs	invasifs
invasions	invasions
invasive	invasive
inventaire	inventaire
inventaires	inventaires
inventent	inventent
inventer	inventer
inventeur	inventeur
inventeurs	inventeurs
inventifs	inventifs
invention	invention
inventé	inventé
inverse	inverse
inversement	inversement
inverser	inverser
inversée	inversée
invest	invest
investi	investi
investigation	investigation
investigations	investigations
investir	investir
investissant	investissant
investissement	investissement
investissements	investissements
investisseur	investisseur
investisseurs	investisseurs
investissons	investissons
investment	investment
investor	investor
invitation	invitation
invite	invite
invitent	invitent
invité	invité
invités	invités
invivable	invivable
involontairement	involontairement
inédit	inédit
inédite	inédite
inédites	inédites
inédits	inédits
inéluctable	inéluctable
inévitable	inévitable
inévitables	inévitables
ioi	ioi
ion	ion
ionique	ionique
ioniques	ioniques
ionosphère	ionosphère
ionosphérique	ionosphérique
ionosphériques	ionosphériques
ions	ions
ipcms	ipcms
iphc	iphc
ipno	ipno
ipsen	ipsen
ipsos	ipsos
ira	ira
iramis	iramis
irc	irc
ircam	ircam
ird	ird
irdi	irdi
irfm	irfm
irfu	irfu
irions	irions
iris	iris
irlande	irlande
irm	irm
ironie	ironie
iront	iront
iroqua	iroqua
irradiés	irradiés
irrigation	irrigation
irréprochables	irréprochables
irréversibles	irréversibles
irstea	irstea
irt	irt
isab	isab
isae	isae
isba	isba
isbs	isbs
isen	isen
isle	isle
iso	iso
isolant	isolant
isolante	isolante
isolants	isolants
isolation	isolation
isolé	isolé
isolée	isolée
isolées	isolées
isolément	isolément
isotopes	isotopes
israël	israël
isro	isro
iss	iss
issanchou	issanchou
issu	issu
issue	issue
issues	issues
issus	issus
isère	isère
it	it
italia	italia
italie	italie
italien	italien
italienne	italienne
italiens	italiens
items	items
iter	iter
itff	itff
itplc	itplc
its	its
itti	itti
iut	iut
iuvv	iuvv
iva	iva
ivry	ivry
izest	izest
iéna	iéna
j	j
jacente	jacente
jacquart	jacquart
jacques	jacques
jalon	jalon
jalonné	jalonné
jalonnées	jalonnées
jamais	jamais
jambe	jambe
jambes	jambes
james	james
janny	janny
janvier	janvier
japon	japon
japonais	japonais
japonaise	japonaise
japonaises	japonaises
jardins	jardins
jardinées	jardinées
jason	jason
jaune	jaune
java	java
jaxa	jaxa
je	je
jean	jean
jeandel	jeandel
jerphagnon	jerphagnon
jersey	jersey
jet	jet
jeter	jeter
jeté	jeté
jeu	jeu
jeudi	jeudi
jeune	jeune
jeunes	jeunes
jeux	jeux
jobs	jobs
john	john
johor	johor
joie	joie
joindre	joindre
joint	joint
joliment	joliment
joly	joly
jonction	jonction
jordanie	jordanie
jordi	jordi
josas	josas
joseph	joseph
jouait	jouait
joue	joue
jouent	jouent
jouer	jouer
jouera	jouera
jouerait	jouerait
jour	jour
jourdain	jourdain
journal	journal
journaliste	journaliste
journalistes	journalistes
journalière	journalière
journalières	journalières
journée	journée
journées	journées
jours	jours
jouy	jouy
jouzel	jouzel
joué	joué
joyeuse	joyeuse
joël	joël
jri	jri
judiciaire	judiciaire
judicieuses	judicieuses
judicieux	judicieux
judith	judith
juillet	juillet
juin	juin
jules	jules
jullian	jullian
jumelage	jumelage
jumelée	jumelée
jun	jun
junien	junien
junior	junior
juniors	juniors
jura	jura
juridiques	juridiques
juristes	juristes
jury	jury
jus	jus
jusqu	
jusque	jusque
juste	juste
justement	justement
justifier	justifier
justifiée	justifiée
jwst	jwst
jérôme	jérôme
jûlich	jûlich
kanpurmathématiques	kanpurmathématiques
karine	karine
karlsruher	karlsruher
karman	karman
kavli	kavli
kbcc	kbcc
kcalories	kcalories
kdo	kdo
kek	kek
keller	keller
kent	kent
kenya	kenya
kevin	kevin
keyo	keyo
kg	kg
khz	khz
kick	kick
killer	killer
kilo	kilo
kilogramme	kilogramme
kilogrammes	kilogrammes
kilomètres	kilomètres
kilos	kilos
kinkingnéhun	kinkingnéhun
kit	kit
klorane	klorane
km	km
km2	km2
kmh	kmh
knocked	knocked
knockout	knockout
knowledge	knowledge
kobilka	kobilka
kong	kong
kontsevich	kontsevich
kourou	kourou
koweit	koweit
krl	krl
kurma	kurma
kurosh	kurosh
kurt	kurt
kw	kw
kwh	kwh
kyoto	kyoto
kyushu	kyushu
l	
la	
laad	laad
laas	laas
lab	lab
label	label
labellisation	labellisation
labelliser	labelliser
labellisé	labellisé
labellisée	labellisée
labellisés	labellisés
labex	labex
laboratoire	laboratoire
laboratoires	
laboratory	laboratory
labos	labos
labri	labri
labrèze	labrèze
labs	labs
labège	labège
lac	lac
lacs	lacs
lactalis	lactalis
lactation	lactation
lactobacilles	lactobacilles
lactée	lactée
ladhyx	ladhyx
lafarge	lafarge
lafaye	lafaye
lafont	lafont
lagarde	lagarde
lagardele	lagardele
lagons	lagons
lagrost	lagrost
laissant	laissant
laisse	laisse
laissent	laissent
laisser	laisser
laissé	laissé
laissées	laissées
lait	lait
laitier	laitier
laitiers	laitiers
laitière	laitière
laitières	laitières
laits	laits
laitère	laitère
lamarck	lamarck
lamarckienne	lamarckienne
lambert	lambert
lame	lame
lamellée	lamellée
lames	lames
lamour	lamour
lampe	lampe
lamprecht	lamprecht
lamureforum	lamureforum
lance	lance
lancement	lancement
lancements	lancements
lancent	lancent
lancer	lancer
lances	lances
lanceur	lanceur
lanceurs	lanceurs
lancé	lancé
lancée	lancée
lancées	lancées
lancés	lancés
land	land
landauer	landauer
landowner	landowner
langerhans	langerhans
langevin	langevin
langue	langue
languedoc	languedoc
lanréotide	lanréotide
lanthanides	lanthanides
lanvéoc	lanvéoc
lançons	lançons
lao	lao
laos	laos
lapines	lapines
laplace	laplace
laquelle	
lara	lara
larchey	larchey
lares	lares
larf	larf
large	large
largement	largement
larges	larges
largeur	largeur
larguera	larguera
largué	largué
lariboisière	lariboisière
larivière	larivière
larvaires	larvaires
larve	larve
larves	larves
laryngectomie	laryngectomie
laryngectomies	laryngectomies
laryngologie	laryngologie
larynx	larynx
las	las
lasagyl	lasagyl
laser	laser
laser16	laser16
lasers	lasers
lasik	lasik
latente	latente
latin	latin
latine	latine
latruffe	latruffe
latécoère	latécoère
latérale	latérale
latéralement	latéralement
launchers	launchers
laurence	laurence
laurent	laurent
laurier	laurier
lauriers	lauriers
lauréat	lauréat
lauréate	lauréate
lauréates	lauréates
lauréats	lauréats
laval	laval
lavande	lavande
lavandin	lavandin
lavet	lavet
law	law
lb3m	lb3m
lbmn	lbmn
lcpo	lcpo
le	
lead	lead
leader	leader
leaders	leaders
leadership	leadership
leading	leading
lean	lean
leap	leap
learning	learning
learninglab	learninglab
leb	leb
leblanc	leblanc
leca	leca
lecteur	lecteur
lecteurs	lecteurs
lectoure	lectoure
lecture	lecture
led	led
ledrappier	ledrappier
lee	lee
lefkowitz	lefkowitz
legionella	legionella
legos	legos
legs	legs
leibler	leibler
leiv	leiv
lem	lem
lemaître	lemaître
lempe	lempe
lendemain	lendemain
lensing	lensing
lent	lent
lentement	lentement
lentes	lentes
leprince	leprince
lequel	lequel
les	
lesia	lesia
lesieur	lesieur
lesquelles	lesquelles
lesquels	lesquels
lessac	lessac
lessivage	lessivage
leti	leti
letters	letters
lettre	lettre
lettres	lettres
leucocytes	leucocytes
leucodystrophies	leucodystrophies
leur	
leurre	leurre
leurrer	leurrer
leurrées	leurrées
leurs	leurs
levage	levage
levallois	levallois
levang	levang
levant	levant
lever	lever
leveraged	leveraged
levier	levier
leviers	leviers
levodopa	levodopa
levé	levé
levée	levée
levés	levés
lewiner	lewiner
lewis	lewis
lfc	lfc
lhc	lhc
lheea	lheea
lhoste	lhoste
liaison	liaison
liaisons	liaisons
liberté	liberté
libre	libre
libres	libres
libreville	libreville
libye	libye
libérant	libérant
libération	libération
libérer	libérer
libéré	libéré
libérée	libérée
licence	licence
licences	licences
licenciés	licenciés
lidars	lidars
lidocaine	lidocaine
lie	lie
lien	lien
liens	liens
lient	lient
lier	lier
liera	liera
lieu	lieu
lieues	lieues
lieux	lieux
life	life
ligands	ligands
ligature	ligature
ligatures	ligatures
light	light
ligne	ligne
lignes	lignes
lignées	lignées
ligue	ligue
like	like
lille	lille
lilleuniversité	lilleuniversité
limitant	limitant
limitation	limitation
limitations	limitations
limite	limite
limitent	limitent
limiter	limiter
limiterait	limiterait
limites	limites
limitrophes	limitrophes
limité	limité
limitée	limitée
limitées	limitées
limoges	limoges
limoneux	limoneux
limons	limons
limousin	limousin
limsi	limsi
lin	lin
linda	linda
lines	lines
lingual	lingual
linéaire	linéaire
linéaires	linéaires
lion	lion
lionel	lionel
lipid	lipid
lipides	lipides
lipidique	lipidique
lipidiques	lipidiques
lipido	lipido
lipidoprotéique	lipidoprotéique
lipidots	lipidots
lipoproteins	lipoproteins
lipoprotéine	lipoprotéine
lipoprotéines	lipoprotéines
liposoluble	liposoluble
lipstic	lipstic
liquide	liquide
liquidegazsolide	liquidegazsolide
liquides	liquides
lire	lire
lirmm	lirmm
lisant	lisant
lisière	lisière
lissant	lissant
lisses	lisses
lissi	lissi
list	list
listeria	listeria
lit	lit
liten	liten
lithium	lithium
lithographie	lithographie
lithographiques	lithographiques
litres	litres
lits	lits
littorale	littorale
littéralement	littéralement
littérature	littérature
lituanie	lituanie
livatag	livatag
livraison	livraison
livre	livre
livrent	livrent
livrer	livrer
livres	livres
livré	livré
livrée	livrée
livrés	livrés
liège	liège
lié	lié
liée	liée
liées	liées
liés	liés
lmbo	lmbo
lmd	lmd
lnc	lnc
lobby	lobby
local	local
locale	locale
localement	localement
locales	locales
localisation	localisation
localiser	localiser
localisé	localisé
localisée	localisée
localisées	localisées
localisés	localisés
localité	localité
localités	localités
locaux	locaux
loceanipsl	loceanipsl
locomotive	locomotive
lodz	lodz
loft	loft
logements	logements
loger	loger
logiciel	logiciel
logicielle	logicielle
logicielles	logicielles
logiciels	logiciels
login	login
logique	logique
logiques	logiques
logistique	logistique
logistiques	logistiques
loi	loi
loin	loin
lointain	lointain
lointaine	lointaine
lointaines	lointaines
lointains	lointains
loire	loire
lois	lois
loisir	loisir
loisirs	loisirs
lombalgies	lombalgies
long	long
longs	longs
longtemps	longtemps
longtempsune	longtempsune
longue	longue
longues	longues
longueur	longueur
longueurs	longueurs
longé	longé
longévité	longévité
look	look
lorenceau	lorenceau
lorgnette	lorgnette
lorient	lorient
lorraine	lorraine
lors	lors
lorsqu	lorsqu
lorsque	lorsque
lot	lot
lou	lou
louis	louis
lourd	lourd
lourde	lourde
lourdes	lourdes
lourdeurs	lourdeurs
lourds	lourds
loyale	loyale
loyaux	loyaux
loïc	loïc
lpcc	lpcc
lpem	lpem
lpo	lpo
lpsc	lpsc
lsce	lsce
lsi	lsi
ltds	ltds
lu	lu
lucent	lucent
lucratif	lucratif
ludwik	ludwik
lueur	lueur
lufthansa	lufthansa
lui	lui
luminance	luminance
luminescentes	luminescentes
lumineuse	lumineuse
lumineuses	lumineuses
lumineux	lumineux
luminosité	luminosité
luminy	luminy
lumière	lumière
lunbeckfond	lunbeckfond
lutte	lutte
lutter	lutter
luxe	luxe
luxembourg	luxembourg
luxembourgeoise	luxembourgeoise
lycée	lycée
lycéens	lycéens
lycées	lycées
lyon	lyon
lyonbiopôle	lyonbiopôle
lyonecole	lyonecole
lyonnais	lyonnais
lyonnaise	lyonnaise
lyonuniversité	lyonuniversité
là	là
lâche	lâche
lâcher	lâcher
lâchée	lâchée
lègue	lègue
lève	lève
léauté	léauté
légale	légale
légende	légende
léger	léger
légers	légers
légine	légine
légitime	légitime
légitimes	légitimes
légitimité	légitimité
légitimées	légitimées
légume	légume
légumes	légumes
légumesquel	légumesquel
légumineuses	légumineuses
légère	légère
légères	légères
légèreté	légèreté
lésion	lésion
lésions	lésions
lévêque	lévêque
m	m
m2	m2
m2i	m2i
ma	ma
mabimprove	mabimprove
mace	mace
machine	machine
machineréalité	machineréalité
machines	machines
macromoléculaire	macromoléculaire
macromolécules	macromolécules
macroscopique	macroscopique
maculaire	maculaire
maculia	maculia
madagascar	madagascar
madani	madani
made	made
madras	madras
madrid	madrid
madère	madère
magasin	magasin
magazine	magazine
magique	magique
magistrales	magistrales
magnetic	magnetic
magnifique	magnifique
magnifiques	magnifiques
magnétique	magnétique
magnétiquecryosat	magnétiquecryosat
magnétiques	magnétiques
magnéto	magnéto
magnétomètres	magnétomètres
maguin	maguin
magéo	magéo
mai	mai
maia	maia
maille	maille
main	main
mains	mains
maintenance	maintenance
maintenant	maintenant
maintenir	maintenir
maintien	maintien
maintient	maintient
maire	maire
mairie	mairie
mais	
maison	maison
maisonnier	maisonnier
maisons	maisons
majeur	majeur
majeure	majeure
majeures	majeures
majeurs	majeurs
majoritaire	majoritaire
majoritairement	majoritairement
majorité	majorité
makers	makers
mal	mal
malabry	malabry
malade	malade
malades	malades
maladie	maladie
maladies	maladies
maladiessemaine	maladiessemaine
malaisie	malaisie
malbec	malbec
malbouffe	malbouffe
malbrunot	malbrunot
malfaiteurs	malfaiteurs
malgré	malgré
mali	mali
malier	malier
malléable	malléable
malvie	malvie
malymas	malymas
maman	maman
mamba	mamba
mambas	mambas
mamirolle	mamirolle
mammifère	mammifère
mammifères	mammifères
management	management
manager	manager
manche	manche
manchester	manchester
mancini	mancini
mandataires	mandataires
mandibulaires	mandibulaires
mandibule	mandibule
manganèse	manganèse
mange	mange
mangent	mangent
mangeons	mangeons
manger	manger
mangeur	mangeur
mangeurs	mangeurs
manifestation	manifestation
manifestations	manifestations
manifeste	manifeste
manifestement	manifestement
manip	manip
manips	manips
manipulation	manipulation
manipulations	manipulations
manipuler	manipuler
manière	manière
manières	manières
mannequin	mannequin
manque	manque
manquent	manquent
manquer	manquer
manques	manques
manquons	manquons
manteau	manteau
manuel	manuel
manufacturing	manufacturing
manufacturées	manufacturées
manuscrit	manuscrit
manutention	manutention
map	map
mapi	mapi
maquette	maquette
maquettes	maquettes
marathon	marathon
maraîchage	maraîchage
maraîcher	maraîcher
marc	marc
marcellan	marcellan
marchais	marchais
marchand	marchand
marchandises	marchandises
marche	marche
marché	marché
marchéagrene	marchéagrene
marchés	marchés
marchésinnorobo	marchésinnorobo
marchésle	marchésle
marcoule	marcoule
mardi	mardi
marge	marge
mari	mari
maria	maria
mariage	mariage
mariani	mariani
marie	marie
marier	marier
mariette	mariette
marin	marin
marine	marine
marines	marines
marins	marins
marion	marion
maritime	maritime
maritimes	maritimes
marius	marius
mariée	mariée
mark	mark
marketers	marketers
marketing	marketing
marle	marle
marmite	marmite
marne	marne
maroc	maroc
marocain	marocain
marocains	marocains
maron	maron
marquage	marquage
marquantes	marquantes
marquants	marquants
marque	marque
marques	marques
marqueurs	marqueurs
marqué	marqué
marquée	marquée
marqués	marqués
mars	mars
marseille	marseille
marseilleuniversite	marseilleuniversite
marteau	marteau
martin	martin
martinun	martinun
martèle	martèle
maruho	maruho
marx	marx
marées	marées
masa	masa
masculin	masculin
masquer	masquer
masques	masques
massachusetts	massachusetts
massard	massard
massardizest	massardizest
masse	masse
masses	masses
massif	massif
massifs	massifs
massive	massive
massivement	massivement
massy	massy
master	master
master2	master2
masters	masters
masticateur	masticateur
mastères	mastères
masurca	masurca
mat	mat
materials	materials
maternel	maternel
maternelle	maternelle
mathematical	mathematical
mathematics	mathematics
matheron	matheron
mathias	mathias
maths	maths
mathématicien	mathématicien
mathématicienne	mathématicienne
mathématiciens	mathématiciens
mathématique	mathématique
mathématiques	mathématiques
matin	matin
matinée	matinée
matinéeutiliser	matinéeutiliser
matière	matière
matières	matières
mato	mato
matri	matri
matrice	matrice
matrices	matrices
maturation	maturation
matures	matures
maturité	maturité
matérialiser	matérialiser
matériau	matériau
matériau25ème	matériau25ème
matériaux	matériaux
matériel	matériel
matérielles	matérielles
matériels	matériels
maurice	maurice
maurille	maurille
mauritania	mauritania
mauritanie	mauritanie
mauvais	mauvais
mauvaise	mauvaise
mauvaises	mauvaises
maux	maux
maxi	maxi
maxillo	maxillo
maximal	maximal
maximale	maximale
maxime	maxime
maximum	maximum
maximus	maximus
maya	maya
mayas	mayas
mayenne	mayenne
mayonnaise	mayonnaise
mazars	mazars
maître	maître
maîtresse	maîtresse
maîtrisant	maîtrisant
maîtrise	maîtrise
maîtrisent	maîtrisent
maîtriser	maîtriser
maîtrisé	maîtrisé
maîtrisée	maîtrisée
mba	mba
mbfh	mbfh
me	me
measurement	measurement
mechanical	mechanical
mechanics	mechanics
mechatronics	mechatronics
med	med
med23	med23
medellin	medellin
media	media
medias2ème	medias2ème
mediazioni	mediazioni
medicen	medicen
medtec	medtec
medtech	medtech
meeting	meeting
meetings	meetings
megamix	megamix
megha	megha
megève	megève
mehg	mehg
mehgdes	mehgdes
meilleur	meilleur
meilleure	meilleure
meilleures	meilleures
meilleurs	meilleurs
melbourne	melbourne
mellier	mellier
meltblown	meltblown
melun	melun
membranaire	membranaire
membranaires	membranaires
membrane	membrane
membranes	membranes
membre	membre
membres	membres
memolap	memolap
memory	memory
menace	menace
menaces	menaces
menant	menant
mener	mener
menons	menons
mensuel	mensuel
mensurations	mensurations
mentalités	mentalités
mention	mention
menu	menu
menus	menus
mené	mené
menée	menée
menées	menées
menés	menés
mer	mer
mercator	mercator
merck	merck
mercredi	mercredi
mercure	mercure
mers	mers
merveille	merveille
merveilles	merveilles
mes	mes
message	message
messages	messages
mesurant	mesurant
mesure	mesure
mesurent	mesurent
mesurer	mesurer
mesurera	mesurera
mesures	mesures
mesuré	mesuré
mesurée	mesurée
mesurés	mesurés
met	met
metabrain	metabrain
metafun	metafun
metagenopolis	metagenopolis
metahit	metahit
metaquant	metaquant
metop	metop
mets	mets
mettant	mettant
mettent	mettent
mettez	mettez
mettra	mettra
mettre	mettre
mettrons	mettrons
metz	metz
meurent	meurent
meurtrières	meurtrières
meute	meute
mexique	mexique
mgd1	mgd1
mgp	mgp
mi	mi
micalis	micalis
mice	mice
micelles	micelles
michael	michael
michaël	michaël
michel	michel
michelin	michelin
michèle	michèle
mici5	mici5
micro	micro
microalgues	microalgues
microbe	microbe
microbien	microbien
microbienne	microbienne
microbiennes	microbiennes
microbiologie	microbiologie
microbiologique	microbiologique
microbiologiques	microbiologiques
microbiote	microbiote
microbolomètres	microbolomètres
microcapsules	microcapsules
microcircuit	microcircuit
microcrédit	microcrédit
microdomaines	microdomaines
microencapsulation	microencapsulation
microenvironnement	microenvironnement
microfissures	microfissures
microfluidique	microfluidique
microglies	microglies
micromètre	micromètre
micromètres	micromètres
micrométrique	micrométrique
micron	micron
microns	microns
microorganisme	microorganisme
microorganismes	microorganismes
microprocesseurs	microprocesseurs
microsatellite	microsatellite
microsatellites	microsatellites
microscope	microscope
microscopes	microscopes
microscopie	microscopie
microscopique	microscopique
microscopiques	microscopiques
microsoft	microsoft
microsymbionte	microsymbionte
microsystèmes	microsystèmes
microsystèmesmicrosystèmes	microsystèmesmicrosystèmes
microtechniques	microtechniques
microélectronique	microélectronique
mid	mid
midi	midi
midinnov	midinnov
mieux	mieux
migrateur	migrateur
migration	migration
migrer	migrer
mil	mil
milan	milan
mildiou	mildiou
miles	miles
miliaires	miliaires
milieu	milieu
milieux	milieux
militaire	militaire
militaires	militaires
militante	militante
militaro	militaro
millba	millba
mille	mille
milles	milles
milliard	milliard
milliards	milliards
millier	millier
milliers	milliers
millilitres	millilitres
millimètre	millimètre
millimètres	millimètres
million	million
millionièmes	millionièmes
millions	millions
millipol	millipol
millième	millième
millons	millons
millénaires	millénaires
mimer	mimer
mimétiques	mimétiques
min	min
mince	mince
minces	minces
mine	mine
minerais	minerais
mines	mines
minet	minet
mini	mini
miniaturisation	miniaturisation
miniaturisée	miniaturisée
miniaturisés	miniaturisés
minier	minier
miniers	miniers
minimal	minimal
minimale	minimale
minimiser	minimiser
minimum	minimum
ministre	ministre
ministres	ministres
ministère	ministère
ministériel	ministériel
minière	minière
minute	minute
minutes	minutes
minutieux	minutieux
minérale	minérale
minérales	minérales
minéraux	minéraux
minérauxfertilisation	minérauxfertilisation
miracle	miracle
miri	miri
mirim	mirim
miroir	miroir
miroirs	miroirs
mis	mis
mise	mise
miser	miser
mises	mises
missiles	missiles
mission	mission
missions	missions
mistral	mistral
mistrals	mistrals
mit	mit
mixte	mixte
mixtes	mixtes
mk	mk
mm	mm
mobile	mobile
mobiles	mobiles
mobilier	mobilier
mobilisation	mobilisation
mobilise	mobilise
mobiliser	mobiliser
mobilisé	mobilisé
mobilisée	mobilisée
mobilisées	mobilisées
mobilité	mobilité
mobilités	mobilités
mobisic	mobisic
modalité	modalité
modalités	modalités
mode	mode
modeler	modeler
modem	modem
moderne	moderne
modernes	modernes
modernisation	modernisation
modernité	modernité
modes	modes
modestie	modestie
modifiant	modifiant
modification	modification
modifications	modifications
modifie	modifie
modifier	modifier
modifié	modifié
modifiée	modifiée
modifiées	modifiées
modulables	modulables
modulation	modulation
module	module
modulent	modulent
moduler	moduler
modules	modules
modèle	modèle
modèles	modèles
modélisateurs	modélisateurs
modélisation	modélisation
modéliser	modéliser
modéré	modéré
modérée	modérée
modérées	modérées
moelle	moelle
mohamed	mohamed
mohammad	mohammad
moho	moho
moi	moi
moindre	moindre
moindres	moindres
moins	moins
mois	mois
moisson	moisson
moitié	moitié
mol	mol
molecular	molecular
mollard	mollard
molle	molle
moltech	moltech
moléculaire	moléculaire
moléculaires	moléculaires
molécule	molécule
molécules	molécules
moment	moment
moments	moments
mon	mon
monaco	monaco
monate	monate
monde	monde
mondelez	mondelez
mondes	mondes
mondial	mondial
mondiale	mondiale
mondialecréation	mondialecréation
mondialement	mondialement
mondiales	mondiales
mondialisation	mondialisation
mondialisée	mondialisée
mondiall	mondiall
mondiaux	mondiaux
monitoring	monitoring
monnet	monnet
mono	mono
monoclonaux	monoclonaux
monocorps	monocorps
monocouloirs	monocouloirs
monoculture	monoculture
monocytogenes	monocytogenes
monod	monod
monolithique	monolithique
monomodes	monomodes
monopolisés	monopolisés
monsieur	monsieur
montage	montage
montagnardes	montagnardes
montagne	montagne
montagnes	montagnes
montaient	montaient
montant	montant
montante	montante
montbard	montbard
monte	monte
montebourg	montebourg
monteils	monteils
montent	montent
monter	monter
montlouis	montlouis
montpellier	montpellier
montpellierune	montpellierune
montpelliéraine	montpelliéraine
montrait	montrait
montrant	montrant
montre	montre
montrent	montrent
montrer	montrer
montré	montré
montrée	montrée
monté	monté
montée	montée
monumentale	monumentale
mooc	mooc
moore	moore
morceaux	morceaux
mordre	mordre
mordus	mordus
mori	mori
morpho	morpho
morphologie	morphologie
morphologique	morphologique
morro	morro
mort	mort
mortalité	mortalité
morts	morts
mosaïque	mosaïque
moscou	moscou
mosseri	mosseri
mot	mot
moteur	moteur
moteurs	moteurs
motif	motif
motion	motion
motivantes	motivantes
motiver	motiver
motivée	motivée
motorisation	motorisation
motorisations	motorisations
motoriste	motoriste
motoristes	motoristes
motrices	motrices
motricité	motricité
mots	mots
mouche	mouche
mouches	mouches
mougin	mougin
mouiller	mouiller
moules	moules
mourait	mourait
mourir	mourir
mourou	mourou
moussantes	moussantes
mousse	mousse
mousses	mousses
mousson	mousson
moustique	moustique
moustiques	moustiques
moutons	moutons
mouvant	mouvant
mouvement	mouvement
mouvements	mouvements
mouvoir	mouvoir
moveo	moveo
moyen	moyen
moyenexploration	moyenexploration
moyenlong	moyenlong
moyennant	moyennant
moyenne	moyenne
moyennes	moyennes
moyens	moyens
mozambique	mozambique
moûts	moûts
mp3	mp3
mpi	mpi
mraihi	mraihi
ms	ms
msh	msh
msl	msl
mssurveillance	mssurveillance
msu	msu
mt	mt
mturquoise2	mturquoise2
muhammad	muhammad
mulhouse	mulhouse
multi	multi
multicentriques	multicentriques
multiculturelle	multiculturelle
multidisciplinaire	multidisciplinaire
multifonctionnels	multifonctionnels
multilicence	multilicence
multimedia	multimedia
multimédia	multimédia
multiplatforme	multiplatforme
multiple	multiple
multiples	multiples
multiplication	multiplication
multiplicité	multiplicité
multiplie	multiplie
multiplient	multiplient
multiplier	multiplier
multiprotéique	multiprotéique
multisystématisée	multisystématisée
multitude	multitude
multivalent	multivalent
muni	muni
munich	munich
muon	muon
muqueuse	muqueuse
mur	mur
muraille	muraille
muriel	muriel
murier	murier
murs	murs
muscade	muscade
muscariniques	muscariniques
musculaire	musculaire
musculo	musculo
musicologie	musicologie
musique	musique
musiques	musiques
musée	musée
musées	musées
muséographique	muséographique
muséum	muséum
mutation	mutation
mutations	mutations
muter	muter
mutualisée	mutualisée
mutuel	mutuel
mutée	mutée
mw	mw
myocarde	myocarde
myologie	myologie
myriade	myriade
myriades	myriades
myrrha	myrrha
myrte	myrte
myrtille	myrtille
mystère	mystère
mystérieuse	mystérieuse
mystérieux	mystérieux
mythique	mythique
mâcon	mâcon
mâle	mâle
mâles	mâles
mène	mène
mènent	mènent
mère	mère
mères	mères
mètre	mètre
mètres	mètres
mécanique	mécanique
mécaniquemixte	mécaniquemixte
mécaniques	mécaniques
mécanisme	mécanisme
mécanismes	mécanismes
mécatronique	mécatronique
mécatroniques	mécatroniques
méchante	méchante
méconnues	méconnues
mécénat	mécénat
médaille	médaille
médailles	médailles
médecin	médecin
médecine	médecine
médecins	médecins
média	média
médiane	médiane
médias	médias
médiateur	médiateur
médical	médical
médicale	médicale
médicalemedtec	médicalemedtec
médicales	médicales
médicament	médicament
médicaments	médicaments
médication	médication
médicaux	médicaux
médicauxune	médicauxune
médicinales	médicinales
médiocre	médiocre
méditerl	méditerl
méditerranée	méditerranée
méditerranéen	méditerranéen
méditerranéenne	méditerranéenne
méditerranéennes	méditerranéennes
méditerrisques	méditerrisques
méfiance	méfiance
méga	méga
mégha	mégha
mélange	mélange
mélanges	mélanges
mélangé	mélangé
mémoire	mémoire
mémoires	mémoires
mémorisation	mémorisation
mémorise	mémorise
mémoriser	mémoriser
mémorisé	mémorisé
mémorisées	mémorisées
ménaché	ménaché
ménage	ménage
ménagers	ménagers
ménagé	ménagé
ménopausée	ménopausée
mérieux	mérieux
mérite	mérite
méritons	méritons
métabolique	métabolique
métaboliques	métaboliques
métaboliser	métaboliser
métabolisme	métabolisme
métabolome	métabolome
métagénomique	métagénomique
métal	métal
métal9	métal9
métalliques	métalliques
métallurgie	métallurgie
métallurgique	métallurgique
métallurgistes	métallurgistes
métaux	métaux
métauxrécupérer	métauxrécupérer
méteo	méteo
méthane	méthane
méthanisation	méthanisation
méthaniseur	méthaniseur
méthode	méthode
méthodes	méthodes
méthodologie	méthodologie
méthodologies	méthodologies
méthylmercure	méthylmercure
méthylènescreening	méthylènescreening
méticuleuses	méticuleuses
métier	métier
métiers	métiers
métrologie	métrologie
métrologiques	métrologiques
métropole	métropole
métropolisé	métropolisé
métropolitaine	métropolitaine
métropolitains	métropolitains
météo	météo
météorologie	météorologie
météorologique	météorologique
météorologiquemétéo	météorologiquemétéo
météorologiques	météorologiques
mêlent	mêlent
même	
mêmes	mêmes
mûrir	mûrir
n	n
nacl	nacl
naco	naco
nacre	nacre
nahum	nahum
naissait	naissait
naissance	naissance
naissante	naissante
naissent	naissent
nalini	nalini
nancy	nancy
nano	nano
nanobiotechnologies	nanobiotechnologies
nanobiotix	nanobiotix
nanochargé	nanochargé
nanoconstruction	nanoconstruction
nanocristaux	nanocristaux
nanoelectromechanical	nanoelectromechanical
nanofils	nanofils
nanoformulation	nanoformulation
nanoh2	nanoh2
nanomanipulation	nanomanipulation
nanomatériaux	nanomatériaux
nanomètre	nanomètre
nanomètres	nanomètres
nanomètresvers	nanomètresvers
nanomédecine	nanomédecine
nanomédicamentscancer	nanomédicamentscancer
nanométrique	nanométrique
nanométriques	nanométriques
nanoobjets	nanoobjets
nanoparticules	nanoparticules
nanosatellite	nanosatellite
nanoscale	nanoscale
nanoscience	nanoscience
nanosciences	nanosciences
nanoscopiques	nanoscopiques
nanostructures	nanostructures
nanostructuré	nanostructuré
nanosystems	nanosystems
nanosystèmes	nanosystèmes
nanotechmap	nanotechmap
nanotechnologie	nanotechnologie
nanotechnologies	nanotechnologies
nanotechnologiesdes	nanotechnologiesdes
nanotechnology	nanotechnology
nanothinking	nanothinking
nanotube	nanotube
nanotubes	nanotubes
nanoélectronique	nanoélectronique
nantes	nantes
nao	nao
naples	naples
napoléon	napoléon
nappes	nappes
narbonne	narbonne
nasa	nasa
nasale	nasale
nasales	nasales
nash	nash
naskéo	naskéo
natale	natale
nathalie	nathalie
natif	natif
nation	nation
national	national
nationale	nationale
nationales	nationales
nationalités	nationalités
nationaux	nationaux
nations	nations
natixis	natixis
naturaliste	naturaliste
naturalisé	naturalisé
nature	nature
naturel	naturel
naturelle	naturelle
naturellement	naturellement
naturellerecherche	naturellerecherche
naturelles	naturelles
naturels	naturels
nausicaa	nausicaa
nautique	nautique
nautiques	nautiques
naval	naval
navale	navale
navigante	navigante
navigateur	navigateur
navigation	navigation
navigations	navigations
naviguant	naviguant
naviguent	naviguent
naviguer	naviguer
navire	navire
navires	navires
nazaire	nazaire
naît	naît
naître	naître
naïo	naïo
ncbir	ncbir
ne	
necker	necker
neige	neige
nems	nems
nerf	nerf
nerveuse	nerveuse
nerveuses	nerveuses
nerveux	nerveux
nestlé	nestlé
net	net
netsis	netsis
nette	nette
nettement	nettement
nettoyer	nettoyer
network	network
networking	networking
neuf	neuf
neufs	neufs
neumann	neumann
neuro	neuro
neurobiologie	neurobiologie
neurobiologiste	neurobiologiste
neurochirurgie	neurochirurgie
neurodégénérative	neurodégénérative
neurodégénératives	neurodégénératives
neurofpga	neurofpga
neurologique	neurologique
neurologiques	neurologiques
neurologue	neurologue
neurologues	neurologues
neuromédiateur	neuromédiateur
neuronal	neuronal
neuronale	neuronale
neuronales	neuronales
neuronaux	neuronaux
neurone	neurone
neurones	neurones
neuropic	neuropic
neuroprotecteur	neuroprotecteur
neuropsychologie	neuropsychologie
neuropsychologues	neuropsychologues
neuropsychopharmacology	neuropsychopharmacology
neurosciences	neurosciences
neurosensorielles	neurosensorielles
neurotoxicité	neurotoxicité
neurotoxicté	neurotoxicté
neurotoxiques	neurotoxiques
neurotransmetteur	neurotransmetteur
neutraliser	neutraliser
neutre	neutre
neutrinos	neutrinos
neutron	neutron
neutroniques	neutroniques
neutrons	neutrons
neuve	neuve
neuville	neuville
nevers	nevers
new	new
newvectys	newvectys
ng	ng
ngl	ngl
ni	ni
niccolaï	niccolaï
nice	nice
niche	niche
niches	niches
nicklaus	nicklaus
nicklauscolloque	nicklauscolloque
nicolas	nicolas
nicole	nicole
niger	niger
nigeria	nigeria
nigérian	nigérian
nii	nii
nilotica	nilotica
niobium	niobium
nist	nist
nitroglycérine	nitroglycérine
nitrure	nitrure
nitry	nitry
niveau	niveau
niveaux	niveaux
nizo	nizo
niçoise	niçoise
nm	nm
noaa	noaa
nobel	nobel
nodosités	nodosités
noeton	noeton
noetontexrank	noetontexrank
nofima	nofima
noir	noir
noire	noire
noires	noires
noisy	noisy
nom	nom
nombre	nombre
nombreuses	nombreuses
nombreux	nombreux
nominal	nominal
nominale	nominale
nommer	nommer
nommé	nommé
nommée	nommée
noms	noms
non	non
nontissés	nontissés
norbert	norbert
nord	nord
normal	normal
normale	normale
normalement	normalement
normales	normales
normalisation	normalisation
normandie	normandie
normes	normes
norvège	norvège
norvègecoupe	norvègecoupe
nos	nos
nota	nota
notable	notable
notamment	
note	note
noter	noter
notion	notion
notoires	notoires
notons	notons
notoriété	notoriété
notre	notre
notz	notz
noté	noté
nouer	nouer
nouffert	nouffert
nouméa	nouméa
nourricière	nourricière
nourrir	nourrir
nourrissant	nourrissant
nourrissent	nourrissent
nourrisson	nourrisson
nourrissons	nourrissons
nourrit	nourrit
nourriture	nourriture
nous	nous
nouveau	nouveau
nouveautés	nouveautés
nouveaux	nouveaux
nouvel	nouvel
nouvelle	nouvelle
nouvellement	nouvellement
nouvelles	nouvelles
noué	noué
novachim	novachim
novaqt	novaqt
novateur	novateur
novembre	novembre
novice	novice
novices	novices
nox	nox
noyau	noyau
noyaux	noyaux
nse	nse
nu	nu
nuage	nuage
nuages	nuages
nuageuse	nuageuse
nuance	nuance
nucadvisor	nucadvisor
nuclear	nuclear
nucléaire	nucléaire
nucléaires	nucléaires
nucléart	nucléart
nuisibles	nuisibles
nuit	nuit
nul	nul
nullement	nullement
numérique	numérique
numériques	numériques
numéro	numéro
nuptiale	nuptiale
nuremberg	nuremberg
nutox	nutox
nutraceutiques	nutraceutiques
nutriment	nutriment
nutriments	nutriments
nutrineuro	nutrineuro
nutrineuromesurer	nutrineuromesurer
nutrition	nutrition
nutritionnel	nutritionnel
nutritionnelle	nutritionnelle
nutritionnellement	nutritionnellement
nutritionnelles	nutritionnelles
nutritionnels	nutritionnels
nutritionniste	nutritionniste
né	né
néanmoins	néanmoins
nécessaire	nécessaire
nécessaireentre	nécessaireentre
nécessairement	nécessairement
nécessaires	nécessaires
nécessitant	nécessitant
nécessite	nécessite
nécessitent	nécessitent
nécessiter	nécessiter
nécessitera	nécessitera
nécessité	nécessité
née	née
néel	néel
néfastes	néfastes
négatif	négatif
négatifs	négatifs
négative	négative
négatives	négatives
négligeable	négligeable
négligeables	négligeables
négliger	négliger
négligé	négligé
négociation	négociation
négocier	négocier
négocié	négocié
négrette	négrette
nématodes	nématodes
néoformés	néoformés
néolithique	néolithique
néon	néon
néophytes	néophytes
néovins	néovins
nés	nés
nîmessupagrociradepheirdinra	nîmessupagrociradepheirdinra
nôtre	nôtre
obasanjo	obasanjo
obese	obese
objectif	
objectifs	objectifs
objective	objective
objet	objet
objets	objets
obligataire	obligataire
obligation	obligation
obligations	obligations
obligatoirement	obligatoirement
oblige	oblige
obliger	obliger
obligé	obligé
obligés	obligés
obscurité	obscurité
observable	observable
observables	observables
observait	observait
observant	observant
observateur	observateur
observation	observation
observations	observations
observatoire	observatoire
observe	observe
observent	observent
observer	observer
observing	observing
observé	observé
observée	observée
observées	observées
observés	observés
obstacles	obstacles
obtenait	obtenait
obtenant	obtenant
obtenir	obtenir
obtention	obtention
obtentions	obtentions
obtenu	obtenu
obtenue	obtenue
obtenues	obtenues
obtenus	obtenus
obtiendront	obtiendront
obtiennent	obtiennent
obtient	obtient
obèses	obèses
obésité	obésité
ocari	ocari
occasion	occasion
occasionnant	occasionnant
occident	occident
occidental	occidental
occidentale	occidentale
occidentaux	occidentaux
occultation	occultation
occupait	occupait
occupant	occupant
occupe	occupe
occupent	occupent
occuper	occuper
occupera	occupera
occupiez	occupiez
occupé	occupé
occupée	occupée
occurrence	occurrence
ocde	ocde
ocean	ocean
oceanic	oceanic
oceans	oceans
ockham	ockham
octapeptide	octapeptide
octets	octets
octobre	octobre
oculaire	oculaire
oculaires	oculaires
oculairesecrire	oculairesecrire
oculomoteurs	oculomoteurs
oculomotricité	oculomotricité
oculomètre	oculomètre
oculométrie	oculométrie
océan	océan
océanie	océanie
océanique	océanique
océaniques	océaniques
océanographe	océanographe
océanographes	océanographes
océanographie	océanographie
océanographique	océanographique
océanographiques	océanographiques
océans	océans
océanssea	océanssea
odeur	odeur
odeurs	odeurs
odontologie	odontologie
odorantes	odorantes
odorants	odorants
oeil	oeil
oem	oem
oenologie	oenologie
oesophage	oesophage
oeuf	oeuf
oeuvrant	oeuvrant
oeuvre	oeuvre
oeuvrer	oeuvrer
oeuvres	oeuvres
of	of
off	off
offertes	offertes
officialisant	officialisant
officialiser	officialiser
officiel	officiel
officielle	officielle
officiellement	officiellement
officielles	officielles
officiels	officiels
officier	officier
officiers	officiers
offraient	offraient
offrait	offrait
offrant	offrant
offre	offre
offrent	offrent
offres	offres
offreurs	offreurs
offrir	offrir
offrira	offrira
offriront	offriront
ogooué	ogooué
oh	oh
ohio	ohio
ohmi	ohmi
oie	oie
oiseaux	oiseaux
olfactifs	olfactifs
olfaction	olfaction
olfactive	olfactive
olfactives	olfactives
olive	olive
olives	olives
olivier	olivier
olusegun	olusegun
oléagineuse	oléagineuse
oléagineuses	oléagineuses
oléagineux	oléagineux
omar	omar
ombistocking	ombistocking
ombre	ombre
omnt	omnt
oms	oms
on	on
onde	onde
ondes	ondes
ondimba	ondimba
one	one
onera	onera
ong	ong
oniris	oniris
online	online
ont	
ontario	ontario
onu	onu
onze	onze
onzième	onzième
onéreux	onéreux
opacité	opacité
opaline	opaline
open	open
openlab	openlab
openlabs	openlabs
ophtalmologie	ophtalmologie
ophtalmologues	ophtalmologues
opinion	opinion
opinions	opinions
oppenheimer	oppenheimer
opportun	opportun
opportunité	opportunité
opportunités	opportunités
opposé	opposé
opte	opte
opter	opter
optera	optera
optifel	optifel
optimale	optimale
optimisant	optimisant
optimisation	optimisation
optimise	optimise
optimised	optimised
optimisent	optimisent
optimiser	optimiser
optimisme	optimisme
optimiste	optimiste
optimisées	optimisées
optimisés	optimisés
optimization	optimization
option	option
optionnels	optionnels
optique	optique
optiques	optiques
optiquesune	optiquesune
optitec	optitec
opto	opto
optoélectronique	optoélectronique
optronique	optronique
opté	opté
opv	opv
opèrent	opèrent
opérant	opérant
opérateur	opérateur
opérateurs	opérateurs
opération	opération
opérationnel	opérationnel
opérationnelle	opérationnelle
opérationnelledéjà	opérationnelledéjà
opérationnelles	opérationnelles
opérationnels	opérationnels
opérations	opérations
opératoire	opératoire
opératoires	opératoires
opérer	opérer
opérés	opérés
or	or
orageuse	orageuse
orageux	orageux
orale	orale
orales	orales
orbitaux	orbitaux
orbite	orbite
orbites	orbites
ordinaire	ordinaire
ordinateur	ordinateur
ordinateurs	ordinateurs
ordonnancement	ordonnancement
ordre	ordre
ordres	ordres
oreille	oreille
oreilles	oreilles
ores	ores
organe	organe
organes	organes
organic	organic
organique	organique
organiquerotations	organiquerotations
organiques	organiques
organisait	organisait
organisateurs	organisateurs
organisation	organisation
organisationnelle	organisationnelle
organisations	organisations
organise	organise
organisent	organisent
organiser	organiser
organisera	organisera
organiseront	organiseront
organisme	organisme
organismes	organismes
organisé	organisé
organisée	organisée
organisées	organisées
organiséesdes	organiséesdes
organisés	organisés
organization	organization
organoleptique	organoleptique
organoleptiques	organoleptiques
orgue	orgue
oriano	oriano
orient	orient
orientation	orientation
orientations	orientations
oriente	oriente
oriented	oriented
orientent	orientent
orienter	orienter
orienté	orienté
orientée	orientée
orientées	orientées
orientés	orientés
originaire	originaire
original	original
originale	originale
originales	originales
originalité	originalité
originalités	originalités
originaux	originaux
origine	origine
originelle	originelle
origines	origines
orl	orl
orléans	orléans
ormeaux	ormeaux
ornementaux	ornementaux
oro	oro
orpaillage	orpaillage
orphelines	orphelines
orpheon	orpheon
orsay	orsay
orthophonistes	orthophonistes
orthoptistes	orthoptistes
orthopédique	orthopédique
orval	orval
oréal	oréal
orée	orée
os	os
oscillant	oscillant
oscillation	oscillation
oscillations	oscillations
ose	ose
oseo	oseo
osiris	osiris
oslo	oslo
osmotique	osmotique
osmotiques	osmotiques
ossements	ossements
osseuse	osseuse
osseuses	osseuses
osseux	osseux
ostéo	ostéo
ostéoclastes	ostéoclastes
ostéoporose	ostéoporose
osé	osé
oséo	oséo
otc	otc
oto	oto
ou	
ouagadougou	ouagadougou
oublier	oublier
oublions	oublions
oudghiri	oudghiri
ouest	ouest
ouf	ouf
ougadougou	ougadougou
oui	oui
ouplus	ouplus
ouragans	ouragans
out	out
outcomes	outcomes
outdoor	outdoor
outil	outil
outillage	outillage
outils	outils
outre	outre
ouvert	ouvert
ouverte	ouverte
ouvertes	ouvertes
ouverture	ouverture
ouvrage	ouvrage
ouvrages	ouvrages
ouvrant	ouvrant
ouvre	ouvre
ouvrent	ouvrent
ouvriers	ouvriers
ouvrir	ouvrir
ouvrira	ouvrira
ouvrons	ouvrons
ovations	ovations
ovoïde	ovoïde
oxford	oxford
oxy	oxy
oxydant	oxydant
oxydantes	oxydantes
oxydants	oxydants
oxydatif	oxydatif
oxydatifs	oxydatifs
oxyde	oxyde
oxyder	oxyder
oxydes	oxydes
oxydo	oxydo
oxydoréduction	oxydoréduction
oxygène	oxygène
oz	oz
ozone	ozone
oïdium	oïdium
où	
p	p
p80	p80
p80fw	p80fw
pac	pac
paca	paca
pacea	pacea
pacifique	pacifique
packages	packages
packaging	packaging
packagingpcd	packagingpcd
packard	packard
packs	packs
pacte	pacte
pactole	pactole
page	page
pages	pages
pain	pain
paindavoine	paindavoine
paisible	paisible
paix	paix
palais	palais
palaiseau	palaiseau
paleo	paleo
pales	pales
palette	palette
paliers	paliers
pallier	pallier
palme	palme
palmier	palmier
palmiers	palmiers
palmivore	palmivore
paludisme	paludisme
paléoanthropologue	paléoanthropologue
paléoenvironnements	paléoenvironnements
paléopathologie	paléopathologie
paléopathologiste	paléopathologiste
pam	pam
pamatec	pamatec
pan	pan
panache	panache
panaches	panaches
pancréas	pancréas
pancréatique	pancréatique
pancréatiques	pancréatiques
panel	panel
panne	panne
panneaux	panneaux
panoplie	panoplie
panorama	panorama
pape	pape
papier	papier
papiers	papiers
papilles	papilles
papillome	papillome
papillon	papillon
papillons	papillons
par	
parachevant	parachevant
parade	parade
paraissait	paraissait
parallèle	parallèle
parallèlement	parallèlement
paralyse	paralyse
paralysie	paralysie
paramètres	paramètres
paramétrable	paramétrable
paramétrer	paramétrer
parasite	parasite
parasitoïdes	parasitoïdes
paraît	paraît
paraître	paraître
parc	parc
parce	parce
parcellaires	parcellaires
parcelle	parcelle
parcelles	parcelles
parcourant	parcourant
parcourir	parcourir
parcours	parcours
parcouru	parcouru
parcourues	parcourues
parcourus	parcourus
pare	pare
pareil	pareil
parentales	parentales
parentalité	parentalité
parenthèse	parenthèse
parents	parents
parfait	parfait
parfaite	parfaite
parfaitement	parfaitement
parfaits	parfaits
parfois	parfois
parfum	parfum
parfumerie	parfumerie
parfums	parfums
pari	pari
parietal	parietal
parieurs	parieurs
paris	paris
parisien	parisien
parisienne	parisienne
paristech	paristech
paristechupmcuniversité	paristechupmcuniversité
parkinson	parkinson
parkinsoniens	parkinsoniens
parle	parle
parlent	parlent
parler	parler
parlera	parlera
parlez	parlez
parlé	parlé
parmi	parmi
paroi	paroi
parois	parois
parole	parole
paroles	paroles
parrain	parrain
parrainé	parrainé
part	part
partage	partage
partageant	partageant
partagent	partagent
partager	partager
partagé	partagé
partagée	partagée
partagées	partagées
partagés	partagés
partant	partant
partenaire	partenaire
partenaires	partenaires
partenariale	partenariale
partenarialesjournées	partenarialesjournées
partenariat	partenariat
partenariats	partenariats
partenariatsintelligence	partenariatsintelligence
parti	parti
participait	participait
participant	participant
participantes	participantes
participants	participants
participantsla	participantsla
participation	participation
participations	participations
participe	participe
participent	participent
participer	participer
participera	participera
participeront	participeront
participons	participons
participé	participé
particularité	particularité
particule	particule
particules	particules
particulier	particulier
particuliers	particuliers
particulière	particulière
particulièrement	particulièrement
partie	partie
partielle	partielle
partielles	partielles
parties	parties
partir	partir
partition	partition
partnering	partnering
partners	partners
partout	partout
parts	parts
parution	parution
parvenir	parvenir
parvenons	parvenons
parvenu	parvenu
parvenus	parvenus
parvient	parvient
pas	pas
pasadena	pasadena
pasadéna	pasadéna
pascal	pascal
pascale	pascale
pass	pass
passage	passage
passagers	passagers
passages	passages
passagère	passagère
passagères	passagères
passant	passant
passe	passe
passent	passent
passer	passer
passera	passera
passeront	passeront
passif	passif
passifsuivi	passifsuivi
passion	passion
passionnant	passionnant
passionnante	passionnante
passionnantes	passionnantes
passionnants	passionnants
passionne	passionne
passionnent	passionnent
passionné	passionné
passé	passé
passée	passée
passées	passées
passés	passés
pastel	pastel
pasteur	pasteur
pasteurs	pasteurs
paternité	paternité
pathogène	pathogène
pathogènes	pathogènes
pathogènesmutualistes	pathogènesmutualistes
pathologie	pathologie
pathologies	pathologies
pathologiques	pathologiques
pathoquest	pathoquest
pathoquestpathoquest	pathoquestpathoquest
pathways	pathways
paticipants	paticipants
patient	patient
patientes	patientes
patients	patients
patientsdeux	patientsdeux
patrice	patrice
patricia	patricia
patrick	patrick
patrie	patrie
patrimoine	patrimoine
patronage	patronage
patrons	patrons
patte	patte
pattes	pattes
pau	pau
paul	paul
paulo	paulo
pauses	pauses
pauvre	pauvre
pauvres	pauvres
pauvreté	pauvreté
pavillon	pavillon
payantes	payantes
payraud	payraud
pays	pays
paysage	paysage
paysagère	paysagère
paysaldebaran	paysaldebaran
paysandisia	paysandisia
paysanne	paysanne
paysans	paysans
payslorsque	payslorsque
pc	pc
pcd	pcd
pcr	pcr
pcrd	pcrd
pdcs	pdcs
pdg	pdg
peau	peau
peaux	peaux
pech	pech
pect	pect
pecten	pecten
pegase	pegase
peine	peine
peinture	peinture
peintures	peintures
pelco	pelco
peltier	peltier
penant	penant
pencher	pencher
penchées	penchées
pendant	pendant
pensait	pensait
pense	pense
penser	penser
penserons	penserons
pensons	pensons
pensé	pensé
pensée	pensée
pensées	pensées
pente	pente
pentrite	pentrite
pepsine	pepsine
peptide	peptide
peptides	peptides
per	per
perceptible	perceptible
perceptibles	perceptibles
perception	perception
perceptions	perceptions
perceptives	perceptives
percevez	percevez
percevoir	percevoir
percée	percée
percées	percées
perdent	perdent
perdre	perdre
perdu	perdu
perdues	perdues
perdus	perdus
perfectionner	perfectionner
perforation	perforation
performance	performance
performances	performances
performant	performant
performantes	performantes
performantesneuro	performantesneuro
performants	performants
perfumes	perfumes
peri	peri
permanence	permanence
permanent	permanent
permanente	permanente
permanents	permanents
permet	
permettait	permettait
permettant	permettant
permette	permette
permettent	permettent
permettra	permettra
permettraient	permettraient
permettrait	permettrait
permettre	permettre
permettront	permettront
permis	permis
permise	permise
perméabilité	perméabilité
perméable	perméable
perméables	perméables
peroxysomes	peroxysomes
perpétuel	perpétuel
perpétuent	perpétuent
perret	perret
perrier	perrier
persistance	persistance
persistant	persistant
persistante	persistante
persistent	persistent
personnage	personnage
personnalisé	personnalisé
personnalisée	personnalisée
personnalisés	personnalisés
personnalités	personnalités
personne	personne
personnel	personnel
personnelle	personnelle
personnels	personnels
personnes	personnes
perspective	perspective
perspectives	perspectives
perspectivesl	perspectivesl
persuadé	persuadé
persuadés	persuadés
perte	perte
pertes	pertes
pertinence	pertinence
pertinente	pertinente
pertinents	pertinents
perturbation	perturbation
perturbations	perturbations
perturbe	perturbe
perturbée	perturbée
perçoit	perçoit
perçu	perçu
perçue	perçue
perçues	perçues
pesant	pesant
peser	peser
pessimisme	pessimisme
pessimiste	pessimiste
pesticides	pesticides
pesée	pesée
pesées	pesées
petawatt	petawatt
petawatts	petawatts
peter	peter
petit	petit
petite	petite
petites	petites
petits	petits
peu	peu
peugeot	peugeot
peuple	peuple
peuplent	peuplent
peupler	peupler
peuples	peuples
peuplé	peuplé
peur	peur
peut	
peuvent	peuvent
peyne	peyne
ph	ph
phare	phare
phares	phares
pharma	pharma
pharmaceutique	pharmaceutique
pharmaceutiques	pharmaceutiques
pharmacie	pharmacie
pharmaciens	pharmaciens
pharmacologie	pharmacologie
pharmacologique	pharmacologique
pharmacologiques	pharmacologiques
pharmacologue	pharmacologue
pharmacotechnie	pharmacotechnie
phase	phase
phases	phases
phea	phea
phenome	phenome
phenomedes	phenomedes
phenotyping	phenotyping
phi	phi
philip	philip
philippe	philippe
philippines	philippines
philosophe	philosophe
philosophes	philosophes
philosophie	philosophie
phone	phone
phosphate	phosphate
phosphates	phosphates
phosphatés	phosphatés
phospholipid	phospholipid
phospholipides	phospholipides
photo	photo
photocoagulation	photocoagulation
photocopie	photocopie
photodetector	photodetector
photodétecteurs	photodétecteurs
photographie	photographie
photographiques	photographiques
photomultiplicateurs	photomultiplicateurs
photonics	photonics
photonique	photonique
photons	photons
photophysique	photophysique
photos	photos
photosynthèse	photosynthèse
photosynthétiques	photosynthétiques
photovoltaics	photovoltaics
photovoltaïque	photovoltaïque
photovoltaïques	photovoltaïques
phrases	phrases
phy	phy
physco	physco
physical	physical
physicien	physicien
physiciens	physiciens
physico	physico
physics	physics
physiologie	physiologie
physiologique	physiologique
physiologiques	physiologiques
physionomies	physionomies
physiopathologie	physiopathologie
physiopathologies	physiopathologies
physiopathologique	physiopathologique
physique	physique
physiques	physiques
phyto	phyto
phytochip	phytochip
phytosanitaire	phytosanitaire
phytosanitairede	phytosanitairede
phénix	phénix
phénoarch	phénoarch
phénoliques	phénoliques
phénomène	phénomène
phénomènes	phénomènes
phénoménale	phénoménale
phénotypage	phénotypage
phénotype	phénotype
phénotypes	phénotypes
phénotypiques	phénotypiques
phéromone	phéromone
phéromones	phéromones
piano	piano
pib	pib
pic	pic
picf	picf
picosatellite	picosatellite
picosatellites	picosatellites
picot	picot
picq	picq
picqun	picqun
picqué	picqué
pics	pics
pied	pied
pieds	pieds
piercan	piercan
pierre	pierre
pierrot	pierrot
pieux	pieux
pigment	pigment
pigments	pigments
pigniez	pigniez
pile	pile
piles	piles
piliers	piliers
pilotables	pilotables
pilotage	pilotage
pilotant	pilotant
pilote	pilote
piloter	piloter
pilotes	pilotes
piloté	piloté
pin	pin
pince	pince
pionnier	pionnier
pionniers	pionniers
pionnière	pionnière
pionnières	pionnières
pipe	pipe
piquer	piquer
piqué	piqué
piraterie	piraterie
pire	pire
piste	piste
pistes	pistes
pitié	pitié
pixels	pixels
pizza	pizza
pièce	pièce
pièces	pièces
piège	piège
piégeage	piégeage
piéger	piéger
piégé	piégé
piétiné	piétiné
piézométriques	piézométriques
pk	pk
pla	pla
place	place
placebo	placebo
placer	placer
placera	placera
places	places
placé	placé
placée	placée
placées	placées
placés	placés
plaine	plaine
plainele	plainele
plaines	plaines
plaisir	plaisir
plan	plan
planaire	planaire
planche	planche
planchent	planchent
plancher	plancher
planches	planches
plancton	plancton
planctonique	planctonique
planctoniques	planctoniques
plane	plane
planet	planet
planification	planification
planifier	planifier
plans	plans
plant	plant
plante	plante
planter	planter
plantes	plantes
planteurs	planteurs
plants	plants
plantules	plantules
plantée	plantée
plantés	plantés
planète	planète
planètes	planètes
planétaire	planétaire
planétaires	planétaires
planétologie	planétologie
plaques	plaques
plaquettes	plaquettes
plasma	plasma
plasmas	plasmas
plasmique	plasmique
plasticité	plasticité
plastilax	plastilax
plastipolis	plastipolis
plastique	plastique
plastiques	plastiques
plasturgie	plasturgie
plasturgiste	plasturgiste
plat	plat
plate	plate
plateau	plateau
plateaux	plateaux
plateforme	plateforme
plateformearts	plateformearts
plateformes	plateformes
plates	plates
platform	platform
plats	plats
plausibles	plausibles
plaçant	plaçant
plaît	plaît
plein	plein
pleine	pleine
pleinement	pleinement
pleines	pleines
plexiglas	plexiglas
plomb	plomb
plonger	plonger
plongeur	plongeur
plongée	plongée
plos	plos
ployage	ployage
ployages	ployages
pltp	pltp
pluie	pluie
pluies	pluies
plupart	plupart
pluri	pluri
pluriannuelle	pluriannuelle
pluridisciplinaire	pluridisciplinaire
pluridisciplinarité	pluridisciplinarité
plurielle	plurielle
plus	
plusieurs	
pluspremière	pluspremière
plutonium	plutonium
plutôt	plutôt
pluviométrie	pluviométrie
pléiade	pléiade
pléiades	pléiades
plénière	plénière
plénières	plénières
plénières5ème	plénières5ème
pléïades	pléïades
pme	pme
pmepmi	pmepmi
pmi	pmi
pmipme	pmipme
pmrc	pmrc
pnas	pnas
pnb	pnb
pneumophila	pneumophila
pnra	pnra
poca	poca
poche	poche
poids	poids
poignée	poignée
poincaré	poincaré
point	point
pointe	pointe
pointehéliobiotec	pointehéliobiotec
pointes	pointes
points	points
pointu	pointu
pointue	pointue
pointues	pointues
pointus	pointus
poinçon	poinçon
poisson	poisson
poissons	poissons
poitiers	poitiers
polaire	polaire
polaires	polaires
polar	polar
polarité	polarité
police	police
poligny	poligny
politique	politique
politiques	politiques
pollen	pollen
pollens	pollens
polluantes	polluantes
polluants	polluants
pollution	pollution
pollutions	pollutions
polluée	polluée
pologne	pologne
polonais	polonais
poloïdal	poloïdal
poly	poly
polygones	polygones
polymorphe	polymorphe
polymère	polymère
polymères	polymères
polymérase	polymérase
polynésie	polynésie
polyphasiques	polyphasiques
polyphenols	polyphenols
polyphénol	polyphénol
polyphénols	polyphénols
polysaccharide	polysaccharide
polystyrène	polystyrène
polytechnicien	polytechnicien
polytechniciens	polytechniciens
polytechnique	polytechnique
polytechniquechaire	polytechniquechaire
polytechniquecnrs	polytechniquecnrs
polytechniqueensupmc	polytechniqueensupmc
polythiophène	polythiophène
polyvalence	polyvalence
polyvalents	polyvalents
polyéthylène	polyéthylène
pomey	pomey
pommes	pommes
pommier	pommier
pompage	pompage
pompe	pompe
pompier	pompier
pompiers	pompiers
pompéi	pompéi
poncelet	poncelet
ponceletl	ponceletl
ponchon	ponchon
ponctuelle	ponctuelle
ponctuelles	ponctuelles
ponctuent	ponctuent
ponctuée	ponctuée
ponctuées	ponctuées
ponctués	ponctués
pont	pont
pontes	pontes
ponts	ponts
population	population
populations	populations
pores	pores
poreux	poreux
porosité	porosité
port	port
portable	portable
portables	portables
portablesune	portablesune
portage	portage
portail	portail
portant	portant
porte	porte
portefeuille	portefeuille
portent	portent
porter	porter
portera	portera
porteront	porteront
portes	portes
porteur	porteur
porteurs	porteurs
porteuse	porteuse
porteuses	porteuses
portions	portions
portière	portière
portraits	portraits
portugal	portugal
portzamparc	portzamparc
porté	porté
portée	portée
portées	portées
portés	portés
posant	posant
pose	pose
posent	posent
poser	poser
positif	positif
positifs	positifs
position	position
positionnant	positionnant
positionne	positionne
positionnement	positionnement
positionner	positionner
positionnée	positionnée
positionnées	positionnées
positionnés	positionnés
positions	positions
positive	positive
positivement	positivement
positives	positives
positrons	positrons
possibilité	possibilité
possibilités	possibilités
possible	possible
possibles	possibles
possède	possède
possèdent	possèdent
possédant	possédant
posséder	posséder
possédons	possédons
post	post
postbacfr	postbacfr
postdoctoraux	postdoctoraux
poste	poste
posteriori	posteriori
posters	posters
postes	postes
postface	postface
postulat	postulat
postuler	postuler
postures	postures
posé	posé
posée	posée
poséidon	poséidon
posés	posés
pot	pot
potentialités	potentialités
potentiel	potentiel
potentielle	potentielle
potentiellement	potentiellement
potentielles	potentielles
potentiels	potentiels
potentielsbiovision	potentielsbiovision
pots	pots
poudre	poudre
poudres	poudres
poughon	poughon
pouls	pouls
poumon	poumon
pour	
pourcentage	pourcentage
pourquoi	pourquoi
pourra	pourra
pourraient	pourraient
pourrait	pourrait
pourrions	pourrions
pourrons	pourrons
pourront	pourront
poursuit	poursuit
poursuite	poursuite
poursuivant	poursuivant
poursuivent	poursuivent
poursuivi	poursuivi
poursuivions	poursuivions
poursuivis	poursuivis
poursuivons	poursuivons
poursuivra	poursuivra
poursuivre	poursuivre
pourtant	pourtant
pourtour	pourtour
pourvoyeuse	pourvoyeuse
poussaient	poussaient
poussant	poussant
pousse	pousse
pousser	pousser
poussière	poussière
poussières	poussières
poussé	poussé
poussée	poussée
poussées	poussées
poutine	poutine
poutre	poutre
pouvaient	pouvaient
pouvait	pouvait
pouvant	pouvant
pouvez	pouvez
pouvoir	pouvoir
pouvoirs	pouvoirs
pouvons	pouvons
ppb	ppb
pphd	pphd
ppq	ppq
prace	prace
practical	practical
prairieartemis	prairieartemis
prairies	prairies
praticien	praticien
praticité	praticité
pratiquant	pratiquant
pratique	pratique
pratiquement	pratiquement
pratiquent	pratiquent
pratiquer	pratiquer
pratiques	pratiques
pratiqué	pratiqué
pratiquées	pratiquées
pratiqués	pratiqués
precisio	precisio
prefalc	prefalc
premice	premice
premier	premier
premiers	premiers
première	
premières	premières
prenant	prenant
prenante	prenante
prenantes	prenantes
prenants	prenants
prend	prend
prendra	prendra
prendre	prendre
prenez	prenez
prenne	prenne
prennent	prennent
prenons	prenons
pres	pres
prescrire	prescrire
prescrite	prescrite
presentations	presentations
president	president
presqu	presqu
presque	presque
presse	presse
pressent	pressent
pressenti	pressenti
pression	pression
pressé	pressé
pressés	pressés
prestataires	prestataires
prestation	prestation
prestations	prestations
prestige	prestige
prestigieuse	prestigieuse
prestigieuses	prestigieuses
prestigieux	prestigieux
preuve	preuve
prides	prides
priest	priest
primaire	primaire
primaires	primaires
prime	prime
primitif	primitif
primordiale	primordiale
primée	primée
prince	prince
princeton	princeton
principal	principal
principale	principale
principalement	principalement
principales	principales
principaux	principaux
principe	principe
principes	principes
printemps	printemps
prions	prions
priori	priori
prioritaires	prioritaires
priorité	priorité
priorités	priorités
pris	pris
prise	prise
prises	prises
private	private
privilège	privilège
privilégiant	privilégiant
privilégie	privilégie
privilégié	privilégié
privilégiée	privilégiée
privilégiéepremière	privilégiéepremière
privilégiés	privilégiés
privé	privé
privée	privée
privées	privées
privés	privés
prix	prix
pro	pro
probable	probable
probablement	probablement
probante	probante
probiotique	probiotique
probiotiques	probiotiques
problème	problème
problèmes	problèmes
problématique	problématique
problématiques	problématiques
proceedings	proceedings
procervix	procervix
process	process
processes	processes
processeur	processeur
processeurs	processeurs
processing	processing
processus	processus
prochain	prochain
prochaindes	prochaindes
prochaine	prochaine
prochainement	prochainement
prochaines	prochaines
prochainl	prochainl
prochains	prochains
prochainsinnovatives	prochainsinnovatives
proche	proche
proches	proches
procure	procure
procurent	procurent
procurer	procurer
procéder	procéder
procéderont	procéderont
procédure	procédure
procédures	procédures
procédé	procédé
procédés	procédés
procédéscolloque	procédéscolloque
producteur	producteur
producteurs	producteurs
productif	productif
productiftld	productiftld
production	production
productions	productions
productive	productive
productives	productives
productivité	productivité
productrice	productrice
productrices	productrices
products	products
produiraient	produiraient
produire	produire
produisant	produisant
produisent	produisent
produit	produit
produite	produite
produites	produites
produits	produits
professeur	professeur
professeurs	professeurs
profession	profession
professionnalisation	professionnalisation
professionnalisme	professionnalisme
professionnel	professionnel
professionnelle	professionnelle
professionnelles	professionnelles
professionnels	professionnels
profil	profil
profile	profile
profilent	profilent
profils	profils
profit	profit
profitant	profitant
profitent	profitent
profiter	profiter
profitera	profitera
profiteront	profiteront
profité	profité
profond	profond
profonde	profonde
profondes	profondes
profondeur	profondeur
profondeurs	profondeurs
profonds	profonds
profondément	profondément
programmable	programmable
programmables	programmables
programmation	programmation
programme	programme
programmer	programmer
programmes	programmes
programmé	programmé
programmée	programmée
programmées	programmées
programmés	programmés
progresse	progresse
progresser	progresser
progression	progression
progressive	progressive
progressivement	progressivement
progrès	progrès
proie	proie
project	project
projecteurs	projecteurs
projectile	projectile
projections	projections
projet	projet
projeter	projeter
projets	projets
projette	projette
projeté	projeté
prolactine	prolactine
prolifère	prolifère
prolifération	prolifération
prolongement	prolongement
prolonger	prolonger
prolongée	prolongée
promesses	promesses
prometteur	prometteur
prometteurs	prometteurs
prometteurshabeat	prometteurshabeat
prometteuse	prometteuse
prometteuses	prometteuses
prometteuseséminaire	prometteuseséminaire
promoteur	promoteur
promotion	promotion
promotions	promotions
promouvant	promouvant
promouvoir	promouvoir
promulguant	promulguant
pronostic	pronostic
propack	propack
propagation	propagation
propage	propage
propagent	propagent
propager	propager
propagnent	propagnent
propagé	propagé
propergol	propergol
propice	propice
proportion	proportion
proportionnelle	proportionnelle
propos	propos
proposant	proposant
propose	propose
proposent	proposent
proposer	proposer
proposera	proposera
proposeront	proposeront
proposez	proposez
propositions	propositions
proposons	proposons
proposé	proposé
proposée	proposée
proposées	proposées
proposés	proposés
propranolol	propranolol
propre	propre
proprement	proprement
propres	propres
propreté	propreté
propriétaire	propriétaire
propriétaires	propriétaires
propriété	propriété
propriétés	propriétés
propulsant	propulsant
propulseur	propulseur
propulsion	propulsion
propulsive	propulsive
propulsé	propulsé
propulsée	propulsée
prose	prose
prospecte	prospecte
prospecter	prospecter
prospectif	prospectif
prospection	prospection
prospective	prospective
prospectives	prospectives
prospects	prospects
prost	prost
protecteur	protecteur
protecteurs	protecteurs
protection	protection
protectionnisme	protectionnisme
protections	protections
protein	protein
prothèse	prothèse
prothèses	prothèses
protibis	protibis
protip	protip
protocole	protocole
protocoles	protocoles
proton	proton
protons	protons
prototypage	prototypage
prototype	prototype
prototypes	prototypes
protège	protège
protégeait	protégeait
protéger	protéger
protégé	protégé
protégées	protégées
protégés	protégés
protéine	protéine
protéines	protéines
protéique	protéique
protéolytiques	protéolytiques
protéomique	protéomique
prouesse	prouesse
prouver	prouver
prouvé	prouvé
prouvés	prouvés
provenaient	provenaient
provenance	provenance
provenant	provenant
provence	provence
provenir	provenir
provepharm	provepharm
proviendraient	proviendraient
proviennent	proviennent
province	province
provinces	provinces
provoque	provoque
provoquent	provoquent
provoquer	provoquer
provoquera	provoquera
provoquée	provoquée
proximité	proximité
proximités	proximités
près	près
pré	pré
préalable	préalable
préalablement	préalablement
précarité	précarité
précaution	précaution
précieux	précieux
précipitants	précipitants
précipitation	précipitation
précipitations	précipitations
précis	précis
précisant	précisant
précise	précise
précisent	précisent
préciser	préciser
précision	précision
précisions	précisions
précisons	précisons
précisé	précisé
précisément	précisément
préclinique	préclinique
précliniques	précliniques
précoce	précoce
précocement	précocement
précoces	précoces
préconisations	préconisations
préconise	préconise
précurseurs	précurseurs
précèdent	précèdent
précédemment	précédemment
précédent	précédent
précédente	précédente
précédentes	précédentes
précédents	précédents
prédation	prédation
prédiag	prédiag
prédiction	prédiction
prédiction12ème	prédiction12ème
prédictives	prédictives
prédire	prédire
prédisent	prédisent
prédisposées	prédisposées
prédit	prédit
prédomine	prédomine
prédécesseur	prédécesseur
prédécesseurs	prédécesseurs
prédéfini	prédéfini
préface	préface
préfacer	préfacer
préfacé	préfacé
préfet	préfet
préfigurent	préfigurent
préférable	préférable
préférant	préférant
préférence	préférence
préférences	préférences
préférentiellement	préférentiellement
préféré	préféré
préhistoire	préhistoire
préhistorien	préhistorien
préhistorienne	préhistorienne
préhistoriens	préhistoriens
préhistoriques	préhistoriques
prélever	prélever
prélevé	prélevé
prélevées	prélevées
préliminaire	préliminaire
préliminaires	préliminaires
prélèvement	prélèvement
prélèvements	prélèvements
prémice	prémice
prémices	prémices
préoccupant	préoccupant
préoccupante	préoccupante
préoccupants	préoccupants
préoccupation	préoccupation
préoccupations	préoccupations
préoccupe	préoccupe
préoccupent	préoccupent
préoccupé	préoccupé
préparait	préparait
préparant	préparant
préparation	préparation
préparationmegha	préparationmegha
préparations	préparations
préparatoire	préparatoire
préparatoires	préparatoires
prépare	prépare
préparent	préparent
préparer	préparer
préparons	préparons
préparé	préparé
préparées	préparées
présence	présence
présent	présent
présentaient	présentaient
présentait	présentait
présentant	présentant
présentation	présentation
présentations	présentations
présente	présente
présentent	présentent
présenter	présenter
présentera	présentera
présenteront	présenteront
présentes	présentes
présentiel	présentiel
présents	présents
présenté	présenté
présentée	présentée
présentées	présentées
présentés	présentés
préservant	préservant
préservation	préservation
préserve	préserve
préserver	préserver
préservées	préservées
préside	préside
présidence	présidence
président	président
présidente	présidente
présidents	présidents
présidé	présidé
présidée	présidée
présure	présure
présures	présures
présélectionnés	présélectionnés
prétend	prétend
prétendre	prétendre
prétraitements	prétraitements
prévalence	prévalence
prévenir	prévenir
préventif	préventif
préventifs	préventifs
prévention	prévention
préventives	préventives
prévient	prévient
prévisible	prévisible
prévision	prévision
prévisionnistes	prévisionnistes
prévisions	prévisions
prévoient	prévoient
prévoir	prévoir
prévoit	prévoit
prévoyant	prévoyant
prévoît	prévoît
prévu	prévu
prévue	prévue
prévues	prévues
prêt	prêt
prête	prête
prêts	prêts
prônaient	prônaient
prônée	prônée
prôtis	prôtis
psa	psa
pslv	pslv
psp	psp
pspc	pspc
psychiatres	psychiatres
psychiatriques	psychiatriques
psychologie	psychologie
psychologique	psychologique
psychologues	psychologues
psychosocialeducation	psychosocialeducation
pti	pti
ptychographie	ptychographie
pu	pu
public	public
publication	publication
publications	publications
publics	publics
publie	publie
publient	publient
publier	publier
publiera	publiera
publique	publique
publiquement	publiquement
publiques	publiques
publié	publié
publiée	publiée
publiées	publiées
publiés	publiés
puce	puce
puces	puces
puis	puis
puisqu	puisqu
puisque	puisque
puissance	puissance
puissances	puissances
puissant	puissant
puissante	puissante
puissantes	puissantes
puissants	puissants
puisse	puisse
puissent	puissent
puissions	puissions
puits	puits
pulse	pulse
pulsé	pulsé
pulsée	pulsée
pulvérisation	pulvérisation
pupitre	pupitre
pur	pur
pure	pure
purement	purement
pures	pures
pureté	pureté
purification	purification
purifié	purifié
puteaux	puteaux
puzzle	puzzle
pwr	pwr
pyréenes	pyréenes
pyrénées	pyrénées
pyrénéestoulouse	pyrénéestoulouse
pythagore	pythagore
pâteux	pâteux
pâtisserie	pâtisserie
pâturages	pâturages
père	père
pèse	pèse
pèsera	pèsera
pécresse	pécresse
pédagogie	pédagogie
pédagogies	pédagogies
pédagogique	pédagogique
pédagogiques	pédagogiques
pédiatres	pédiatres
pédiatrique	pédiatrique
pédo	pédo
pédologues	pédologues
pégase	pégase
pékin	pékin
pékn	pékn
pénalisants	pénalisants
pénaliser	pénaliser
pénibilité	pénibilité
pénurie	pénurie
pénètre	pénètre
pénétration	pénétration
pénétrer	pénétrer
pénétré	pénétré
pépinière	pépinière
pépinières	pépinières
pépites	pépites
pérennes	pérennes
pérennisationpasser	pérennisationpasser
pérennité	pérennité
péri	péri
périmètre	périmètre
période	période
périodes	périodes
périodique	périodique
périphérie	périphérie
périphérique	périphérique
périphériques	périphériques
périple	périple
pérou	pérou
péta	péta
pétaflopiques	pétaflopiques
pétri	pétri
pétrochimie	pétrochimie
pétrole	pétrole
pétroliers	pétroliers
pétrolière	pétrolière
pêche	pêche
pêches	pêches
pêché	pêché
pôle	pôle
pôles	pôles
qdiv	qdiv
qu	
quadrillent	quadrillent
quadrillion	quadrillion
quae	quae
qualifiables	qualifiables
qualification	qualification
qualifications	qualifications
qualifie	qualifie
qualifient	qualifient
qualifier	qualifier
qualifié	qualifié
qualifiées	qualifiées
qualifiés	qualifiés
qualigras	qualigras
qualimed	qualimed
qualiment	qualiment
qualitatif	qualitatif
qualitative	qualitative
quality	quality
qualité	qualité
qualités	qualités
quand	quand
quant	quant
quantifier	quantifier
quantique	quantique
quantiquedes	quantiquedes
quantiques	quantiques
quantitatif	quantitatif
quantitatifs	quantitatifs
quantitative	quantitative
quantité	quantité
quantités	quantités
quantum	quantum
quarantaine	quarantaine
quarante	quarante
quart	quart
quasi	quasi
quasiment	quasiment
quatorze	quatorze
quatre	quatre
quatrième	quatrième
que	
quel	quel
quelle	quelle
quelles	quelles
quelque	quelque
quelques	quelques
quels	quels
quentin	quentin
quercypôle	quercypôle
querleux	querleux
querleuxla	querleuxla
question	question
questionnaire	questionnaire
questionnaires	questionnaires
questions	questions
qui	
quid	quid
quinolia	quinolia
quinzaine	quinzaine
quinze	quinze
quitter	quitter
quitté	quitté
quiz	quiz
quoi	quoi
quotidien	quotidien
quotidienbientôt	quotidienbientôt
quotidienne	quotidienne
quotidiennement	quotidiennement
quotidiennes	quotidiennes
quotidiens	quotidiens
québec	québec
quête	quête
qwip	qwip
r	r
r23ae	r23ae
rac	rac
raccourcie	raccourcie
rachat	rachat
rachetant	rachetant
racheté	racheté
rachis	rachis
rachitiques	rachitiques
rachitisme	rachitisme
racinaire	racinaire
racinaires	racinaires
racine	racine
racines	racines
rack	rack
raczinski	raczinski
radar	radar
radars	radars
raddiana	raddiana
radeaux	radeaux
radiatifs	radiatifs
radiation	radiation
radiations	radiations
radiationsvol	radiationsvol
radical	radical
radicalaire	radicalaire
radicalaires	radicalaires
radicalement	radicalement
radicaux	radicaux
radio	radio
radioactifs	radioactifs
radiologiques	radiologiques
radiomètre	radiomètre
radionavigation	radionavigation
radioprotection	radioprotection
radios	radios
radiosondages	radiosondages
radiotoxicité	radiotoxicité
radiotoxiques	radiotoxiques
raffolent	raffolent
rafraîchissement	rafraîchissement
raft	raft
raftomique	raftomique
rafts	rafts
raid	raid
raisin	raisin
raisinconcevoir	raisinconcevoir
raisins	raisins
raisol	raisol
raison	raison
raisonnable	raisonnable
raisonnables	raisonnables
raisonnement	raisonnement
raisonné	raisonné
raisonnée	raisonnée
raisons	raisons
ralenti	ralenti
ralentir	ralentir
ralentissement	ralentissement
ralentit	ralentit
rallier	rallier
rallonge	rallonge
rame	rame
ramener	ramener
ramenée	ramenée
rames	rames
ramn	ramn
randomisé	randomisé
rang	rang
ranjard	ranjard
rapatrier	rapatrier
raphael	raphael
raphaël	raphaël
rapide	rapide
rapidement	rapidement
rapides	rapides
rapidité	rapidité
rappelant	rappelant
rappeler	rappeler
rappelle	rappelle
rappellent	rappellent
rappelons	
rappels	rappels
rappelé	rappelé
rapport	rapport
rapporteur	rapporteur
rapports	rapports
rapprochement	rapprochement
rapprocher	rapprocher
rapproché	rapproché
rapprochée	rapprochée
rare	rare
rarement	rarement
rares	rares
raréfaction	raréfaction
rasoir	rasoir
rassemblant	rassemblant
rassemble	rassemble
rassemblement	rassemblement
rassembler	rassembler
rassemblera	rassemblera
rassemblé	rassemblé
rassurant	rassurant
rassurer	rassurer
rat	rat
rater	rater
rationaliser	rationaliser
rattachement	rattachement
rattaché	rattaché
rattraper	rattraper
rattrapera	rattrapera
ravage	ravage
ravageur	ravageur
ravassard	ravassard
ravaud	ravaud
ravie	ravie
ravis	ravis
ravitaillement	ravitaillement
ray	ray
rayleigh	rayleigh
rayon	rayon
rayonnement	rayonnement
rayonnements	rayonnements
rayons	rayons
rb3d	rb3d
rcp	rcp
rcpg	rcpg
rcuk	rcuk
rd	rd
reactor	reactor
rebaptisé	rebaptisé
reboisées	reboisées
rebondir	rebondir
rebondissant	rebondissant
recalant	recalant
recensements	recensements
recensé	recensé
recensées	recensées
recentrage	recentrage
recentrant	recentrant
recentre	recentre
recentrer	recentrer
receptors	receptors
recette	recette
recettes	recettes
recevaient	recevaient
recevait	recevait
recevoir	recevoir
recevront	recevront
rechargement	rechargement
recherche	
recherchel	recherchel
recherchent	recherchent
rechercher	rechercher
recherches	recherches
recherché	recherché
recherchée	recherchée
recherchées	recherchées
recoller	recoller
recollés	recollés
recombinants	recombinants
recombinées	recombinées
recommandant	recommandant
recommandations	recommandations
recommandé	recommandé
recommandés	recommandés
reconduit	reconduit
reconfigure	reconfigure
reconnaissables	reconnaissables
reconnaissance	reconnaissance
reconnaissances	reconnaissances
reconnaissant	reconnaissant
reconnaissent	reconnaissent
reconnaît	reconnaît
reconnaître	reconnaître
reconnu	reconnu
reconnue	reconnue
reconnues	reconnues
reconnus	reconnus
reconstituer	reconstituer
reconstitution	reconstitution
reconstitué	reconstitué
reconstructions	reconstructions
reconstructrice	reconstructrice
reconstruire	reconstruire
reconstruit	reconstruit
record	record
records	records
recourant	recourant
recourir	recourir
recours	recours
recouverts	recouverts
recouvre	recouvre
recrudescence	recrudescence
recrute	recrute
recrutement	recrutement
recruter	recruter
recrutons	recrutons
recruté	recruté
recrutée	recrutée
recrutés	recrutés
recréer	recréer
recteur	recteur
rectorat	rectorat
rectum	rectum
recueillies	recueillies
recueillir	recueillir
recuites	recuites
recul	recul
reculées	reculées
recyclable	recyclable
recyclage	recyclage
recyclent	recyclent
recycler	recycler
recycleurs	recycleurs
recèlent	recèlent
rednre	rednre
redonner	redonner
redouane	redouane
redoubler	redoubler
redoutable	redoutable
redressement	redressement
redéfinies	redéfinies
redéfinir	redéfinir
redémarrage	redémarrage
redéveloppez	redéveloppez
refaire	refaire
refaisait	refaisait
reflet	reflet
reflow	reflow
refocalisation	refocalisation
reformater	reformater
reforment	reforment
reformulant	reformulant
reformuler	reformuler
reformulés	reformulés
refrigeration	refrigeration
refroidi	refroidi
refroidie	refroidie
refroidiesrenforcement	refroidiesrenforcement
refroidir	refroidir
refroidissement	refroidissement
regard	regard
regardaient	regardaient
regardent	regardent
regarder	regarder
regions	regions
registre	registre
regond	regond
regorge	regorge
regorgent	regorgent
regret	regret
regrets	regrets
regrettable	regrettable
regrette	regrette
regretter	regretter
regroupant	regroupant
regroupe	regroupe
regroupement	regroupement
regrouper	regrouper
regroupera	regroupera
regroupées	regroupées
regroupés	regroupés
reichhart	reichhart
reims	reims
rein	rein
reine	reine
reins	reins
rejeter	rejeter
rejets	rejets
rejeté	rejeté
rejoignent	rejoignent
rejoindra	rejoindra
rejoindre	rejoindre
rejoint	rejoint
relais	relais
relance	relance
relancer	relancer
relargage	relargage
relarguer	relarguer
relarguée	relarguée
relation	relation
relationnel	relationnel
relations	relations
relative	relative
relativement	relativement
relatives	relatives
relativité	relativité
relayés	relayés
relevant	relevant
relever	relever
releveracadémie	releveracadémie
relevons	relevons
relevé	relevé
reliant	reliant
relie	relie
religion	religion
relire	relire
reliées	reliées
reliés	reliés
relocalisées	relocalisées
relâchant	relâchant
relâchée	relâchée
relâchées	relâchées
relâchés	relâchés
relève	relève
relèvent	relèvent
remaniements	remaniements
remarquable	remarquable
remarquablement	remarquablement
remarquables	remarquables
remarqué	remarqué
remboursement	remboursement
remercier	remercier
remet	remet
remettant	remettant
remettent	remettent
remettre	remettre
remettront	remettront
remis	remis
remise	remise
remodèle	remodèle
remontant	remontant
remonter	remonter
remontons	remontons
remontées	remontées
remplacement	remplacement
remplacer	remplacer
remplacé	remplacé
remplacés	remplacés
remplie	remplie
remplir	remplir
remplissent	remplissent
remportant	remportant
remportent	remportent
remus	remus
renaissance	renaissance
renard	renard
renaut	renaut
rencontre	rencontre
rencontrent	rencontrent
rencontrer	rencontrer
rencontres	rencontres
rencontré	rencontré
rencontrées	rencontrées
rencontrés	rencontrés
rend	rend
rendant	rendant
rendement	rendement
rendements	rendements
rendent	rendent
rendez	rendez
rendra	rendra
rendre	rendre
rendu	rendu
rendue	rendue
rendues	rendues
rendus	rendus
renessens	renessens
renfermant	renfermant
renferme	renferme
renferment	renferment
renfermer	renfermer
renforce	renforce
renforcement	renforcement
renforcer	renforcer
renforcées	renforcées
renfort	renfort
renforçant	renforçant
rennes	rennes
renommée	renommée
renoncer	renoncer
renouveau	renouveau
renouvelable	renouvelable
renouvelables	renouvelables
renouveler	renouveler
renouvellement	renouvellement
renouvelé	renouvelé
renseignement	renseignement
renseignements	renseignements
renseignera	renseignera
rentabiliser	rentabiliser
rentables	rentables
rentrée	rentrée
renversement	renversement
rené	rené
reparti	reparti
repartie	repartie
repartiront	repartiront
repas	repas
repenser	repenser
repeuplement	repeuplement
repliée	repliée
reported	reported
reporter	reporter
repos	repos
reposant	reposant
repose	repose
reposerait	reposerait
repositionnable	repositionnable
repositionnés	repositionnés
repousser	repousser
representative	representative
repris	repris
reprise	reprise
reprises	reprises
reproducteurs	reproducteurs
reproductibilité	reproductibilité
reproduction	reproduction
reproductives	reproductives
reproduire	reproduire
reproduisent	reproduisent
reproduit	reproduit
reproduits	reproduits
reprogrammation	reprogrammation
représentait	représentait
représentant	représentant
représentante	représentante
représentants	représentants
représentatifs	représentatifs
représentation	représentation
représentations	représentations
représentatives	représentatives
représentativité	représentativité
représente	représente
représentent	représentent
représenter	représenter
représenterait	représenterait
représenté	représenté
repérer	repérer
repérions	repérions
requalifier	requalifier
requis	requis
requise	requise
requises	requises
rer	rer
research	research
resif	resif
respect	respect
respectant	respectant
respecte	respecte
respectent	respectent
respecter	respecter
respectif	respectif
respectifs	respectifs
respectivement	respectivement
respectives	respectives
respectueuse	respectueuse
respectueuses	respectueuses
respecté	respecté
respirent	respirent
respirer	respirer
responsabilisation	responsabilisation
responsabiliser	responsabiliser
responsabilité	responsabilité
responsabilités	responsabilités
responsable	responsable
responsables	responsables
resqme	resqme
ressemblant	ressemblant
ressemble	ressemble
ressembler	ressembler
ressent	ressent
ressentions	ressentions
ressentir	ressentir
ressortir	ressortir
ressource	ressource
ressourcer	ressourcer
ressources	ressources
restait	restait
restant	restant
restants	restants
restaurant	restaurant
restauration	restauration
restaurer	restaurer
restauré	restauré
reste	reste
restent	restent
rester	rester
restera	restera
restes	restes
restituer	restituer
restitution	restitution
restreint	restreint
restrictions	restrictions
restructurer	restructurer
restructurée	restructurée
resté	resté
restée	restée
restés	restés
resvératrol	resvératrol
retard	retard
retarde	retarde
retardée	retardée
retenir	retenir
retentissants	retentissants
retenu	retenu
retenue	retenue
retenus	retenus
retiendra	retiendra
retient	retient
retirée	retirée
retombées	retombées
retorik	retorik
retour	retour
retournement	retournement
retourner	retourner
retours	retours
retraite	retraite
retraité	retraité
retranchements	retranchements
retravailler	retravailler
retrouvant	retrouvant
retrouve	retrouve
retrouver	retrouver
retrouverait	retrouverait
retrouveront	retrouveront
retrouvé	retrouvé
retrouvés	retrouvés
revanche	revanche
revellin	revellin
revendeurs	revendeurs
revendiquer	revendiquer
revenir	revenir
revenu	revenu
revenue	revenue
revenus	revenus
reverse	reverse
revienne	revienne
reviens	reviens
revient	revient
review	review
revisite	revisite
revisiter	revisiter
revisitions	revisitions
revisité	revisité
revitaliser	revitaliser
revivre	revivre
revoir	revoir
revue	revue
revues	revues
revêt	revêt
revêtement	revêtement
rexiaa	rexiaa
reçoit	reçoit
reçoivent	reçoivent
reçu	reçu
reçue	reçue
reçues	reçues
reçus	reçus
rff	rff
rfid	rfid
rhenepi	rhenepi
rhenovia	rhenovia
rhepach	rhepach
rhepatch	rhepatch
rhino	rhino
rhizotron	rhizotron
rhizotrons	rhizotrons
rhodia	rhodia
rhônalpin	rhônalpin
rhônalpine	rhônalpine
rhônalpines	rhônalpines
rhône	rhône
rhônes	rhônes
ribereau	ribereau
ribon	ribon
richard	richard
riche	riche
riches	riches
richesse	richesse
ricin	ricin
ride	ride
rien	rien
rifler	rifler
rift	rift
rigide	rigide
rigides	rigides
rigidité	rigidité
rigoureuse	rigoureuse
rigueur	rigueur
rihb	rihb
riken	riken
rillieux	rillieux
riment	riment
ringuet	ringuet
risque	risque
risques	risques
risqué	risqué
risquées	risquées
rivages	rivages
rival	rival
rivaton	rivaton
rivière	rivière
rivières	rivières
riz	riz
rizlene	rizlene
rjh	rjh
rmn	rmn
rmt	rmt
rncp	rncp
road	road
robert	robert
robot	robot
robotic	robotic
roboticien	roboticien
robotics	robotics
robotique	robotique
robotiques	robotiques
robotiser	robotiser
robotisée	robotisée
robotisés	robotisés
robots	robots
robusta	robusta
robuste	robuste
robustes	robustes
robustesse	robustesse
roca	roca
rockefeller	rockefeller
rodin	rodin
rogeaux	rogeaux
roger	roger
rogers	rogers
roi	roi
rom	rom
roma	roma
romain	romain
romaine	romaine
romainville	romainville
rome	rome
romeo	romeo
ronde	ronde
rondes	rondes
rondonopolis	rondonopolis
rongeurs	rongeurs
room	room
roquecourbe	roquecourbe
roquette	roquette
ros	ros
rosa	rosa
roses	roses
rosé	rosé
rotation	rotation
rotations	rotations
rothschild	rothschild
rotor	rotor
rotule	rotule
roubaix	roubaix
roucairol	roucairol
roues	roues
rouge	rouge
rouges	rouges
roukes	roukes
roulage	roulage
roulant	roulant
roulants	roulants
roule	roule
rouler	rouler
roumanie	roumanie
roussillon	roussillon
route	route
routes	routes
routine	routine
routière	routière
rover	rover
royal	royal
royale	royale
royant	royant
royaume	royaume
rt	rt
rt2012	rt2012
rubis	rubis
ruche	ruche
rude	rude
rues	rues
rumeurs	rumeurs
ruminants	ruminants
rupestre	rupestre
rupestres	rupestres
rupture	rupture
rupturefissures	rupturefissures
ruptures	ruptures
rurales	rurales
russe	russe
russel	russel
russes	russes
russie	russie
rustique	rustique
rutherford	rutherford
ruthénium	ruthénium
rvvs	rvvs
rwth	rwth
rythme	rythme
rythment	rythment
rythmeront	rythmeront
rythmée	rythmée
règle	règle
règles	règles
règne	règne
règnent	règnent
ré	ré
réacteur	réacteur
réacteurs	réacteurs
réactifs	réactifs
réaction	réaction
réactions	réactions
réactives	réactives
réactivité	réactivité
réactivé	réactivé
réactivée	réactivée
réagir	réagir
réagissent	réagissent
réagit	réagit
réalisant	réalisant
réalisation	réalisation
réalisations	réalisations
réalise	réalise
réalisent	réalisent
réaliser	réaliser
réaliserons	réaliserons
réaliseront	réaliseront
réalisions	réalisions
réalisons	réalisons
réaliste	réaliste
réalistes	réalistes
réalisé	réalisé
réalisée	réalisée
réalisées	réalisées
réalisés	réalisés
réalité	réalité
réalités	réalités
réapparaître	réapparaître
réassurance	réassurance
récemment	récemment
récente	récente
récentes	récentes
récents	récents
récepteur	récepteur
récepteurs	récepteurs
réception	réception
réceptive	réceptive
réchauffant	réchauffant
réchauffement	réchauffement
réchauffer	réchauffer
réclame	réclame
récolte	récolte
récolter	récolter
récoltes	récoltes
récompense	récompense
récompenser	récompenser
récompenses	récompenses
récompensé	récompensé
récompensée	récompensée
récompensées	récompensées
récompensés	récompensés
récupère	récupère
récupérer	récupérer
récurrente	récurrente
récurrentes	récurrentes
rédaction	rédaction
rédactions	rédactions
rédigé	rédigé
rédigés	rédigés
réduction	réduction
réductions	réductions
réduire	réduire
réduisant	réduisant
réduisent	réduisent
réduit	réduit
réduite	réduite
réduits	réduits
réel	réel
réelle	réelle
réellecaractéristiques	réellecaractéristiques
réellement	réellement
réelles	réelles
réels	réels
réeuropéanisation	réeuropéanisation
réeuropéaniser	réeuropéaniser
réflexion	réflexion
réflexions	réflexions
réfléchir	réfléchir
réfléchiront	réfléchiront
réfléchissant	réfléchissant
réfléchissent	réfléchissent
réfléchissons	réfléchissons
réfléchit	réfléchit
réformant	réformant
réforme	réforme
réfractive	réfractive
réfrigérateur	réfrigérateur
réfrigérateurs	réfrigérateurs
référence	référence
références	références
référencestumeurs	référencestumeurs
référentiel	référentiel
régale	régale
régalla	régalla
régime	régime
régimes	régimes
région	région
régional	régional
régionale	régionale
régionales	régionales
régionaliser	régionaliser
régionaux	régionaux
régionauxmidinnov	régionauxmidinnov
régions	régions
régis	régis
régissent	régissent
réglage	réglage
réglages	réglages
réglementaire	réglementaire
réglementaires	réglementaires
réglementation	réglementation
réglementations	réglementations
régler	régler
régresse	régresse
régularité	régularité
régulateur	régulateur
régulation	régulation
régule	régule
régulent	régulent
réguler	réguler
régulier	régulier
réguliers	réguliers
régulièrement	régulièrement
régulières	régulières
régénération	régénération
régénérative68	régénérative68
réhabilitation	réhabilitation
réhabiliter	réhabiliter
réindustrialisation	réindustrialisation
réinjecter	réinjecter
réinsertion	réinsertion
réintégré	réintégré
réinvestir	réinvestir
réjouir	réjouir
réjouit	réjouit
rémi	rémi
rémunéré	rémunéré
rémy	rémy
rénovation	rénovation
rénové	rénové
rénovée	rénovée
réorganisant	réorganisant
réorganisation	réorganisation
réorganise	réorganise
réorganiser	réorganiser
réorganisé	réorganisé
répandu	répandu
répandue	répandue
réparation	réparation
réparer	réparer
réparti	réparti
réparties	réparties
répartis	répartis
répartissent	répartissent
répartition	répartition
répartitions	répartitions
répercussions	répercussions
répertorier	répertorier
réplique	réplique
répond	répond
répondant	répondant
répondent	répondent
répondre	répondre
répondront	répondront
répondu	répondu
réponse	réponse
réponses	réponses
république	république
réputation	réputation
réputé	réputé
réputée	réputée
réputées	réputées
réputés	réputés
répète	répète
répéter	répéter
répétition	répétition
répété	répété
répétée	répétée
réseau	réseau
réseaux	réseaux
réseauxtélécommunications	réseauxtélécommunications
résection	résection
réserve	réserve
réserver	réserver
réservoir	réservoir
réservoirs	réservoirs
réservée	réservée
réside	réside
résident	résident
résidentiel	résidentiel
résidu	résidu
résidus	résidus
résilience	résilience
résine	résine
résines	résines
résistance	résistance
résistances	résistances
résistant	résistant
résistante	résistante
résistantes	résistantes
résistants	résistants
résiste	résiste
résistent	résistent
résister	résister
résolue	résolue
résolument	résolument
résolution	résolution
résonance	résonance
résonnante	résonnante
résorbable	résorbable
résorbables	résorbables
résorber	résorber
résoudre	résoudre
résultant	résultant
résultat	résultat
résultats	résultats
résultent	résultent
résumant	résumant
résume	résume
résument	résument
résumer	résumer
résumé	résumé
résumée	résumée
réséda	réséda
rétine	rétine
rétinienne	rétinienne
rétinopathie	rétinopathie
rétorque	rétorque
rétorqueront	rétorqueront
rétractable	rétractable
rétrocontrôle	rétrocontrôle
rétrospective	rétrospective
rétrospectivement	rétrospectivement
rétrospectives	rétrospectives
réuni	réuni
réunion	réunion
réunir	réunir
réunira	réunira
réuniront	réuniront
réunis	réunis
réunissant	réunissant
réunit	réunit
réussi	réussi
réussie	réussie
réussir	réussir
réussissant	réussissant
réussissent	réussissent
réussit	réussit
réussite	réussite
réutilisation	réutilisation
réutiliser	réutiliser
réversible	réversible
révolution	révolution
révolutionnaire	révolutionnaire
révolutionnaires	révolutionnaires
révolutionner	révolutionner
révolutionné	révolutionné
révolutions	révolutions
révèlent	révèlent
révélateurs	révélateurs
révélatrice	révélatrice
révélatrices	révélatrices
révélé	révélé
révélées	révélées
rééducation	rééducation
réémettre	réémettre
rêvait	rêvait
rêve	rêve
rêvons	rêvons
rêvé	rêvé
rôdé	rôdé
rôle	rôle
s	
sa	
sabatier	sabatier
sabatierinp	sabatierinp
sable	sable
sables	sables
saccades	saccades
saccadées	saccadées
sachant	sachant
sachets	sachets
sachez	sachez
saclay	saclay
sacrifier	sacrifier
sad	sad
sadron	sadron
saf	saf
safire	safire
safran	safran
sagem	sagem
sahara	sahara
sahélosahariens	sahélosahariens
saida	saida
sailing	sailing
sain	sain
saine	saine
sains	sains
saint	saint
sainte	sainte
saisie	saisie
saisir	saisir
saison	saison
saisonnières	saisonnières
sait	sait
salaires	salaires
salaisons	salaisons
salarié	salarié
salariés	salariés
salem	salem
salinité	salinité
salins	salins
salivaire	salivaire
salle	salle
salles	salles
salmonella	salmonella
salon	salon
salons	salons
salpêtrière	salpêtrière
salsifis	salsifis
saluer	saluer
saluée	saluée
salzbourg	salzbourg
salé	salé
salée	salée
samedi	samedi
san	san
sandra	sandra
sandy	sandy
sang	sang
sanguin	sanguin
sanguine	sanguine
sanguins	sanguins
sanitaire	sanitaire
sanitaires	sanitaires
sanofi	sanofi
sans	sans
santa	santa
santé	santé
santébien	santébien
santéingénierie	santéingénierie
santélutte	santélutte
santéun	santéun
sao	sao
sapeurs	sapeurs
saphir	saphir
saragosse	saragosse
saral	saral
sarcob	sarcob
sarcopénique	sarcopénique
sarix	sarix
sarkozy	sarkozy
sarments	sarments
sarnak	sarnak
sas	sas
satellitaire	satellitaire
satellitaires	satellitaires
satellite	satellite
satellites	satellites
satellitespléiades	satellitespléiades
satisfaction	satisfaction
satisfaire	satisfaire
satisfaisant	satisfaisant
satisfaisante	satisfaisante
satisfait	satisfait
satisfaite	satisfaite
satisfaites	satisfaites
satisfaits	satisfaits
satiété	satiété
satt	satt
sauces	sauces
sauf	sauf
saumure	saumure
saura	saura
saurait	saurait
saut	saut
sautelet	sautelet
sauter	sauter
sauvegarde	sauvegarde
sauver	sauver
sauveteur	sauveteur
sauvignon	sauvignon
sauvé	sauvé
savait	savait
savants	savants
savent	savent
savety	savety
saveur	saveur
saveurs	saveurs
savez	savez
savions	savions
savoie	savoie
savoir	savoir
savoirs	savoirs
savon	savon
savons	savons
saxons	saxons
sayette	sayette
saône	saône
sc13	sc13
sca	sca
scale	scale
scalpel	scalpel
scandium	scandium
scanner	scanner
scanners	scanners
scanné	scanné
scar	scar
scarab	scarab
scarabées	scarabées
scepticisme	scepticisme
sceptique	sceptique
scharfmann	scharfmann
schiste	schiste
schneider	schneider
scholarship	scholarship
school	school
schuller	schuller
schwartz	schwartz
schéma	schéma
schémas	schémas
sciatique	sciatique
scid	scid
science	science
sciences	sciences
scientifique	scientifique
scientifiquement	scientifiquement
scientifiques	scientifiques
sck	sck
sclérose	sclérose
scolaire	scolaire
scolaires	scolaires
scolarité	scolarité
scorpion	scorpion
scorpions	scorpions
screening	screening
scrupule	scrupule
scrupuleusement	scrupuleusement
sculpture	sculpture
scène	scène
scénarii	scénarii
scénario	scénario
scénarios	scénarios
sds	sds
sdsc	sdsc
se	
sea	sea
seb	seb
sec	sec
second	second
secondaire	secondaire
secondaires	secondaires
seconde	seconde
secondes	secondes
seconds	seconds
secours	secours
secrets	secrets
secrétaire	secrétaire
secrétariat	secrétariat
secteur	secteur
secteurs	secteurs
section	section
sectionner	sectionner
security	security
seee	seee
segalen	segalen
segard	segard
segment	segment
sein	
seine	seine
seins	seins
sel	sel
selenide	selenide
selles	selles
selon	selon
selongey	selongey
semaine	semaine
semaines	semaines
semblable	semblable
semblait	semblait
semblant	semblant
semble	semble
semblent	semblent
semblerait	semblerait
semblé	semblé
semenciers	semenciers
semi	semi
semis	semis
semrev	semrev
semée	semée
senegal	senegal
senior	senior
seniors	seniors
senoble	senoble
sens	sens
sensation	sensation
sensations	sensations
senseur	senseur
sensibiliser	sensibiliser
sensibilité	sensibilité
sensible	sensible
sensibles	sensibles
sensilles	sensilles
sensing	sensing
sensofat	sensofat
sensoriel	sensoriel
sensorielle	sensorielle
sensorielles	sensorielles
sensoriels	sensoriels
sensostat	sensostat
sensée	sensée
sent	sent
sentez	sentez
sentinel	sentinel
sentinel1	sentinel1
sentinelles	sentinelles
sentions	sentions
sentir	sentir
sept	sept
septembre	septembre
septembre4ème	septembre4ème
septentrionaux	septentrionaux
sera	sera
seraient	seraient
serait	serait
serein	serein
sereine	sereine
sereinement	sereinement
serenade	serenade
serge	serge
series	series
serions	serions
serono	serono
serons	serons
seront	seront
serpents	serpents
serrage	serrage
serre	serre
serres	serres
serré	serré
sert	sert
servadou	servadou
servant	servant
servent	servent
servi	servi
service	service
services	services
servir	servir
serviront	serviront
servizi	servizi
ses	
sessile	sessile
session	session
sessions	sessions
seuil	seuil
seul	seul
seule	seule
seulement	seulement
seules	seules
seuls	seuls
seurin	seurin
seventure	seventure
sevrage	sevrage
sexueldécouverte	sexueldécouverte
sgu	sgu
sham	sham
shampoings	shampoings
shanghai	shanghai
shanghaï	shanghaï
shasta	shasta
shaw	shaw
shna	shna
shom	shom
show	show
shs	shs
si	
sicard	sicard
sicoval	sicoval
sidérurgique	sidérurgique
siensvitagora	siensvitagora
sig	sig
sigle	sigle
signal	signal
signale	signale
signalisation	signalisation
signature	signature
signaux	signaux
signe	signe
signer	signer
signifiant	signifiant
significatif	significatif
significatifs	significatifs
signification	signification
significative	significative
significativement	significativement
significatives	significatives
signifie	signifie
signé	signé
signée	signée
signés	signés
silencieuses	silencieuses
silencieux	silencieux
silice	silice
silicium	silicium
silicié	silicié
silico	silico
silicon	silicon
sillage	sillage
sillonner	sillonner
silver	silver
silverecofr	silverecofr
similaire	similaire
similaires	similaires
similarités	similarités
simili	simili
simon	simon
simple	simple
simplement	simplement
simples	simples
simplicité	simplicité
simplifie	simplifie
simplified	simplified
simplifiée	simplifiée
simulateur	simulateur
simulateurs	simulateurs
simulation	simulation
simulations	simulations
simule	simule
simulent	simulent
simuler	simuler
simultanée	simultanée
simultanément	simultanément
singapour	singapour
singapourcontrer	singapourcontrer
singes	singes
sinon	sinon
sir	sir
sirat	sirat
siratimagerie	siratimagerie
sisine	sisine
sismicité	sismicité
sismiques	sismiques
sismologie	sismologie
sismologique	sismologique
sismomètres	sismomètres
sita	sita
sitac	sitac
site	site
sites	sites
sitges	sitges
situ	situ
situaient	situaient
situant	situant
situation	situation
situations	situations
situe	situe
situé	situé
située	située
situées	situées
situés	situés
six	six
siècle	siècle
siècles	siècles
siège	siège
siègent	siègent
sièges	sièges
skies	skies
slicom	slicom
slovaque	slovaque
smart	smart
smarter	smarter
smartox	smartox
smartphone	smartphone
smartphones	smartphones
smos	smos
smr	smr
sncf	sncf
snecma	snecma
soa	soa
social	social
sociale	sociale
socialecréation	socialecréation
sociales	sociales
sociales3ème	sociales3ème
socialesscience	socialesscience
sociaux	sociaux
society	society
socio	socio
sociologique	sociologique
sociologue	sociologue
sociologues	sociologues
sociétal	sociétal
sociétale	sociétale
sociétales	sociétales
sociétaux	sociétaux
société	société
sociétés	sociétés
sodexo	sodexo
sodium	sodium
soeur	soeur
sofimac	sofimac
sofiproteol	sofiproteol
sofradir	sofradir
soft	soft
software	software
soi	soi
soient	soient
soignants	soignants
soigner	soigner
soin	soin
soins	soins
soirée	soirée
soit	soit
soixantaine	soixantaine
soixante	soixante
sol	sol
solaire	solaire
solaires	solaires
solary	solary
solcipandésherbageamendements	solcipandésherbageamendements
soldat	soldat
soldats	soldats
soldées	soldées
soleil	soleil
soler	soler
soliage	soliage
solidages	solidages
solidaire	solidaire
solide	solide
solidement	solidement
solides	solides
solitaire	solitaire
sollicitations	sollicitations
solliciter	solliciter
sollicité	sollicité
sollicitée	sollicitée
sols	sols
solscartographier	solscartographier
solteiro	solteiro
solubles	solubles
solution	solution
solutions	solutions
solvants	solvants
somatostatine	somatostatine
sombrer	sombrer
somme	somme
sommeil	sommeil
sommes	sommes
sommet	sommet
sommets	sommets
son	
sonde	sonde
sonder	sonder
sondes	sondes
sondeur	sondeur
sonne	sonne
sonore	sonore
sonores	sonores
sont	
sopagly	sopagly
sophia	sophia
sophie	sophie
sophistiqué	sophistiqué
sophistiquées	sophistiquées
sophistiqués	sophistiqués
soplagy	soplagy
sorafenib	sorafenib
sorigny	sorigny
sorption	sorption
sort	sort
sortants	sortants
sorte	sorte
sortent	sortent
sortes	sortes
sortie	sortie
sorties	sorties
sortir	sortir
sortirez	sortirez
sortis	sortis
soubresauts	soubresauts
souche	souche
souches	souches
souchothèque	souchothèque
souci	souci
soudainement	soudainement
soudan	soudan
souffert	souffert
soufflantes	soufflantes
souffler	souffler
soufflerie	soufflerie
souffrance	souffrance
souffrant	souffrant
souffrantes	souffrantes
souffre	souffre
souffrent	souffrent
souhait	souhait
souhaitaient	souhaitaient
souhaitait	souhaitait
souhaitant	souhaitant
souhaite	souhaite
souhaitent	souhaitent
souhaiter	souhaiter
souhaitera	souhaitera
souhaiterions	souhaiterions
souhaiteront	souhaiteront
souhaitions	souhaitions
souhaitons	souhaitons
souhaits	souhaits
souhaité	souhaité
soulagement	soulagement
soulevées	soulevées
souligine	souligine
souligne	souligne
souligner	souligner
soulignons	soulignons
souligné	souligné
soulève	soulève
soumettre	soumettre
soumis	soumis
soumise	soumise
soumises	soumises
souple	souple
souples	souples
souplesse	souplesse
soupçonnais	soupçonnais
source	source
sources	sources
sourcés	sourcés
souris	souris
sous	sous
souscrite	souscrite
soutenir	soutenir
soutenu	soutenu
soutenue	soutenue
soutenues	soutenues
soutenus	soutenus
soutien	soutien
soutiendra	soutiendra
soutiennent	soutiennent
soutiens	soutiens
soutient	soutient
souvenirs	souvenirs
souvent	souvent
souventresif	souventresif
souvient	souvient
soviétique	soviétique
soyons	soyons
soyouz	soyouz
spa	spa
space	space
spaghetti	spaghetti
spatial	spatial
spatiale	spatiale
spatiales	spatiales
spatialisée	spatialisée
spatiaux	spatiaux
spatio	spatio
spc	spc
speakers	speakers
specimens	specimens
spectral	spectral
spectrale	spectrale
spectre	spectre
spectro	spectro
spectromètre	spectromètre
spectroscopie	spectroscopie
spectroscopiques	spectroscopiques
speech	speech
speed	speed
sphériques	sphériques
spie	spie
spin	spin
spinale	spinale
spintronique	spintronique
spir	spir
spiral	spiral
spiral2	spiral2
spirit	spirit
spiritueux	spiritueux
spo	spo
sponsorisé	sponsorisé
spontanée	spontanée
spontanément	spontanément
sporadiquement	sporadiquement
sporaltec	sporaltec
sport	sport
sportif	sportif
sportifs	sportifs
sportive	sportive
sportives	sportives
sportloisirssanté	sportloisirssanté
sports	sports
spot	spot
spunbond	spunbond
spé	spé
spécial	spécial
spéciale	spéciale
spéciales	spéciales
spécialisation	spécialisation
spécialiste	spécialiste
spécialistes	spécialistes
spécialisé	spécialisé
spécialisée	spécialisée
spécialisées	spécialisées
spécialisés	spécialisés
spécialité	spécialité
spécialités	spécialités
spéciation	spéciation
spéciaux	spéciaux
spécifications	spécifications
spécificité	spécificité
spécificités	spécificités
spécifique	spécifique
spécifiquement	spécifiquement
spécifiques	spécifiques
spécimens	spécimens
spéculateur	spéculateur
squelette	squelette
squelettiques	squelettiques
sriharikota	sriharikota
srl	srl
stabilisation	stabilisation
stabilise	stabilise
stabilisent	stabilisent
stabiliser	stabiliser
stabilité	stabilité
stable	stable
stables	stables
stade	stade
stades	stades
stage	stage
stages	stages
stagiaire	stagiaire
stand	stand
standard	standard
standardisation	standardisation
standards	standards
stands	stands
stanislas	stanislas
staphylococcus	staphylococcus
staps	staps
start	start
state	state
statines	statines
station	station
stationnaire	stationnaire
stationnaires	stationnaires
stationné	stationné
stations	stations
statique	statique
statistique	statistique
statistiques	statistiques
stator	stator
statut	statut
steady	steady
steve	steve
sti2d	sti2d
stigmatiser	stigmatiser
stilla	stilla
stimulant	stimulant
stimuli	stimuli
stimulus	stimulus
stipule	stipule
stmicroelectronics	stmicroelectronics
stockage	stockage
stockent	stockent
stocker	stocker
stocké	stocké
stockée	stockée
stockées	stockées
stockés	stockés
stopper	stopper
stoppée	stoppée
strasbourg	strasbourg
strasbourgeois	strasbourgeois
strasse	strasse
stratification	stratification
stratobus	stratobus
stratosphère	stratosphère
stratosphérique	stratosphérique
stratrobus	stratrobus
stratégie	stratégie
stratégies	stratégies
stratégique	stratégique
stratégiques	stratégiques
stress	stress
stressantes	stressantes
stricte	stricte
strictes	strictes
structural	structural
structurale	structurale
structurales	structurales
structurant	structurant
structurantes	structurantes
structurants	structurants
structuration	structuration
structure	structure
structurellement	structurellement
structurelles	structurelles
structurer	structurer
structures	structures
structuré	structuré
structurée	structurée
structurés	structurés
study	study
sturio	sturio
style	style
stéarique	stéarique
stéato	stéato
stéphane	stéphane
stériles	stériles
su	su
sub	sub
subatomique	subatomique
subi	subi
subir	subir
subis	subis
subissait	subissait
subissent	subissent
subit	subit
subject	subject
subsistait	subsistait
subsistance	subsistance
subsistances	subsistances
subsiste	subsiste
subsistent	subsistent
substances	substances
substantiel	substantiel
substantielles	substantielles
substantiels	substantiels
substituant	substituant
substitue	substitue
substitution	substitution
substituts	substituts
substrats	substrats
subtil	subtil
subtilement	subtilement
subtilisant	subtilisant
subvention	subvention
succession	succession
successivement	successivement
successives	successives
succinct	succinct
succède	succède
succès	succès
succédé	succédé
succédées	succédées
sucre	sucre
sucres	sucres
sucré	sucré
sucrés	sucrés
sud	sud
sudcnrs	sudcnrs
suez	suez
suffiront	suffiront
suffisait	suffisait
suffisamment	suffisamment
suffisante	suffisante
suffisantes	suffisantes
suffit	suffit
suggère	suggère
suggèrent	suggèrent
suis	suis
suisse	suisse
suissedes	suissedes
suit	suit
suite	suite
suivaient	suivaient
suivant	suivant
suivante	suivante
suivantes	suivantes
suivent	suivent
suiveur	suiveur
suivi	suivi
suivies	suivies
suivis	suivis
suivons	suivons
suivra	suivra
suivre	suivre
suivront	suivront
sujet	sujet
sujets	sujets
sunaero	sunaero
sunaéro	sunaéro
sunlabob	sunlabob
sup	sup
supaero	supaero
supagro	supagro
super	super
supercalculateur	supercalculateur
supercalculateurs	supercalculateurs
supercomputing	supercomputing
superficie	superficie
superficielle	superficielle
superficielles	superficielles
superficiels	superficiels
superior	superior
supermarché	supermarché
superposant	superposant
superposition	superposition
supervise	supervise
supméca	supméca
supply	supply
suppléer	suppléer
supplément	supplément
supplémentaire	supplémentaire
supplémentaires	supplémentaires
supplémentant	supplémentant
support	support
supportant	supportant
supports	supports
supposaient	supposaient
supposant	supposant
suppose	suppose
supposer	supposer
supputons	supputons
supra	supra
supraconducteur	supraconducteur
supramoléculaire	supramoléculaire
supranational	supranational
supranucléaire	supranucléaire
supélec	supélec
supérieur	supérieur
supérieure	supérieure
supérieures	supérieures
sur	
surclasse	surclasse
surexploitation	surexploitation
surface	surface
surfaces	surfaces
surfaciques	surfaciques
surfer	surfer
surgi	surgi
surgical	surgical
surgissent	surgissent
surhumains	surhumains
surmonte	surmonte
surmonter	surmonter
surnommé	surnommé
surnommée	surnommée
surprenant	surprenant
surprend	surprend
surprendre	surprendre
surpris	surpris
surprise	surprise
surproducteur	surproducteur
surtout	surtout
surveillance	surveillance
surveiller	surveiller
survenant	survenant
survenu	survenu
survenus	survenus
survie	survie
survienne	survienne
survivre	survivre
sus	sus
susceptible	susceptible
suscite	suscite
suscitent	suscitent
susciter	susciter
suspension	suspension
sustainability	sustainability
sustainable	sustainable
suède	suède
suédoise	suédoise
svi	svi
swarm	swarm
swot	swot
sydney	sydney
sylvain	sylvain
sylvaine	sylvaine
sylvestre	sylvestre
sylviculture	sylviculture
sylvie	sylvie
symbiose	symbiose
symbiotique	symbiotique
symbiotiques	symbiotiques
symboliquement	symboliquement
symbolisé	symbolisé
sympathique	sympathique
symphonie	symphonie
symposium	symposium
symptômes	symptômes
synapcell	synapcell
synchrotron	synchrotron
syndicat	syndicat
syndromes	syndromes
syndromiques	syndromiques
synergie	synergie
synergies	synergies
syngenta	syngenta
synthèse	synthèse
synthèses	synthèses
synthétiques	synthétiques
synthétiser	synthétiser
synthétisée	synthétisée
synucléine	synucléine
syphilis	syphilis
syphilitique	syphilitique
syrota	syrota
sysfera	sysfera
sysiass	sysiass
sysnav	sysnav
system	system
systematic	systematic
systeme	systeme
systems	systems
systerra	systerra
système	système
systèmes	systèmes
systèmess	systèmess
systématique	systématique
systémiques	systémiques
sytis	sytis
sèche	sèche
sème	sème
séances	séances
sécheresse	sécheresse
sécheresses	sécheresses
sécrétera	sécrétera
sécrétée	sécrétée
sécurisation	sécurisation
sécuriser	sécuriser
sécurisées	sécurisées
sécurité	sécurité
sédimentation	sédimentation
sédiments	sédiments
séduire	séduire
séduit	séduit
ségalen	ségalen
séisme	séisme
séismes	séismes
séjour	séjour
séjourner	séjourner
séjours	séjours
sélectif	sélectif
sélectifs	sélectifs
sélection	sélection
sélectionne	sélectionne
sélectionner	sélectionner
sélectionné	sélectionné
sélectionnés	sélectionnés
sélective	sélective
sélectivité	sélectivité
sélénium	sélénium
séminaire	séminaire
séminaires	séminaires
sénagralle	sénagralle
sénart	sénart
sénartaise	sénartaise
sénartaises	sénartaises
sénat	sénat
sénégal	sénégal
sénégalais	sénégalais
séoul	séoul
séparation	séparation
séparatives	séparatives
sépare	sépare
séparer	séparer
séparées	séparées
séparément	séparément
séquence	séquence
séquences	séquences
séquenceurs	séquenceurs
séquençage	séquençage
séquestration	séquestration
série	série
séries	séries
sérieuse	sérieuse
sérieuses	sérieuses
sérieux	sérieux
sérotonine	sérotonine
sévère	sévère
sévères	sévères
sévérité	sévérité
sûr	sûr
sûre	sûre
sûrement	sûrement
sûreté	sûreté
t	t
t2	t2
tabagisme	tabagisme
table	table
tableau	tableau
tableaux	tableaux
tables	tables
tablettes	tablettes
tactile	tactile
tactiles	tactiles
tahiti	tahiti
taille	taille
tailles	tailles
tailleurs	tailleurs
tajima	tajima
talence	talence
talent	talent
talents	talents
talon	talon
tamarindus	tamarindus
tandis	tandis
tango	tango
tanin	tanin
tank	tank
tant	tant
tantale	tantale
tanzanie	tanzanie
tapissant	tapissant
tara	tara
taranis	taranis
tard	tard
tarde	tarde
tarder	tarder
tardive	tardive
tardivement	tardivement
tardives	tardives
tardé	tardé
targuer	targuer
tarn	tarn
tarses	tarses
tarte	tarte
tas	tas
tata	tata
taux	taux
taxibot	taxibot
tcf4	tcf4
tchad	tchad
tcr	tcr
tech	tech
techforum	techforum
technicien	technicien
techniciens	techniciens
technicité	technicité
technico	technico
technique	technique
techniques	techniques
technocampus	technocampus
technolac	technolac
technolgique	technolgique
technolgy	technolgy
technologie	technologie
technologiearts	technologiearts
technologies	technologies
technologieschimie	technologieschimie
technologiesune	technologiesune
technologique	technologique
technologiques	technologiques
technologue	technologue
technologues	technologues
technology	technology
technopole	technopole
technopôle	technopôle
tecnalia	tecnalia
tecnica	tecnica
tectonique	tectonique
teigne	teigne
teillet	teillet
teindre	teindre
tekes	tekes
tel	tel
telecom	telecom
telescope	telescope
telit	telit
telle	telle
tellement	tellement
telles	telles
tellure	tellure
telluriques	telluriques
tels	tels
temporaire	temporaire
temporel	temporel
temporelle	temporelle
temps	temps
température	température
températures	températures
tempéré	tempéré
tempérées	tempérées
tempête	tempête
tenace	tenace
tenaces	tenaces
tenant	tenant
tend	tend
tendance	tendance
tendances	tendances
tendent	tendent
tendre	tendre
tenerrdis	tenerrdis
teneur	teneur
teneurs	teneurs
tenir	tenir
tensioactifs	tensioactifs
tensioactive	tensioactive
tensioactives	tensioactives
tension	tension
tentant	tentant
tentatives	tentatives
tentent	tentent
tenter	tenter
tenté	tenté
tenu	tenu
tenue	tenue
tequi	tequi
tera	tera
teratec	teratec
terifiq	terifiq
terme	
termeinscrire	termeinscrire
termes	termes
terminait	terminait
terminale	terminale
terminaux	terminaux
termine	termine
terminer	terminer
terminera	terminera
terra	terra
terrain	terrain
terralia	terralia
terre	terre
terrena	terrena
terreo	terreo
terres	terres
terrestre	terrestre
terrestres	terrestres
territoire	territoire
territoires	territoires
territorial	territorial
territoriale	territoriale
territoriales	territoriales
territorialquatre	territorialquatre
territoriaux	territoriaux
terroirs	terroirs
tertiaire	tertiaire
test	test
teste	teste
testent	testent
tester	tester
testeurs	testeurs
tests	tests
testé	testé
testée	testée
testées	testées
testés	testés
tetis	tetis
tev	tev
tex	tex
textes	textes
textile	textile
textiles	textiles
texturation	texturation
texture	texture
textures	textures
tgcc	tgcc
tgu	tgu
thales	thales
thaliana	thaliana
the	the
theodorus	theodorus
thermique	thermique
thermiques	thermiques
thermographie	thermographie
thermomagnétiquesisolants	thermomagnétiquesisolants
thermonuclear	thermonuclear
thermonucléaire	thermonucléaire
thermonucléaires	thermonucléaires
thermoplastique	thermoplastique
thermorégulation	thermorégulation
thermoélectricité	thermoélectricité
thermoélectriques	thermoélectriques
thiengoli	thiengoli
thierry	thierry
thin	thin
think	think
thinking	thinking
thomas	thomas
thoracique	thoracique
through	through
thème	thème
thèmes	thèmes
thèse	thèse
thèsearrivée	thèsearrivée
thèses	thèses
thé	thé
thématique	thématique
thématiques	thématiques
théorie	théorie
théories	théories
théorique	théorique
théoriques	théoriques
théorème	théorème
théorèmes	théorèmes
thérapeutique	thérapeutique
thérapeutiques	thérapeutiques
thérapie	thérapie
thérapieimplantation	thérapieimplantation
thérapies	thérapies
thésame	thésame
thésards	thésards
thétys	thétys
théâtre	théâtre
tianjin	tianjin
tic	tic
tiendra	tiendra
tienne	tienne
tiennent	tiennent
tient	tient
tiers	tiers
timbre	timbre
timidité	timidité
tince	tince
tinctoriales	tinctoriales
tir	tir
tirant	tirant
tirent	tirent
tirer	tirer
tirs	tirs
tirées	tirées
tison	tison
tissu	tissu
tissulaire	tissulaire
tissus	tissus
titan	titan
titane	titane
titanesque	titanesque
titrant	titrant
titre	titre
titres	titres
titulaire	titulaire
titulaires	titulaires
tivmi	tivmi
tld	tld
tlrs	tlrs
tm	tm
tms	tms
tnt	tnt
to	to
together	together
tohoku	tohoku
toile	toile
tokamak	tokamak
tokyo	tokyo
toll	toll
tolérance	tolérance
tolérant	tolérant
tolérantes	tolérantes
tolérer	tolérer
tomber	tomber
tombé	tombé
tomographie	tomographie
tonal	tonal
tonalité	tonalité
tonne	tonne
tonnes	tonnes
top	top
topex	topex
topographie	topographie
topographiques	topographiques
topography	topography
topologiques	topologiques
tore	tore
toroïdal	toroïdal
torpiller	torpiller
tort	tort
toshiki	toshiki
total	total
totale	totale
totalement	totalement
totales	totales
totalise	totalise
totalisent	totalisent
totalité	totalité
touchant	touchant
touche	touche
touchent	touchent
toucher	toucher
touches	touches
touché	touché
touchés	touchés
toujours	toujours
toulon	toulon
toulousain	toulousain
toulousaine	toulousaine
toulousains	toulousains
toulouse	toulouse
toulousecnrs	toulousecnrs
toulousewisea	toulousewisea
tour	tour
tourbillons	tourbillons
tourbières	tourbières
tourin	tourin
tourisme	tourisme
tourismeevaluer	tourismeevaluer
touristes	touristes
touristique	touristique
touristiques	touristiques
tournante	tournante
tourne	tourne
tourner	tourner
tournesol	tournesol
tournesolidentification	tournesolidentification
tournis	tournis
tourné	tourné
tournés	tournés
tours	tours
toursminute	toursminute
tourte	tourte
tous	tous
tousse	tousse
tout	
toute	toute
toutefois	toutefois
toutes	toutes
toxicité	toxicité
toxicological	toxicological
toxicologie	toxicologie
toxine	toxine
toxines	toxines
toxique	toxique
toxiques	toxiques
toyota	toyota
tpe	tpe
tpepme	tpepme
tracer	tracer
traces	traces
trachéale	trachéale
trachéotomie	trachéotomie
tracker	tracker
tracteur	tracteur
tracteurs	tracteurs
tractus	tractus
tracté	tracté
tracée	tracée
tradition	tradition
traditionnel	traditionnel
traditionnelle	traditionnelle
traditionnellement	traditionnellement
traditionnelles	traditionnelles
traditionnels	traditionnels
traditions	traditions
tradmatik	tradmatik
traduction	traduction
traduira	traduira
traduire	traduire
traduisaient	traduisaient
traduisent	traduisent
traduit	traduit
traduite	traduite
trafic	trafic
trail	trail
train	train
training	training
trains	trains
trait	trait
traitance	traitance
traitant	traitant
traitantes	traitantes
traite	traite
traitement	traitement
traitements	traitements
traiter	traiter
traitera	traitera
traiteront	traiteront
traits	traits
traitée	traitée
traitées	traitées
traités	traités
trajectoire	trajectoire
trajectoires	trajectoires
trajet	trajet
trajets	trajets
trame	trame
tramontane	tramontane
tramway	tramway
tranche	tranche
tranchées	tranchées
tranquille	tranquille
transaction	transaction
transactions	transactions
transcontinentale	transcontinentale
transcription	transcription
transcriptionnelle	transcriptionnelle
transcriptomes	transcriptomes
transcrits	transcrits
transdermique	transdermique
transdisciplinaire	transdisciplinaire
transfer	transfer
transfert	transfert
transferts	transferts
transformant	transformant
transformateurs	transformateurs
transformation	transformation
transforme	transforme
transformer	transformer
transformé	transformé
transfère	transfère
transférant	transférant
transférer	transférer
transféré	transféré
transférée	transférée
transférés	transférés
transgéniques	transgéniques
transistor	transistor
transistors	transistors
transit	transit
transition	transition
transitoire	transitoire
transitoires	transitoires
translationnelle	translationnelle
transmettre	transmettre
transmis	transmis
transmises	transmises
transmission	transmission
transmitted	transmitted
transmutation	transmutation
transmuter	transmuter
transparence	transparence
transpiration	transpiration
transplantait	transplantait
transplantation	transplantation
transplanté	transplanté
transport	transport
transporte	transporte
transportent	transportent
transporter	transporter
transporteur	transporteur
transporteurs	transporteurs
transports	transports
transposable	transposable
transposer	transposer
transversales	transversales
transversaux	transversaux
transverse	transverse
transverses	transverses
traquer	traquer
traqués	traqués
traumatisme	traumatisme
traumatismes	traumatismes
traumatisé	traumatisé
traumatisés	traumatisés
travail	travail
travaildroit	travaildroit
travaillaient	travaillaient
travaillait	travaillait
travaillant	travaillant
travaille	travaille
travaillent	travaillent
travailler	travailler
travailleront	travailleront
travaillons	travaillons
travaillé	travaillé
travaux	travaux
travaux33èmes	travaux33èmes
travers	travers
traversant	traversant
traversants	traversants
traverser	traverser
traversée	traversée
traversées	traversées
traçabilité	traçabilité
traînée	traînée
tremblement	tremblement
tremblements	tremblements
tremplin	tremplin
trentaine	trentaine
trente	trente
trentenaire	trentenaire
tri	tri
triarylamines	triarylamines
tribart	tribart
tribologie	tribologie
tribune	tribune
tributaire	tributaire
tricycle	tricycle
tridimensionnels	tridimensionnels
trie	trie
trilingues	trilingues
trimatec	trimatec
trimestre	trimestre
trimestres	trimestres
trimouv	trimouv
trinitrotoluène	trinitrotoluène
trip	trip
triplement	triplement
triplé	triplé
tritium	tritium
triturer	triturer
triées	triées
troie	troie
trois	trois
troisième	troisième
trompe	trompe
tromper	tromper
tronc	tronc
tronic	tronic
trop	trop
trophée	trophée
trophées	trophées
tropical	tropical
tropicale	tropicale
tropicales	tropicales
tropicaux	tropicaux
tropique	tropique
tropiques	tropiques
trossat	trossat
trou	trou
trouble	trouble
troubles	troubles
troupeaux	troupeaux
trouvait	trouvait
trouvant	trouvant
trouve	trouve
trouvent	trouvent
trouver	trouver
trouvera	trouvera
trouveraient	trouveraient
trouverez	trouverez
trouvons	trouvons
trouvé	trouvé
trouvées	trouvées
trouvés	trouvés
trustinsoft	trustinsoft
try	try
trystram	trystram
très	
trésorerie	trésorerie
trésorier	trésorier
tseu	tseu
tsinghua	tsinghua
tsinghuapartenariat	tsinghuapartenariat
tsunami	tsunami
tsunamis	tsunamis
tsv	tsv
ttc	ttc
tube	tube
tuberculeuses	tuberculeuses
tuberculose	tuberculose
tubes	tubes
tue	tue
tulipes	tulipes
tumeur	tumeur
tumeurs	tumeurs
tumoral	tumoral
tumorales	tumorales
tungsten	tungsten
tungstène	tungstène
tunisie	tunisie
tunisiens	tunisiens
tunnel	tunnel
tunnels	tunnels
turbidité	turbidité
turbine	turbine
turbines	turbines
turbomeca	turbomeca
turboméca	turboméca
turboréacteur	turboréacteur
turbulent	turbulent
turbulentes	turbulentes
tutelle	tutelle
tutelles	tutelles
tuyau	tuyau
tué	tué
type	type
types	types
typhimurium	typhimurium
typique	typique
typologies	typologies
tâche	tâche
tâches	tâches
télescope	télescope
télescopes	télescopes
télé	télé
télécom	télécom
télécommunications	télécommunications
télécoms	télécoms
téléphone	téléphone
téléphones	téléphones
téléphonie	téléphonie
téléphoniques	téléphoniques
téléviseurs	téléviseurs
télévision	télévision
télévisions	télévisions
témoignage	témoignage
témoignages	témoignages
témoignent	témoignent
témoigner	témoigner
témoin	témoin
téraflops	téraflops
téraoctets	téraoctets
térawat	térawat
téssékéré	téssékéré
tétée	tétée
tête	tête
têtes	têtes
tôt	tôt
u	u
uag	uag
uas	uas
uc	uc
uc3	uc3
ucad	ucad
ufr1	ufr1
ugb	ugb
ujf	ujf
uk	uk
ulcérations	ulcérations
ulis	ulis
ulm	ulm
ultime	ultime
ultra	ultra
ultrasons	ultrasons
ultraviolet	ultraviolet
ultérieurement	ultérieurement
umami	umami
umi	umi
umr	umr
umt	umt
un	
unanimité	unanimité
une	
unes	unes
unesco	unesco
uni	uni
unies	unies
uniformes	uniformes
union	union
unique	unique
uniquement	uniquement
uniques	uniques
unir	unir
unis	unis
unitaire	unitaire
unitaires	unitaires
united	united
unité	unité
unités	unités
univers	univers
universel	universel
universelles	universelles
universitaire	universitaire
universitaires	universitaires
universiteit	universiteit
university	university
université	université
universités	universités
unmanned	unmanned
unrpa10	unrpa10
uns	uns
up	up
up1	up1
upec	upec
upface	upface
upl	upl
upmc	upmc
upmccnrs	upmccnrs
ups	ups
ur10	ur10
uranium	uranium
urbain	urbain
urbaine	urbaine
urbaines	urbaines
urbains	urbains
urbanisation	urbanisation
urbanise	urbanise
urbanistes	urbanistes
urbanisé	urbanisé
urbanisée	urbanisée
urbano	urbano
urgence	urgence
urgencela	urgencela
urgences	urgences
urgent	urgent
urgentiste	urgentiste
urgentistes	urgentistes
urgents	urgents
url	url
urtal	urtal
us	us
usage	usage
usages	usages
usagée	usagée
use	use
usinage	usinage
usine	usine
usines	usines
usttb	usttb
usure	usure
utile	utile
utiles	utiles
utilier	utilier
utilisable	utilisable
utilisables	utilisables
utilisait	utilisait
utilisant	utilisant
utilisateur	utilisateur
utilisateurs	utilisateurs
utilisation	utilisation
utilise	utilise
utilisent	utilisent
utiliser	utiliser
utilisera	utilisera
utilisé	utilisé
utilisée	utilisée
utilisées	utilisées
utilisés	utilisés
utilité	utilité
utérus	utérus
uv	uv
uvsq	uvsq
v	v
va	va
vacccin	vacccin
vaccin	vaccin
vaccination	vaccination
vaccins	vaccins
vague	vague
vagues	vagues
vaimos	vaimos
vain	vain
vaines	vaines
vaison	vaison
vaisseau	vaisseau
vaisseaux	vaisseaux
val	val
valence	valence
valencia	valencia
valenciennes	valenciennes
valeur	valeur
valeurs	valeurs
validation	validation
valider	valider
validité	validité
validé	validé
validée	validée
validés	validés
valise	valise
valises	valises
vallette	vallette
valley	valley
vallée	vallée
valo	valo
valoir	valoir
valorial	valorial
valorisant	valorisant
valorisation	valorisation
valoriser	valoriser
valorisé	valorisé
valorisée	valorisée
valorisées	valorisées
valrose	valrose
valu	valu
valves	valves
valérie	valérie
van	van
vante	vante
vapeur	vapeur
vapeurs	vapeurs
var	var
variabilité	variabilité
variable	variable
variables	variables
variant	variant
variation	variation
variations	variations
variationsélection	variationsélection
varie	varie
varier	varier
variée	variée
variées	variées
variés	variés
variétale	variétale
variétaux	variétaux
variété	variété
variétés	variétés
varsovie	varsovie
vasculaire	vasculaire
vasculaires	vasculaires
vassal	vassal
vassivière	vassivière
vaste	vaste
vastes	vastes
vaucluse	vaucluse
vaudra	vaudra
vaut	vaut
veau	veau
vecteur	vecteur
vecteurs	vecteurs
vectoriser	vectoriser
vectorisée	vectorisée
vega	vega
vegepolys	vegepolys
veille	veille
veiller	veiller
veillet	veillet
velléité	velléité
venaient	venaient
venait	venait
venant	venant
vendanges	vendanges
vendangés	vendangés
vendre	vendre
vendu	vendu
vendus	vendus
vendée	vendée
venez	venez
venimeux	venimeux
venin	venin
venins	venins
venir	venir
venirclimat	venirclimat
venons	venons
vent	vent
vente	vente
ventes	ventes
ventral	ventral
vents	vents
venture	venture
ventures	ventures
venu	venu
venue	venue
venues	venues
venus	venus
veolia	veolia
verbaliser	verbaliser
verbe	verbe
vercherand	vercherand
vercueil	vercueil
veritas	veritas
verne	verne
vernejoul	vernejoul
vernissage	vernissage
verra	verra
verrait	verrait
verre	verre
verres	verres
verront	verront
verrou	verrou
verrous	verrous
vers	vers
versailles	versailles
version	version
versions	versions
versés	versés
vert	vert
verte	verte
vertes	vertes
vertical	vertical
verticalement	verticalement
verticaux	verticaux
vertigo	vertigo
vertueux	vertueux
vertus	vertus
vertébrale	vertébrale
verwaerde	verwaerde
very	very
vestiges	vestiges
veulent	veulent
veurey	veurey
veut	veut
veux	veux
vi	vi
via	via
viable	viable
viables	viables
viagora	viagora
vialou	vialou
viande	viande
viandes	viandes
vias	vias
vibration	vibration
vibrations	vibrations
vibratoire	vibratoire
vibreurs	vibreurs
vice	vice
victimes	victimes
victoire	victoire
vidar	vidar
vide	vide
vidéo	vidéo
vidéos	vidéos
vidéosurveillance	vidéosurveillance
vie	vie
vieillir	vieillir
vieillissement	vieillissement
vieillit	vieillit
viendra	viendra
viendront	viendront
vienne	vienne
viennent	viennent
vient	vient
vies	vies
vigne	vigne
vigneron	vigneron
vignerons	vignerons
vignes	vignes
vignoble	vignoble
vignobles	vignobles
vignon	vignon
vikings	vikings
vilaine	vilaine
vilarem	vilarem
vilhena	vilhena
village	village
villages	villages
villain	villain
villani	villani
ville	ville
villeneuve	villeneuve
villes	villes
villette	villette
vilvorde	vilvorde
vin	vin
vinci	vinci
vingt	vingt
vingtaine	vingtaine
vini	vini
vinicole	vinicole
vinicoles	vinicoles
viniculture	viniculture
vinification	vinification
vinneo	vinneo
vinnova	vinnova
vins	vins
violents	violents
violette	violette
virage	virage
virages	virages
viral	viral
virale	virale
virales	virales
vircopal	vircopal
virey	virey
virginie	virginie
virtual	virtual
virtuel	virtuel
virtuelle	virtuelle
virtuellement	virtuellement
virtuelles	virtuelles
virtuels	virtuels
virus	virus
vis	vis
visage	visage
visant	visant
visco	visco
viscosité	viscosité
vise	vise
visent	visent
visibilité	visibilité
visible	visible
visiblement	visiblement
visibles	visibles
vision	vision
visionnaires	visionnaires
visions	visions
visite	visite
visiter	visiter
visites	visites
visiteurs	visiteurs
visitées	visitées
visités	visités
vissière	vissière
visualisation	visualisation
visualiser	visualiser
visuelle	visuelle
visé	visé
visée	visée
visées	visées
vit	vit
vitagora	vitagora
vitagoraune	vitagoraune
vitale	vitale
vitales	vitales
vitalité	vitalité
vitamine	vitamine
vitamines	vitamines
vite	vite
vitesse	vitesse
vitesses	vitesses
viti	viti
viticole	viticole
viticoles	viticoles
viticulteurs	viticulteurs
viticulture	viticulture
vitivinicole	vitivinicole
vitre	vitre
vitres	vitres
vitreuse	vitreuse
vitreuseun	vitreuseun
vitrine	vitrine
vitro	vitro
vivant	vivant
vivante	vivante
vivantes	vivantes
vivantesdétecter	vivantesdétecter
vivants	vivants
vivent	vivent
viveris	viveris
vivifiant	vivifiant
vivo	vivo
vivons	vivons
vivrait	vivrait
vivre	vivre
vivrières	vivrières
vivrons	vivrons
vième	vième
vladimir	vladimir
vlsi	vlsi
vocabulaire	vocabulaire
vocal	vocal
vocale	vocale
vocation	vocation
voeux	voeux
voie	voie
voies	voies
voile	voile
voilier	voilier
voiliers	voiliers
voilure	voilure
voilà	voilà
voir	voir
voire	voire
voiron	voiron
voisine	voisine
voit	voit
voiture	voiture
voitures	voitures
vol	vol
volant	volant
volants	volants
volatiles	volatiles
volatils	volatils
volcaniques	volcaniques
volcans	volcans
volent	volent
voler	voler
volet	volet
volets	volets
volgograd	volgograd
volontairement	volontairement
volontaires	volontaires
volonté	volonté
vols	vols
voltage	voltage
volts	volts
volume	volume
volumes	volumes
volumineux	volumineux
volée	volée
von	von
vont	vont
voroize	voroize
vos	vos
votre	votre
voulais	voulais
voulez	voulez
vouliez	vouliez
voulions	voulions
vouloir	vouloir
voulons	voulons
voulu	voulu
vous	vous
voyage	voyage
voyager	voyager
voyages	voyages
voyageurs	voyageurs
voyez	voyez
voyons	voyons
vrai	vrai
vraie	vraie
vraies	vraies
vraiment	vraiment
vrais	vrais
vrillage	vrillage
vtt	vtt
vu	vu
vue	vue
vues	vues
vulnérabilité	vulnérabilité
vulnérable	vulnérable
vulnérables	vulnérables
vécu	vécu
vécues	vécues
vécus	vécus
végétal	végétal
végétale	végétale
végétales	végétales
végétation	végétation
végétaux	végétaux
véhiculant	véhiculant
véhicule	véhicule
véhicules	véhicules
véhiculée	véhiculée
vélique	vélique
vélo	vélo
véolia	véolia
vérification	vérification
vérifications	vérifications
vérifier	vérifier
vérifions	vérifions
vérifiée	vérifiée
vérins	vérins
véritable	véritable
véritablement	véritablement
véritables	véritables
véronique	véronique
vétérinaire	vétérinaire
vétérinaires	vétérinaires
vêtements	vêtements
vôtres	vôtres
w	w
waard	waard
wafers	wafers
wageningen	wageningen
wagner	wagner
waldenström	waldenström
wallloisceti	wallloisceti
wallois	wallois
walter	walter
wany	wany
water	water
watier	watier
watt	watt
watts	watts
waynas	waynas
wdi	wdi
weak	weak
web	web
webb	webb
webrest	webrest
weil	weil
welience	welience
welienceprojet	welienceprojet
well	well
wellington	wellington
west	west
westinghouse	westinghouse
what	what
white	white
whylot	whylot
widou	widou
win	win
windows	windows
winrest	winrest
wipak	wipak
wisea	wisea
wollongong	wollongong
woltonrencontres	woltonrencontres
work	work
workshop	workshop
workshops	workshops
world	world
wrsc	wrsc
wwwepos	wwwepos
wwwmetahiteu	wwwmetahiteu
wymelbeke	wymelbeke
x	x
xavier	xavier
xerox	xerox
xiwrite	xiwrite
xix	xix
xixème	xixème
xvième	xvième
xxième	xxième
xxème	xxème
y	
yachts	yachts
yannick	yannick
yaourts	yaourts
yeux	yeux
yonne	yonne
york	york
yttrium	yttrium
yunus	yunus
yvelines	yvelines
yves	yves
yvette	yvette
z23	z23
z9a	z9a
zefiro	zefiro
zetawatt	zetawatt
zetta	zetta
zettawatt	zettawatt
zimmer	zimmer
zirconium	zirconium
ziziphus	ziziphus
zodiac	zodiac
zonal	zonal
zone	zone
zones	zones
zoologie	zoologie
zoologique	zoologique
zuckerberg	zuckerberg
zébus	zébus
zélande	zélande
zéro	zéro
zérodur	zérodur
ß	ß
à	
âge	âge
âges	âges
âgé	âgé
âgée	âgée
âgées	âgées
âgéesepilepsie	âgéesepilepsie
âgés	âgés
âme	âme
ça	ça
ère	ère
ébauche	ébauche
ébauches	ébauches
ébauché	ébauché
ébloui	ébloui
écarts	écarts
échange	échange
échangeant	échangeant
échangent	échangent
échanger	échanger
échanges	échanges
échangés	échangés
échantillon	échantillon
échantillonnage	échantillonnage
échantillonner	échantillonner
échantillonnées	échantillonnées
échantillons	échantillons
échappent	échappent
échappez	échappez
échec	échec
échecs	échecs
échelle	échelle
échelles	échelles
échelonnent	échelonnent
échelonneront	échelonneront
échelons	échelons
écho	écho
éclairage	éclairage
éclairer	éclairer
éclairés	éclairés
éclater	éclater
éclore	éclore
éco	éco
école	école
écoles	écoles
écoliers	écoliers
écolo	écolo
écologie	écologie
écologique	écologique
écologiques	écologiques
écologiquetara	écologiquetara
écologiste	écologiste
écologistes	écologistes
économe	économe
économes	économes
économie	économie
économieles	économieles
économies	économies
économique	économique
économiquement	économiquement
économiquenovaqt	économiquenovaqt
économiques	économiques
économiser	économiser
économiste	économiste
économistes	économistes
écophysiologiste	écophysiologiste
écoproduits	écoproduits
écosystème	écosystème
écosystèmes	écosystèmes
écotechnologies	écotechnologies
écotoxicité	écotoxicité
écotoxiques	écotoxiques
écoule	écoule
écoulement	écoulement
écouler	écouler
écoute	écoute
écouter	écouter
écran	écran
écrans	écrans
écrire	écrire
écrit	écrit
écriture	écriture
écrivain	écrivain
écroule	écroule
éditeur	éditeur
éditeurs	éditeurs
édition	édition
éditions	éditions
éducateurs	éducateurs
éducation	éducation
éducative	éducative
éduquer	éduquer
éduquées	éduquées
égale	égale
également	
égales	égales
égalité	égalité
égalé	égalé
égalés	égalés
égide	égide
éjecter	éjecter
élaboration	élaboration
élabore	élabore
élaborent	élaborent
élaborer	élaborer
élan	élan
élargi	élargi
élargie	élargie
élargir	élargir
élastiques	élastiques
élastographie	élastographie
élastomère	élastomère
élection	élection
électricité	électricité
électrification	électrification
électrique	électrique
électrique1er	électrique1er
électriquement	électriquement
électriques	électriques
électrochimie	électrochimie
électrode	électrode
électrodes	électrodes
électroluminescente	électroluminescente
électroluminescentes	électroluminescentes
électrolyseur	électrolyseur
électromagnétique	électromagnétique
électromagnétiques	électromagnétiques
électromagnétisme	électromagnétisme
électromécaniques	électromécaniques
électroménager	électroménager
électron	électron
électronique	électronique
électroniquemicro	électroniquemicro
électroniques	électroniques
électrons	électrons
électronucléaire	électronucléaire
élevage	élevage
élevages	élevages
élevant	élevant
éleveurs	éleveurs
élevé	élevé
élevée	élevée
élevéeaméliorer	élevéeaméliorer
élevées	élevées
élevés	élevés
élimination	élimination
éliminer	éliminer
éliminé	éliminé
élite	élite
élites	élites
élitiste	élitiste
éloignent	éloignent
éloigné	éloigné
éloignés	éloignés
élu	élu
élucider	élucider
élus	élus
élève	élève
élèvent	élèvent
élèves	élèves
élégance	élégance
élégant	élégant
élément	élément
élémentaire	élémentaire
élémentaires	élémentaires
éléments	éléments
éléphants	éléphants
élévation	élévation
émanation	émanation
émerge	émerge
émergence	émergence
émergent	émergent
émergente	émergente
émergentes	émergentes
émergents	émergents
émerger	émerger
émergé	émergé
émergées	émergées
émet	émet
émettant	émettant
émettent	émettent
émetteur	émetteur
émetteurs	émetteurs
émettre	émettre
émeutes	émeutes
émis	émis
émise	émise
émises	émises
émission	émission
émissions	émissions
émotion	émotion
émotionnel	émotionnel
émotionnelle	émotionnelle
émotions	émotions
émotionvircopal	émotionvircopal
émulation	émulation
émulsionne	émulsionne
émérite	émérite
émérites	émérites
énergie	énergie
énergiemicroalgues	énergiemicroalgues
énergies	énergies
énergiesphysique	énergiesphysique
énergieune	énergieune
énergivores	énergivores
énergétique	énergétique
énergétiques	énergétiques
énorme	énorme
énormes	énormes
énormément	énormément
énumère	énumère
éolien	éolien
éolienne	éolienne
éoliennes	éoliennes
épaisseur	épaisseur
épave	épave
épaves	épaves
éphémère	éphémère
épidémies	épidémies
épidémiologie	épidémiologie
épidémiologique	épidémiologique
épigénétique	épigénétique
épilepsie	épilepsie
épileptiques	épileptiques
épingle	épingle
épinière	épinière
épisode	épisode
épisodes	épisodes
épitaxie	épitaxie
épithéliales	épithéliales
époque	époque
époxy	époxy
époxyde	époxyde
épreuve	épreuve
épreuves	épreuves
épuisement	épuisement
épuration	épuration
équateur	équateur
équation	équation
équations	équations
équatorial	équatorial
équatoriale	équatoriale
équestres	équestres
équilibre	équilibre
équilibré	équilibré
équilibrés	équilibrés
équine	équine
équipage	équipage
équipe	équipe
équipement	équipement
équipements	équipements
équipent	équipent
équiper	équiper
équipes	équipes
équipé	équipé
équipée	équipée
équipés	équipés
équitation	équitation
équivalent	équivalent
équivalente	équivalente
équivalents	équivalents
érosion	érosion
éruptions	éruptions
établi	établi
établie	établie
établir	établir
établis	établis
établissaient	établissaient
établissant	établissant
établissement	établissement
établissements	établissements
établissent	établissent
établit	établit
étage	étage
étages	étages
étaient	étaient
étais	étais
était	était
étalant	étalant
étalon	étalon
étalonnage	étalonnage
étalés	étalés
étanche	étanche
étanchéité	étanchéité
étant	
étape	étape
étapes	étapes
état	état
états	états
éteindre	éteindre
étendant	étendant
étendent	étendent
étendre	étendre
étendu	étendu
étendue	étendue
étendues	étendues
éternelle	éternelle
éternité	éternité
éthanol	éthanol
éthique	éthique
éthiques	éthiques
étions	étions
étiquettes	étiquettes
étoffe	étoffe
étoile	étoile
étoiles	étoiles
étoileslancement	étoileslancement
étoilé	étoilé
étonnant	étonnant
étonnante	étonnante
étonnantes	étonnantes
étonne	étonne
étonnement	étonnement
étonnera	étonnera
étrange	étrange
étranger	étranger
étrangers	étrangers
étranges	étranges
étrangère	étrangère
étrangères	étrangères
étroit	étroit
étroite	étroite
étroitement	étroitement
étroits	étroits
étude	étude
études	études
étudiant	étudiant
étudiantes	étudiantes
étudiants	étudiants
étudie	étudie
étudier	étudier
étudié	étudié
étudiée	étudiée
étuver	étuver
été	
évacuation	évacuation
évacuer	évacuer
évaluation	évaluation
évaluations	évaluations
évaluer	évaluer
évalué	évalué
évaluée	évaluée
évaporation	évaporation
évapotranspiration	évapotranspiration
éventail	éventail
éventuel	éventuel
éventuelle	éventuelle
éventuellement	éventuellement
éventuels	éventuels
évidemment	évidemment
évidence	évidence
évident	évident
évitant	évitant
évite	évite
éviter	éviter
évocateur	évocateur
évocation	évocation
évoluant	évoluant
évolue	évolue
évoluent	évoluent
évoluer	évoluer
évolutif	évolutif
évolution	évolution
évolutions	évolutions
évolutive	évolutive
évoluton	évoluton
évolué	évolué
évolués	évolués
évoquant	évoquant
évoque	évoque
évoquer	évoquer
évoqueront	évoqueront
évoqué	évoqué
évoquée	évoquée
évoquées	évoquées
évoqués	évoqués
évènements	évènements
événement	événement
événementielle	événementielle
événements	événements
êtes	êtes
être	
êtres	êtres
île	île
îles	îles
îlots	îlots
œil	œil
