token	freq	docs
son	712	67068,67383,67385,67389,67391,67392,67553,67554,67555,67556,67558,67794,67795,67796,67800,67801,67802,67937,67939,67944,67946,68273,68274,68276,68278,68279,68280,68281,68383,68384,68385,68386,68387,68388,68389,68390,68391,68392,68393,68638,68640,68642,68643,68644,68645,68646,68881,68882,68883,68885,68887,68888,69177,69178,69179,69180,69181,69183,69184,69186,69533,69534,69536,69537,69539,69540,69811,69812,69813,69815,69816,69817,69819,69820,69821,70161,70162,70163,70165,70166,70167,70168,70169,70170,70420,70421,70422,70423,70424,70425,70426,70428,70429,70743,70744,70745,70746,70747,70748,70749,70753,70914,70915,70916,70917,70919,70923,71357,71358,71359,71361,71362,71363,71612,71614,71615,71616,71617,71620,71621,71835,71836,71837,71838,71840,71842,71843,71845,72113,72114,72115,72116,72119,72392,72394,72395,72396,72398,72400,72401,72629,72630,72631,72632,72633,72634,72635,72636,72637,72932,72933,72934,72935,72936,72938,72939,72940,73182,73183,73184,73185,73188,73190,73430,73431,73432,73435,73436,73437,73438,73683,73684,73685,73686,73689,73875,73876,73877,73878,73879,73880,73882,73883,74167,74168,74169,74170,74172,74174,74175,74449,74450,74451,74453,74454,74455,74744,74745,74746,74747,74748,74749,74750,74751,74752,75063,75064,75065,75066,75068,75069,75070,75071,75457,75458,75459,75460,75461,75462,75464,75466,75788,75789,75790,75792,75793,75794,76206,76207,76208,76209,76210,76211,76213,76507,76508,76509,76510,76511,76512,76513,76515,76516
pouvoir	565	67068,67383,67385,67387,67388,67389,67390,67391,67553,67554,67555,67556,67558,67794,67798,67800,67801,67802,67937,67938,67939,67941,67942,67943,68273,68274,68275,68279,68280,68281,68383,68385,68387,68388,68389,68390,68391,68638,68641,68643,68644,68645,68881,68882,68883,68885,68886,68887,69177,69178,69179,69181,69182,69183,69184,69533,69534,69535,69536,69537,69539,69540,69541,69811,69812,69813,69815,69816,69817,69818,69819,69820,69821,70161,70162,70163,70164,70165,70166,70167,70420,70421,70422,70424,70425,70743,70744,70745,70746,70747,70748,70749,70914,70915,70916,70917,70918,70919,70922,70923,71357,71358,71359,71360,71617,71618,71835,71836,71837,71841,71842,71843,72113,72114,72115,72116,72119,72392,72393,72394,72395,72396,72398,72400,72629,72631,72632,72634,72635,72636,72932,72933,72934,72935,72939,73182,73183,73184,73185,73186,73187,73188,73189,73190,73430,73431,73432,73434,73435,73437,73683,73684,73685,73686,73688,73689,73876,73877,73878,73879,73880,74167,74168,74169,74170,74171,74172,74173,74449,74450,74457,74744,74745,74746,74747,74748,74749,74750,74752,75063,75064,75066,75067,75069,75458,75459,75460,75461,75463,75464,75788,75789,75790,75791,75792,75793,75794,76206,76207,76208,76210,76507,76508,76509,76510,76511,76516
nous	458	67068,67383,67553,67555,67794,67795,67798,67799,67937,67938,67939,68273,68274,68275,68276,68279,68281,68283,68383,68387,68638,68643,68881,68882,68885,68887,69177,69533,69534,69812,69817,69821,70161,70165,70166,70420,70421,70422,70745,70749,70914,70915,70916,70921,70923,71357,71358,71359,71612,71614,71617,71621,71835,71836,71842,72113,72114,72115,72392,72393,72394,72396,72398,72629,72630,72631,72634,72933,72940,73182,73184,73431,73432,73434,73683,73684,73685,73875,73876,73877,73879,74167,74168,74169,74449,74450,74451,74455,74457,74744,74745,74749,75063,75064,75065,75066,75069,75457,75458,75459,75461,75462,75788,75789,75790,75792,75793,76206,76207,76209,76213,76507,76508,76511
être	445	67068,67387,67388,67389,67392,67553,67554,67555,67558,67794,67795,67798,67801,67803,67804,67937,67938,67939,67940,67941,67942,67944,67945,67946,68273,68274,68276,68279,68387,68389,68390,68393,68638,68640,68641,68642,68645,68881,68883,68885,69177,69179,69180,69181,69184,69534,69536,69538,69539,69540,69541,69542,69543,69811,69812,69813,69817,69819,69821,70161,70162,70163,70164,70166,70168,70170,70420,70421,70422,70424,70425,70426,70428,70749,70751,70914,70916,70917,70921,70923,71357,71358,71359,71362,71363,71614,71615,71616,71617,71621,71835,71837,71840,71842,71843,71845,72113,72114,72115,72116,72119,72120,72121,72122,72392,72393,72394,72395,72397,72399,72400,72629,72630,72631,72634,72636,72637,72932,72933,72934,72936,72937,72939,73182,73183,73185,73186,73189,73190,73430,73432,73434,73683,73684,73685,73686,73876,73877,73878,73880,73881,73882,73883,73884,74167,74168,74176,74449,74450,74452,74453,74454,74457,74744,74746,74748,74749,74751,74752,75064,75065,75066,75068,75069,75457,75458,75461,75462,75463,75788,75789,75790,75792,75793,75794,75795,75797,76206,76207,76208,76209,76210,76211,76507,76508,76511,76513,76514,76515,76516
tout	416	67071,67383,67386,67388,67391,67553,67554,67555,67558,67794,67795,67796,67801,67937,67938,67939,67940,67943,68274,68276,68279,68280,68383,68386,68387,68392,68393,68638,68643,68645,68881,68882,68885,68886,68889,69177,69179,69180,69185,69186,69533,69534,69538,69539,69540,69541,69543,69811,69812,69814,69817,69819,69821,70161,70162,70163,70165,70166,70169,70170,70420,70421,70422,70424,70425,70428,70743,70745,70749,70753,70914,70915,70916,70917,70921,70923,71357,71359,71362,71366,71612,71614,71617,71618,71619,71621,71835,71836,71837,71838,71839,71842,72113,72115,72116,72119,72392,72393,72394,72395,72396,72398,72400,72401,72629,72630,72631,72634,72636,72932,72933,72934,72935,72937,72939,72940,73182,73183,73184,73185,73188,73430,73431,73432,73434,73435,73437,73683,73684,73685,73689,73875,73876,73877,73879,73880,73881,73882,74167,74168,74169,74172,74449,74450,74453,74454,74455,74456,74744,74745,74748,74749,74750,74751,74752,75063,75064,75065,75066,75067,75069,75457,75458,75459,75461,75462,75463,75466,75788,75789,75790,75791,75792,75793,75794,75795,76206,76207,76208,76209,76211,76213,76507,76508,76509,76510,76511,76513,76515
projet	414	67383,67385,67386,67388,67553,67555,67557,67798,67799,67939,67940,67942,67943,67945,68275,68276,68277,68279,68281,68383,68385,68387,68392,68393,68641,68642,68645,68883,68884,68885,69177,69178,69179,69180,69534,69537,69538,69541,69811,69813,69814,69815,69816,69817,69818,70161,70162,70163,70164,70166,70168,70420,70421,70428,70743,70745,70749,70914,70916,70918,70921,70923,71357,71358,71359,71360,71363,71612,71614,71619,71835,71842,72114,72116,72118,72121,72392,72394,72395,72400,72631,72633,72634,72933,72936,72937,72939,73183,73185,73186,73190,73430,73432,73433,73438,73683,73684,73685,73687,73691,73875,73876,73879,74169,74172,74176,74449,74450,74455,74746,74748,74749,74751,74752,75063,75064,75065,75066,75067,75068,75069,75457,75458,75460,75461,75463,75465,75789,75790,75792,75793,75794,76208,76211,76212,76507,76508,76509,76511,76512,76513
avoir	412	67068,67383,67387,67553,67555,67795,67798,67799,67800,67801,67937,67938,67939,67940,68273,68274,68276,68277,68279,68280,68281,68383,68387,68389,68390,68391,68638,68640,68641,68645,68881,68882,68887,68888,68889,69177,69179,69183,69184,69533,69534,69535,69537,69539,69540,69542,69811,69812,69818,69819,69821,70161,70162,70163,70166,70167,70169,70421,70422,70423,70425,70743,70744,70749,70751,70914,70915,70916,70917,70921,70923,71357,71358,71359,71612,71614,71621,71835,71836,71840,71841,71842,71843,72113,72114,72115,72122,72393,72394,72395,72396,72397,72629,72630,72631,72632,72633,72634,72636,72932,72933,72935,72936,72940,73182,73183,73184,73185,73430,73431,73432,73434,73435,73437,73683,73684,73685,73688,73689,73875,73877,73879,74167,74168,74169,74170,74171,74172,74449,74450,74451,74454,74455,74457,74744,74745,74747,74748,74749,74750,75063,75064,75065,75066,75069,75457,75458,75459,75461,75462,75463,75466,75789,75792,75793,75794,76206,76207,76208,76210,76211,76213,76507,76508,76509,76510,76511,76513
chercheur	386	67068,67071,67383,67386,67389,67390,67391,67554,67555,67556,67557,67558,67800,67801,67802,67937,67938,67939,67940,67942,67945,67946,68275,68276,68278,68280,68385,68387,68388,68389,68390,68391,68641,68643,68644,68645,68646,68882,68886,68887,69178,69181,69182,69183,69184,69533,69534,69537,69539,69540,69811,69812,69814,69815,69816,69817,69819,69821,70163,70164,70167,70420,70421,70422,70423,70424,70425,70426,70428,70743,70744,70745,70746,70747,70748,70749,70753,70914,70916,70917,70919,70922,71612,71615,71618,71835,71837,71841,71842,71843,72113,72115,72116,72119,72121,72392,72393,72394,72397,72401,72630,72631,72632,72635,72932,72933,72934,72938,72939,72940,73183,73184,73186,73188,73189,73431,73432,73433,73434,73435,73436,73688,73877,73878,73881,74168,74170,74172,74173,74174,74449,74452,74457,74750,74752,75065,75067,75068,75069,75070,75458,75459,75462,75463,75464,75788,75790,75791,75792,75794,76206,76210,76213,76512,76513,76515
premier	384	67068,67071,67383,67385,67387,67388,67389,67391,67553,67554,67555,67557,67558,67794,67795,67796,67798,67800,67802,67937,67938,67939,67940,67942,67943,68275,68277,68278,68279,68281,68383,68389,68392,68639,68641,68642,68643,68881,68882,68883,68885,68887,68888,69177,69178,69179,69185,69533,69534,69535,69539,69540,69542,69543,69811,69812,69813,69817,69818,69819,69820,70161,70163,70165,70167,70169,70170,70420,70421,70422,70424,70426,70743,70745,70747,70748,70752,70914,70915,70916,70917,70918,70919,70920,70921,70922,71357,71358,71359,71360,71361,71614,71616,71617,71836,71837,71842,72113,72114,72115,72116,72121,72122,72392,72394,72395,72396,72397,72398,72629,72630,72632,72633,72634,72635,72933,72935,72938,72939,72940,73182,73184,73185,73186,73190,73430,73431,73433,73434,73435,73438,73683,73684,73685,73686,73688,73877,73879,73881,73884,74168,74169,74171,74173,74175,74176,74449,74450,74451,74453,74454,74456,74744,74745,74746,74747,74748,74751,74752,75064,75065,75066,75067,75070,75457,75458,75460,75461,75462,75788,75790,75792,75793,75794,75795,75796,76208,76209,76507,76508,76509,76510,76511,76512,76514,76515,76516
permettre	384	67068,67071,67383,67385,67386,67387,67388,67389,67390,67391,67553,67554,67555,67556,67558,67795,67797,67798,67800,67801,67802,67937,67939,67941,68273,68274,68275,68277,68279,68280,68281,68387,68388,68389,68390,68391,68638,68641,68643,68646,68882,68883,68884,68885,68886,68887,69177,69178,69179,69180,69182,69183,69184,69533,69534,69535,69537,69539,69811,69812,69813,69814,69816,69817,70161,70162,70163,70165,70166,70169,70420,70421,70423,70425,70426,70428,70429,70743,70744,70745,70746,70747,70749,70914,70916,70917,70918,70919,70921,71357,71358,71359,71360,71361,71362,71366,71612,71614,71617,71618,71835,71836,71837,71840,71841,71842,72113,72116,72117,72118,72119,72392,72394,72395,72396,72397,72398,72629,72630,72631,72632,72633,72634,72635,72636,72934,72935,72936,72939,73182,73184,73185,73186,73188,73189,73190,73430,73431,73432,73434,73435,73436,73683,73684,73685,73689,73691,73875,73876,73878,73879,73880,74167,74168,74169,74170,74171,74172,74449,74451,74453,74455,74457,74746,74747,74749,74750,75063,75064,75065,75067,75068,75069,75070,75071,75457,75461,75462,75464,75788,75789,75791,75792,75794,75795,75796,76206,76207,76210,76211,76212,76213,76507,76508,76510,76511,76512
pas	369	67068,67383,67386,67388,67391,67553,67555,67794,67795,67798,67801,67937,67938,67940,67941,67943,68273,68274,68276,68383,68389,68390,68638,68643,68644,68881,68882,68885,68887,69177,69178,69183,69184,69533,69534,69535,69537,69539,69540,69813,69819,69821,70161,70166,70420,70421,70422,70423,70744,70745,70749,70914,70915,70916,70917,70921,70923,71357,71359,71612,71614,71617,71620,71835,71837,71840,71842,72113,72114,72115,72119,72392,72393,72394,72396,72629,72630,72631,72632,72634,72635,72636,72932,72933,72934,72935,72937,72939,72940,73182,73183,73185,73430,73431,73432,73434,73683,73684,73685,73687,73688,73875,73876,73877,73879,74167,74168,74169,74172,74173,74176,74449,74450,74451,74453,74454,74455,74457,74744,74745,74749,74752,75063,75457,75458,75459,75789,75790,75792,75793,75794,76206,76207,76209,76210,76213,76507,76508,76511,76515
faire	368	67068,67071,67383,67388,67389,67391,67553,67554,67555,67557,67794,67795,67804,67937,67938,67939,67940,67941,67942,68273,68274,68275,68279,68383,68385,68387,68388,68390,68391,68392,68638,68640,68643,68644,68881,68882,68883,68884,68886,68887,69178,69184,69185,69539,69540,69813,69814,69815,69816,69817,69821,70161,70162,70163,70165,70166,70167,70421,70422,70423,70424,70429,70744,70745,70747,70914,70915,70917,70919,70921,70922,70923,71357,71358,71359,71363,71366,71612,71614,71617,71621,71835,71836,71837,71839,71842,71843,72113,72114,72115,72117,72392,72393,72394,72396,72397,72399,72629,72630,72631,72634,72635,72932,72933,72934,72939,72940,73182,73183,73184,73185,73187,73430,73431,73432,73434,73435,73436,73683,73684,73685,73688,73875,73876,73877,73878,73879,73880,73883,73884,74167,74168,74169,74173,74174,74175,74176,74449,74455,74457,74744,74745,74747,74748,74749,74752,75063,75065,75066,75070,75071,75457,75458,75459,75461,75464,75788,75789,75790,75791,75792,75793,75796,76206,76207,76209,76213,76507,76511,76513
entreprise	359	67068,67383,67385,67553,67561,67795,67796,67938,67945,67946,68273,68274,68277,68278,68279,68383,68384,68387,68392,68393,68643,68646,68884,69535,69541,69815,69818,70161,70165,70166,70168,70169,70421,70422,70753,70914,71357,71359,71360,71614,71616,71619,71839,71840,71841,71842,71845,72113,72114,72117,72118,72121,72394,72395,72396,72400,72629,72630,72633,72634,72933,72935,72937,72938,72939,73182,73184,73185,73187,73190,73430,73434,73435,73438,73685,73686,73687,73689,73691,73875,73876,73878,73879,73884,74167,74171,74172,74175,74176,74450,74451,74453,74454,74455,74744,74746,74747,74748,74749,74752,75063,75065,75066,75067,75068,75069,75071,75457,75458,75464,75465,75466,75792,75793,76207,76208,76211,76212,76213,76507,76508,76509,76510,76511,76513
nouveau	325	67068,67071,67385,67389,67555,67556,67557,67558,67795,67796,67802,67804,67937,67938,67942,67945,68274,68276,68278,68279,68280,68387,68390,68391,68393,68638,68639,68640,68643,68644,68645,68646,68881,68882,68883,68885,68887,69177,69178,69179,69180,69181,69183,69184,69533,69534,69538,69539,69813,69814,69815,69816,70164,70169,70420,70422,70423,70426,70429,70745,70746,70748,70751,70752,70914,70916,70918,70919,70921,70923,71357,71358,71359,71361,71362,71612,71614,71615,71616,71618,71619,71835,71836,71837,71838,71840,71841,72113,72116,72118,72120,72122,72392,72393,72395,72396,72398,72399,72629,72630,72631,72632,72634,72637,72933,72934,72935,72938,73182,73183,73184,73185,73187,73188,73189,73431,73432,73433,73434,73683,73684,73685,73686,73687,73875,73876,73877,73878,73879,73880,74167,74168,74169,74170,74171,74174,74175,74176,74449,74451,74452,74453,74454,74455,74456,74744,74745,74746,74747,74748,74749,74750,74751,74752,75063,75065,75066,75067,75068,75069,75070,75458,75459,75461,75463,75789,75792,75793,75796,76209,76210,76211,76213,76512,76513,76514
innovation	320	67068,67071,67383,67385,67386,67387,67556,67557,67561,67795,67796,67797,67938,67940,67941,67942,67946,68273,68274,68276,68277,68278,68279,68383,68384,68385,68386,68393,68639,68640,68641,68642,68882,68883,68884,68885,69180,69181,69533,69535,69536,69537,69538,69543,69814,69815,69816,69818,70161,70162,70163,70164,70165,70168,70420,70423,70424,70743,70744,70748,70751,70752,70753,70914,70917,70918,70919,70920,70921,71359,71360,71361,71363,71615,71616,71617,71620,71838,71839,71840,71841,72113,72120,72122,72392,72393,72395,72400,72630,72632,72633,72933,72934,72935,72937,72938,73182,73186,73187,73190,73430,73433,73438,73686,73687,73689,73876,73879,73880,73882,73883,74167,74170,74171,74172,74176,74451,74452,74453,74454,74455,74456,74744,74747,74748,74750,74752,75065,75066,75068,75069,75071,75457,75460,75465,75466,75789,75790,75791,75797,76208,76209,76211,76212,76213,76507,76509,76510,76514
année	309	67068,67385,67387,67794,67795,67800,67801,67802,67803,67937,67939,67945,68274,68276,68281,68283,68383,68385,68387,68389,68391,68392,68638,68641,68646,68881,68882,68885,68887,68888,69177,69178,69179,69185,69533,69534,69536,69539,69542,69811,69815,69821,70161,70164,70167,70170,70421,70422,70423,70744,70915,70916,70917,70920,71357,71358,71359,71362,71612,71614,71618,71620,71621,71835,71836,71837,71840,71842,72113,72115,72119,72392,72393,72394,72395,72396,72398,72400,72629,72630,72631,72632,72932,72933,72937,72939,73182,73183,73184,73185,73430,73431,73432,73434,73435,73436,73683,73684,73685,73688,73875,73876,73877,73878,73880,73881,74167,74168,74169,74170,74171,74450,74452,74454,74455,74457,74744,74745,74746,74747,75063,75064,75065,75071,75457,75458,75459,75461,75462,75465,75466,75788,75789,75791,75792,75793,76206,76208,76209,76211,76507,76508,76509,76511,76512,76514
aller	305	67068,67383,67385,67387,67390,67554,67555,67558,67794,67795,67798,67800,67802,67937,67938,67939,67945,68273,68275,68276,68277,68279,68383,68638,68643,68646,68881,68882,68884,69178,69533,69534,69535,69539,69812,69813,69815,69817,70161,70162,70166,70168,70420,70421,70423,70424,70425,70744,70745,70748,70749,70916,70917,70923,71357,71358,71359,71360,71362,71612,71614,71835,71836,71837,71840,71842,71843,72114,72116,72392,72393,72394,72397,72629,72630,72631,72634,72635,72932,72933,72935,72938,73182,73183,73185,73189,73430,73431,73432,73434,73683,73684,73685,73686,73689,73875,73876,73877,73884,74167,74168,74170,74450,74451,74455,74744,74745,74746,74749,74751,74752,75063,75064,75065,75067,75069,75070,75457,75458,75459,75460,75461,75462,75788,75790,75792,75793,76206,76208,76209,76213,76510,76511,76515
lui	299	67387,67388,67389,67553,67554,67555,67557,67794,67795,67799,67801,67802,67937,67938,67939,68273,68274,68279,68383,68387,68389,68391,68643,68645,68646,68881,68882,68883,68885,68886,69177,69178,69179,69182,69183,69184,69185,69533,69535,69539,69540,69812,69813,69815,69816,69817,69819,69821,70161,70162,70163,70166,70169,70420,70421,70422,70423,70424,70745,70746,70749,70914,70915,70916,70918,71358,71359,71360,71361,71612,71614,71615,71616,71617,71620,71621,71836,71837,71840,71842,71843,72113,72114,72117,72118,72122,72394,72395,72397,72398,72400,72629,72630,72634,72636,72932,72933,72934,72935,72939,73182,73183,73184,73185,73187,73430,73431,73436,73683,73685,73686,73687,73688,73875,73876,73877,73878,73879,73882,74167,74168,74169,74171,74173,74449,74450,74451,74453,74455,74747,74749,74750,74751,74752,75064,75065,75069,75070,75457,75458,75459,75461,75462,75466,75789,75790,75794,75795,76207,76208,76209,76211,76213,76507,76508,76511
n	298	67068,67383,67386,67389,67391,67553,67554,67794,67795,67798,67801,67937,67938,67939,67941,67943,68273,68274,68276,68281,68383,68387,68390,68640,68642,68643,68644,68881,68882,68886,68887,69177,69178,69183,69184,69533,69534,69535,69537,69540,69811,69813,69819,70161,70166,70420,70421,70422,70743,70744,70745,70749,70914,70915,70916,70917,71357,71359,71612,71614,71618,71620,71835,71837,71840,71842,71843,72113,72114,72115,72117,72393,72394,72397,72629,72630,72631,72632,72634,72635,72636,72932,72933,72935,72939,72940,73182,73183,73185,73187,73189,73430,73431,73432,73434,73683,73684,73685,73687,73688,73876,73877,74167,74168,74169,74172,74173,74449,74450,74454,74455,74745,74746,74749,74751,75063,75065,75066,75070,75457,75458,75463,75789,75792,75793,75794,76206,76207,76209,76210,76213,76507,76508,76511,76515
alors	259	67068,67385,67389,67390,67553,67554,67555,67558,67794,67798,67801,67802,67937,67938,67939,67941,68274,68279,68387,68388,68390,68638,68643,68644,68645,68881,68882,68883,68884,68887,69177,69178,69181,69182,69183,69533,69534,69535,69536,69537,69539,69540,69811,69812,69819,70161,70166,70420,70421,70422,70423,70424,70426,70744,70747,70749,70916,70918,71357,71358,71359,71363,71612,71614,71617,71835,71837,71842,71843,72113,72115,72116,72117,72119,72394,72397,72629,72630,72631,72632,72633,72634,72636,72932,72934,72939,72940,73182,73183,73184,73185,73188,73430,73432,73434,73683,73684,73685,73688,73875,73876,73877,73882,74167,74168,74169,74449,74450,74454,74455,74744,74745,74751,75064,75065,75067,75069,75070,75457,75458,75459,75461,75462,75788,75789,75790,75791,75792,75793,75794,76206,76209,76213,76507,76508,76511
y	256	67068,67383,67389,67553,67554,67794,67795,67798,67937,67938,68274,68275,68276,68279,68383,68384,68386,68387,68393,68638,68643,68644,68882,68885,68887,69177,69178,69182,69183,69535,69537,69538,69812,69814,69817,69821,70161,70162,70163,70166,70421,70422,70424,70745,70915,70916,70917,70919,71358,71359,71362,71363,71612,71614,71621,71835,71837,71841,71842,72113,72114,72122,72393,72394,72395,72396,72401,72630,72631,72634,72636,72932,72933,72938,72939,73182,73183,73184,73185,73187,73188,73190,73430,73431,73432,73433,73434,73683,73684,73687,73688,73875,73876,73877,73882,74167,74168,74169,74172,74174,74450,74455,74744,74745,74746,74750,74752,75063,75064,75065,75066,75069,75070,75457,75458,75459,75461,75462,75466,75789,75790,75791,75792,75793,75794,76206,76207,76209,76210,76213,76507,76514
autre	253	67068,67071,67385,67386,67388,67389,67390,67553,67554,67555,67556,67794,67795,67798,67800,67801,67937,67938,67939,67942,68273,68274,68276,68277,68278,68279,68281,68383,68387,68390,68391,68639,68642,68646,68881,68883,68886,68887,68888,69177,69179,69183,69184,69533,69536,69539,69811,69813,69814,69816,69817,69818,69819,69820,70161,70162,70163,70164,70168,70420,70421,70424,70425,70746,70749,70752,70914,70917,71357,71358,71359,71363,71614,71617,71618,71835,71836,71837,71842,72113,72114,72115,72117,72392,72395,72396,72397,72401,72629,72630,72631,72633,72636,72932,72933,72937,72939,73182,73183,73184,73185,73186,73430,73432,73434,73436,73683,73684,73685,73687,73691,73876,73877,73879,74167,74168,74169,74173,74449,74453,74455,74744,74746,74747,74749,74750,75063,75065,75066,75068,75070,75457,75458,75459,75463,75788,75790,75792,75793,76206,76209,76210,76213,76507,76510,76511,76512,76516
grand	252	67068,67071,67383,67387,67388,67553,67554,67795,67796,67798,67937,67938,67939,67940,67943,67945,68273,68275,68276,68277,68279,68383,68389,68392,68638,68642,68643,68881,68882,68886,68888,69177,69178,69180,69181,69182,69534,69535,69540,69541,69543,69812,69814,69817,69820,70161,70163,70164,70166,70170,70420,70421,70422,70423,70424,70425,70426,70745,70746,70748,70752,70914,70917,70918,70922,71357,71358,71362,71363,71366,71612,71614,71617,71621,71835,71836,71837,71842,72113,72114,72115,72121,72392,72395,72397,72629,72630,72633,72634,72933,72936,72937,72939,72940,73182,73184,73185,73187,73430,73431,73432,73434,73683,73684,73687,73690,73875,73876,73877,73882,73883,73884,74167,74168,74169,74172,74175,74176,74450,74456,74745,74746,74752,75063,75066,75070,75071,75457,75458,75459,75788,75789,75792,75794,75795,75797,76211,76213,76511
ne	252	67068,67383,67386,67388,67389,67391,67553,67554,67555,67558,67794,67795,67798,67801,67802,67938,67939,67940,67941,67942,68273,68276,68383,68387,68389,68638,68643,68644,68881,68882,68883,68885,68887,69177,69183,69184,69533,69534,69535,69538,69539,69812,69813,69821,70161,70162,70166,70420,70421,70422,70423,70429,70744,70745,70747,70749,70915,70916,70917,70921,70923,71357,71614,71617,71618,71621,71835,71836,71841,71842,72113,72114,72115,72392,72394,72396,72629,72631,72634,72635,72636,72932,72933,72934,72937,72938,73182,73185,73430,73432,73433,73434,73436,73683,73684,73687,73875,73876,73877,73879,74167,74168,74169,74172,74173,74449,74450,74451,74453,74455,74457,74744,74745,74749,74750,74752,75063,75069,75457,75458,75459,75788,75789,75790,75792,76206,76209,76210,76213,76508,76509,76511
développement	245	67383,67391,67553,67554,67556,67557,67561,67794,67795,67798,67799,67800,67803,67937,67939,67940,67946,68273,68277,68279,68385,68389,68393,68638,68642,68881,68884,68885,69178,69179,69181,69185,69534,69535,69538,69539,69812,69814,69815,69817,69818,69821,70161,70162,70164,70165,70166,70169,70420,70421,70422,70429,70745,70749,70914,70917,70920,70921,71357,71359,71360,71363,71366,71614,71616,71619,71621,71835,71839,71840,71841,72113,72114,72115,72116,72117,72118,72394,72395,72396,72398,72400,72629,72633,72637,72934,72935,72936,72938,73183,73184,73185,73430,73431,73432,73434,73436,73683,73684,73685,73687,73875,73876,73877,74167,74168,74170,74172,74173,74175,74176,74450,74453,74454,74455,74457,74744,74745,74746,74749,74751,75063,75064,75065,75458,75459,75461,75463,75466,75788,75789,75792,75794,75795,75797,76207,76213,76508,76510,76511,76514
technologie	239	67068,67388,67390,67553,67554,67557,67796,67797,67945,68273,68276,68281,68283,68638,68640,68642,68881,68884,68885,69177,69179,69180,69534,69535,69811,69814,69815,70161,70168,70421,70422,70426,70429,70751,70753,70914,70915,70916,70918,70921,70923,71359,71612,71614,71619,71838,71839,71840,72113,72115,72116,72117,72118,72392,72393,72397,72399,72629,72630,72633,72934,72935,72938,73182,73184,73185,73190,73431,73432,73435,73436,73686,73691,73876,73878,73879,73884,74167,74168,74174,74451,74454,74456,74744,74745,74746,74747,75064,75065,75066,75067,75069,75457,75461,75462,75463,75789,75792,75795,75796,76207,76208,76209,76210,76213,76508
on	229	67068,67383,67387,67388,67391,67555,67558,67795,67798,67801,67937,67942,67945,68274,68276,68383,68387,68388,68390,68391,68638,68642,68646,69179,69535,69811,69815,69816,69817,69821,70166,70420,70421,70422,70424,70425,70743,70745,70746,70749,70917,71357,71359,71363,71614,71618,71621,71835,71837,71840,71841,71842,71843,72113,72115,72116,72119,72392,72393,72397,72629,72630,72631,72632,72635,72636,72932,72933,72934,72938,73182,73183,73185,73188,73190,73430,73431,73432,73434,73435,73683,73684,73687,73876,73877,73879,73880,73882,74167,74168,74169,74176,74450,74454,74457,74744,74746,74750,74752,75063,75457,75458,75459,75462,75789,75790,75792,76206,76209,76210,76507,76508,76509,76511,76512,76513,76514
industriel	213	67068,67383,67385,67386,67388,67392,67553,67554,67555,67557,67558,67798,67945,67946,68273,68274,68275,68276,68278,68280,68383,68390,68392,68393,68641,68642,68881,68882,68885,68888,69179,69534,69535,69541,69815,69817,69818,69819,70161,70166,70170,70420,70422,70426,70748,70749,70752,70753,70914,70915,70917,70921,70923,71358,71359,71360,71361,71362,71363,71614,71615,71839,71840,72113,72114,72116,72392,72393,72394,72396,72399,72629,72634,72933,72936,72937,72938,73183,73188,73190,73430,73432,73434,73436,73685,73875,73876,73879,73882,73884,74167,74168,74172,74174,74450,74455,74456,74744,74746,74747,75065,75068,75071,75457,75462,75464,75465,75790,75791,75792,75793,75794,75795,75796,76207,76211,76213,76508,76511,76514
an	205	67068,67383,67389,67391,67555,67557,67794,67795,67798,67799,67937,67939,67945,68274,68275,68279,68383,68384,68392,68393,68641,68643,68645,68646,68881,68888,69177,69186,69534,69536,69811,69812,69813,69817,70163,70164,70422,70426,70428,70743,70749,70914,70916,70923,71357,71358,71359,71360,71362,71366,71614,71836,71837,71840,71841,72113,72114,72118,72394,72395,72397,72398,72630,72636,72637,72932,72933,72939,73182,73184,73185,73430,73432,73433,73434,73437,73683,73684,73685,73875,73877,74167,74168,74169,74175,74449,74450,74451,74453,74454,74455,74744,74745,74746,74749,74751,74752,75063,75065,75066,75068,75071,75457,75458,75459,75789,75790,75792,75793,76207,76208,76213,76507,76509,76511,76512
équipe	203	67068,67383,67385,67554,67555,67556,67557,67799,67801,67802,67937,67939,67940,67944,67945,68279,68280,68281,68283,68384,68385,68387,68388,68390,68391,68392,68639,68640,68643,68646,68881,68883,68887,69177,69183,69533,69534,69536,69537,69539,69541,69812,69813,69819,70161,70162,70166,70167,70421,70423,70743,70745,70914,70915,70917,70919,70921,70922,71357,71358,71359,71612,71615,71835,71837,71843,72115,72116,72117,72118,72392,72396,72629,72631,72634,72934,72937,73184,73186,73188,73189,73430,73432,73436,73683,73688,73689,73875,73876,73877,74167,74168,74170,74171,74172,74173,74176,74450,74453,74454,74455,74744,74745,74749,75063,75064,75065,75067,75069,75459,75460,75788,75789,75790,75791,75792,75793,76206,76210,76211,76212,76507
développer	191	67068,67386,67388,67389,67553,67554,67557,67795,67796,67798,67801,67937,67938,67939,67942,67945,68274,68276,68277,68278,68279,68384,68387,68391,68392,68639,68641,68642,68645,68881,68884,68886,69177,69178,69179,69182,69534,69537,69811,69812,69813,69815,69817,69819,69820,70162,70165,70168,70420,70421,70426,70748,70753,70918,70921,71357,71358,71359,71360,71612,71614,71615,71616,71621,71835,71838,71840,71842,72113,72115,72116,72121,72392,72394,72396,72399,72630,72631,72637,72935,73183,73184,73185,73190,73430,73434,73435,73436,73685,73686,73689,73877,73878,73879,74167,74171,74172,74176,74450,74451,74455,74745,74747,74749,75063,75065,75067,75068,75069,75458,75461,75462,75465,75788,75789,75793,76207,76208,76211,76212,76507,76508,76509,76510,76511,76512
france	190	67071,67383,67388,67553,67795,67799,67802,67804,67937,67938,67939,67944,68273,68274,68275,68276,68279,68281,68383,68638,68642,68645,68646,68885,68888,69179,69181,69182,69185,69534,69535,69542,69543,69816,70161,70164,70165,70422,70424,70745,70752,70753,70914,70915,70916,70917,71357,71358,71366,71612,71614,71616,71835,71836,71838,71841,71842,71845,72113,72392,72393,72399,72629,72630,72632,72636,72637,72933,73182,73185,73187,73431,73434,73435,73683,73684,73687,73689,73875,73882,74167,74168,74173,74450,74452,74453,74454,74456,74746,74749,75064,75065,75066,75069,75457,75458,75459,75792,75796,76206,76207,76208,76209,76213,76507,76510,76513,76515
notre	187	67068,67071,67383,67386,67389,67553,67554,67794,67795,67937,67938,67939,68273,68275,68383,68387,68643,68881,69534,69811,69812,69813,70161,70166,70420,70421,70422,70429,70745,70746,70749,70753,70914,70915,70921,71358,71359,71614,71617,71835,71836,71842,72113,72114,72392,72394,72396,72398,72401,72629,72630,72933,72940,73184,73186,73430,73431,73432,73684,73685,73875,73876,73877,73879,74167,74168,74169,74172,74450,74455,74457,74744,74745,74749,74752,75065,75069,75070,75461,75462,75792,75794,76207,76208,76209,76213,76507,76511
système	181	67071,67383,67385,67387,67390,67556,67557,67796,67937,67939,67940,67945,68274,68276,68277,68279,68388,68393,68644,68881,68882,68883,68886,68887,69177,69179,69180,69533,69535,69538,69814,69817,69818,69820,70162,70163,70165,70168,70420,70421,70424,70425,70426,70744,70916,70919,70922,71358,71362,71363,71366,71620,71836,71838,71839,72116,72631,72633,72635,72637,72937,73185,73187,73189,73190,73434,73683,73686,73877,73879,74171,74453,74456,74746,74751,75064,75067,75071,75463,75788,75789,75791,75794,75796,76207,76213,76507,76511
celui-ci	176	67068,67388,67389,67556,67557,67798,67800,67804,67938,67941,68273,68274,68283,68383,68390,68391,68640,68642,68645,68881,68882,68884,68886,68888,69177,69178,69180,69182,69183,69184,69533,69534,69535,69538,69540,69811,69812,69814,69815,69821,70162,70163,70164,70165,70166,70420,70421,70425,70426,70744,70745,70749,70751,70753,70914,70916,70918,71357,71359,71360,71361,71363,71614,71615,71617,71621,71835,71837,71843,72113,72114,72117,72118,72121,72392,72397,72399,72629,72630,72631,72634,72932,72936,72939,73182,73184,73430,73431,73434,73436,73683,73684,73685,73687,73876,73877,73880,74167,74168,74169,74176,74449,74450,74451,74455,74744,74745,74746,74749,74750,74751,74752,75065,75066,75067,75069,75070,75458,75459,75461,75463,75465,75466,75792,75793,76207,76208,76210,76213,76507,76508,76511
depuis	176	67383,67385,67555,67794,67795,67800,67802,67937,67939,67945,68274,68275,68276,68279,68383,68384,68385,68387,68641,68643,68881,68882,68883,68885,69177,69186,69537,69539,69811,69812,69813,69814,69817,70161,70166,70167,70169,70420,70421,70428,70744,70745,70749,70914,70917,71359,71362,71366,71616,71617,71620,71621,71836,71837,71838,71840,72114,72115,72392,72394,72396,72629,72630,72631,72636,72932,72933,72934,72935,72939,73182,73183,73184,73431,73432,73434,73436,73683,73684,73685,73875,73876,73877,73879,73882,74167,74451,74454,74455,74457,74744,74745,74746,74747,74749,75457,75459,75462,75466,75791,75792,75793,76206,76211,76507,76509,76511,76512,76514
domaine	173	67068,67071,67383,67388,67390,67392,67553,67561,67795,67796,67799,67937,67940,67944,67946,68273,68275,68276,68279,68383,68384,68387,68392,68638,68639,68642,68643,68881,68882,68889,69177,69179,69536,69811,69812,69817,69818,69820,70161,70166,70168,70421,70423,70424,70426,70748,70914,70915,71358,71359,71361,71612,71614,71619,71837,72113,72114,72115,72116,72118,72121,72398,72400,72629,72633,72634,72932,72933,72937,72938,72939,73182,73184,73185,73190,73430,73432,73434,73437,73684,73685,73687,73691,73875,73876,73877,73878,73879,73881,73883,74167,74169,74174,74450,74451,74452,74455,74745,74746,74747,74748,74749,74750,75063,75066,75067,75459,75465,75466,75789,75790,75792,75793,75797,76208,76212,76508,76511,76514,76515
scientifique	172	67068,67071,67383,67387,67388,67555,67557,67794,67802,67803,67937,67939,67942,67943,68275,68277,68279,68383,68384,68386,68387,68638,68639,68642,68643,68884,69180,69184,69533,69534,69536,69811,69812,69813,69815,69816,69817,69820,70161,70420,70424,70749,70914,70916,70917,70919,71358,71359,71361,71363,71612,71614,71616,71620,71837,71839,72113,72114,72115,72121,72393,72394,72396,72398,72633,72634,72932,72934,72936,72939,72940,73183,73186,73434,73683,73685,73689,73690,73877,73880,73883,74168,74170,74449,74450,74453,74457,75063,75457,75459,75460,75462,75464,75789,75790,75793,76206,76213,76511,76512,76515
français	172	67068,67392,67553,67801,67938,67939,67943,68274,68276,68279,68283,68383,68638,68641,68881,68885,68888,69179,69180,69181,69533,69534,69535,69536,69537,69812,69814,69816,69817,69818,69821,70161,70163,70165,70420,70422,70424,70748,70751,70752,70753,70914,71357,71358,71359,71366,71612,71614,71615,71619,71835,71836,71838,71839,72113,72114,72392,72393,72396,72629,72633,72932,72933,72934,72935,72936,72938,73182,73186,73430,73431,73437,73683,73684,73687,73875,73880,74167,74452,74453,74455,74745,74746,74752,75069,75458,75460,75788,75792,76208,76209,76512
devoir	170	67071,67386,67387,67388,67391,67553,67794,67795,67798,67801,67937,67939,67941,67942,68274,68275,68276,68279,68383,68387,68389,68391,68638,68881,68884,68886,69177,69181,69183,69184,69185,69533,69538,69812,69813,69814,69817,70161,70162,70163,70164,70165,70421,70422,70425,70747,70916,70920,71358,71359,71362,71612,71614,71621,71835,71837,71840,71842,72114,72392,72394,72396,72399,72634,72637,72933,72935,72940,73185,73188,73430,73431,73432,73435,73683,73684,73688,73689,73880,74167,74169,74176,74449,74453,74457,74744,74745,75063,75065,75068,75069,75071,75458,75462,75463,75464,75466,75789,75792,75793,75794,75795,76208,76210,76211,76213,76507,76509,76511
produit	169	67068,67383,67388,67555,67557,67558,67794,67798,67799,67937,67939,67942,68273,68274,68278,68279,68385,68387,68390,68391,68641,68642,68881,68882,68885,68887,69177,69179,69181,69534,69538,69539,69811,69813,70162,70165,70166,70169,70421,70744,70919,70921,71359,71362,71616,71841,72113,72114,72393,72395,72396,72397,72629,72630,72633,72634,72933,72935,72939,73187,73435,73876,73877,73879,74167,74168,74450,74451,74455,74456,74744,74747,74748,74749,75068,75069,75792,75793,75797,76206,76207,76507,76508,76513,76514
université	169	67068,67071,67386,67389,67561,67799,67800,67937,67940,67944,67945,68275,68276,68277,68278,68384,68389,68392,68644,68881,68883,68884,68888,69178,69179,69180,69182,69183,69533,69536,69539,69540,69812,69814,69816,70161,70166,70422,70424,70748,70914,70920,70922,71360,71361,71362,71614,71616,71621,71841,71842,72114,72116,72117,72119,72121,72394,72631,72634,72932,72938,73182,73184,73185,73188,73189,73430,73431,73683,73685,73689,73876,73877,73878,73879,73881,74175,74746,74752,75063,75065,75067,75070,75457,75458,75460,75464,75788,75796,76206,76212,76509,76511
pôle	166	67388,67555,67561,67795,67798,67799,67946,68273,68277,68279,68387,68393,68638,68643,68884,68885,69534,69542,69812,69817,69818,70162,70166,70420,70421,70428,70745,70752,70915,70921,71358,71359,71360,71619,71839,71842,71845,72116,72394,72396,72631,72634,72938,73184,73431,73433,73434,73685,73687,73691,73875,73877,73879,74169,74172,74449,74453,74455,74746,74748,74749,75068,75069,75462,75465,75789,75792,75793,75795,75796,76209,76507,76508,76509,76511
certain	162	67068,67388,67389,67391,67392,67553,67556,67558,67794,67795,67798,67802,67937,67939,67943,68273,68279,68383,68385,68387,68638,68643,68881,68882,68887,69183,69184,69534,69813,69816,69820,69821,70161,70166,70420,70421,70422,70745,70746,70749,70914,70916,70919,70920,71357,71358,71359,71362,71612,71618,71621,71835,71836,71842,71843,72114,72392,72393,72631,72634,72636,72932,73182,73183,73184,73185,73190,73431,73432,73434,73436,73683,73685,73875,73876,73877,73879,74167,74169,74171,74449,74455,74457,74746,74752,75063,75067,75069,75458,75459,75460,75462,75466,75788,75789,75790,75793,75794,76207,76209,76507,76511
institut	162	67068,67388,67389,67390,67556,67561,67794,67799,67802,67940,67945,68273,68275,68276,68277,68283,68388,68391,68392,68638,68641,68646,68881,68885,68886,68887,69178,69180,69183,69186,69534,69539,69814,69819,70161,70167,70168,70424,70744,70745,70747,70748,70751,70753,70916,70919,70922,71357,71358,71360,71362,71612,71614,71615,71616,71620,71835,71840,72115,72121,72393,72396,72397,72398,72399,72634,72635,72932,72933,72939,73183,73189,73430,73436,73686,73687,73688,73876,73877,73881,73883,74168,74169,74173,74451,74452,74453,75064,75065,75068,75070,75458,75459,75463,75792,75794,76207,76211,76512
utiliser	160	67385,67386,67387,67388,67390,67554,67558,67796,67800,67937,67939,67941,67942,68280,68385,68388,68390,68638,68641,68642,68644,68645,68646,68881,68883,69177,69178,69181,69183,69186,69533,69534,69537,69539,69811,69812,69819,70162,70165,70166,70167,70420,70421,70423,70426,70429,70744,70747,70914,70916,70918,70922,71359,71612,71616,71617,71843,71845,72114,72115,72393,72397,72632,72634,72933,72934,73184,73188,73189,73434,73436,73683,73877,73878,74168,74450,74744,74745,74750,75065,75066,75067,75070,75788,75789,75791,75792,75794,76207,76208,76507,76511,76516
autant	159	67068,67383,67386,67388,67553,67557,67558,67794,67798,67801,67937,67939,68383,68389,68390,68391,68638,68883,69177,69181,69182,69183,69184,69537,69811,69812,69813,69816,69818,69820,70161,70169,70420,70422,70744,70745,70749,70914,70915,70916,71612,71614,71621,71835,71837,71840,71842,72113,72114,72116,72393,72401,72629,72631,72634,72636,72932,72933,72934,72935,72938,72940,73182,73183,73184,73185,73188,73430,73434,73683,73685,73687,73688,73875,73876,73877,73879,74167,74168,74169,74172,74175,74454,74457,74744,74745,74746,74749,74752,75063,75065,75066,75070,75457,75459,75461,75463,75464,75792,75793,75794,76209,76210,76213,76508,76509,76511
cadre	157	67385,67386,67388,67795,67799,67940,67942,68275,68277,68280,68383,68384,68385,68387,68393,68638,68643,68646,68882,68885,69177,69178,69179,69533,69535,69536,69537,69538,69541,69811,69812,69814,69816,69817,69818,70162,70164,70420,70421,70422,70424,70743,70745,70749,70753,70918,70921,71358,71359,71360,71362,71363,71612,71616,71841,72117,72394,72398,72629,72630,72631,72634,72934,72935,73182,73184,73186,73431,73432,73433,73435,73683,73684,73685,73687,73875,73876,73877,73879,73881,73883,74168,74171,74174,74449,74453,74454,74744,74746,74749,74750,74751,74752,75064,75068,75458,75459,75460,75464,75789,75790,75793,75794,76207,76209,76511,76513
encore	156	67068,67389,67391,67553,67554,67555,67557,67795,67798,67938,67940,67941,68274,68275,68283,68383,68387,68638,68639,68643,68646,68882,68887,68889,69178,69182,69186,69534,69540,69811,69813,69814,69816,70161,70163,70165,70166,70420,70421,70424,70744,70745,70749,71357,71358,71359,71360,71366,71612,71614,71615,71617,71836,71842,71843,72113,72392,72393,72397,72629,72632,72635,72636,72932,72935,72940,73182,73183,73185,73187,73189,73430,73434,73436,73683,73684,73685,73686,73687,73875,73879,73880,74169,74171,74449,74450,74454,74455,74745,74750,74751,75065,75067,75069,75071,75457,75458,75459,75463,75792,75796,75797,76208,76209,76213,76511
notamment	154	67071,67383,67385,67387,67553,67554,67556,67794,67798,67802,67937,67939,67940,67942,68273,68276,68383,68387,68644,68884,68887,69177,69180,69186,69533,69536,69542,69816,69821,70166,70420,70423,70424,70428,70743,70745,70748,70751,70914,70916,70917,70921,71358,71361,71612,71616,71836,71840,71841,71842,72113,72114,72115,72116,72122,72393,72396,72401,72629,72631,72937,73184,73185,73190,73431,73432,73434,73436,73683,73684,73685,73875,73876,73879,73881,74167,74173,74450,74452,74746,74749,74750,74752,75063,75064,75067,75069,75457,75458,75459,75463,75788,75789,75790,75792,75794,76207,76208,76209,76211,76507,76511,76512,76514
venir	153	67071,67556,67558,67796,67798,67799,67802,67939,67940,67942,67943,67944,67945,68274,68277,68280,68384,68385,68387,68388,68638,68641,68642,68643,68882,68883,68886,68887,69178,69183,69533,69535,69536,69542,69812,69814,69815,69816,69817,69821,70162,70163,70421,70422,70423,70424,70426,70429,70746,70753,70916,70917,70919,70920,70921,70922,70923,71360,71361,71362,71612,71616,71619,71621,71835,71837,71838,71839,71840,71842,72113,72117,72119,72393,72394,72630,72631,72632,72634,72934,72935,72940,73182,73186,73188,73189,73433,73683,73685,73686,73690,73875,73876,73877,73878,73882,74174,74450,74451,74452,74453,74455,74744,74749,74752,75070,75458,75796,76207,76213,76510,76511,76515
afin	152	67383,67386,67387,67389,67553,67557,67558,67794,67797,67940,68275,68279,68882,68884,68887,69177,69178,69181,69534,69538,69539,69540,69811,69813,69816,69819,70161,70162,70163,70166,70170,70421,70422,70425,70429,70749,70916,70920,70921,71359,71366,71612,71617,71619,71842,71845,72114,72115,72118,72119,72394,72397,72629,72630,72634,72635,72932,72933,72937,73183,73184,73186,73683,73684,73691,73876,73877,73880,73884,74168,74169,74170,74449,74450,74452,74454,74744,74747,74749,75063,75064,75065,75066,75068,75069,75070,75457,75458,75465,75788,75789,75790,75791,75792,75793,75794,76207,76209,76211,76213,76508
laboratoir	151	67068,67383,67385,67387,67391,67799,67937,67939,67945,68277,68278,68280,68385,68387,68388,68390,68639,68640,68641,68643,68644,68645,68881,68883,68885,68886,69178,69183,69184,69533,69534,69536,69540,69814,69819,70163,70421,70422,70425,70426,70743,70745,70914,70916,71361,71362,71612,71837,71838,71843,72115,72118,72121,72394,72630,72631,72634,72635,72938,72939,73182,73183,73184,73186,73188,73189,73431,73433,73434,73436,73683,73685,73876,74170,74173,74453,74750,74752,75063,75064,75066,75067,75459,75460,75463,75464,75789,75791,75793,75794,76208,76210,76511
il	149	67068,67385,67387,67390,67391,67554,67555,67556,67558,67794,67800,67801,67937,67939,67944,68274,68276,68280,68281,68383,68387,68388,68638,68641,68642,68643,68886,69178,69534,69539,69540,69813,69819,70165,70167,70420,70421,70422,70423,70424,70425,70745,70747,70922,71359,71614,71617,71621,71837,71841,71843,72114,72115,72116,72392,72396,72397,72630,72631,72632,72634,72934,72939,72940,73184,73185,73430,73434,73436,73685,73875,73877,73879,74168,74169,74173,74449,74454,74746,74750,74751,74752,75064,75069,75070,75457,75458,75459,75788,75790,75791,75792,75794,76209,76210,76509,76511,76513
européen	148	67554,67555,67557,67803,67804,67939,67943,67944,67945,68274,68277,68278,68281,68383,68385,68386,68642,68645,68884,69177,69178,69179,69181,69534,69538,69811,69812,69815,69817,69821,70163,70164,70420,70424,70751,70752,70914,70917,70920,70921,71358,71361,71617,71835,71838,71839,71841,72113,72114,72392,72393,72400,72629,72630,72636,72934,73430,73432,73434,73683,73880,73884,74167,74168,74169,74746,74749,75063,75064,75065,75069,75463,75466,75792,75797,76508
or	147	67383,67387,67388,67390,67553,67554,67556,67558,67794,67795,67798,67802,67937,67943,68273,68279,68281,68385,68389,68638,68641,68642,68643,68644,68884,68886,68887,69177,69533,69534,69538,69811,69818,69821,70161,70163,70167,70420,70421,70423,70425,70743,70745,70746,70747,70749,70914,70916,71359,71361,71612,71621,72113,72114,72115,72119,72396,72399,72629,72630,72631,72635,72636,72932,72934,72935,72939,73183,73184,73186,73189,73430,73431,73433,73684,73688,73877,73878,74169,74172,74173,74449,74452,74455,74745,75065,75069,75070,75457,75458,75460,75462,75788,75792,75794,76207,76507,76510
déjà	146	67385,67389,67553,67554,67555,67795,67798,67937,67938,68273,68279,68383,68388,68389,68390,68392,68643,68646,68881,69179,69181,69534,69538,69811,69813,69815,69816,69817,69819,70161,70162,70420,70421,70429,70743,70744,70745,70749,70914,70918,70919,70920,70921,71359,71362,71615,71618,71621,71836,71842,71843,72114,72115,72118,72392,72395,72629,72630,72631,72633,72634,72635,72932,72933,72935,73182,73184,73185,73430,73431,73432,73684,73685,73876,73880,74167,74168,74170,74449,74450,74451,74457,74745,74746,75063,75065,75067,75070,75458,75459,75788,75792,76206,76207,76209,76508,76509,76511,76512
particulier	145	67383,67389,67553,67555,67795,67800,67939,68273,68276,68383,68387,68388,68645,68881,68882,68885,68886,69177,69178,69184,69533,69534,69536,69811,69813,69814,69820,70161,70164,70169,70420,70421,70422,70745,70749,70916,71357,71358,71359,71360,71612,71614,71619,71621,71835,71836,71842,72113,72115,72116,72120,72393,72396,72399,72629,72634,72932,72934,72936,73182,73183,73184,73185,73430,73431,73432,73434,73437,73683,73684,73687,73691,73875,73876,73877,73878,74168,74169,74172,74450,74455,74744,74746,74750,74752,75069,75457,75458,75465,75788,75789,75792,75793,76206,76213,76507,76511,76516
traval	145	67068,67388,67389,67391,67556,67558,67802,67937,67940,68279,68280,68383,68388,68390,68393,68881,68882,68885,68886,69184,69534,69539,69540,69812,69813,69816,69819,70161,70167,70420,70421,70425,70426,70743,70745,70746,70922,70923,71362,71612,71837,71841,71843,72113,72115,72119,72392,72393,72394,72397,72398,72630,72631,72632,72932,72934,72939,73182,73184,73188,73189,73431,73432,73434,73435,73436,73685,73688,73690,73875,73876,73877,73878,73883,74168,74173,74453,74454,74744,74745,74750,74752,75063,75070,75458,75459,75464,75790,75794,76206,76207,76210,76213,76511,76512,76513,76516
international	142	67553,67794,67795,67799,67803,67937,67939,67942,67943,67944,67945,68273,68278,68283,68384,68387,68392,68638,68885,69177,69179,69180,69533,69542,69812,69813,69820,70161,70164,70170,70420,70422,70748,70749,70752,70914,70916,70921,71358,71362,71614,71619,71835,71837,71840,72113,72121,72122,72393,72396,72400,72629,72630,72932,72934,72936,72938,73184,73190,73431,73432,73438,73684,73687,73875,73878,73883,74167,74168,74176,74449,74745,75063,75064,75065,75071,75458,75466,75795,75796,76207,76208,76515,76516
environnement	140	67071,67385,67389,67794,67804,67938,68275,68281,68283,68387,68388,68643,68645,68881,68885,69177,69533,69535,69538,69811,69812,69813,69816,69818,70161,70163,70164,70165,70169,70170,70420,70421,70425,70429,70743,70745,70746,70915,70919,71357,71362,71363,71617,71621,71838,71842,72116,72392,72393,72398,72937,73188,73431,73432,73684,73687,73690,73875,73877,73879,73880,75064,75067,75070,75071,75458,75462,75463,75792,75795,76209,76210,76211,76511,76513,76514
réaliser	140	67385,67386,67387,67388,67390,67554,67555,67802,68279,68388,68389,68393,68640,68643,68881,68882,68883,68885,69178,69181,69182,69533,69534,69535,69536,69537,69539,69540,69812,69816,70161,70162,70163,70165,70166,70420,70422,70424,70428,70744,70747,70749,70751,70914,70915,70916,70917,70919,70923,71357,71360,71612,71614,71837,71838,71841,72113,72119,72395,72396,72629,72630,72631,72633,72634,72934,72939,73183,73186,73431,73432,73434,73435,73683,73684,73685,73686,73689,73876,73878,73879,74168,74170,74450,74451,74454,74746,74748,74751,74752,75070,75463,75788,75793,76208,76209,76211,76212,76507,76508,76513
centre	140	67387,67391,67555,67794,67795,67797,67798,67801,67802,67940,67943,67945,67946,68276,68277,68278,68384,68387,68393,68639,68644,68646,68884,68885,68888,68889,69177,69178,69181,69534,69537,69815,69816,69817,69818,70162,70164,70170,70421,70422,70423,70424,70428,70744,70746,70749,70751,70914,70916,70918,70921,71357,71358,71359,71363,71612,71618,71619,71621,71836,71839,71840,72115,72116,72119,72393,72630,72634,72932,72938,72939,73184,73432,73433,73435,73683,73685,73688,73689,73875,73882,73884,74168,74172,74449,74452,74744,74745,74752,75063,75064,75067,75068,75457,75460,75464,75790,75792,76206,76211,76515
résultat	139	67385,67388,67391,67555,67556,67558,67801,67802,67937,67942,68280,68387,68388,68389,68390,68885,68886,68887,69183,69184,69533,69535,69539,69540,69811,69816,69819,70167,70421,70428,70429,70746,70749,70751,70915,70917,70918,70919,70920,71357,71614,71617,71621,71837,71843,72114,72117,72392,72397,72629,72630,72631,72632,72633,72634,72635,72934,72939,73184,73188,73189,73431,73436,73684,73685,73688,74167,74168,74169,74173,74449,74450,74454,74748,74750,74752,75063,75065,75458,75459,75460,75463,75788,75794,76206,76208,76209,76210,76508,76511,76512
région	138	67391,67553,67794,67798,67939,67943,68275,68276,68279,68384,68387,68389,68391,68393,68638,68643,68885,69182,69537,69538,69543,69817,69818,70162,70166,70170,70421,70428,70743,70745,70915,70916,70921,71358,71360,71361,71614,71840,71842,72113,72114,72117,72118,72395,72396,72630,72933,72938,73183,73186,73190,73430,73431,73434,73435,73683,73684,73687,73877,73878,73884,74169,74171,74172,74176,74450,74455,74457,74748,74749,75066,75067,75068,75071,75458,75461,75463,75789,75792,76206,76507,76511,76512,76513,76515
important	138	67383,67387,67388,67391,67794,67795,67801,67937,67942,68276,68385,68387,68389,68638,68641,68643,68882,68885,68886,68887,69177,69181,69183,69184,69186,69534,69538,69811,69812,69813,69815,69817,69818,70161,70165,70169,70420,70421,70422,70424,70743,70746,70914,70915,70916,71357,71360,71614,71621,71835,71836,71837,71838,71840,72113,72114,72117,72392,72393,72396,72632,72634,72935,73182,73183,73185,73188,73431,73432,73684,73685,73688,73875,73876,73877,73878,74167,74168,74169,74449,74453,74454,74455,74745,74748,75067,75069,75070,75458,75459,75460,75463,75790,75793,75794,76211,76213
science	138	67071,67388,67555,67556,67557,67794,67795,67799,67937,68276,68280,68283,68386,68388,68390,68391,68638,68645,68882,68886,68889,69177,69179,69180,69184,69533,69534,69536,69813,69815,69819,70161,70422,70428,70749,70914,71358,71359,71612,71614,71616,71620,71835,71838,72113,72117,72393,72394,72398,72401,72630,72932,72939,73182,73183,73184,73189,73431,73434,73436,73683,73685,74169,74744,74748,75063,75064,75067,75458,75463,75465,75790,75791,75793,75795,76206,76210,76509,76515
monde	137	67383,67387,67391,67794,67795,67802,67937,67938,67939,68274,68276,68383,68392,68638,68640,68881,69179,69181,69534,69535,69537,69811,69813,69817,69820,70161,70420,70421,70422,70429,70743,70748,70914,70916,70920,70921,71357,71358,71359,71366,71612,71618,71621,71835,71837,71843,72113,72115,72116,72392,72396,72401,72629,72631,72635,72932,72933,72935,72939,73182,73183,73185,73430,73431,73432,73433,73436,73683,73878,73880,74167,74168,74169,74170,74176,74450,74454,74455,74744,74745,74752,75065,75068,75457,75459,75796,75797,76207,76211,76213,76507,76515
celui	137	67068,67071,67383,67385,67391,67554,67794,67795,67937,68273,68275,68276,68279,68280,68387,68389,68638,68643,68644,68885,68886,68887,69177,69185,69533,69536,69537,69539,69540,69811,69816,69817,69819,69820,69821,70164,70167,70168,70420,70421,70422,70424,70749,70914,70917,71357,71359,71835,72113,72114,72116,72118,72394,72397,72401,72630,72631,72633,72634,72932,72934,72937,73185,73186,73190,73430,73431,73432,73436,73683,73684,73687,73875,73876,73881,74167,74168,74171,74744,74746,74749,75063,75065,75067,75068,75069,75457,75459,75463,75789,76206,76209,76213,76509,76511
mettre	136	67068,67383,67386,67388,67389,67554,67795,67800,67937,67938,67939,68273,68276,68279,68281,68383,68391,68639,68882,68887,69183,69533,69536,69537,69538,69541,69811,69812,69813,69816,69818,70161,70162,70164,70166,70167,70420,70422,70425,70749,70753,70914,70919,70920,70922,70923,71357,71358,71363,71614,71617,71618,71621,71836,71838,72114,72116,72392,72395,72396,72397,72632,72634,72933,72934,72936,72939,73185,73430,73434,73435,73683,73876,74167,74169,74173,74450,74452,74455,74457,74745,74746,74748,74749,74750,75065,75067,75458,75459,75462,75464,75789,75790,75791,75792,75793,75794,75795,76207,76208,76210,76213,76508,76510
-	136	67391,67795,67938,67939,67940,68276,68279,68383,68388,68389,68390,68638,68642,68881,69177,69178,69185,69534,69818,70161,70166,70170,70420,70421,71615,71617,71621,71836,71842,72119,72393,72398,72400,72634,72932,72940,74750,75063,75066,75796,76210
dire	135	67068,67383,67388,67389,67391,67553,67554,67556,67558,67795,67799,67800,67937,67938,67939,67942,68279,68387,68388,68391,68643,68881,68882,68886,69178,69533,69535,69539,69814,70161,70162,70167,70420,70421,70424,70743,70749,71359,71615,71835,71837,72113,72115,72392,72400,72631,72632,72635,72934,72938,73182,73183,73184,73185,73431,73432,73683,73684,73687,73876,73877,73879,74167,74168,74169,74449,74454,74745,74749,74750,75064,75065,75067,75069,75070,75457,75458,75463,75789,75790,75792,75793,75794,76209,76210,76213,76508,76509,76511
marché	135	67383,67388,67553,67938,68273,68274,68279,68383,68392,68643,68881,69177,69179,69535,69818,70165,70749,70751,70753,70921,71357,71359,71360,71614,71616,71619,71840,72114,72115,72118,72122,72392,72395,72396,72629,72633,72634,72938,73435,73436,73683,73685,73876,73878,73884,74167,74169,74450,74451,74455,74745,74748,74749,75063,75065,75066,75067,75069,75070,75462,75795,76207,76209,76508,76511,76512,76514
ingénieur	134	67068,67071,67554,67795,67938,67939,67944,68273,68276,68383,68393,68645,68883,68886,68888,69181,69185,69541,70161,70426,70743,70748,70916,70923,71358,71361,71362,71612,71614,71615,72113,72115,72394,72398,72633,72634,72933,72936,73185,73430,73431,73434,73684,73685,73689,73879,73882,74170,74172,74174,74450,74455,74747,74749,74751,75063,75064,75068,75071,75457,76206,76212
même	132	67383,67386,67387,67388,67389,67553,67554,67558,67794,67800,67937,67938,67939,67941,68273,68276,68280,68643,68881,68883,68884,68886,68887,69184,69819,70161,70162,70165,70420,70421,70744,70745,70747,70915,70916,70919,70921,71358,71359,71362,71612,71614,71835,71842,71843,72113,72116,72392,72394,72629,72631,72634,72636,72932,73182,73183,73185,73430,73432,73434,73683,73684,73685,73689,73876,73877,73878,73880,74167,74168,74169,74170,74450,74454,74455,74457,74744,74745,74748,74750,74751,75064,75068,75458,75463,75789,75792,75795,76206,76208,76209,76210,76212,76511
formation	132	67555,67558,67795,67944,68276,68390,68392,68393,68885,68888,69177,69184,69185,69536,69542,69819,70161,70162,70163,70420,70421,70422,70748,70749,70916,71358,71361,71362,71617,71619,71842,72113,72114,72116,72393,72394,72398,72631,72636,72637,72938,73182,73437,73684,73687,73876,73883,73884,74167,74451,74751,75063,75064,75066,75068,75071,75457,75459,76211,76509,76514
lequel	131	67387,67389,67554,67555,67795,67802,67804,67937,67944,68279,68383,68388,68391,68638,68642,68643,68881,69533,69534,69535,69537,69541,69542,69811,69812,69817,69820,70161,70162,70165,70166,70420,70421,70422,70423,70751,70914,70915,70916,70922,70923,71357,71359,71362,71612,71615,71617,71620,71621,71835,71838,71839,72115,72119,72122,72392,72396,72397,72629,72631,72632,72634,72932,72933,72934,72937,72939,73182,73184,73430,73431,73434,73435,73684,73685,73877,73880,73884,74167,74168,74169,74170,74172,74173,74176,74454,74457,74744,75063,75064,75065,75066,75457,75458,75459,75789,75793,76207,76208,76210,76507,76511
leur	129	67387,67389,67391,67555,67561,67794,67798,67939,67940,68273,68274,68275,68277,68383,68384,68389,68391,68638,68645,68881,68886,69183,69186,69533,69534,69535,69536,69814,69816,70162,70163,70422,70746,70753,70921,71359,71614,71618,71619,71621,71836,71837,71841,72115,72116,72119,72122,72394,72395,72400,72401,72629,72630,72631,72632,72933,72939,72940,73182,73183,73430,73431,73434,73683,73685,73691,73875,73877,74167,74169,74174,74450,74456,74750,74751,75067,75069,75070,75457,75458,75459,75461,75463,75465,75792,75796,75797,76212,76508,76509,76513
étude	127	67389,67555,67556,67798,67937,67939,67942,68276,68277,68281,68387,68388,68389,68638,68643,68646,68885,68886,69178,69179,69181,69185,69186,69536,69537,69812,69816,70165,70422,70745,70751,70920,71366,71612,71841,72113,72115,72117,72393,72633,72634,72935,72938,73183,73184,73185,73186,73431,73433,73683,73685,73686,73877,73879,74169,74454,74748,75064,75065,75457,75458,75459,75463,75464,75789,75793,75794,76206,76209
terme	127	67388,67390,67391,67553,67554,67794,68273,68274,68277,68280,68383,68390,68638,68881,68882,68883,68884,68886,68887,69178,69183,69533,69534,69535,69538,69540,69812,69813,69814,69817,69819,70161,70165,70420,70421,70429,70744,70745,70747,70749,70753,70915,70916,70918,70919,70921,71358,71361,71366,71835,71842,71843,72114,72116,72395,72629,72634,72937,73184,73186,73187,73188,73189,73430,73432,73683,73684,73876,73879,74167,74170,74173,74451,74454,74455,74744,74752,75063,75064,75067,75068,75069,75458,75459,75461,75788,75789,75792,75793,75794,76206,76209,76213,76509,76511
secteur	127	67068,67383,67386,67553,67558,67798,67803,68273,68274,68279,68280,68383,68392,68642,68643,68885,68889,69177,69541,69815,70161,70163,70165,70166,70169,70421,70749,70752,70753,70914,70921,71359,71614,72113,72114,72116,72393,72394,72395,72629,72634,72636,72637,72934,72937,73182,73185,73188,73685,73687,73689,73875,73877,73879,73882,73884,74167,74169,74172,74449,74450,74455,74456,74744,74746,74747,74748,74749,74750,75063,75065,75067,75458,75461,75462,75793,75794,75795,75796,75797,76206,76207,76208,76213,76507,76508,76510
groupe	127	67071,67387,67388,67553,67554,67555,67804,67937,67940,68274,68280,68281,68387,68639,68646,68885,68888,69177,69183,69533,69534,69540,69541,69816,69818,70161,70162,70166,70168,70426,70748,70916,71357,71358,71359,71360,71361,71614,71615,71839,72113,72114,72392,72394,72398,72629,72633,72634,72935,73182,73434,73687,73875,73876,73879,73884,74172,74450,74744,74745,74746,74751,75065,75069,75461,75793,76211,76509
personne	125	67068,67553,67798,67799,67801,67802,67940,68273,68387,68643,68645,68646,68881,69534,69812,69813,70165,70166,70422,70744,70745,70749,70914,71359,71361,71366,71612,71614,71615,71616,71837,71840,71841,71842,72113,72114,72115,72393,72629,72630,72633,72634,72933,73184,73187,73432,73435,73684,73685,73691,73875,73876,73879,74173,74449,74450,74451,74453,74746,74749,75063,75065,75069,75458,75466,75793,75795,76206,76207,76211,76507,76508
énergie	124	67557,67797,67800,67939,68383,68385,68638,68640,68644,68882,68884,69178,69538,69539,69540,69814,69818,69819,70165,70166,70424,70743,71362,71363,71617,71621,72119,72121,72393,72397,72398,72629,72933,72934,72937,72939,72940,73185,73188,73190,73433,73434,73436,73684,73688,74168,74450,74751,75063,75066,75067,75071,75463,75789,76210,76213
technique	123	67068,67383,67388,67389,67553,67554,67561,67795,67801,67939,67940,67943,68279,68391,68638,68642,68643,68884,68885,69179,69536,69538,69539,69812,69819,69820,70162,70423,70747,70751,70916,70917,70918,70921,70922,71835,71838,72113,72115,72392,72393,72394,72399,72629,72632,72636,72933,72934,72936,72939,73182,73185,73186,73189,73431,73434,73683,73685,73687,73689,73690,73876,73877,73879,73884,74168,74171,74745,74746,74747,74749,75068,75071,75464,75788,75796,76508
fois	123	67068,67383,67388,67389,67553,67554,67555,67558,67799,67801,67802,67939,67943,68276,68281,68385,68638,68642,68644,68881,68885,68886,69177,69533,69534,69535,69540,69812,69813,69815,69817,69819,69820,70161,70163,70166,70167,70170,70421,70743,70745,70746,70747,70914,70920,71357,71358,71359,71366,71614,71835,71842,72119,72121,72397,72401,72629,72630,72635,72934,73190,73430,73432,73434,73685,73876,73881,73884,74167,74168,74170,74171,74175,74449,74456,75067,75069,75457,75458,75789,75794,76206,76207,76208,76210,76211,76213,76507,76508,76511,76515
autour	122	67068,67392,67555,67558,67794,67803,67938,67946,68273,68279,68383,68384,68385,68638,68639,68640,68642,68881,68882,68885,69177,69535,69536,69814,69820,70161,70164,70170,70421,70424,70426,70743,70745,70749,70751,70914,70920,70921,71357,71358,71361,71612,71615,71617,71619,71620,71842,72114,72116,72120,72121,72393,72396,72400,72630,72634,72938,72939,73182,73184,73185,73430,73431,73432,73683,73685,73875,73876,73877,73879,73884,74168,74169,74172,74176,74456,74745,74746,74748,74749,74752,75065,75459,75462,75465,75466,75793,76212,76213,76511
agir	121	67071,67383,67385,67386,67388,67390,67553,67554,67555,67794,67795,67796,67798,67800,67937,67938,67941,67944,68274,68278,68279,68387,68388,68390,68639,68643,68646,68881,68889,69177,69178,69185,69186,69534,69536,69811,69813,69814,69817,70161,70162,70423,70743,70745,70747,70915,70920,70921,71362,71614,71835,71837,71840,71845,72115,72118,72392,72393,72395,72396,72401,72629,72637,73183,73184,73185,73431,73436,73685,73876,73881,74168,74169,74450,74454,74749,74752,75064,75067,75457,75458,75459,75788,75789,75790,75792,75793,76206,76210,76510
plusieurs	121	67068,67385,67795,67802,67803,67937,67939,67942,68273,68274,68279,68390,68638,68645,68881,68882,68883,68885,68887,69179,69180,69183,69184,69533,69534,69537,69813,69816,69817,70163,70165,70166,70167,70420,70422,70424,70745,70916,70917,70922,71359,71612,71616,71621,71835,71842,71843,72115,72116,72394,72395,72396,72398,72629,72630,72631,72633,72634,72932,72937,73182,73184,73186,73187,73431,73432,73435,73683,73876,73878,74167,74169,74172,74173,74449,74453,74457,74746,75065,75457,75460,75462,75790,75792,75793,76209,76213,76508,76511,76512,76513,76515,76516
ecole	120	67068,67940,68280,68383,68638,68639,68885,68888,68889,69180,69185,69540,69542,69820,70161,70168,70426,70743,70747,71358,71361,71363,71614,71619,72398,72633,72932,72934,72936,73182,73183,73186,73190,73430,73431,73683,73685,73686,73876,73879,73883,74175,74455,74751,75071,75457,75462,75464,75796,76208,76211,76513
bien	119	67068,67383,67386,67388,67389,67794,67800,67937,67939,68273,68276,68283,68383,68391,68638,68881,69184,69186,69534,69535,69812,69813,69817,70161,70163,70166,70421,70422,70429,70744,70745,70749,70914,70915,70917,70918,71357,71358,71359,71612,71614,71835,72115,72116,72392,72396,72629,72632,72637,72932,72938,73182,73185,73186,73430,73434,73683,73684,74167,74169,74172,74449,74455,74457,74751,75064,75069,75458,75463,75465,75466,75790,76208,76209,76213,76508,76511,76515
trois	118	67068,67383,67386,67388,67553,67555,67795,67937,67939,68274,68276,68279,68389,68391,68640,68642,68643,68645,68881,68888,69179,69182,69183,69533,69534,69536,69811,69818,69820,70161,70162,70164,70422,70424,70746,70914,70916,71361,71362,71366,71614,71615,71616,71618,71842,72113,72114,72119,72393,72395,72397,72398,72630,72634,72637,72932,72933,73430,73434,73683,73684,73685,73689,73690,73877,73880,73881,73882,74167,74169,74176,74449,74452,74453,74455,74747,74749,75063,75457,75464,75466,75788,75789,75790,76207,76213,76507
outil	118	67554,67555,67798,68275,68279,68281,68639,68643,68882,68885,69183,69534,69536,69537,69811,69812,69813,69815,69820,70161,70162,70166,70170,70420,70421,70914,70921,71359,71618,72115,72392,72637,72932,72940,73182,73431,73434,73685,73876,73877,73879,74167,74168,74171,74744,74745,74751,75064,75070,75459,75788,75796,76207,76208,76507,76510,76513,76514
sans	116	67386,67553,67794,67798,67802,67937,67941,68273,68280,68383,68389,68390,68391,68643,68882,68884,69186,69535,69813,69816,69818,69821,70161,70165,70166,70421,70429,70749,70916,70922,71357,71359,71621,71835,71837,71842,72115,72393,72394,72629,72631,72634,72932,72933,72934,72938,73182,73185,73430,73431,73683,73875,73876,73877,74167,74450,74451,74455,74749,74750,74752,75066,75067,75457,75458,75459,75462,75463,75789,75791,75793,75794,76206,76207,76208,76209,76213,76511
présent	116	67388,67389,67390,67795,67798,67941,68273,68274,68279,68387,68389,68390,68391,68638,68643,68881,68884,68885,68886,68887,69177,69182,69183,69184,69534,69537,69541,69542,69811,69819,70162,70166,70167,70169,70421,70422,70423,70425,70744,70916,70919,71357,71359,71366,71614,71618,71836,71837,71843,72114,72117,72121,72396,72397,72629,72631,72634,72635,72636,72934,73182,73183,73184,73187,73188,73189,73190,73432,73683,73684,73687,73688,73875,73877,73878,73879,73882,73884,74167,74172,74173,74744,75065,75066,75067,75458,75462,75792,75794,76209,76210,76213,76507
proposer	114	67068,67553,67554,67794,67795,67801,67938,68273,68274,68276,68279,68383,68387,68392,68638,68643,68645,68882,68885,69534,69535,69540,69541,69543,69818,69821,70165,70166,70169,70421,70422,70744,70751,71359,71366,71617,71619,71840,72114,72118,72122,72392,72394,72398,72629,72634,72637,72933,72934,72937,73431,73434,73436,73437,73689,73876,73877,73879,74168,74171,74449,74451,74455,74745,74746,74747,74752,75063,75067,75068,75069,75071,75457,75458,75465,75792,75796,75797,76208,76212,76213,76507,76509,76510,76513,76516
technologique	113	67388,67553,67554,67797,67799,67940,68273,68276,68281,68383,68393,68638,68639,68881,68882,68883,68885,69179,69533,69534,69820,70161,70166,70168,70752,70914,71358,71359,71360,71362,71363,71835,71837,71839,71842,72113,72116,72392,72393,72395,72400,72630,72634,72933,73182,73190,73685,73687,73883,74167,74168,74170,74171,74451,74453,74455,74746,74748,75066,75068,75071,75457,75466,75789,75790,75792,75796,76207,76213,76510,76514
pari	112	67068,67556,67795,67803,67804,67941,67942,68277,68280,68384,68646,68885,69184,69185,69186,69815,70162,70163,70168,70169,70421,70422,70424,70426,70747,70748,70914,70918,70922,71358,71360,71620,71837,71841,72113,72120,72121,72393,72396,72399,72633,72636,72932,72935,72936,72939,73184,73186,73190,73430,73431,73683,73684,73875,73879,73883,74172,74451,74456,74746,74749,74750,74751,74752,75063,75071,75457,75788,76211,76213,76507,76508,76510
application	112	67068,67390,67392,67554,67796,67800,67937,68280,68384,68390,68392,68393,68638,68639,68641,68644,68881,69177,69179,69533,69539,69820,70161,70166,70169,70170,70421,70422,70423,70429,70744,70921,71359,71616,71835,71836,71839,71841,72113,72116,72122,72394,72399,72630,72633,72934,73182,73190,73431,73433,73434,73876,73879,74170,74450,74451,74452,74453,74744,74750,75063,75067,75071,75459,75461,75788,75795,75796,75797,76207,76208,76210,76507,76508,76509,76511
directeur	110	67068,67071,67383,67795,67796,67802,67937,67946,68273,68275,68276,68279,68638,68881,69812,69813,69817,70161,70165,70420,70423,70745,70916,70919,71366,71616,71619,71621,71835,71837,72113,72392,72396,72398,72630,72932,72933,72936,72939,73183,73430,73432,73433,73683,73876,73877,73879,74169,74171,74172,74453,74454,74457,74744,74745,75457,75458,75459,75462,75788,76207,76209,76213,76511,76513,76515
industrie	109	67068,67388,67553,67554,67558,67795,68273,68280,68383,68387,68882,68885,69535,69543,69819,69820,70161,70165,70167,70168,70746,70914,71358,71360,71361,71619,71840,72115,72118,72122,72392,72394,72396,72399,72400,72629,72634,72933,72936,72938,73182,73190,73430,73685,73690,73691,73875,73877,73879,73882,73883,73884,74167,74172,74449,74450,74451,74748,74750,75071,75461,75464,75466,75792,75795,76210
quelque	109	67386,67390,67555,67558,67801,67937,67942,68274,68276,68280,68281,68383,68389,68391,68638,68644,69179,69535,69821,70161,70163,70166,70167,70169,70420,70421,70425,70744,70916,70919,70921,70923,71357,71358,71612,71621,71835,71836,71837,71840,71842,72113,72394,72396,72397,72629,72932,72933,72934,72937,73182,73184,73189,73430,73431,73432,73434,73438,73683,73684,73685,73688,73877,73878,73879,74167,74168,74169,74744,74747,74750,74752,75065,75457,75458,75462,75789,75791,75793,75795,75797,76206,76208,76507,76511
partenaire	109	67385,67388,67554,67555,67940,67944,67945,67946,68273,68278,68279,68393,68642,68881,68884,68888,69178,69179,69180,69182,69534,69536,69538,69812,69813,69817,70164,70166,70168,70421,70753,70920,70923,71358,71359,71360,71615,71837,71842,72114,72121,72392,72396,72629,72630,72634,72637,72933,73183,73184,73190,73434,73875,73876,73878,73879,73884,74168,74170,74449,74744,74745,74748,74749,75064,75069,75071,75458,75461,75465,75789,75793,76211,76513
travail	107	67071,67383,67555,67561,67794,67795,67937,68274,68276,68279,68283,68383,68391,68392,68638,68643,68881,68882,69177,69533,69535,69541,69812,69813,69817,69818,69821,70161,70162,70164,70420,70745,70915,70923,71357,71361,71612,71614,71615,72113,72115,72119,72392,72394,72396,72629,72630,72634,72636,72932,72933,72939,73182,73183,73184,73432,73435,73436,73683,73684,73685,73687,73876,74172,74746,74749,75064,75068,75457,75458,75793,76206,76510
différent	106	67383,67389,67555,67798,67938,67939,68275,68278,68279,68283,68387,68388,68390,68643,68645,68882,68884,68886,69182,69535,69538,69539,69819,70162,70163,70168,70422,70751,70919,70921,71357,71358,71361,71838,72113,72114,72392,72393,72394,72397,72398,72629,72631,72633,72634,72932,72933,72937,72939,73182,73185,73430,73431,73684,73685,73690,73879,73880,74173,74449,74455,74745,74746,75063,75067,75457,75788,75789,75790,75792,75793,75794,76209,76213,76507,76508,76509,76511,76515,76516
programme	106	67386,67939,67940,67941,67944,67946,68639,68881,68882,68889,69177,69181,69533,69542,69543,69813,69814,69820,70422,70424,70428,70749,70751,70752,70916,71359,71362,71615,71616,71619,71621,71835,72113,72117,72118,72393,72394,72395,72629,72630,72937,72938,73183,73186,73430,73438,73683,73684,73690,73884,74168,74174,74176,74449,74450,74456,74744,74748,74749,75063,75065,75067,75071,75459,75460,75797,76207,76515,76516
temps	105	67068,67383,67385,67553,67555,67794,67798,67937,67939,68274,68275,68279,68638,68646,68882,68883,69177,69537,69539,69811,69812,69819,70161,70162,70424,70744,70752,70914,70916,70922,70923,71359,71617,71618,71835,71837,71840,72114,72116,72121,72396,72400,72629,72630,72932,72933,72934,72937,73434,73436,73438,73683,73689,73875,73879,73881,74167,74171,74172,74455,74457,74748,74749,74750,75069,75457,75459,75466,75788,75791,75792,76508,76509,76510,76515
sou	105	67388,67553,67554,67555,67558,67796,67798,67802,67939,68273,68274,68277,68279,68280,68383,68638,68639,68643,68644,68881,68883,68884,68885,69181,69539,69540,69815,69817,70163,70165,70167,70420,70425,70429,70916,70918,70920,70921,71358,71612,71619,72113,72114,72115,72121,72401,72634,72635,72932,72939,73182,73190,73683,73684,73686,73884,74173,74175,74176,74449,74455,74456,74746,74748,74752,75067,75068,75457,75462,75463,75465,75788,76207,76210,76511,76512,76515
pays	105	67391,67553,67555,67794,67938,67945,68273,68281,68383,68386,68392,68638,68642,68646,69180,69181,69534,69538,69542,69813,70163,70164,70422,70743,70914,70916,71358,71362,71614,71619,72113,72117,72393,72396,72629,72630,72631,72633,72933,72936,73182,73185,73188,73430,73684,73691,73878,74167,74169,74170,74746,74749,75067,75069,75458,75797,76209,76507,76512
national	105	67071,67385,67386,67553,67794,67795,67803,67943,67945,68275,68383,68384,68389,68392,68642,68885,68886,68889,69181,69184,69185,69533,69535,69536,69542,69812,69816,69818,70164,70420,70421,70426,70428,70749,70914,70916,71358,71361,71362,71363,71614,71616,71621,71838,71840,72115,72121,72393,72630,72933,72936,72940,73182,73430,73432,73685,73686,73687,73876,73877,73878,74167,74449,74455,74746,74749,75063,75460,75462,75788,75790,75794,76207,76507,76514
1	104	67071,67387,67388,67801,67802,67940,68273,68277,68279,68383,68388,68390,68391,68640,68641,68643,68646,68881,68882,68885,68889,69178,69179,69182,69534,69540,69541,69814,70425,70743,70915,70916,70921,71360,71362,71619,71841,72115,72117,72121,72392,72394,72397,72631,72634,72934,73184,73185,73187,73189,73431,73683,73684,73687,73689,74171,74173,74453,74749,75064,75065,75067,75069,75458,75793,75794,76210,76508,76509
ensemble	104	67383,67388,67391,67553,67561,67794,67939,68273,68275,68277,68383,68391,68393,68644,68881,69177,69181,69533,69534,69535,69812,70161,70162,70170,70424,70428,70748,70751,70914,70916,71357,71358,71359,71614,71842,72113,72115,72392,72393,72395,72634,72637,72938,72939,73186,73432,73434,73683,73685,73687,73875,73876,73877,73884,74168,74171,74172,74174,74175,74449,74452,74455,74745,74747,74749,75069,75071,75458,75788,75789,75792,76209,76211,76213,76508
niveau	104	67553,67554,67555,67556,67794,67795,67796,67800,67937,68279,68281,68383,68390,68638,68643,68645,68881,68882,68883,68886,68887,68888,69534,69536,69537,69539,69811,69812,69813,69818,70161,70420,70425,70914,70915,70916,71357,71358,71360,71614,71621,71836,72114,72118,72394,72397,72398,72399,72400,72631,72634,72932,72933,72935,72936,72938,73184,73434,73436,73690,73877,73880,74449,75069,75457,75458,75789,75790,75793,76206,76508,76511
vitagorer	103	67388,67555,67795,67798,68273,68279,68387,68643,68885,69534,69812,69817,70166,70420,70428,70745,70749,71359,71842,72116,72394,72396,72631,72634,73184,73685,73879,74169,74172,74449,74455,74749,75063,75069,75459,75462,75790,75793,76209,76507,76509,76511
type	103	67386,67387,67388,67390,67553,67795,67802,67937,67940,68274,68275,68387,68640,68643,68644,68881,68883,69177,69178,69183,69534,69537,69539,69540,69813,69817,70166,70420,70421,70425,70914,70916,70919,70920,71357,71359,71612,71617,72113,72118,72392,72393,72394,72631,72634,72635,73182,73185,73186,73430,73432,73434,73436,73683,73684,73688,73879,74168,74173,74449,74450,74744,74749,74750,75065,75067,75789,75793,75794,76206,76207,76209,76508,76509,76515
matériau	101	67390,67554,67557,68273,68276,68280,68390,68391,68639,68644,68886,69183,69186,69541,69814,69819,69820,70167,70421,70423,70425,70429,70751,70914,71361,71362,71612,71836,72119,72393,72394,72634,73683,74167,74174,74752,75066,75070,75462,75464,75792,75796,75797,76210,76513,76514
tel	101	67383,67388,67555,67794,67800,67938,67942,68275,68280,68383,68387,68882,68883,68886,68887,68888,69177,69182,69183,69535,69538,69814,69816,69821,70161,70166,70420,70422,70423,70425,70745,70747,70917,70920,71357,71359,71366,71612,71615,71616,71621,71838,72114,72392,72393,72630,72634,72937,73182,73184,73187,73430,73432,73436,73683,73688,73877,74167,74168,74170,74449,74450,74455,74745,75063,75065,75069,75457,75462,75791,75796,76206,76209,76210,76213
place	101	67385,67555,67795,67938,67941,68273,68275,68276,68383,68385,68882,68885,68887,69537,69812,69813,69816,69818,70161,70162,70164,70420,70426,70748,70749,70914,70920,71357,71358,71361,71363,71619,71621,71838,72113,72114,72116,72393,72399,72629,72936,73182,73185,73430,73432,73434,73683,73684,74167,74169,74450,74746,74749,75063,75065,75070,75457,75458,75790,75793,76207,76209,76211,76213,76507
celer	101	67068,67385,67388,67391,67555,67558,67794,67795,67801,67937,67938,67939,67942,68274,68279,68383,68387,68388,68638,68643,68882,69177,69533,69534,69535,69539,69814,69821,70161,70166,70420,70422,70749,70917,70921,71357,71359,71614,71621,71835,71836,71837,72114,72115,72119,72392,72394,72629,72630,72632,72637,73182,73185,73430,73432,73683,73684,73877,73879,74167,74168,74450,74453,74455,74457,74749,74750,74752,75063,75065,75457,75458,75459,75463,75789,75790,75792,75794,76206,76213,76507
mener	99	67068,67389,67391,67555,67795,67937,67940,67945,68279,68283,68385,68387,68389,68390,68393,69178,69533,69534,69536,69537,69539,69813,69816,69819,70161,70163,70165,70420,70422,70743,70745,70749,70753,71357,71360,71612,71841,71842,71843,72113,72114,72392,72394,72396,72397,72398,72630,72631,72634,72637,72935,72939,73182,73183,73184,73189,73683,73685,73688,73876,73879,74168,74172,74749,74750,75063,75064,75065,75458,75462,75463,75464,75789,75790,75791,75793,75794,76208,76210,76510,76511
moins	99	67553,67554,67794,67801,67938,67939,68279,68383,68389,68640,68643,68881,68883,68886,69178,69533,69534,69811,69814,69818,69819,70161,70165,70166,70424,70744,70747,70921,71357,71359,71614,71615,71617,71621,71835,71836,71837,71841,71843,72117,72119,72393,72397,72631,72932,72934,73184,73432,73437,73683,73684,73877,73879,74167,74168,74169,74173,74176,74455,74745,74752,75064,75067,75459,75460,75462,75789,75790,75794,76206,76208,76210,76213,76511
dernier	99	67385,67387,67553,67554,67555,67556,67558,67561,67794,67795,67800,67801,67802,67937,67939,68279,68281,68383,68384,68387,68391,68645,68882,68888,69179,69183,69533,69534,69536,69815,69816,70161,70163,70166,70421,70423,70745,70917,71357,71612,71617,71835,71837,72115,72116,72122,72396,72400,72629,72630,72631,72633,72933,72934,73182,73183,73184,73434,73878,73884,74168,74744,75064,75065,75071,75457,75458,75460,75462,75790,76207,76209,76507,76508,76511,76513,76516
savoir	98	67383,67386,67553,67795,67939,68273,68389,68638,69533,69538,69541,69811,69812,69813,69815,69816,69821,70161,70162,70163,70421,70746,70748,70914,70915,71358,71359,71362,71614,71840,71842,72113,72115,72393,72394,72634,72932,72935,73683,73684,73687,73875,73877,73879,73881,74167,74168,74173,74450,74455,74457,74744,74745,74749,74751,75063,75457,75459,75462,75793,76206,76207,76208,76213,76507,76508,76509
peu	98	67068,67391,67555,67801,67937,67938,68274,68275,68279,68280,68387,68389,68390,68638,68640,68643,68882,68887,69181,69817,69821,70166,70421,70422,70425,70744,70916,71614,71621,71835,71836,71842,72113,72114,72394,72395,72631,72634,72932,72939,73182,73183,73430,73431,73434,73436,73684,73688,73875,73877,73879,74167,74169,74170,74449,74450,74457,74749,75067,75459,75460,75788,75790,76206,76207,76213,76507,76509
non	98	67071,67386,67388,67389,67555,67556,67557,67798,67938,67939,68275,68384,68638,68642,68646,68884,68885,69178,69541,69813,69815,69817,69818,69821,70161,70162,70166,70421,70423,70744,70748,70914,70916,71357,71617,71835,72113,72116,72117,72394,72396,72399,72629,72630,72631,72932,72936,72940,73182,73185,73430,73431,73434,73436,73684,73685,73687,73876,73881,74167,74168,74169,74171,74451,74455,74457,74751,75069,75457,75792,75794,76207,76210,76211,76213,76508,76511,76512
enfin	97	67071,67383,67553,67555,67795,67802,67939,68275,68276,68639,68641,68642,68882,69177,69533,69535,69812,69813,69817,69820,70162,70166,70422,70745,70751,70916,71357,71358,71361,71363,71615,71835,71837,71838,71840,72114,72120,72393,72395,72396,72400,72631,72932,72937,72938,72939,73182,73189,73430,73434,73877,73879,73884,74167,74168,74174,74176,74449,74450,74453,74456,74744,74746,74750,75068,75071,75457,75462,75464,75795,75796,75797,76212,76511,76512,76514,76516
activité	97	67389,67553,67800,67942,68274,68276,68383,68385,68387,68388,68392,68643,68882,68885,69178,69179,69186,69533,69535,69536,69812,70161,70166,70422,70426,70745,70753,70915,71361,71612,71614,71619,71839,72114,72115,72116,72392,72394,72398,72629,72937,72938,73182,73183,73688,73875,73878,73879,73882,74168,74169,74450,74749,75068,75458,75459,75460,75461,75462,75789,75795,76212,76508,76510
intéresser	96	67068,67383,67390,67553,67556,67800,67937,67939,68273,68274,68387,68389,68392,68638,68643,68646,69178,69533,69812,69817,69821,70165,70166,70420,70421,70745,71361,71612,71617,71835,71836,72113,72114,72396,72629,72630,72631,72932,72939,73182,73183,73185,73430,73431,73432,73876,73879,73882,74167,74168,74450,74746,74749,75065,75069,75458,75459,75462,75466,75788,75789,75790,75793,76206,76213,76511,76516
petit	95	67390,67555,67558,67794,67798,67800,67801,68274,68283,68388,68391,68881,68887,69177,69179,69182,69540,69812,70165,70166,70169,70420,70421,70423,70425,70429,70747,71358,71359,71366,71614,71837,71840,71841,71842,71843,72119,72395,72629,72630,72633,72634,72932,72933,72934,72939,73430,73431,73432,73433,73434,73683,73685,73689,74169,74450,74455,74457,74749,75070,75458,75792,76206,76208,76507,76511
expliquer	95	67386,67389,67390,67392,67555,67558,67794,67798,67939,68275,68279,68383,68389,68638,68643,68882,68883,69184,69534,69539,69812,69813,69817,70165,70166,70420,70421,70745,70921,71359,71614,71621,71837,72116,72118,72392,72393,72394,72630,72631,72634,72932,73182,73183,73187,73431,73432,73683,73684,73685,73877,73878,73879,74168,74169,74173,74449,74453,74455,74744,74745,74746,74749,75064,75065,75069,75458,75461,75790,75792,75794,75795,76209,76210,76507,76508,76511,76513
chez	93	67389,67391,67555,67796,67799,67800,67802,67937,68383,68387,68388,68643,68645,68646,68881,68887,69184,69815,70162,70164,70420,70745,70749,70918,71357,71359,71614,71837,71841,71843,72118,72631,72632,72634,72636,72935,73184,73431,73686,73879,74167,74173,74449,74451,74454,74455,74749,75065,75069,75457,75458,75789,75793,76508,76511
observer	93	67068,67389,67553,67555,67558,67794,67938,67942,68273,68383,68387,68388,68389,68390,68886,69184,69533,69534,69535,69539,69811,69813,69819,70163,70167,70420,70421,70424,70745,70746,70916,70922,70923,72113,72631,72634,72939,73182,73184,73185,73434,73688,73875,73877,74167,74172,74173,74449,74450,74451,75067,75069,75070,75458,75459,75788,75793,76209,76508,76511
cnr	93	67068,67071,67383,67385,67390,67558,67795,67800,67802,67937,67943,67945,68278,68280,68384,68389,68390,68641,68642,68644,68645,68646,68883,68887,69178,69180,69181,69182,69533,69814,69816,70424,70426,70744,70745,70914,70916,71615,71841,71843,72114,72121,72397,72632,72932,72939,72940,73183,73186,73431,73683,74173,74452,74750,74752,75063,75458,75460,75790
général	93	67071,67383,67388,67553,67556,67795,67937,67941,68273,68275,68277,68279,68638,68646,68881,68885,69177,69537,69813,70161,70162,70164,70165,70170,70914,71358,71360,71366,71614,71616,72113,72114,72392,72398,72629,72632,72933,73182,73183,73430,73431,73687,73688,73879,74169,74171,74172,74449,74450,74453,74454,74746,75065,75457,76207,76210,76211,76508,76511
solution	92	67071,67383,67385,67553,68273,68276,68384,68390,68639,68882,68884,69178,69535,69816,69818,70162,70166,70167,70169,70170,70426,70751,70920,71359,71366,71612,71614,71617,71621,71840,72117,72118,72392,72933,72934,72940,73182,73185,73685,73686,73876,73879,73884,74167,74449,74450,74454,74455,74746,74749,74750,75063,75066,75457,75462,75465,75789,75796,76208,76213,76507,76508,76513
travailler	92	67068,67383,67553,67554,67802,67937,67940,67942,67944,68273,68279,68383,68387,68393,68638,68643,68881,68885,68886,69812,70161,70166,70421,70422,70745,71358,71612,71614,71835,71842,72116,72393,72394,72395,72631,72634,72636,72932,72933,72936,73185,73432,73434,73683,73685,73875,73876,74168,74172,74450,74752,75067,75457,75459,75788,75790,75792,75793,75795,76206,76507
grâce	92	67068,67385,67389,67392,67554,67555,67800,67801,67802,67937,67939,67943,68273,68391,68881,69178,69182,69538,69539,69540,69811,69813,69817,70161,70162,70163,70166,70420,70421,70423,70744,70748,70751,70914,70922,70923,71362,71614,71836,71837,71838,71839,71841,72395,72631,72633,72933,72939,73186,73189,73432,73435,73437,73684,73686,73687,74167,74168,74171,74745,74748,75064,75068,75069,75458,75464,75788,75791,75792,75794,76208,76507,76510
concevoir	91	67071,67383,67385,67390,67554,67557,67795,67798,67939,68274,68276,68280,68392,68638,68640,68644,68883,69177,69538,69539,69540,69814,70162,70163,70420,70423,70424,70425,70744,70747,70914,71359,71614,71619,71620,71836,72114,72392,72630,72634,72635,72934,72939,73183,73187,73431,73683,73879,74167,74169,74170,74171,74455,74744,74745,74746,74749,74751,75063,75066,75069,75070,75466,75792,76207,76208,76210,76213,76507,76508,76510,76512
beaucoup	91	67383,67553,67554,67555,67800,67937,67938,68276,68383,68387,68638,68885,69177,70161,70166,70421,70424,70743,70745,70916,71357,71358,71614,71621,71835,72116,72393,72394,72396,72633,72932,73182,73185,73188,73430,73432,73433,73683,73685,73875,73876,73878,73880,74167,74169,74172,74450,74452,74455,74457,74744,74747,74749,74752,75457,75788,75793,75794,76206,76213,76509
pme	91	67388,67553,67941,67945,68273,69541,70162,70166,70420,70914,71612,71614,71840,71842,72114,72118,72395,72396,72634,73430,73435,73687,73691,74167,74169,74172,74455,74748,74749,75063,75066,75461,75462,75789,75795,76507,76508,76511,76512
chaque	91	67389,67553,67554,67555,67794,67798,67801,67803,67937,68273,68276,68383,68387,68389,68392,68644,68646,68881,68885,68889,69178,69182,69183,69185,69536,69540,69815,70165,70421,70423,70914,70915,70916,70920,70923,71358,71362,71618,71835,72400,72630,72932,72934,72940,73187,73430,73434,73435,73437,73438,73684,73689,73877,73881,74173,74452,74454,74747,74748,74749,74752,75064,75457,75458,76207,76208,76507,76511,76512
mise	91	67383,67385,67387,67555,67798,67800,67939,67942,68277,68384,68385,68386,68643,68881,68882,68885,68887,69177,69181,69183,69534,69536,70166,70422,70743,70747,70748,70914,70921,71357,71358,71359,71612,71615,71621,71836,71838,71843,72114,72115,72118,72393,72394,72629,72631,72634,72934,72939,73185,73432,73434,73683,73684,73876,74167,74169,74175,74449,74450,74453,75063,75065,75069,75457,75458,75793,75795,76207,76507,76508,76512
impliquer	91	67389,67390,67555,67556,67557,67939,67945,68279,68387,68390,68638,68642,68645,68885,69181,69533,69534,69539,69812,69813,69814,69817,70161,70164,70420,70424,70745,70749,70914,71357,71358,71359,71835,72114,72116,72121,72392,72630,72631,72932,72937,73182,73184,73186,73434,73683,73880,74168,74169,74174,74450,74453,74455,74746,74749,75069,75458,75459,75790,75792,75793,76207,76213,76507,76511,76512
second	90	67068,67383,67385,67555,67794,67802,67939,67942,68273,68388,68389,68638,68639,68646,68882,68887,69177,69533,69535,69540,69817,70161,70167,70169,70420,70421,70424,70745,70749,70751,70914,70916,70920,70921,71357,71360,71361,71616,71617,71842,72118,72122,72393,72397,72629,72934,72935,73685,73686,73879,73882,74168,74169,74173,74454,74748,74752,75064,75067,75789,75790,75793,75794,76208,76209,76507,76508,76514,76516
eau	90	67071,67387,67390,67558,67939,68275,68383,68387,68390,68883,68884,69182,69537,69540,69542,69812,69813,69816,69818,70746,70916,70917,70918,71363,71621,72392,72394,72397,72399,73183,73190,73433,73434,73685,73688,73875,73880,74170,74750,75458,75460,75462,76210
donnée	90	67387,67553,67555,67557,67794,67797,67939,68275,68883,68889,69179,69181,69182,69533,69535,69811,69812,69819,70170,70424,70428,70749,70916,70923,71359,71837,71840,71845,72392,72630,72935,72940,73182,73183,73431,73434,73685,73880,74167,74449,74452,74749,75069,75788,76507,76511
long	89	67939,67940,68273,68881,68882,68883,68887,69178,69534,70162,70167,70425,70429,70744,70747,70916,70918,70921,71366,71617,71835,71837,72116,72392,72393,72396,72629,72631,72634,72932,72939,73182,73185,73187,73434,73683,73684,73875,73879,74167,74169,74170,74173,74450,74749,74752,75064,75458,75459,75789,75794,76213,76511,76515
collaboration	89	67385,67387,67391,67802,67943,68278,68279,68384,68387,68388,68390,68391,68644,68881,68884,68885,68886,69178,69180,69536,69539,69540,69812,69819,70162,70165,70167,70421,70422,70425,70921,70922,71358,71612,71618,71838,71841,71843,72113,72114,72122,72392,72394,72397,72634,72932,73184,73188,73189,73430,73876,73877,74172,74173,74749,74750,75063,75064,75068,75070,75458,75459,75463,76207,76210,76211,76212,76508,76511
mission	88	67795,67939,67940,67942,68393,68645,68881,68883,68884,68885,69177,69179,69534,69811,70163,70170,70422,70424,70923,71359,71362,72113,72393,72394,72629,73430,73434,73688,73880,74170,74172,74450,74746,75064,75789,76207,76211
compte	88	67068,67071,67386,67387,67553,68386,68387,68638,68642,68645,68646,68885,68886,69177,69533,69538,69812,69813,69815,70161,70162,70163,70166,70421,70422,70914,70916,70921,71358,71361,71362,71614,71616,71618,71835,71841,72113,72114,72392,72629,72630,72633,72933,72935,72936,73435,73684,73685,73688,73875,73876,73878,73879,74167,74171,74450,74451,74455,74744,74749,75063,75459,76207,76211,76213,76507
compétitivité	88	67555,67561,67795,67799,67804,67946,68279,68387,68393,68643,68884,68885,69534,69812,69817,69818,70162,70166,70421,70428,70745,70752,70914,70921,71358,71359,71360,71619,71842,71845,72116,72396,72631,72634,72637,72938,73184,73430,73438,73685,73687,73691,73879,74169,74172,74176,74449,74453,74455,74744,74746,74749,75068,75069,75462,75465,75789,75795,75796,76209,76507,76508,76509,76511
dès	88	67068,67386,67554,67558,67795,67798,68388,68391,68638,68881,69177,69178,69540,69541,69812,69813,69816,69817,70161,70162,70164,70420,70423,70746,70749,70751,70917,71362,71616,71836,71837,71840,72396,72630,72631,72633,72934,72938,73185,73430,73431,73432,73434,73683,73684,73876,74168,74169,74450,74744,74746,75457,75458,75459,75792,75793,76207,76507,76511,76512,76513
après	88	67555,67798,67801,67937,67939,68274,68281,68383,68387,68390,68641,68646,68881,68887,68888,69178,69185,69540,69811,69815,70161,70166,70422,70744,70915,70921,71358,71359,71612,71614,71835,71836,71837,71841,71842,72114,72392,72394,72396,72629,72630,72632,72633,72932,73185,73430,73434,73435,73437,73683,74171,74173,74175,74449,74454,74455,74752,75063,75071,75459,75461,75462,75790,76206,76213,76509
étudiant	88	67795,67937,67944,68276,68278,68281,68390,68392,68393,68640,68881,69177,69179,69185,69541,70161,70168,70422,70748,70923,71358,71362,72637,72936,73190,73430,73431,73437,73683,73689,73882,74175,74176,74454,75068,75071,75457,76211,76212,76513
école	87	67068,67555,67795,68276,68883,69185,69536,69541,70161,70168,70422,70743,70923,71358,71614,71841,72114,72394,73185,73430,73437,74170,74450,74751,75071,76211,76513
différents	87	67388,67389,67390,67554,67555,67794,67795,67803,68279,68390,68640,69177,69178,69182,69184,69534,69537,69539,69541,69813,69816,69819,70161,70162,70166,70420,70422,70423,70424,70743,70745,70916,71357,71359,71614,71617,72122,72394,72396,72397,72398,72400,72631,72634,72932,72939,73182,73185,73189,73685,73691,73876,73877,74168,74173,74450,74751,75457,75458,75462,75788,75789,75792,75794,76507,76509,76511
exemple	87	67068,67383,67385,67386,67387,67554,67558,67794,67795,67798,68273,68275,68387,68639,68643,68881,68886,69177,69181,69535,69537,69811,69815,69816,69817,70165,70166,70420,70421,70745,70751,70753,70915,70919,70921,71357,71359,71614,71621,71836,72115,72116,72392,72393,72629,72630,72632,72636,72932,72933,73185,73430,73431,73685,73876,73877,74167,74170,74449,74450,74452,74744,74745,74752,75462,75788,75790,75792,76511
présenter	87	67385,67388,67389,67391,67553,67554,67556,67558,67801,67941,68279,68280,68383,68385,68388,69186,69535,69537,69541,69811,70162,70164,70168,70422,70423,70428,70749,70751,70752,70915,70921,71357,71619,71621,71845,72114,72115,72118,72393,72399,72400,72630,72634,72939,73184,73190,73431,73436,73683,73688,73691,73877,74169,74174,74176,74449,74452,74456,74744,74746,74748,75068,75069,75459,75464,75465,75788,76210,76508,76514
matière	86	67071,68273,68274,68279,68280,68385,68392,68638,68639,68645,68881,68882,68885,68886,69183,69534,69536,69817,69821,70161,70420,70424,70746,70915,70920,71357,71358,71612,71621,71836,72113,72114,72118,72397,72632,72634,72637,73188,73432,73434,73685,73688,73877,74167,74449,74450,74750,75066,75458,75460,75790,75792,75794,75797,76206,76208,76209,76507,76516
édition	86	67068,67945,67946,68387,68889,69541,69542,69543,70164,70167,70168,70169,70170,70752,71612,71620,71621,71835,72116,72122,72393,72396,72400,72633,72932,72933,72937,72939,73190,73431,73435,73438,73689,73691,73881,73884,74175,74176,74456,74746,74748,74752,75066,75458,75459,75462,75464,75465,75466,75795,75796,75797,76209,76212,76509,76511
filière	86	67388,67554,67938,67942,68273,68275,68882,68885,69818,70161,70745,70914,71357,71358,71363,71619,71837,71845,72113,72392,72637,73433,73434,73687,73689,73690,73884,74169,74174,74450,74457,74746,74748,75064,75065,75067,75071,75457,75460,75464,75466,75789,75797,76512
falloir	86	67068,67383,67553,67555,67558,67794,67795,67801,67938,68383,68881,68882,69177,69178,69533,69535,69815,70161,70421,70423,70424,70746,70915,70919,71357,71359,71835,71837,71841,71842,72114,72392,72394,72629,72634,72933,73182,73185,73430,73432,73683,73684,73876,74167,74168,74450,74457,74749,74752,75065,75066,75069,75458,75461,75462,76213,76511,76512
alimentation	85	67071,67385,67555,67794,67795,67798,68275,68279,68387,68388,68882,69534,69537,70428,70746,70749,71357,71617,71842,72396,73184,73433,73685,74172,74449,74749,75069,75458,75462,75790,75793,76206,76209,76213,76511
comprendre	85	67555,67557,67800,67802,67937,67939,67943,68276,68277,68638,68645,68886,68889,69181,69186,69539,69811,69812,69813,69816,70161,70163,70424,70745,70749,70922,71359,71620,71835,72115,72394,72397,72631,72932,72934,72940,73182,73183,73189,73430,73432,73434,73683,73877,73878,73880,74168,74451,74752,75063,75069,75458,75459,75790,75793,76206,76213,76508,76511
4	85	67387,67388,67553,67555,67557,67795,67803,67939,67940,67941,68273,68277,68278,68279,68388,68643,68646,68882,68885,69177,69178,69534,69535,69543,69812,69813,70163,70164,70165,70166,70169,70170,70749,70914,71362,71615,71620,71836,72115,72117,72393,72395,72396,72397,72399,72629,72932,72935,72939,73184,73185,73431,73434,73436,73884,74168,74170,74174,74449,74450,74451,74748,75067,75458,75460,75461,75789,75796,76209,76512
nombreux	85	67387,67553,67558,67795,67799,67800,67802,67939,67943,67945,68274,68275,68279,68280,68383,68390,68392,68638,68641,68644,68645,68883,69177,69533,69539,69811,69812,69815,70169,70423,70424,70429,70914,70917,71360,71835,71843,72113,72116,72392,72393,72398,72401,72629,72940,73185,73436,73684,73685,73877,73878,74170,74449,74451,74455,74457,74746,74749,74751,75063,75064,75066,75069,75458,75792,75794,76208,76210,76507,76511
prochain	85	67386,67388,67389,67555,67794,67795,67937,67944,68389,68883,69186,69533,69534,69535,69543,69811,69817,70420,70428,70429,70744,70749,70916,70918,70920,70921,71363,71612,71614,71616,71835,71837,71840,71842,72116,72119,72392,72396,72932,72939,73430,73431,73432,73434,73683,73687,73875,73876,73880,74167,74168,74169,74170,74171,74745,75071,75457,75459,75460,75462,75793,76209,76508,76509,76512,76513
passer	85	67068,67071,67385,67386,67387,67554,67794,67795,67801,67939,67945,68273,68280,68281,68641,68643,69185,69533,69534,69540,69814,69821,70161,70163,70166,70168,70421,70745,71357,71359,71612,71836,71840,72115,72392,72394,72395,72397,72633,72634,72636,72932,72934,72939,73182,73187,73190,73430,73431,73432,73437,73683,73684,73685,73688,73876,73882,74167,74175,74450,75065,75066,75068,75070,75459,75792,75795,76508,76511
créer	84	67068,67383,67553,67795,67798,67803,67804,67938,67944,68383,68392,68639,68642,68643,68881,69181,69540,69814,69818,70162,70166,70422,70919,70921,71358,71614,71621,71840,72392,72629,72633,72937,72939,73182,73430,73433,73685,73687,73691,73876,73879,74169,74172,74450,74744,74745,74746,74749,74751,74752,75063,75457,75458,75792,76207,76208,76211,76507,76509,76512
partenariat	84	67561,67795,67944,67945,68276,68278,68384,68392,68393,68639,68642,68883,68888,69536,69813,69815,70161,70166,70420,70421,70422,70745,70748,70751,70753,70920,70921,71357,71358,71360,71363,71612,71621,72121,72122,72396,72398,72630,72938,73185,73430,73434,73684,73689,73691,73876,74170,74172,74174,74455,74744,74748,75068,75464,75465,75793,76515
ceer	84	67071,67554,67558,67800,67943,68385,68638,68640,68645,68884,69178,69533,69816,70162,70163,70421,70424,70914,70915,71839,72114,72115,72392,72629,73183,73186,73879,74168,74451,74744,74745,75064,75070,75463,75789,75792,75795,76207,76510,76516
enseignement	84	67068,67071,67795,67944,68276,68277,68281,68383,68392,68393,68888,69181,69185,69536,69541,70161,70169,70422,70426,70743,70748,70914,70920,70923,71357,71362,71620,71835,71837,72113,72394,72398,72636,72637,72936,72937,72938,73182,73185,73430,73437,73876,74175,74450,74746,74751,75063,75071,75457,76206,76211,76513
lors	83	67383,67388,67553,67797,67937,67939,67944,68638,68643,68881,68882,68883,68884,68887,69177,69184,69533,69534,69811,70163,70168,70743,70746,70749,70916,70921,71360,71617,71619,71840,71841,72120,72396,72400,72632,72932,72933,72934,72935,72937,73182,73431,73432,73683,73684,73686,73687,73688,73691,73880,74172,74452,74456,74744,75064,75459,75462,75788,75789,75793,76209,76509,76511,76513
forme	83	67390,67554,67555,67556,67558,67939,68273,68274,68276,68383,68644,68884,68887,68888,69179,69535,69539,69815,70161,70166,70429,70918,71358,71619,72114,72121,72401,72634,72635,72932,72939,73182,73683,73879,73884,74167,74172,74173,74176,74449,74455,74748,75068,75457,75459,75463,75465,75788,76210,76511,76512,76515
santé	82	67798,67801,67940,68384,68387,68645,68882,69183,69534,69535,69813,69815,70162,70429,70745,70746,71366,71612,71618,71841,72116,72118,72393,72396,72401,72935,73184,73432,73689,73691,73878,74455,74746,74748,74749,74752,75067,75071,75458,75459,75461,75462,75465,75466,75796,76209,76507,76509,76511
luire	82	67068,67383,67388,67389,67558,67798,67802,67937,67939,67941,68274,68279,68281,68883,69177,69811,69812,69815,69818,70421,70422,70746,70914,71358,71359,71360,71612,71614,71835,72115,72392,72394,72395,72629,72630,72631,72632,72636,72932,72935,72936,73182,73434,73683,73684,73875,73878,74167,74168,74172,74454,74455,74749,74752,75068,75461,76509
occasion	81	67068,67388,67555,67561,67801,67804,67939,67941,67945,67946,68283,68638,68888,69177,69186,69542,69811,69817,70161,70162,70164,70165,70168,70170,70428,70749,70751,70752,70916,70917,70921,71357,71612,71837,71845,72113,72120,72122,72393,72396,72399,72400,72933,72936,72938,72939,73183,73190,73432,73683,73685,73875,73877,73882,73883,74456,74746,74748,74752,75064,75069,75457,75458,75459,75462,75464,75465,76514
obtenir	81	67068,67385,67388,67390,67554,67555,67558,67797,67799,67801,67802,68274,68280,68390,69182,69183,69184,69533,69537,69819,70167,70426,70744,70749,70916,70917,70920,71362,71612,71836,71838,72394,72397,72630,72631,72933,73184,73189,73431,73432,73436,73683,73684,74168,74449,74450,74744,74750,75065,75070,75457,75459,75460,75794,76206,76210,76212,76511
cellule	81	67389,67556,67801,67802,68277,68387,68388,68642,68887,69184,69539,69541,70162,70167,70423,70746,70747,70919,70922,72114,72116,72117,72636,72935,73432,73436,74173,74451,74453,75065,75067,75789,76511
avant	81	67385,67388,67389,67555,67794,67797,67937,67942,68273,68276,68389,68881,68885,68888,69177,69179,69183,69539,69541,69821,70422,70745,70917,70923,71359,71621,71835,71836,71841,71842,72118,72392,72396,72629,72634,72636,72932,73182,73430,73431,73432,73434,73683,73684,73685,73877,74167,74168,74170,74175,74450,74749,74751,75064,75065,75071,75459,75795,76206,76213,76507,76509
nécessaire	81	67383,67387,67794,67795,67797,67798,67800,67938,68279,68388,68391,68638,68642,68643,68882,68883,69540,69816,69818,70161,70162,70420,70424,70744,70749,70914,70923,71363,71614,71837,72116,72392,72394,72630,72634,73182,73185,73186,73187,73432,73683,73684,73685,73877,74167,74168,74450,74453,74454,74744,74745,74749,75063,75064,75065,75067,75069,75457,75458,75459,75463,75788,75792,76209,76213,76511
maladie	80	67556,67798,67802,67937,68277,68387,68645,68646,69534,69813,69815,70914,70919,71360,72116,73184,73187,73431,73432,73686,73877,73878,74171,74173,74453,75459,76511,76515
aide	80	67387,67554,67799,67800,67940,67945,68391,68881,69177,69182,69183,69534,69537,69539,69540,69811,70162,70166,70420,70421,70422,70424,70744,70919,71359,71614,71837,72119,72400,72933,72934,72939,73185,73187,73431,73683,73685,73877,73878,74167,74168,74169,74449,74450,74744,74746,74750,75064,75065,75788,76508,76509,76510,76511
million	79	67387,67557,67799,67802,68275,68277,68279,68638,69181,69534,69538,69812,69813,69815,70164,70424,70747,70914,70916,71359,71360,71361,71616,71837,72114,72115,72118,72631,72633,72934,72935,73183,73431,73432,73684,73686,73875,73878,74169,74450,74451,74746,74749,75065,75461,75466,75795,76507,76508,76510
modèle	79	67385,67387,67390,67798,67938,67939,68277,68279,68388,68645,68882,68888,69182,69184,69533,69535,69816,70161,70421,70425,70426,70745,70916,70922,71618,71837,72114,72116,72635,72936,73184,73185,73875,73877,73881,74456,74751,75064,75065,75457,75463,76211,76213,76507
idée	79	67068,67383,67553,67554,67801,68274,68638,68642,68644,68881,69537,69821,70421,70423,70424,70744,70921,71363,71614,71621,71842,72113,72115,72395,72634,72932,72933,72939,73184,73185,73431,73683,73685,73876,73877,74167,74169,74172,74174,74455,74750,74752,75063,75065,75068,75458,75459,75461,75792,75793,76206,76508
conduire	79	67389,67555,67556,67802,67937,68279,68387,68390,68638,68882,69179,69538,69812,69821,70745,70749,70917,71357,71362,71363,71839,71843,72113,72114,72115,72395,72398,72630,72633,72634,72934,72937,73184,73185,73186,73188,73430,73432,73434,73435,73436,73683,73876,73878,74168,74449,74453,74749,74752,75063,75064,75068,75069,75792,75793,75794,76206,76210,76213,76511
jour	79	67553,67555,67794,67798,67939,68273,68638,68885,68889,69179,69183,69811,69813,69817,70166,70168,70169,70422,70429,70749,70916,70920,71358,71359,71360,71363,71614,71621,71842,72115,72395,72630,72634,72636,72932,72934,72936,72937,73182,73183,73187,73189,73190,73433,73691,73875,73877,73878,73881,73882,74167,74168,74173,74175,74450,74451,74748,75795,76508,76509,76510,76511
alimentaire	79	67555,67557,67794,67798,68387,68388,68882,68885,69534,69538,70166,70428,70745,70746,70749,71366,72116,72393,72394,72630,72631,72632,72634,73432,73685,74449,74750,75069,75790,75793,76209,76213,76511,76514
molécule	78	67390,67558,67800,68387,68390,68646,69183,69539,70167,70425,70747,70914,70919,70922,71843,72115,72116,72118,72119,72394,72634,73187,73433,73436,73688,73878,75065,75070,75459,76206,76511,76512
public	78	67068,67794,67801,67803,67940,67946,68275,68384,68642,68645,68884,69178,69183,69535,69812,69813,70162,70164,70166,70748,70753,70915,71357,71360,71366,71612,71615,71835,71841,72113,72114,72392,72393,72401,72633,72933,72938,72939,73182,73683,73690,73875,73882,73883,74170,74171,74457,74746,74752,75065,75068,75071,75465,75788,75795,75796,76516
humain	78	67068,67386,67794,67802,67937,67938,67942,68384,68386,68882,69533,69534,69538,69812,69813,69815,70165,70421,70429,70744,71359,71361,71366,71619,72113,72116,72394,72935,72939,73183,73184,73185,73431,73432,73433,73683,73875,73878,73879,74452,74454,74745,74748,75063,75064,75458,76507,76509,76515
seul	77	67383,67390,67794,67801,67804,67937,67940,67944,68279,68638,68643,68646,68883,68887,69177,69183,69535,69540,69817,69818,70161,70166,70420,70421,70422,70744,70747,70914,70916,70917,70918,70922,71357,71612,71837,71840,71842,72113,72115,72392,72394,72629,72932,73182,73684,73878,74167,74168,74169,74173,74455,74745,74748,74749,75065,75070,75793,75794,76213,76508
qualité	77	67071,67388,67554,67794,67798,67800,67937,67945,68273,68279,68283,68643,68645,68881,68883,68885,69183,69534,69541,69816,69819,70161,70422,70745,70917,71361,71835,72115,72116,72394,72399,72634,72938,73182,73185,73430,73684,73877,74169,74450,74749,75069,75458,75793,75794,76206,76207,76209,76511,76514
plante	76	67071,67387,67794,67800,68279,68387,68389,68643,68645,69182,69817,70420,71618,71837,72630,73433,73684,74457,76213,76511,76516
prendre	76	67386,67553,67938,67939,67942,68274,68387,68645,68883,68889,69177,69538,69540,69813,70161,70163,70421,70424,71357,71359,71361,71362,71619,71620,71621,71835,71837,72113,72120,72392,72396,72629,72630,72631,72932,72933,72935,73182,73185,73430,73684,73685,73687,73876,73881,74167,74169,74456,74744,74745,74749,74750,75064,75457,75459,75791,75792,76507,76511
3	76	67387,67553,67555,67556,67802,67937,67944,68276,68279,68387,68388,68642,68884,68885,68887,68888,68889,69177,69179,69534,69538,69541,69811,69815,70743,70749,70751,70921,72397,72400,72633,72634,72935,72936,73183,73184,73434,73686,73687,73883,74168,74450,75063,75065,75067,75069,75071,75458,75459,75462,75791,75793,76212,76511
commencer	75	67938,67940,68274,68279,68383,68389,68643,68644,68882,69177,69178,69533,69536,69812,69817,70161,70166,70420,70421,70422,70749,70916,71359,71612,71614,71616,71837,72118,72121,72394,72396,72630,72631,72933,73185,73430,73434,73683,73684,73685,73875,73878,73879,74168,74169,74455,74749,74752,75458,75459,75790,75792,75793,76213,76511
service	75	67387,67392,67555,67801,67939,68279,68383,68639,68885,68889,69535,69811,69813,70161,70162,70169,70170,70421,70746,71357,71359,72118,72122,72392,72397,72937,73185,73190,73430,73434,73879,74167,74174,74450,74454,74456,74745,74746,74748,75069,75461,75466,75789,75792,75796,76507,76508,76510
production	75	67385,67390,67391,67794,67796,67800,67802,67945,68273,68279,68283,68385,68881,68882,68885,68887,69184,69538,69541,69819,70426,70914,70920,71362,71366,71842,71843,72393,72630,73184,73185,73433,73436,73684,73687,73877,73881,73882,74168,74169,74174,74455,75063,75064,75458,75463,75792,76507
coeur	74	67068,67798,67943,68276,68277,68279,68283,68387,68643,68885,68887,69178,69182,69184,69186,69539,69817,70166,70745,70746,70914,70921,71359,71361,71612,71840,71842,72113,72116,72117,72118,72395,72637,73182,73430,73434,73435,73684,73876,73878,73879,74168,74172,74455,74748,75065,75066,75067,75068,75458,75459,75461,75462,75792,76508,76511,76512
disposer	74	67383,67386,67554,67794,67798,67801,67939,67941,68281,68640,68643,68881,69178,69182,69186,69534,69542,69812,69813,69816,69817,69819,69821,70161,70162,70165,70166,70420,70421,70425,70914,70916,70923,71612,71614,71836,72113,72395,72629,72631,73182,73185,73431,73432,73434,73683,73689,73875,73877,74167,74744,74749,75070,75459,75788,75789,75792,76206,76212,76213,76511
mieux	73	67071,67387,67555,67557,67794,67800,67937,67939,67943,68885,68886,69181,69811,69812,69813,70161,70164,70420,70423,70745,70749,70916,70922,72113,72115,72396,72397,72634,72932,72940,73182,73183,73189,73430,73432,73683,73685,73688,73877,73878,73880,74172,74451,74455,74749,74750,75066,75069,75458,75459,75462,75788,75790,75794,76206,76213
exister	72	67386,67388,67555,67937,67938,67939,67943,68273,68279,68383,68390,68391,68643,69183,69813,69815,70161,70162,70425,70749,70920,71358,71359,71614,71615,71618,71620,71835,71842,72115,72117,72631,72932,72934,72935,73184,73185,73685,73878,74168,74172,74173,74449,74450,74455,74457,75065,75457,75462,75788,75792,75794,76210,76213,76509
europe	72	67383,67391,67557,67794,67804,67942,68383,68386,68638,68642,68645,69177,69538,69815,69820,70424,70425,70914,70917,70918,70920,71357,71358,71366,71615,71616,71618,71836,72113,72117,72392,72393,72394,72632,72939,73182,73430,73435,73687,73875,73878,74167,74169,74454,74746,75065,75463,75792,75795,75796,75797,76508,76510
inrer	72	67071,67385,67388,67555,67558,67794,67795,67799,67800,68384,68389,68882,68885,69182,69534,69537,69538,69812,69815,69816,69817,70420,70428,70746,70749,71357,71360,71618,71837,71842,72121,72396,72630,72632,73432,73690,74169,75069,75790,76213
publier	71	67068,67071,67556,67558,67794,67802,67937,67938,68276,68280,68383,68387,68388,68389,68882,68886,68887,69184,69533,69540,69816,69819,70167,70429,70746,70747,70753,70922,70923,71361,71617,71621,71835,71843,72113,72119,72397,72398,72401,72632,72635,72934,72940,73182,73184,73188,73189,73431,73436,73688,74167,74173,74449,74748,74750,74752,75463,75794,76210,76213,76508
contexte	71	67388,67390,67553,67554,67557,67794,67798,67801,67939,68275,68278,68383,68385,68642,68881,68882,69177,69178,69184,69534,69535,69538,69813,69814,69818,70162,70426,70429,70745,70746,70916,71357,71359,71363,72113,72392,72629,72631,72632,72635,72938,73182,73184,73431,73434,73688,73876,73877,74169,74452,74747,74749,74751,75063,75066,75457,75463,75793,75794,76206,76207,76211,76507,76508,76516
2	70	67387,67388,67555,67794,67800,67802,67939,67940,68273,68276,68279,68392,68885,69177,69182,69186,69533,69540,69542,69812,69813,69815,69817,70161,70746,70915,70916,70921,71357,71360,71836,72119,72120,72121,72393,72398,72631,72633,72635,73184,73435,73437,73687,73877,74175,74450,74746,74748,74751,75066,75071,75458,75796,76512
jeune	70	67388,67553,67555,67937,68279,68643,69177,69815,70161,70164,70166,70422,70426,70917,71357,71612,71835,71837,72113,72629,72636,72932,73182,73185,73431,73435,73683,73684,73685,73686,73878,73879,73881,74171,74449,74450,74451,74453,74747,75458,75461,75462,75466,75790,76207,76208
mois	70	67388,67553,67558,67801,67802,67937,68273,68274,68279,68388,68887,69177,69185,70161,70162,70420,70421,70422,70743,70923,71359,71612,71614,71616,71841,71842,72114,72119,72395,72396,72629,72630,72932,72933,73182,73183,73185,73430,73431,73875,73879,74167,74170,74171,74172,74451,75063,75065,75069,75457,75458,75788,75789,75794
acteur	70	67386,67388,67798,67802,67803,67946,68273,68275,68641,69535,69817,69818,69821,70161,70162,70164,70166,70169,70170,70921,70922,71358,71619,71842,71845,72392,72393,72629,72634,72637,73183,73185,73434,73435,73690,73884,74169,74172,74174,74450,74455,74457,74746,74751,75068,75457,75466,75792,75796,76207,76211,76511,76512
structure	70	67390,67558,67939,67941,67943,68279,68391,68639,68642,68643,68881,68885,68886,69534,69537,69820,70167,70422,70423,70424,70425,70745,71614,71836,71842,72396,72629,72632,73184,73430,73433,73434,73436,73685,73883,74167,74173,74749,75065,75458,75459,75462,75790,75794,76210
président	69	67071,67794,67937,68386,68643,68881,69177,69813,70165,70914,71357,71358,71616,71842,72113,72114,72392,72629,72634,72936,73182,73183,73434,73684,73875,73878,74171,74172,74175,74453,74454,74744,75066,75458,75795,76208,76507,76510,76511
fin	69	67068,67553,67558,67800,67937,67939,67940,67942,67944,68279,68393,68643,68881,68883,69533,69534,69542,70161,70163,70168,70422,70749,71357,71359,71612,71614,72114,72392,72395,72396,72629,72634,72938,73182,73183,73434,73435,73875,73876,73877,73880,74167,74168,74169,74172,74449,74450,74744,74746,74748,75457,75459,75792,75794,76211,76213,76508
produire	69	67385,67388,67391,67558,67794,67795,67801,67802,67943,68385,68387,68390,68391,68638,68644,68881,68884,69178,69184,69535,69813,69819,69821,70420,70424,71357,71837,72114,72397,72630,72633,72932,72934,72940,73184,73431,73434,73436,73684,73688,73878,74168,74173,74450,74455,74744,74745,75070,75458,75460,75461,75789,75792,76213,76511,76513
réseau	68	67386,68273,68276,68280,68393,68638,68642,68881,68884,68885,68887,69180,69181,69535,69538,69812,70162,70165,70422,70423,70746,70753,70916,71363,71615,71838,72635,72934,73185,73876,73877,73878,74167,74452,74750,75063,75071,75461,75789,76211,76510,76514
constituer	68	67071,67387,67390,67558,67795,67797,67937,67941,67944,68277,68280,68387,68389,68390,68638,68642,68882,68885,69178,69179,69537,70162,70163,70167,70420,70425,70426,70746,70919,70921,71357,71612,71836,71842,72114,72119,72393,72397,72632,72634,72940,73188,73432,73434,73683,73684,73878,74167,74449,74453,74454,74746,74747,75065,75070,75465,75789,76213
métier	68	67068,68276,68393,69535,69812,70161,70165,70421,70422,70923,71614,72114,72115,72392,72636,72637,72932,73687,73877,73879,73882,74744,74752,75457,75791
2013	68	68277,68279,68881,69533,69534,69811,70164,70169,70916,70923,71359,71362,71612,71614,71840,71845,72116,72120,72121,72122,72393,72395,72396,72399,72400,72634,72635,72937,72938,73182,73190,73683,73685,73687,73689,73690,73691,73878,73880,73882,73883,73884,74174,74175,74176,74745,74746,74748,74750,75068,75457,76513
souhaiter	67	67068,67553,67795,67800,68273,68274,68638,68642,68643,69812,69819,70165,70421,70422,70425,70749,70921,71359,71612,71618,71835,72392,72395,72401,72629,72630,72635,72938,73182,73431,73683,73684,73687,73875,73876,74168,74174,74455,74746,74747,74748,74749,74752,75068,75457,75461,75462,75792,76206,76207
fort	67	67389,67796,67938,67939,67945,68283,68638,69177,69181,69182,69186,69535,69811,69813,69816,69821,70163,70421,70743,70752,70914,70921,71357,71358,71614,71617,72121,72400,72630,72933,72934,72936,72937,73184,73185,73430,73438,73683,73685,73691,74176,74451,74457,74750,74752,75067,75458,75461,75466,75788,75795,76208,76209,76213,76508,76511,76515
euro	67	67557,67799,67801,68273,68274,68275,68277,68383,69181,69534,69538,69541,69812,69815,69818,70164,70166,71359,71360,71361,71616,71837,72114,72118,72633,72934,72935,73683,73686,73875,73878,74169,74450,74451,74746,74747,74749,75065,75066,75461,75466,75795,76508,76510
rappell	67	67071,67383,67388,67553,67555,67798,67937,67938,67939,68273,68387,68638,68643,68881,68885,70420,70749,70923,71358,71359,71612,71614,71835,71836,72113,72118,72392,72393,72396,72629,72630,72631,72932,72939,73182,73183,73184,73185,73430,73432,73434,73683,73684,73877,73879,74167,74169,74455,74744,74745,75065,75462,75788,75790,75792,75793,76508
mesure	66	67390,67553,67554,67794,67939,67946,68275,68881,68883,69533,69537,69811,69813,69817,70165,70420,70422,70424,70426,70914,70916,71359,71361,71620,71838,72114,72392,72635,73430,73434,73688,74170,74171,74449,75063,75064,75067,75460,75791,76508
durable	66	67071,67561,67803,68279,68882,69181,69185,69812,70164,70169,70420,70745,70752,70920,71366,71617,71621,71842,72398,72637,73185,74172,74175,74456,75458,75463,76511,76513,76514
point	66	67386,67554,67555,67800,67939,68273,68277,68383,68384,68882,68885,69183,69534,69813,69820,70161,70162,70425,70743,70747,70914,70919,70921,71357,71363,71612,71836,72114,72118,72634,72933,73432,73880,73883,74168,74174,74176,74450,74452,74453,74457,74744,75063,75069,75464,75788,75791,75793,75796,76206,76213,76510
lancer	66	67388,67555,67557,67938,67939,67941,67942,68383,68641,68645,69177,69537,69538,69811,69813,69817,70163,70164,70166,70422,70916,71362,71614,71615,71835,71836,72114,72392,72394,72395,72396,72630,72634,73182,73184,73432,73433,73434,73436,73683,73684,73686,74168,74450,74455,74744,75063,75065,75068,75457,75458,75460,75461,75793,76207,76509,76512
devenir	66	67389,67556,68274,68383,68387,68638,68642,68882,68883,69183,69535,69820,70161,70166,70429,70746,70922,71357,71358,71359,71614,71621,71835,71840,71841,72113,72114,72394,72630,72631,72633,72934,73182,73430,73432,73683,73685,73687,73688,73881,74167,74168,74169,74173,74449,74456,74744,74746,74750,75068,75459,75466,75795,76213,76509,76510,76513,76514
unique	66	67068,67553,67795,67798,67799,67937,67941,67944,68279,68638,68643,68881,68884,69178,69182,69185,69534,69815,69817,69818,69819,70162,70420,70421,70915,70916,70919,70921,71616,71619,71842,72114,72122,72397,72629,72631,72634,72939,73183,73432,73438,73683,73687,73879,74168,74169,74453,74455,75070,75788,75790,75793,75797,76208,76513
2012	65	67553,67798,68638,68881,68889,69177,69534,69540,69542,69543,69820,70164,70168,70169,70170,70751,70752,70916,70920,71363,71619,71620,71835,71837,72114,72115,72122,72392,72393,72396,72633,73183,73184,73430,73432,73435,73685,73875,73879,74170,74454,74748,74752,75065,75463,76213
voire	65	67383,67388,67390,67553,67557,68273,68280,68283,68643,68882,68886,69533,69814,69819,70161,70166,70420,70421,70422,70424,70743,70744,70745,70747,70749,70919,70921,71359,71619,71621,71835,71843,72114,72115,72116,72392,72396,72630,72932,72939,73432,73684,73685,73687,73875,74167,74449,74450,74749,74750,74751,75068,75069,75789,76211,76213,76511
mondial	65	67071,67383,67391,67557,67795,67796,67798,67937,67939,67941,67943,68383,68638,68881,69178,69179,69181,69533,69538,69811,69812,69814,69815,70164,70426,70914,70917,71359,71360,71363,71614,71619,71840,72117,72633,72933,72934,72935,72938,72939,73186,73435,74453,74454,74744,74745,74746,75064,75068,75465,76207,76211,76515
établissement	65	67068,67383,67795,67944,68276,68881,68888,69177,69178,69181,69183,70161,70162,70422,70743,70915,70923,71357,71358,71362,72113,72392,72393,72398,72637,72936,73430,73876,74172,74175,74449,74746,74749,75063,75068,75071,76507,76513
répondre	64	67794,67938,68275,68279,68643,69177,69535,69541,70161,70169,70751,70915,70920,71359,71615,71617,71619,71621,71835,71836,72117,72394,72399,72629,72637,72932,72936,73184,73188,73684,73685,73687,73689,73876,73877,74450,74453,74455,74744,74748,74749,75063,75064,75069,75790,75792,76212,76213,76507,76509,76512,76513
analyse	64	67387,67388,67555,67795,67797,68275,68277,68392,68644,68645,68881,68885,68886,69533,70420,70749,70919,70920,71618,71845,72113,72635,72637,73185,73189,73432,73683,73685,73877,74168,74171,74173,74452,74455,75067,75788,75793,76206,76207,76208,76516
dispositif	64	67554,67798,67940,68274,68277,68646,68881,69181,69537,69540,69814,69817,70162,70420,70425,70744,70753,71616,71836,72119,72395,72397,72635,73186,73430,73435,73876,74171,74454,74746,74750,75064,75070,75792,76210,76508,76510
durer	64	67794,67798,67801,67937,68273,68274,68383,68387,68881,68883,69179,69534,69537,69821,70161,70169,70749,71359,71363,71835,71836,72113,72394,72629,72630,72932,72934,72935,72937,72939,73182,73185,73430,73432,73684,73685,73879,73881,73882,74168,74170,74171,74175,74450,74453,74752,75458,75459,75464,75788,75793,76208,76509
concerner	63	67071,67385,67387,67388,67555,67556,67937,67939,67942,68273,68279,68383,68889,69178,69186,69533,69535,69536,69813,69815,69816,70162,70169,70428,70745,70749,70914,70915,71360,71361,71615,71617,71621,71835,72393,72396,73182,73187,73431,73683,73684,73875,74167,74169,74745,74751,75458,75464,76207,76213,76507,76511
vie	63	67068,67071,67383,67798,67799,67801,67937,67938,67939,67944,68274,68277,69177,69178,69535,69539,69811,69821,70429,71357,71362,71620,71835,71836,71845,72116,72392,72394,72629,72932,72933,73182,73435,73684,73688,74167,74169,74746,74751,75063,75065,75071,75464,75465,75792,75793,75795,76213
près	63	67556,67796,67937,68274,68384,68387,68641,68645,68646,69179,69542,69812,69813,69821,70743,70914,70916,71358,71360,71616,71841,72113,72119,72392,72393,72394,72630,72632,72932,72934,72935,72940,73184,73186,73435,73438,73683,73684,73691,73875,73879,73882,73883,74172,74746,74748,74749,75065,75068,75458,75466,75788,75795,76508,76510
capable	63	67553,67557,67798,67941,68278,68280,68387,68390,68638,68643,68883,69182,69818,70167,70420,70421,70423,70425,70744,70746,70747,70914,70919,71359,71614,71836,72114,72397,72932,72933,73187,73432,74450,74745,75063,75065,75067,75459,75460,75789,75794,76207,76208,76507
enfant	62	67555,68645,68881,70428,70745,70749,71841,72396,72401,72932,73431,74453,74744,75063,75458,76509
unité	62	67068,67388,67389,67556,67801,67802,67941,68278,68384,68385,68387,68388,68882,68883,68885,69180,69184,69812,70420,70425,70426,70743,70745,70746,70916,71612,71618,71836,71837,71842,72393,72394,72630,72631,72633,73184,73431,73432,73683,73687,73877,74169,74170,75063,75069,75458,75459,75793,76515
aliment	62	67071,67555,67557,67798,68882,69534,70166,70745,71360,71366,71843,72396,72631,72634,73685,74449,74453,75069,75790,76206,76209,76213,76507,76511,76514
question	62	67389,67553,67555,67794,67937,67939,68275,68383,68638,68642,68643,68882,69533,69821,70161,70163,70421,70749,71359,71363,71835,71837,72398,72401,72630,72932,72938,72940,73182,73184,73188,73877,74175,74457,74748,74749,74751,74752,75069,75463,75792,75793,76206,76209,76508
supérieur	62	67068,67071,67795,67940,67944,68273,68277,68280,68383,69180,69181,69185,69540,69820,70161,70167,70168,70743,70748,70914,70915,70917,70923,71358,71361,71362,71363,71620,71837,72113,72397,72633,72637,72932,72935,72936,72938,73182,73183,73430,73876,74168,74173,74175,74455,75066,75457,76210,76513
connaître	62	67387,67556,67794,67800,67801,67937,67939,68387,68388,68390,68643,68881,68885,68886,69184,69186,69540,69819,70161,70166,70169,70421,70744,70916,70919,71618,71835,72113,72114,72115,72116,72397,72401,72632,73182,73183,73430,73431,73434,73685,73875,73876,73878,73879,73884,74167,74172,74455,74457,74752,75069,75457,75788,76206,76507
nombre	62	67068,67387,67388,67553,67795,67798,67801,67939,68279,68280,68387,68642,69182,69540,69817,70161,70162,70166,70420,70422,70425,70745,70753,70914,70916,70920,71357,71358,71359,71618,72113,72115,72392,72635,72936,73187,73430,73434,73683,73875,74744,74745,74751,74752,75063,75459,75790,75792,75793,76209,76508
étape	62	67385,67388,67554,67556,67798,67802,67937,67938,68279,68643,70165,70167,70744,70745,70914,70920,70922,71617,71840,71845,72115,72118,72119,72392,72629,72630,72933,73434,73436,74167,74168,74169,74176,74455,75065,75069,75070,75788,75792,75793,75794,76210,76508,76511,76512
besoin	62	67383,67553,67554,67557,67794,67799,68276,68281,68638,69177,69535,69537,69539,69812,69816,70161,70164,70420,70422,71617,71619,71621,71836,72113,72114,72115,72117,72395,72398,72635,72935,73430,73432,73434,73436,73876,73877,74167,74450,74744,74745,74749,74751,75064,75069,75457,75458,76209,76213,76511
quand	61	67553,67555,67795,67937,67938,67939,68274,68884,69813,69816,70161,70163,70166,70421,70422,70915,70919,71359,71614,71835,71840,71842,72114,72115,72393,72394,72629,73182,73431,73432,73684,73685,73876,73877,74168,74449,74745,74750,75458,75790,75792,76207,76507,76511
prix	61	67068,67937,68273,68274,68641,68881,68882,70168,70751,71612,71835,72115,72630,72633,72634,72932,72933,73185,73190,73435,73438,74169,74450,74746,75066,75790,75797,76208,76509,76516
satellite	61	67939,67942,68275,68644,69177,69179,69537,69811,69813,70163,70170,71836,71839,73434,73880,75789
possible	61	67068,67383,67385,67386,67553,67554,67558,67794,67795,67798,67801,68279,68388,68882,69178,69182,69183,69535,69540,69811,70162,70743,70744,70746,70914,70916,70921,71357,71617,71836,71838,72115,72397,72934,72939,73184,73431,73432,73434,73435,73683,73876,74167,74168,75065,75067,75070,75071,75459,76208,76510
partir	61	67068,67383,67554,67558,67794,67795,67801,68280,68383,68643,68886,69533,69535,69537,69814,69815,69816,69819,70162,70423,70749,70916,70917,71357,71360,71366,71612,71614,71841,72113,72115,72396,72397,72630,72939,72940,73182,73183,73431,73683,73878,74450,75068,76206,76207,76208,76213,76511
nucléaire	61	67943,68383,69178,70915,71619,71837,72113,72392,72397,72629,72937,73883,74168,75792,76207
climatique	61	67071,67387,67794,67803,67939,68389,68645,68882,69182,69533,69535,69813,69814,69816,69817,70745,70916,71363,71618,71621,71837,71842,72939,73183,73434,73684,73688,73877,75458,75463,76213
sol	61	67071,67797,67939,68279,68388,68643,68645,69177,69182,69537,69538,69812,71617,71836,71837,71840,73434,73684,73880,75066,75458,75788,75789,76213,76510
désormais	61	67553,67795,67798,67802,68273,68392,69177,69178,69183,69535,69539,69540,69813,70166,70421,70422,70749,70914,70920,70923,71358,71621,71835,71836,71839,71843,72115,72116,72394,72631,72633,72932,72934,73430,73432,73684,73685,73877,73879,73881,74172,74745,74749,74751,75063,75064,75458,75461,75462,76206,76207,76211
patient	61	67556,67801,67941,68387,68646,68881,70918,70919,71841,72117,72935,73187,73435,73686,74171,74173,74452,74453,74454,75065,75067,75459,75793,76208,76507,76508
traitement	61	67554,67796,67799,68388,68646,68883,69177,69813,69814,69819,70424,71360,71616,72117,72392,72630,72637,72935,73187,73431,73432,73433,73434,73435,73684,73685,73686,73691,73879,74173,74452,74453,75065,75067,75458,76208,76512
spatial	60	67939,68275,68392,69177,69179,69537,69811,69812,69819,70163,70170,70424,70746,70914,71358,71836,71839,72113,73189,73434,73880,73884,75066
plateform	60	68385,68393,68884,69180,69812,69817,70162,70420,70426,70914,70923,71359,71842,72633,72939,73190,73432,73437,74168,74452,75063,75064,75068,76208,76516
montrer	60	67387,67390,67554,67558,67794,67800,67937,67942,68274,68281,68387,68388,68389,68882,68886,68887,69533,69534,69816,70423,70744,70746,70914,70915,70919,70921,71843,71845,72113,72122,72631,72632,72635,72934,73184,73431,73689,74173,74449,74749,75065,75463,75794,76206,76511
côté	60	67388,67555,67794,67799,67938,67940,67945,68274,68276,68391,68639,68640,68645,68881,69179,69812,69818,70162,70748,70915,70916,71359,71362,71838,72115,72396,72630,72634,72635,72637,72932,73183,73185,73430,73683,73684,73685,73879,74172,74453,74455,74746,74749,75069,75070,75457,75461,75462,75789,75793,76209,76213,76508
représenter	59	67387,67391,67556,67557,67795,67802,68280,68645,68882,69177,69178,69535,69813,69815,69820,70166,70420,70421,70424,70745,71360,72114,72392,72396,72631,72933,72938,72940,73182,73188,73683,73875,73878,74169,74172,74452,74746,74747,74749,75067,75070,75465,75788,75792,75794,75795,76208,76513
dijon	59	67555,67798,68279,68387,68643,69534,69812,69817,70420,70428,70749,71842,72116,72394,72396,72631,72634,73184,73685,73877,74169,74449,75462,75790,75793,76206,76209,76511
site	59	67386,67795,67797,67800,67802,67941,68279,68384,68884,68885,69178,69184,69542,69813,69819,69821,70162,70420,70743,70914,70921,71358,71838,71842,72392,74449,74450,74457,75064,75068,75457,75463,75788,75792,76208,76210
haute	59	67553,67796,67937,68275,68277,68391,68638,68642,68644,69177,69178,69811,69820,70424,70426,70743,70914,70918,71362,71836,71838,71839,71841,72392,72635,72932,72933,72934,72939,73184,73431,73435,73688,74451,74452,75066,75067,75794,75796,76210
changement	58	67071,67387,67794,67803,67938,67939,67942,68389,68645,68882,69182,69533,69535,69539,69816,69817,70161,70745,70916,70919,71363,71621,71837,72116,72393,72395,72637,73183,73430,73877,75463,75793,76213
spécifique	58	67388,67390,67553,67554,67555,67556,67558,67798,67802,68385,68387,68882,68885,69183,69186,69813,69816,70162,70420,70424,70425,71359,71619,72116,72398,72399,72630,72631,73431,73432,73876,74168,74171,74450,74749,74751,75064,75065,75069,75459,75788,75792,76208,76209,76213,76508,76511
préciser	58	67068,67386,67388,67553,67938,67944,68387,68638,68881,68882,68885,68887,69177,69179,69534,69812,69817,70420,70421,70425,70745,70749,70914,70916,71357,71358,71842,71845,72113,72115,72396,72629,72631,72933,73184,73430,73683,73875,73876,74168,74171,74749,74752,75065,75457,75458,75462,75789,76209,76213,76508,76511
5	57	67553,68273,68275,68393,68889,69177,69185,69186,69533,69541,69543,69811,69815,69817,70163,70169,70423,70916,71359,71840,72630,72634,73185,73430,73684,73687,73691,73876,73882,74167,74176,74451,74456,74745,74746,74749,74751,75071,75458,75462,75465,75789,75795,76212,76512
objet	57	67068,67388,67391,67555,67796,67804,67937,67942,68274,68279,68383,68390,68391,68881,68882,70163,70165,70421,70429,70744,70917,70919,71836,71843,72115,72117,72392,72634,72637,72936,73186,73435,73436,73683,73877,73879,74173,74175,74450,75065,75068,75071,75788,75791,75792
vers	57	67071,67557,67798,68279,68389,68638,68884,69533,69538,69540,69542,70422,70753,70914,71358,71621,71837,72115,72117,72392,72633,72635,72932,72935,72937,73182,73184,73430,73683,74169,74175,74450,74457,74749,74752,75067,75069,75070,75457,75463,75791,75794,76210,76213,76507,76510
conférence	57	67071,67392,67804,67940,68387,68881,68889,69177,69543,69820,70164,70169,70170,70752,70914,71835,71837,72120,72122,72393,72398,72631,72932,72937,73438,73685,73880,73883,73884,74175,74176,74456,74752,75457,75465,76509,76512,76515,76516
évidemment	57	67383,67386,67388,67553,67794,68274,68389,68638,68882,68887,69533,69535,70161,70162,70420,71357,71359,71363,71612,71614,71836,72396,72397,72630,72634,72932,72939,73182,73189,73431,73437,73684,73685,74168,74169,74744,74749,75063,75457,75458,75788,75789,76206,76515
responsable	56	67391,67553,67556,67800,67801,67939,67946,68274,68279,68885,69179,69539,69813,69817,69821,70162,70923,71359,71620,71836,71840,72393,72394,72396,72401,72629,72631,72637,72933,73431,73437,73683,73876,73877,74176,74456,74744,75063,75064,75069,75788,75789,76209,76508,76511,76512,76513
régional	56	67388,67391,67553,67561,67798,67804,67939,68277,68385,68393,68884,68885,69182,69535,69817,70420,70422,70743,70745,70749,70916,70921,71617,71841,71842,72395,72396,72400,72630,72933,72938,73430,73434,73687,73879,74172,74176,74455,74748,74749,75066,75789,76508
voir	56	67068,67383,67794,68387,68391,68638,69177,69534,69535,69813,69821,70421,70422,70915,70916,71619,71835,71836,71842,72114,72393,72400,72630,72632,72636,72933,72939,73182,73431,73683,73684,73686,73876,74167,74168,74169,74172,74457,74744,75458,75793,76511
utilisation	56	67385,67386,67390,67553,67558,67939,68273,68390,68392,68646,68881,69177,69182,69183,69533,69535,69814,69820,70170,70746,70914,70916,70919,71616,71836,72115,72116,72635,73431,73434,73436,73877,74174,74450,74451,75067,75069,75458,75464,75788,75792,75794,76210,76508,76516
toujours	56	67068,67383,67386,67553,67554,67939,68276,68389,68638,68643,69812,70161,70166,70422,70423,70429,71612,71614,71835,72393,72396,72629,72932,72939,73182,73183,73185,73189,73432,73683,73877,73879,74167,74450,74455,74457,74744,74745,74746,75066,75797,76206,76213,76507,76508
art	55	68276,68393,70161,70165,70422,70923,71361,71835,72115,72393,72630,73876,73882,74749,74752,75457,75788,75791
instrument	55	67068,67939,69177,69181,69811,70163,70424,70914,70916,70919,71836,72119,73688,74171,74451,74455
reste	55	67068,67388,67389,67553,67554,67555,67557,67795,68273,68383,68391,68643,68887,69182,69184,69813,70163,70167,70425,70921,71612,71614,71835,72114,72115,72629,72634,72636,73182,73185,73187,73433,73436,73683,74167,74168,74450,74747,75789,75794,76209,76210,76213,76508
agriculture	55	67794,67804,68273,68279,68882,69182,69538,69812,69821,70165,70420,70745,71357,71836,71837,71842,72393,73879,74450,76213
homme	55	67794,67798,67937,67941,68283,68387,69819,70429,70745,71357,71835,71837,71842,71843,72115,72116,72631,72636,72937,72939,72940,73182,73185,73430,73684,73685,73879,74449,74454,74749,74752,75458,75460,75791,76213,76508,76511
création	55	67068,67553,67795,67798,67802,67937,68279,68638,68882,68888,69177,69180,70162,70420,70426,70748,70917,71362,71614,72114,72393,72400,72630,72637,72933,72934,72936,73430,73434,73683,73687,73875,73876,73878,73879,74450,74752,75464,75466,75792,76512
environ	54	67554,67555,67794,67799,67801,68279,68281,68387,68388,68646,68882,68886,69177,69186,69536,69813,69818,70422,70424,70425,70744,71359,71362,71612,72115,72117,72395,72397,72635,72934,72939,73184,73188,73430,73432,73433,73435,73436,73684,73878,74173,74449,74453,75065,75794,76208
innovant	54	67068,67553,68279,68383,68641,69177,69535,69536,69539,69817,69821,70164,70169,70420,70751,70918,70921,71359,71366,71614,71616,71842,72114,72400,72936,73184,73437,73691,73876,73878,73884,74167,74176,74452,74454,74746,74748,75461,75465,75466,75797,76513,76514
suivre	54	67392,68273,68387,68393,68640,68643,68881,68885,69177,69182,69185,69537,69811,69813,70161,70162,70164,70420,70421,70422,70428,70744,70749,70917,70922,70923,71838,72114,72119,72398,72631,72636,73185,73879,73880,74171,75457,75793,76208,76507,76511,76516
événement	54	67937,67945,67946,68274,69177,69541,69820,70162,70164,70166,70751,70752,70916,72116,72120,72393,72400,72629,72937,72938,72939,73190,73438,73683,73880,73881,73882,73884,74170,74175,74176,74449,74456,74748,75795,75796,75797,76212,76509,76514,76515
ensuite	53	67385,67554,67558,67802,67939,68383,68387,68391,68643,68645,68882,68884,69182,69183,69534,69540,69811,69813,70422,70920,71357,71359,71835,72115,72121,72394,72397,72630,72932,72934,73182,73185,73432,73683,73877,74449,74450,75065,75458,76213,76508,76511
société	53	68273,68276,68279,69535,69543,69816,70164,70745,70748,70914,70916,70918,71357,71366,71620,71835,72113,72117,72629,72939,72940,73182,73183,73431,73875,74175,74454,74457,75066,75067,75458,75461,75465,75792,75793,76207,76208,76211,76213
scénario	53	67554,67794,69182,69533,69535,69816,70162,70751,70916,71357,72392,75463
là	53	67555,67795,67798,67938,67940,68274,68279,68387,68639,68643,69177,69178,69185,69811,69812,69813,70161,70421,70422,70424,70743,71358,71360,71614,71617,71842,72113,72629,72634,72932,73182,73184,73430,73434,73436,73875,73879,74167,74168,74454,74752,75063,75065,75457,75458,75790,76213,76507
evénemer	53	67392,67561,67803,67804,67945,67946,68889,69186,69542,69543,69820,70168,70169,70170,70428,70749,70751,70752,71363,71620,71845,72120,72121,72122,72399,72400,72937,72938,72939,73190,73438,73689,73690,73691,73881,73882,73883,73884,74174,74175,74176,74456,75071,75464,75465,75466,75795,75796,75797,76212,76514,76515,76516
comment	53	67389,67555,67803,67937,67938,67939,68638,68884,69534,69538,69539,70161,70163,70420,70421,70745,70921,70922,71835,72113,72392,72631,72932,72940,73183,73876,73877,74168,74175,74176,74457,74744,74751,74752,75465,75790,75793,76209
manière	53	67387,67390,67553,67794,67795,67798,67800,67942,68280,68646,68882,68885,69178,69533,69537,69813,69817,70162,70421,70745,70747,70753,70920,71359,71366,71617,71618,71843,72115,72393,72932,73184,73185,73430,73431,73876,74167,74171,75067,75069,75790,75794,76206,76213
2011	53	67392,67556,67561,67804,67937,67941,67945,67946,68276,68279,68283,68387,68390,68638,68640,68881,68882,68883,69177,69541,69811,69815,70166,70169,70424,70915,70916,71358,71836,72393,72938,72940,73182,73431,73432,73684,73879,73880,74450,74749,75460,76510
rôle	53	67556,67800,67803,67937,67946,68274,68387,68388,68881,68882,68886,69181,69184,69540,69815,70161,70749,70914,70921,72116,72119,72631,72634,72932,73184,73185,73434,73683,73685,73691,73878,74744,74746,75070,75459,76206,76209,76511
parallèlement	53	67389,67553,67555,67795,67801,67940,68274,68384,68387,68388,68638,68643,68882,68885,69181,69533,69534,69536,69537,69539,69541,69819,70161,70162,70422,70425,71614,72114,72394,72398,72629,72630,72935,73182,73186,73437,73687,73691,73879,73880,74168,74454,74746,74748,75788,75793,76206,76508,76510
expérience	53	67389,68383,68388,68638,68643,69178,69540,69813,70748,70749,70914,70919,71614,71845,72113,72392,72394,72397,72399,72629,72932,72937,72940,73185,73432,73683,73684,73690,73875,73876,74167,74746,75063,75789,75792,76206,76508
problème	52	67383,67386,67801,68274,68276,68383,68643,68645,68881,68883,68885,69177,69539,70161,70421,70423,70425,71621,71835,72113,72394,72629,72634,73182,73434,73683,73876,74167,74168,74457,74744,75457,75458,75465,76210,76509
6	52	67555,67557,67558,67939,67940,68273,68386,68881,68888,68889,69177,70162,70164,70169,70420,70423,70426,70743,70745,70749,70916,70917,71359,71836,72114,72120,72630,72636,72938,73183,73185,73190,73683,73687,73879,73882,74168,74170,74176,74746,75465,75788,75789,76212
véritable	52	67071,67383,67553,67795,67939,67941,68275,68387,68885,69813,70161,70170,70421,70745,70923,71621,71835,71842,72113,72394,72400,72401,72630,72633,72635,72636,73182,73185,73186,73187,73433,73436,73876,74167,74169,74172,74453,74747,75065,75066,75068,75457,75797,76211,76507
condition	52	67385,67794,67939,68385,68388,68389,68643,68887,69182,69183,69534,69817,69821,70161,70420,70421,70743,70748,70916,71617,72394,72629,72631,72933,72934,72939,73185,73432,73435,73684,73687,73877,74168,74744,75067,75789,76213,76508,76516
composer	52	67068,67385,67390,67554,67800,67802,67939,68273,68280,68390,68646,69178,69179,69533,70163,70425,70919,71360,71618,71843,72118,72119,72397,72634,73184,73689,73880,74168,74454,74750,75064,75066,75070,75458,75790,75793,75794,76206,76210,76507,76511
fruit	52	67391,67555,67939,67941,67943,68273,68383,68387,68393,68881,68882,68884,68888,69178,69535,69817,69821,70162,70421,70422,70914,71358,71359,71614,72117,72393,72939,73430,73434,73685,74167,74752,75063,75069,75458,75459,75462,76213
créée	52	67071,68273,68384,68393,68638,68646,68881,68888,69180,69541,69812,70162,70424,70748,71358,71360,71362,71616,71619,71840,71841,72113,72117,72118,72398,72630,72637,72936,73184,73185,73432,73435,73685,73686,73875,73883,74171,74176,74450,74451,74453,74454,74747,74749,74751,74752,75064,75065,75066,75067,76207,76507
précison	51	67388,67556,67557,67802,67939,67940,67941,67944,68275,68388,68393,68884,69181,69182,69533,69537,69541,69815,70162,70426,70743,70747,70919,70920,70923,71359,71361,72117,72121,72633,72935,73437,73686,73876,73880,73883,74176,74451,74452,74454,74750,75068,75071,75795,76208,76209,76210,76508,76510
heure	51	67385,67388,67558,67801,67940,67942,68640,68881,69177,69541,69811,70423,70425,70916,71614,71835,72115,72394,72397,72932,73184,73187,73430,73689,73877,74170,74176,74449,74450,74745,75460,75789,75792,76212,76508,76510
10	51	67390,67555,68273,68281,68383,68392,68638,68881,68882,68885,69179,69185,69541,69811,69814,70163,70743,70747,70751,70918,70921,71359,71360,71619,72115,72117,72633,72635,72933,72934,72937,73182,73434,73683,73684,73688,74173,75065,75458,75464,75795,75797,76212,76508,76512
porter	51	67386,67554,67555,67941,68275,68277,68393,68887,69178,69537,69818,70421,70752,70914,71357,71618,71842,72394,72395,72398,72634,72932,72938,72939,73431,73432,73684,73685,73882,74168,74449,74450,74453,74457,75067,75459,75465,75466,75789,76206,76213,76509,76516
développé	51	67068,67554,67801,67938,67939,67940,68273,68646,69177,69178,69179,69184,69534,69812,70161,70162,70421,71358,71360,71612,71618,71841,72115,72933,72935,72939,73186,73431,73434,73435,73684,73876,73878,73879,74168,74171,74450,74453,75067,75458,75460,76208,76508,76511
toulous	51	67386,68644,69177,69180,69542,69814,69819,70170,70914,71362,71612,71615,72121,72630,72635,72935,73185,73434,73438,73691,73884,74748,76512
participer	50	67383,67385,67798,67799,67940,67942,67944,68383,68386,68387,68388,68638,68885,69536,69542,69543,69812,70161,70422,70749,70914,70916,71620,71842,72122,72398,72634,73184,73185,73190,73430,73431,73432,73438,73685,73686,73687,73880,74167,74453,74751,75065,75458,75466,76207,76510
capacité	50	67386,67388,67796,68273,68392,68638,69177,69533,69535,69812,70161,70423,70424,70743,70753,70914,70916,71359,71618,71836,72113,72115,72397,72635,72932,73184,73432,73436,73879,74167,74173,74449,74451,74454,74745,75068,75458,75459,75789,75793,76213,76508
organiser	50	67071,67561,67940,67941,68384,68638,68882,68887,68889,69541,69543,70162,70170,70428,70751,70921,70923,71363,71617,71620,71845,72114,72120,72122,72393,72396,72629,72939,73437,73690,73880,73883,73884,74170,74172,74175,74449,74456,74746,74748,75071,75466,75788,76212
risque	50	67071,67801,68276,68283,68645,68883,69181,69813,70165,70429,70914,70915,70916,70918,71612,71618,72113,72395,72631,72935,73183,73430,73431,73432,73435,73684,74449,74453,74455,75069,75459,76514
je	50	67068,67383,67795,68274,68276,68387,69177,69821,70161,70749,70914,71612,71835,71842,72114,72115,72394,72629,72631,72636,72932,73182,73184,73430,73683,73876,74449,74455,75459,75790,76206,76213
image	50	67068,67554,67796,67945,68391,68641,69177,69182,69537,69540,69811,69816,69819,70420,70424,71357,71612,71836,72629,72932,73189,73431,73879,74450,74752,75063,75458,76508
information	50	67068,67386,67554,67561,67945,68275,68276,68283,68391,68642,68887,69534,69536,69537,69540,69816,70162,70166,70168,70423,71359,71614,72400,72637,72940,73431,73880,74167,74449,74452,74744,74746,74747,75071,75788,75790,75791,76206
particulièrement	50	67068,67553,67937,67938,68273,68274,68276,68383,68389,69185,69812,69816,69821,70162,70420,70745,70914,71612,71621,71836,71842,72115,72396,72932,72938,73875,74450,74453,74455,74744,74746,75063,75065,75069,75464,75466,75789,75790,75795,76511
installer	50	67795,67797,67798,67799,68274,68277,68278,68385,68387,68643,68881,68883,68884,69535,69821,70421,70422,70746,70916,71358,71614,72114,72396,72630,72634,72932,72933,73185,73186,73430,73684,73687,73875,73876,73879,74168,74746,75064,75066,75458,75461,75789,76207,76513
évolution	50	67553,67794,67795,67938,68645,68881,68882,68889,69533,69537,69538,69816,70161,70162,70424,70745,70916,70923,71357,71618,71835,72113,73182,73183,73690,73880,74457,74752,76213,76508,76512
offrir	50	67940,68273,68274,68275,68281,68390,68644,69180,69184,69537,69540,69813,70163,70421,70745,70747,70749,70914,71358,71359,71361,71616,72395,72398,72399,72632,73431,73432,73691,73879,73881,74171,74452,74454,74747,74750,75068,75071,75461,75788,75789,75792,76211,76514
durée	50	67555,67557,67939,68642,68645,69177,69534,69536,69539,69811,69821,70162,70164,70421,70426,70914,70916,71362,71836,71843,72118,72634,72637,73183,73185,73187,73437,73684,73689,74167,74168,74170,74451,74749,74751,75064,75065,75069,75464,75789,76213,76511
façon	50	67068,67392,67554,67797,67939,68387,68643,68881,68882,68887,69177,69181,69183,69815,70164,70421,70425,70429,70916,71357,71617,71618,71835,71843,72114,72397,72401,72629,72932,73187,73434,73435,73684,73685,73876,73879,73882,74172,74173,74449,74453,74748,74751,75063,75064,75790,76210
poursuivre	50	67068,67383,67388,68383,68392,70166,70425,70749,70915,70916,70917,70918,71360,71362,71840,72394,72395,72396,72629,72630,72634,72635,72932,73430,73434,73436,73685,73875,73880,74170,74454,74745,74746,74752,75065,75457,76206,76510,76511
académie	49	67937,70429,72113,72401,72630,72932,73182,73434,73687,76213
social	49	67071,67557,67798,68276,68283,68386,68882,69533,69535,69813,70161,70748,70916,70920,71357,71620,72393,72398,72637,72939,73185,73190,73431,73432,73683,73882,74167,74175,74746,74748,75063,75461,75793,76208,76213
rd	49	67946,68383,68384,69813,70166,70425,71615,71621,71840,71842,72113,72114,72118,72121,72392,72394,72398,72634,73182,73875,73876,73877,74167,74168,74172,74176,74450,74455,74749,74752,75063,75065,76212,76513
direct	49	67389,67390,67391,67558,67800,67801,67802,67946,68280,68388,68389,68390,68391,68644,68645,68646,68886,68887,69183,69184,69539,69540,69816,69819,70167,70746,70747,70753,70922,71618,71843,72119,72397,72401,72630,72635,73188,73189,73436,73688,74173,74748,74750,75070,75463,75794,76210
start-up	49	67068,67799,67802,68643,68881,71359,71616,71842,72629,73691,73878,74450,74451,74452,75066,75068,75461,75465,75795,76207,76208,76211
test	49	67386,67554,67801,67940,68387,68643,69179,69534,69815,70163,70425,70744,70923,72634,73186,73684,73685,73686,74168,74169,75064,75797,76207,76508,76511
effectuer	49	67389,67554,67800,68275,68390,68640,68881,68883,68885,68887,68888,69533,69534,69537,69817,70162,70165,70421,70422,70424,71618,71836,71837,72394,72629,72939,73183,73185,73434,73683,74168,74749,75068,75457,76206,76208
professeur	49	67798,67937,67944,67945,68276,68277,68280,68281,68387,68646,68881,69539,70161,70426,70918,71360,71361,71835,72394,72631,72932,72938,73182,73431,73434,73437,73876,73879,74454,75458,75459,75462,75788,75791,76508,76511,76515
intérêt	49	67553,67555,67801,68279,68386,68387,68391,68882,68884,68885,69183,69536,69812,70420,70421,70745,71360,71618,71621,71845,72116,72117,72392,72397,72630,72932,73184,73683,73684,74171,74455,74457,75063,75065,75458,75459,76206,76208,76511
protéine	48	67556,67801,68388,68390,69539,70420,71837,72115,72116,72394,72630,72631,73184,73878,74173,75069,75459,76213
thématique	48	67071,67795,67946,68279,68642,69543,69820,70161,70422,70745,70751,71359,71615,72116,72120,72393,72398,72400,72631,72937,72938,73431,74172,74748,75064,75793,76212,76213,76514
réussir	48	67389,67794,67937,68283,68383,68639,68882,69177,69178,69179,69535,69819,70166,70167,70915,71359,71612,71621,71836,71842,72119,72396,72397,72398,72634,72932,72933,73185,73432,73683,73684,73880,74168,74450,74745,75065,75069,75794,76507,76511
bourgogne	48	67553,67795,68279,68387,69817,70420,70428,70745,70749,71359,71619,71842,72116,72394,72396,72634,73184,73685,73877,73879,74169,74172,74455,74749,76206
partie	48	67553,67798,67802,67939,68279,68281,68388,68392,68881,68882,69184,69534,69539,69817,70162,70420,70421,70424,70425,70745,71358,71612,71614,71618,71835,72630,72631,72932,72934,73184,73185,73432,73685,73877,73879,74745,75463,76206,76209,76508
ici	48	67068,67387,67794,67795,68279,68383,68638,68881,68885,69178,69181,69182,69533,69539,69816,69817,70422,70745,70748,70920,70921,70923,71357,71362,71614,71842,72114,72392,72394,72933,73430,73684,74451,75063,75069,75463,75789,75795,76211
vin	48	68387,73684,73877,74169,76206,76512,76516
découvrir	48	67068,67937,68274,68276,68283,68390,68885,69184,69821,70161,71612,71614,72115,72116,72399,72631,72939,72940,73185,73190,73434,73884,74176,74452,74752,75457,75459,75464,75788,75790,75797,76206,76208,76209,76213
naturel	48	67071,67390,67558,67794,67799,67937,67938,67942,67943,68283,68385,68389,68390,68881,68882,69181,69533,69535,70420,70914,70917,71621,71836,71843,71845,72394,72630,73184,75463,75788,75789,75792,76209,76511,76516
bon	48	67385,67386,67558,67798,67800,67937,68881,68882,69177,69811,69819,70161,70163,70421,70422,70749,70914,70915,71357,71359,71835,72114,72629,72634,72932,73182,73183,73185,73187,73432,73683,73684,74750,75069,75070,75459,75461,75790,75792,76207,76513
tant	48	67068,67388,67794,67795,67797,67802,67938,68273,68275,68279,68283,69185,69535,69820,70161,70165,70170,70421,70422,70746,71366,72113,72115,72393,72394,72396,72399,72634,72636,72932,73430,73683,73685,73880,74167,74168,74450,74455,75064,75459,75793,76206
seulement	48	67071,67388,67389,67553,67557,67798,67939,68273,68275,68384,68884,68885,69178,69541,69813,69818,69821,70161,70421,70423,70748,70914,71357,71617,71840,72113,72116,72399,73434,73436,73684,73876,73881,74167,74168,74169,74171,74451,74745,75069,76210,76211,76213,76512
approche	48	67390,67554,67800,67802,67944,68275,69177,69533,69812,69813,70161,70914,71359,71617,72116,72118,72629,73183,73187,73684,73686,73876,73877,73881,74175,74744,75457,75460,75462,75465,75790,76511
démarch	47	67383,67553,67795,68274,68275,68279,68383,68643,69533,69813,70161,70421,70915,71357,71845,72118,72392,72395,72396,72634,73182,73185,73430,73435,73876,73877,74172,74455,74745,74746,75457,75459,75461,76207,76208,76209,76211,76508,76511
décider	47	67794,67937,68274,68279,68383,68883,69177,69534,69813,70161,70162,70166,70422,71612,71614,71615,72114,72115,72392,72394,72398,72629,72933,73433,73684,73685,74450,74455,74746,75457,75788,76207,76211,76507,76508,76509,76512
parmi	47	67383,67554,67556,67795,67800,67801,67937,68383,68388,68885,69179,69181,69537,70420,70422,70425,70744,70745,71612,71615,71837,72392,72393,72398,72939,73182,73432,73684,73877,73879,74449,74744,74746,74752,75064,75066,75458,75788,75797,76208,76209,76211
simulation	47	67945,68279,69182,69533,69540,69814,69820,70162,70421,70914,70916,71618,72392,72939,74744,74745,75064,75463,75796
base	46	67387,67390,67554,67557,67802,67939,68279,68280,68383,68640,68644,69811,69812,69814,70164,70423,72114,72115,72392,72630,72631,72634,72635,73185,73436,73879,74749,75069,75788,75789,76207,76210
phase	46	67385,67388,67555,67798,68642,68881,69177,69179,69813,70164,70916,71360,71616,72117,72393,72934,72935,73878,74168,74451,74454,75065,75068,75461,75788,75789,75792,75793,76511
physique	46	67068,67390,67798,67943,68280,68638,68645,68883,69178,69180,69536,69540,70167,70421,70422,70424,70914,72637,72934,72940,73186,73188,73688,74168,74170,74745,75070,75791,75794
cnes	46	67939,67942,68275,69177,69179,69813,70163,70170,70424,71836,73434
taille	46	67071,67387,67390,67554,67801,68274,69179,69541,70420,70423,70425,70747,70919,71358,71835,72114,72395,72633,72635,72934,73185,74167,74168,74169,74449,74749,75070,75465,76210,76507,76510
somme	46	67553,67795,67798,67799,67937,67938,68273,68274,68279,68643,69534,70161,70165,70166,71357,71614,71621,71842,72114,72392,72634,73182,73432,73683,73876,73877,74167,74169,74450,74455,74457,74744,76213,76507,76508,76509
regrouper	46	67071,67388,67553,67938,67939,68275,68276,68279,68385,68638,68639,68642,68885,69181,70914,70921,71359,71361,71615,71837,71842,72113,72634,72934,73184,73187,73434,73687,73877,74168,74171,74746,74747,75065,75068,75796
horizon	46	67071,67941,67942,67944,68281,68392,68393,68888,69185,69533,69535,69538,69541,70161,70426,70748,70923,71357,71362,71615,71617,71619,72114,72396,72398,72636,72637,72936,73430,73437,73685,73878,74169,74746,74749,74751,75463,75789,76209,76211,76513
procéder	46	67390,67554,67561,68276,68278,68882,69534,69814,69819,70425,71362,71845,72393,72394,72399,72634,72635,73186,73436,73683,75064,75065,75069,75792,76207
résumer	46	67068,67937,68383,68643,68881,69533,69817,70166,70420,70749,70914,70916,70921,71358,71612,72115,72631,72933,73431,73684,73875,74167,74168,74169,74172,74454,74455,74457,74745,74749,74752,75064,75065,75066,75069,75457,75458,75788,76206,76209,76511
connaissance	46	67383,67794,67795,67937,67945,68275,68281,68881,68886,69534,69536,69541,69813,69816,69821,70170,70424,70429,70748,71359,71614,71845,72395,72398,72629,72630,72632,72940,73185,73432,73881,74751,75063,75460,75790,75792,76206,76211,76213
souvent	46	67383,67386,67390,67553,67558,67794,68283,68643,68885,68887,69181,69186,69821,70161,70422,70918,71363,71614,71835,71837,72113,72396,72401,72634,72932,73182,73185,73876,74167,74453,74455,74457,74750,75069,75461,75462,75792,76508
meilleur	46	67385,67557,67795,67937,67944,68281,68383,68391,68638,69535,69811,69816,69819,69820,70163,70167,70168,70748,70920,71357,71361,71617,71837,72115,72629,72636,73185,73189,73684,73876,73879,73882,73883,74449,75789,75796,76208,76209,76211,76511
population	46	67071,67385,67556,67794,67938,68645,68646,69538,69813,69815,69821,70162,70422,70916,70917,71618,72396,73183,73435,73684,74449,74453,74746,74749,75064,75069,75458,75460,75465,75793,76213
terre	46	67387,67553,67794,67939,67942,67943,68387,68642,68644,68645,69177,69181,69811,69812,70420,70424,70745,70916,71621,71836,73880,74168,75463,75792,76210,76213
professionnel	46	67383,67794,67803,67940,67944,68274,68392,68641,68885,68889,69535,69815,70165,70169,70753,71614,71842,72120,72122,72629,73182,73430,73689,73877,73884,74169,74746,74749,75063,75068,75457,75797,76212,76513,76514
espace	46	67389,68277,68386,68392,68644,68882,69177,69535,70751,70923,71357,71358,71614,71615,71618,71621,71836,72635,72932,72933,72939,73434,73687,73876,73884,74748,75064,75068
septembre	45	67386,67392,67561,67795,67937,68274,68883,70752,70916,70917,70922,71358,71362,71615,71617,73438,73683,73687,73879,73880,73881,73884,74170,74172,74745,75457,76513,76514,76515,76516
20	45	67391,67556,67557,67558,67561,67939,67941,68274,68276,68281,68383,68387,68645,69535,69542,70164,70165,70423,70743,70914,70916,70923,71363,71615,72113,72396,73190,73684,73875,73878,74454,74752,75063,75071,75789,75795,76208,76512,76515
2014	45	67941,69813,71612,71614,72634,72932,72933,72936,73190,73432,73438,74169,74175,74176,74450,74456,74748,74749,75068,75071,75457,75464,75465,75466,75788,75795,75796,75797,76211,76212,76514,76515,76516
échelle	45	67554,67557,67803,67939,68642,68886,69533,69534,69535,69538,69812,69813,70421,70423,70424,70426,70745,70915,70916,70917,71617,71619,72392,72397,72629,72634,72939,73185,73436,73683,74168,75064,75461,75463,75792,76207,76208
via	45	67553,67554,67555,67939,68274,68279,68383,68387,68388,68389,69179,69819,70161,70162,70420,70745,70923,71358,71362,71842,72116,72396,73431,73434,73688,73878,74167,74172,75459,75791,75793,76207,76208,76509,76511
rendre	45	67387,67555,67795,67798,67941,68279,68389,69533,69539,69541,69542,70161,70421,70422,70744,70914,70921,71359,71621,71835,71836,72396,72629,72932,72934,72936,73182,73430,73434,73437,73685,73879,74744,75065,75458,75460,75788,75794,76207,76209,76210,76508
complexe	45	67071,67386,67389,67556,67802,68283,68391,68393,68639,69533,70161,70426,70914,71835,71836,71845,72932,72937,73182,73187,73683,73877,73878,74451,74452,74457,74744,74751,75064,75067,75458,75788,75789,75790,75792,75794,75796,76209,76210,76213
principal	45	67071,67388,67795,67800,67804,67938,67939,68273,68276,68383,68389,68642,68643,68886,69177,69178,69179,69535,69815,69818,69821,70162,70914,71360,71363,71619,72114,72393,72395,72629,72634,73430,74453,74455,75458,75466,75796,76213
baser	45	67387,67796,67941,67945,68273,68386,68881,68885,69180,69535,69815,70420,70744,71358,71360,71614,71836,71840,72114,72118,72935,72940,73184,73187,73431,73433,73435,73686,73879,74171,74451,74453,74746,75457,76508
assurer	45	67390,67553,68642,68643,68881,68885,69179,69184,69538,69542,69811,69818,70162,70163,70425,70743,70746,70914,71621,71836,72113,72392,72394,73185,73186,73683,73875,73877,74169,75067,75068,75459,75789,75792,76208,76209,76507
fonction	45	67387,67389,67390,67556,67794,67795,68277,68392,68882,69183,69184,69539,69812,70161,70162,70421,70916,70919,71357,71359,71843,72116,72631,72932,73184,73879,74751,75790,76212,76213
nécessiter	45	67386,67558,67794,67795,67801,68273,68279,68884,68886,69177,69183,69534,69535,69540,70161,70743,71358,71836,72392,72399,72634,72635,72932,72934,73185,73432,73436,73877,73879,74167,74449,74451,74452,74744,75065,75458,75789
conception	45	67383,67554,67796,68276,68279,68640,68885,69178,69538,69539,69541,69820,70163,70165,70747,70914,71361,71362,71614,71617,71835,71839,71845,72119,72393,73875,73882,74168,74751,75064,75070,75464,75789,76511,76512,76514
majeur	45	67556,67794,68279,68882,69178,69179,69181,69533,69535,69543,69815,70162,70163,70914,71836,71842,72113,72116,72120,72398,72629,72635,72934,73183,73434,73876,74176,74450,74454,74457,74744,74746,74751,75069,75789,75793,75795,75796,76213
octobre	45	67803,67804,67937,67939,67944,67945,68385,68386,68387,68388,68389,68640,69177,69179,69537,70428,70749,70751,70918,70921,71357,71612,72394,72396,73689,73690,73691,73882,73883,74173,74450,74454,75068,75069,75795,76212
actuel	45	67794,67795,68273,68279,68383,68643,68881,68882,68884,69539,69543,69814,70167,70425,70751,71366,71614,71621,72115,72397,72399,72631,72635,72935,73182,73187,73431,73690,73875,73879,74174,74450,74455,75065,75457,75792
3d	44	67554,68391,69819,70162,70421,70914,72114,72392,72635,73189,73431,73437,75064,75066,75788,75795,76512,76513
transfert	44	67392,67554,68881,69534,69815,70426,70745,70746,70753,71362,71612,71614,71839,71842,72117,72392,72394,72938,73182,73431,73878,74451,74746,75067,75068,75459
recherche	44	67068,67391,67799,67937,68385,68387,68393,68884,68885,69178,69533,69536,69537,69813,70423,70425,70743,70749,70916,71837,72115,72394,72396,72397,72399,72631,72938,73184,73188,73876,73877,74168,74174,74744,74750,75458,75790,76511,76515
indique	44	67388,67799,68273,68274,68279,68638,68881,68885,69813,70420,70421,70745,70749,70916,70923,71361,71835,71836,71842,72113,72116,72630,73182,73432,73683,73876,74449,74455,75064,75065,75457,75458,75788,75789,75793,76213,76507,76508,76509
ailleurs	44	67068,67795,67798,67944,68273,68279,68387,68390,68638,68645,68883,68885,69177,69185,70421,70749,70916,70921,70923,71357,71359,71360,71836,71840,72113,72115,72393,73430,73432,73687,74167,74449,74746,74749,75065,75457,75788,76206,76507,76510,76511
vous	44	67068,67555,67794,67795,67938,68274,68643,70161,72114,72396,72397,72632,72932,72933,73430,73684,73876,73877,74450,74455,74752,75458
global	44	67387,67553,67554,67557,67939,68279,68886,69533,69535,69811,69813,70424,71361,71840,72393,72938,73183,73434,73436,73683,73879,74167,74169,74176,75458,75463,75788,75789,75793,76508,76511
certes	44	67794,67798,67937,68391,68643,68882,69534,69540,70161,70166,70422,70423,70424,71842,72113,72114,72634,72932,72940,73185,73432,73684,73875,73876,74167,74168,74169,74457,75458,75459,76206,76213,76511
performance	43	67554,67556,68883,69177,69179,69541,69820,70163,70423,70425,70743,70752,70914,71836,72397,72633,72635,73430,73434,73436,74168,74452,74745,74748,74749,74751,75464,75792,75796
chimie	43	67068,67071,67561,68278,68280,68387,68643,68881,68885,69183,69536,70166,70167,70914,71362,71612,72115,72118,72630,72634,73189,74173,74744,74750,75067,75070,75461,75792,76206
déclarer	43	67071,67794,67796,67937,67939,68281,68383,68638,68646,68881,68883,69177,69815,70161,70163,70421,70745,70914,70919,70921,70923,71358,71836,72114,72392,72398,72629,72933,73185,73685,74172,74451,74453,74456,74744,74752,75063,75069
recevoir	43	67389,67801,67937,67939,68387,68888,69185,69821,70169,70749,71358,71837,72113,72396,72634,72636,72932,72933,73182,73186,73437,73878,74450,74746,75063,75065,75066,75790,76206,76208,76509
économique	43	67071,67383,67391,67557,67795,67803,68283,68642,68645,69533,69535,70161,70164,70751,70916,70920,71357,72113,72392,72396,72637,72938,72940,73183,73185,73430,73684,73690,73882,73884,74176,74456,74749,75796,76208,76213,76507
trouver	43	67068,67383,67798,68273,68646,68882,69534,69535,70420,70421,70744,70749,70915,71358,71359,71614,71621,72115,72118,72394,72933,72940,73434,73437,73683,73684,73884,74450,74745,75458,75461,75788,75789,76208,76210,76507
propriété	43	67388,67389,67390,67558,67802,67939,68280,68390,68644,69186,69537,69539,70163,70167,70421,70424,70746,71612,71614,71616,71840,71843,72634,73436,73878,74750,74751,75070,75790,76510,76511
climat	43	67071,67939,68275,68389,68645,69177,69533,69538,69813,69816,70745,70916,71837,71838,72394,72398,72940,73183,73684,73880,75463
animal	43	67388,67389,67794,67937,68384,68389,69538,69813,71357,71843,72115,72116,72631,73189,73433,73878,75458,76213,76511,76515
espèce	42	67387,67938,68385,68389,68645,69182,69816,69819,70746,70917,71618,72115,72631,73183,73433,73878,74452,75458,75460,76511
rester	42	67385,67387,67390,67556,67794,67795,67938,68383,68638,68644,69535,69540,69811,69821,70429,70749,70914,70915,70920,71614,72113,72397,72630,72634,72933,73683,74173,74745,74746,75069,75071,75459,75463,75789,75791,75793,76213,76508
surface	42	67554,67794,67939,68385,68883,68886,69178,69182,69184,69186,69537,69811,69817,69819,70425,70746,72114,72119,72392,72934,73190,73434,74170,74744,74750,75067,75070,75461,75462,75794,76210,76213
aéronautique	42	67068,68280,68383,68392,68393,68642,68888,70914,71358,71615,71840,72113,72636,72937,73687,73879,73884,74167,74745,74751,75066,75792,76207,76510
futur	42	67804,67945,68638,68882,69177,69178,69182,69533,69543,69821,70170,70421,70745,70921,71357,71359,71837,72119,72392,72394,72936,73183,73186,73884,74167,74748,74752,75066,75068,75792,76212,76213,76513
moyen	42	68273,68281,68387,68638,68639,68643,68883,69177,69185,69541,69812,69821,70162,70163,70420,70914,70916,70920,70923,71366,71614,71835,72630,73185,73431,74167,74456,74457,74744,74745,75068,75458,75461
vivant	42	67795,67800,68388,68391,69183,69539,69821,71612,71835,72637,72932,74449,74451,75069,76511
sujet	41	67385,67794,67937,67940,67942,68387,68643,68881,69812,69820,70169,70744,70751,71359,71363,71612,72115,72116,72393,72932,72937,72938,72940,73182,73183,73689,73877,74167,75464,75789,76211,76212,76213
culture	41	67385,67391,67794,67802,67938,68279,68383,68385,68388,68643,69183,69538,70420,71620,72396,72936,73182,73185,73431,73683,73876,74167,74173,74450,74457,76206,76209,76211,76213,76516
élève	41	68276,68281,68393,68888,69185,69541,70161,70421,70422,70923,71358,71614,72398,73185,73430,73437,73689,73876,74450,74751,75071,75457,75458
apporter	41	67389,67556,67801,67937,67939,68280,68383,68643,69182,69533,70166,70422,70429,71357,71358,71359,71612,72116,72401,72937,73184,73185,73432,73683,73688,73882,73884,74455,74744,74752,75069,75458,75796,76507
ouvrage	41	67794,67938,68276,68283,68383,68882,69821,70163,70165,70429,70753,71366,71621,71835,71836,72398,72401,72629,72940,73185,73683,74752
donner	41	67389,67390,67553,67555,67794,67939,68279,68638,68881,68882,69177,69183,69540,70424,71619,71621,71835,72394,72630,72635,72936,72937,73182,73684,73875,73884,74168,74449,74747,75457,75790,75793,75796
quel	41	67554,67794,67795,67937,68645,68882,69538,69813,69816,70161,70422,70425,70745,70915,70921,71835,72392,72401,72940,73182,73183,73684,74168,74175,74748,74749,75064,75069,75458,75462,75463,76209,76213
parvenir	41	67068,67071,67558,67800,68274,68275,68280,68640,68644,69178,69183,69818,69819,70161,70422,70425,70744,70916,70921,70922,72113,72114,72630,73187,73877,74168,74169,74173,74744,74750,75065,75069,75791,75792,75794,76213,76512
contre	41	67798,67937,68388,69536,69813,69816,70746,71835,72632,72635,72933,72935,73430,73877,74449,74453,74746,75067,75458,76207,76510,76511
extrêmement	41	67383,67554,67800,68387,68388,68638,69184,69540,70425,70745,70747,71358,71359,71836,72115,72392,72394,72400,72932,72934,73185,73431,73432,73877,74168,74449,74450,74744,75065,75458,75792,76210,76213,76508,76515
agroalimentaire	41	67388,67798,68273,68885,70166,70745,71359,71360,71837,72396,72634,72637,73685,73879,74172,74455,74749,74750,75066,75067,75069,75462,75790,75793,76208
chacun	41	67388,67553,67554,67555,67794,67798,68279,69182,69536,69541,69812,70743,70744,70916,70923,71357,71361,71363,71835,71836,72394,72630,72635,72934,72940,73184,73185,73876,73878,74450,74751,75788,76209,76212,76213
appeler	40	67387,67388,67555,67558,67801,67943,68276,68642,68643,68645,69533,69813,70745,70746,70919,70921,71357,71359,71837,71842,72394,72632,72635,73435,73877,73879,73880,73882,74449,74746,74750,75063,75458,75789,75790,76511,76512
territoire	40	67071,67939,68275,68279,68889,69181,69535,69538,69812,70422,71357,72113,72933,72937,72939,73875,74172,74175,74455,74746,74748,75066,76209
journée	40	67392,67803,68888,69186,69541,70164,70168,70749,70751,70921,72121,72932,72938,73190,74174,74748,75063,75462,75797,76511,76514,76515,76516
moléculaire	40	67556,67800,67802,68280,68641,68643,69183,69534,69812,70426,70919,71837,72115,72119,72631,72634,73184,73436,74750,74752,75070,75790
adapter	40	67554,67938,67939,68273,68281,68383,68387,68391,68642,68887,70420,70421,70425,70914,71835,71837,72114,72116,72399,72630,73684,73879,74168,74451,75063,75066,75067,75069,75462,75790,76211,76507,76508,76512
numérique	40	67385,67939,67940,68639,69533,69540,69820,70161,70421,70426,70914,70916,70923,71359,72401,73182,73431,73876,73879,74452,74744,74745,75063,75064,75791,75796,76207,76209
quotidien	40	67383,67554,67798,67801,68283,69817,70166,70420,70422,70429,70745,70746,70753,71359,71621,71835,71836,72113,72932,73190,73431,73684,73875,73879,74167,74747,75070,75458,75459,75462,75792,75794,76507
etats-unis	40	67383,67942,67943,68274,68281,68638,68881,69815,69820,70163,70422,70922,71614,71616,71837,71838,71840,72117,72393,73183,73187,73879,74167,74168,74452,74749,75064,75065,75792,76207,76209,76508
goût	40	67555,69534,70166,70428,70749,72116,72394,72396,72631,72634,72932,73184,73685,73877,74169,74449,74455,75069,75459,75462,75790,76206,76209,76509,76511,76512
local	40	67794,67798,67803,68387,68885,69184,69535,69538,70161,71357,71836,71842,71843,72113,72114,72939,73182,73185,73433,73878,74167,75068,75458,75461,75463,75792,76209,76507,76516
rappeler	40	67937,67938,68643,68881,68883,69177,70914,70915,71357,71614,72113,72117,72933,73182,73875,73876,74172,74744,74752,75458,75459,75462,75788,75794,76207,76213,76511
laser	40	68638,68641,69179,69540,72932,72934,75067,75795,76513
part	40	67937,68274,68383,68385,68389,68881,68885,69179,69538,70161,70162,70169,70420,70421,70753,71360,71616,71836,71840,72118,72392,72397,72935,72940,73434,73876,73878,73883,74450,74453,75457,75792,76206,76207,76513
2010	39	67071,67555,67557,67942,68275,68276,68279,68646,68882,69178,69542,69811,69814,69818,70161,70167,70169,70420,70748,70916,71614,71835,71837,72396,72939,73183,73185,73684,73686,73688,73878,74451,75064,75793
compétence	39	67795,68279,68392,68639,68885,69814,69817,69820,70161,70166,70420,70745,70923,71359,71619,71837,71839,71842,72116,72121,72394,72634,72637,73184,73185,73875,74455,74745,74748,75457,75461,76509
électrique	39	67554,67797,67940,68638,68640,68884,69814,70167,70918,71363,71615,72114,72397,72934,73185,73188,73436,73884,74450,75066,75794,76510
issu	39	67387,67392,67795,67937,67939,68386,68392,68643,68885,69818,70161,70162,70423,70916,71615,72113,72114,72395,72400,72630,72634,72637,73684,74749,75063,75064,75066,75068,76207,76208,76512
croissance	39	67385,67802,68383,68385,68390,69177,69811,70917,71360,71617,71618,71837,71840,72114,72396,72633,73431,73433,73438,73685,73879,74450,74746,75458,75461,75465,75466,75795,76210
selon	39	67383,67388,67556,67558,67794,67939,68279,68389,68638,68883,69184,69533,69535,69812,70162,71835,71841,72629,72631,72935,73185,73434,73436,73684,73688,73878,74167,74171,74744,74746,74749,75064,75067,75463,75794,76510,76511
atteindre	39	67556,68274,68281,68638,68646,68883,68886,69533,69538,69539,70422,70425,70743,70918,71358,71617,72117,72118,72635,72933,72934,73183,73187,73432,73684,73686,73878,74169,74454,74746,74751,75065,75790
8	38	67390,67391,67557,68276,68279,68383,68887,69177,69181,69534,69540,69541,70164,70168,70749,70916,71612,71837,72932,73183,73436,74175,74450,75071,75458,75789,75796,76510
travaill	38	67383,67385,67937,68641,69541,71359,71361,71612,71614,71840,72115,72394,72636,73431,73684,73876,73877,74450,75064,75789,75791,75793,76206,76213,76509,76511
suite	38	67389,67556,67804,67937,68274,68279,68389,68640,68887,69179,69815,70162,70166,70421,70915,71621,71835,71836,71837,71840,72113,72117,72393,72632,73182,73432,73434,73876,74454,75065
contrôler	38	67390,67558,67800,68273,68390,68885,69178,69182,69817,70420,70423,70747,72115,72119,72635,73187,73435,74168,75067,75459,75794,76210,76516
accord	38	67795,67796,67937,67939,68274,68638,68888,69536,70161,70166,71838,71839,72117,72392,72393,72396,73878,74168,74172,76511,76516
avenir	38	67385,67801,67804,69177,69178,69181,69535,69812,69816,69817,70420,70421,70919,70921,70923,71357,71358,71359,71621,72114,72117,72938,72940,73184,73432,74167,74176,75067,75070,76507
progressivement	38	67068,67795,67800,68274,68275,68279,68385,68643,68882,69814,70166,70420,70917,71612,71842,72115,72396,72398,72401,72630,72631,72634,73431,73434,73683,73684,73876,74168,74752,75063,75069,75070,75459,75462,76213,76510,76511
méthode	38	67392,67800,68275,68639,68643,68885,69183,69537,69814,69817,69819,70923,71359,71838,72118,72395,72397,73431,73683,73685,73876,74744,74751,75068,76207,76509
réduire	38	67554,67557,68278,68882,68887,69177,69178,69179,69534,69535,69540,70745,70917,71617,71836,71840,72118,72392,72635,73182,73435,74169,74745,75066,75790,75791,76210,76510
organisme	38	67794,67795,67800,67802,68385,68386,68885,68887,69181,69184,70420,70745,71361,71618,71836,71838,72116,73434,73688,73884,74746,74748,75790,75796,76207,76511,76516
rapidement	38	67553,68274,68387,69183,69533,70166,70420,70424,70747,71612,71617,71841,72394,72629,72630,72632,72633,72932,73432,73683,73876,73879,74167,74168,74173,75068,75460,75792,76509,76510
virtuel	38	70162,70421,74168,75063,75064
lancement	38	67939,67943,68275,68279,68638,69177,69179,69534,70163,70749,70916,71359,71836,72114,72392,72394,72936,73183,73432,74450,74451,75069,75793,76508
centaine	38	67068,68389,68638,68644,68885,69181,69813,69820,70167,70421,70422,70744,71615,71835,71837,72115,72122,72630,72933,72934,72937,72940,73186,73438,73684,73875,73878,74450,74751,75464,76508
émergence	38	68279,68386,68638,68881,69534,69535,69813,69820,70423,70424,70429,70745,70747,71357,71620,71842,72116,72120,72392,72396,72629,72631,72635,72934,73877,73878,74168,74169,74174,75063,75064
paristech	38	68276,68393,68639,69186,70161,70422,70923,71612,73182,73882,74750,75457
kilomètre	38	67939,67941,67942,68389,68640,68883,69179,69811,69812,70170,71836,71837,71840,73183,73683,74450,75458,75789,76212,76510
précise-t-il	38	67068,67553,67798,67938,68279,68885,69534,69812,70166,70421,71357,71835,71836,71837,72114,72629,72630,72933,73185,73432,73684,73876,74167,74450,74744,75459,75788,75790,75792,75793,76206,76207,76507,76508
rencontre	38	67068,67383,67939,68274,68392,68881,68886,68889,70743,70751,70752,70921,71612,71837,72121,72634,73182,73685,73877,74174,74175,74176,74456,74748,74752,75465,75795,75797,76515,76516
stratégie	38	67798,67803,68277,68642,68884,69535,69812,69813,69816,70746,70916,71357,71616,71842,72395,72398,72637,73184,73430,73875,73876,73883,74167,74172,74173,74175,74449,74749,75066,75069,76206,76211,76511
contact	37	67390,67553,67556,67937,68274,69183,69819,70167,70421,70422,70921,72396,72397,72932,73185,74168,74172,74173,74749,74750,75791,76514
dizaine	37	67386,67388,67794,67937,68273,68279,68383,68385,68391,68643,68885,69178,70167,70749,71837,72115,72119,72394,72396,72397,73431,73432,73685,74167,74455,74744,74751,76207,76208,76211,76508
quant	37	67553,68279,68389,68882,69178,69179,69182,69533,69811,70161,70169,70421,70424,70429,70915,70916,71361,71617,72401,73183,73433,73683,73880,74169,74749,75067,75789,76209,76213,76509,76511
avion	37	67795,67797,69812,70916,70920,71617,71840,72933,73434,73683,74167,74168,74744,74745,74751,75458,75792,75793,76206,76510
auquel	37	67071,67385,67798,67799,67801,67939,68391,68882,69179,69183,69534,69543,69812,69821,70162,70420,70421,70744,70749,70916,72398,73182,73184,73684,73686,73687,74167,74168,75063,75064,75458,75792,76507,76509,76510
ingénierie	37	67945,68384,68390,68639,68644,69819,70161,71362,71366,71620,72629,72937,73436,73689,73875,73876,74751,75071,75791,76210,76211,76212
associer	37	67555,67803,68275,68277,68280,68644,68887,69184,70163,70914,71359,71360,71618,71840,71842,72629,72932,73431,73434,73876,73877,73879,74167,74449,74450,74452,75063,75064,75793,76208,76209,76509
mécanisme	37	67555,67800,67937,67938,67942,68385,68388,68643,68881,69533,69811,69813,69819,70746,70914,70919,70922,71836,71837,72116,72631,73184,73432,74453,75065,75790,76511,76514
action	37	67553,67795,67938,68280,68386,68645,68882,69184,69536,70164,70167,70746,70748,70914,70921,71357,71366,71845,72113,72395,73182,73185,73435,73690,74172,74450,74746,74748,75458,75462,76508,76511
direction	37	67553,67554,67941,68277,68638,68639,69177,70162,70164,70165,70421,71357,71612,71836,72114,72115,72392,72394,72932,72938,73186,73430,73434,73876,74450,74455,74744,74749,75458,75459,76207
viser	37	67388,68274,68279,68385,68642,68881,68884,68885,69177,69537,69541,69813,69816,69818,70421,70921,70922,71614,71838,71845,72114,72394,72634,73435,74173,74174,74449,74455,74748,75464,76206,76511
réponse	37	67389,67937,67939,68383,68638,68887,69181,69184,69533,69535,69816,71357,72116,72935,72940,73182,73188,73683,73684,73689,74752,75458,75790,76208,76209,76212,76507
baptiser	37	67937,67939,67941,68274,68279,68638,68881,69179,69182,69535,69817,70162,70424,71357,71359,71615,71841,72118,72629,72633,72637,72934,73433,73434,73683,73684,73687,73876,74168,75067,75068,75458,75789,75790,76508
étudier	37	67391,67558,67800,67937,67939,67942,67943,68385,68388,68645,68646,69177,69178,69182,69184,69539,69812,70163,70167,70745,70919,71618,71837,72115,72631,73186,73430,73434,73878,73880,75460
7	37	67794,67801,68276,68279,68885,68888,69177,69185,69534,69817,70164,71612,71840,72114,72120,72633,73183,73187,73435,73436,73879,74167,74168,74170,74175,74176,74455,74746,74748,75063,76213
lier	37	67390,67555,67556,67942,68387,68392,68644,68645,68646,69534,69812,69815,70170,70429,70915,71360,71835,72120,72935,73687,73877,73881,74173,74453,74456,74746,74750,75067,75793,76206
état	37	67386,67553,67801,67940,67943,68279,68280,68383,68642,68882,69182,69540,69820,70161,70424,70751,71366,71835,72392,72393,72937,73183,73190,73876,73877,74449,74450,75063,75069,75462,76511
nutrition	37	67799,68387,69534,69815,70749,71360,72116,72396,72631,73184,74449,74455,74749,75459,75462,76209,76509,76511
cycle	37	67071,67387,67939,68888,68889,69533,69540,70916,71362,71619,71845,72120,72122,72392,72629,72934,72936,73437,73684,73880,74167,74751,75071
vise	37	67386,67798,68277,68279,68384,68639,68646,68881,68882,69814,69818,70426,70745,70916,71615,71620,72122,72395,72939,73432,74168,74749,74751,75064,75067,75457,75458,75790
innover	36	67068,67383,67794,67938,68383,70161,70164,71359,72114,72118,72933,72939,73430,73438,73689,74167,74169,74455,74745,74746,74748,75457
améliorer	36	67387,67554,67798,68279,68281,68884,68885,68886,69177,69539,69816,70425,70426,70746,70749,70916,71359,71619,72630,72938,73430,73436,74171,74176,74449,75067,75458,75460,76508
mer	36	67071,67940,68883,69811,70164,70743,70916,70917,71621,72397,73183,73434,73880,75460
j	36	67068,67795,67937,68274,69812,69813,69821,70161,70166,70921,71612,71835,72115,72394,72629,72631,72932,73185,73430,74450,76213,76507,76511
pierre	36	67798,67799,67937,68273,68277,68384,68643,69533,69812,70421,70424,70743,70916,71360,71842,72117,73882,74172,74450,74744,74746,75063,75070,75460,76213
travers	36	67554,67555,67561,67796,67798,67939,68275,68383,68882,69535,69536,70164,70169,70421,70424,70745,70748,70921,71362,71363,72630,72631,72936,73184,73883,74744,74748,74749,74751,75070,75460,76515
est-à-dire	36	67388,67390,67391,67554,67555,67794,67802,67941,68273,68387,68390,68638,68643,68881,68883,69539,69817,70161,70163,70165,71614,72114,72631,72934,73431,73435,73683,74168,74745,75069,75457,75792,75794,76209,76210
30	36	67392,68388,68646,68881,69178,69535,70425,70743,70751,71358,71359,71837,72114,72393,72396,72397,72932,74168,74453,74456,74745,74746,74748,74749,74752,75063,75789,75794,75795,76212,76508,76510,76514
onde	36	67068,67386,67939,67942,68641,68886,70163,70420,70747,72932,72934,73880,74744,75067,75794
centrale	36	67940,67941,68383,68391,68886,68888,69820,70426,70743,70747,70915,71619,72392,72936,73430,73876,73879,74751,76211
janvier	35	67068,67555,68638,68881,68884,68885,68887,68888,69177,69180,69184,69812,70162,70169,70745,71840,71842,71845,72113,72119,72392,72396,72633,72635,73184,73185,73685,74170,74456,74748
contrôle	35	67068,67390,67557,67800,67802,67939,67945,68390,68885,69180,69183,70162,71837,71840,71841,72119,72392,72635,72938,73685,73687,73879,74167,74171,74751,75067,76207
investissement	35	68277,69181,69535,69812,69817,70420,70421,70914,71359,71614,71616,72117,72400,72629,72933,72938,73182,73184,73432,74451,75065,75067,75466,76510
informatique	35	67383,68889,69182,69540,70168,70421,70914,72633,72932,73182,73190,73431,74452,74453,74751,75063,75071,76207
appareil	35	67554,67797,68881,68885,69542,70165,70167,70425,71359,71362,71617,72933,74167,74450,75069,75792,76508,76510
autrement	35	67554,67938,67939,68279,68391,68393,68643,69178,69821,70420,70421,70422,70743,71615,72631,73183,73684,73876,74167,74168,74449,75064,75065,75069,75070,75457,75790,76210,76508,76511
robot	35	67383,67941,68883,70420,71614,72119,72633,73190,74170,75066,75791
début	35	67383,67555,67798,68281,69539,69541,70917,70920,71612,71614,71619,71837,71839,72115,72396,73182,73432,73434,73436,73683,73875,73876,74168,74169,74745,74749,75068,75069,75792,75793,76507
consommation	35	67386,67554,67555,67557,67794,68387,68882,68884,69534,69535,69814,69818,70428,71357,71366,71615,71617,73188,75069,75460,75792,75793,76507,76512
doute	35	67794,67939,68389,68882,70166,70749,71357,71359,71621,71835,71842,72115,72394,72932,73182,73430,73875,73876,73877,74167,74168,74455,74752,75459,75789,75793
biologique	35	67798,68277,68279,68385,68643,68887,69180,69539,70420,70746,71618,71620,73183,73688,73877,74453,74750,75067,75458,76213,76511
rapide	35	67383,67385,67389,67556,68385,68640,68886,69178,69183,69540,69811,69819,70421,70916,71617,71618,71836,72937,73433,73435,74167,74171,74457,74750,75466,76212
consommateur	35	67557,68642,68882,69534,72393,72637,74169,74457,74744,75069,75793,75795,76206,76209,76511,76512,76514
actuellement	35	67557,67942,67943,68642,68646,68881,68882,68883,69183,69186,69819,70743,70920,71360,71838,72113,72115,72117,72119,72397,72636,73432,73436,73683,73684,73880,74167,74168,74169,74173,74454,75789,76511
température	35	67557,67558,67939,68280,68389,68390,68640,68644,68883,69182,69533,69537,69811,69819,70916,72119,73190,73434,73688,74168,74170,75463,76210
jamais	35	67068,67802,67937,67938,68276,68638,68883,69537,69539,69540,69811,69821,70163,70166,70421,70424,70744,70915,71363,71842,71843,72634,72636,72933,73189,73430,73431,73880,74167,74169,75458
difficile	35	67387,67939,68276,69177,69816,69817,69821,70162,70421,71614,72115,72394,72396,72629,72940,73182,73185,73431,73432,73436,73683,73684,73877,74167,74449,74452,75461,76210,76508,76509
au-delà	35	67068,67558,67937,68273,68280,68638,69538,69816,70423,70749,71357,71358,71359,71362,72117,72396,72939,73183,73184,73186,73189,73434,73683,75063,75459,75789,75792,76209,76509,76511
composant	35	67383,67554,67555,68881,68882,69179,69818,70424,70914,70919,70921,71363,71619,71620,71839,72114,72116,72119,72635,73877,74168,75064,75070,76213,76510
expert	35	67071,67392,68645,68882,69533,69543,70169,70429,70915,70916,71358,71359,71363,71618,71619,72629,72936,73182,73686,73691,75066,75788,75791,75793,75796,76206,76208,76514
mon	35	67068,67383,67938,68274,69812,70161,71612,71835,72115,72394,72932,73185,73430,73876,74172,74752,75459,76213
enjeu	35	67071,67388,67938,68275,68283,68383,68385,68882,69535,69820,70752,70914,71358,71619,71620,71621,72392,72398,72399,72938,73183,73188,74175,74176,74457,76208
mouvement	35	67941,68276,68646,70161,70162,70421,70744,70746,71614,72119,73688,74171,74746,75064,75794
estime	34	67388,67389,67391,68273,68274,69177,69811,70161,70421,70744,71357,71358,71359,71614,71621,72115,72116,72395,72631,72637,73188,73430,73684,74169,74454,74746,75792,76207,76213,76508
construction	34	67798,67803,67943,68386,68638,69178,69181,70161,70915,71619,71835,72629,72634,73432,73683,73875,73883,74168,75063,76509
leader	34	67383,67940,68383,69815,70161,70920,71359,71361,71614,71839,71840,72114,72392,72633,72933,72936,73691,73875,74167,74169,74453,74744,74745,74749,75458,75466,75793,75796,76211,76511
effet	34	67068,67387,67388,67555,67798,68387,68388,68638,68646,69816,70162,70424,70429,70751,70921,72114,72401,72629,73437,73877,74453,74744,75065,75458,75463,76213
hôpital	34	67801,67940,68277,68384,69184,70746,71614,71841,73431,73875,74454,74746,74749,76507,76508
calcul	34	69178,69180,70421,70424,70914,71835,74452,74744,74745,75796
réflexion	34	67388,68383,68638,68642,68882,69179,69541,69813,70161,70429,71357,71359,72113,72398,72637,72932,72940,73182,73876,74169,74752,75462,76209,76213
vigne	34	68387,69182,69537,73684,73877,74169,76511,76512
plate-forme	34	67798,67939,68277,68279,68638,68640,68642,69177,69182,69534,75788,75789,76514
air	34	67553,67558,67939,68645,68881,69182,69542,69813,70425,70426,70745,70916,71357,71358,71840,75789,75794
potentiel	34	67068,67383,67555,67797,68279,68881,69181,70421,71614,72113,72115,72118,72401,73433,73875,73878,73879,74167,74748,74750,75067,75458,75465,75788,75792,76208,76508,76511
agence	34	67385,67386,67939,68383,68386,68642,68643,69179,69536,69811,69816,70163,70422,70426,70428,70749,72629,72938,73432,73880,74449,74748,74749,75066,75460,75463,75790,75794,76507,76513
cinq	34	67554,67555,67795,68881,69815,69816,70749,70914,70915,71358,71360,71615,71617,71836,71837,72114,72119,72394,72396,72398,72631,72637,73182,73184,73185,73186,73430,73875,76209,76507,76508,76510
sécurité	34	67794,67796,67941,67945,68274,68881,68885,70425,70744,71615,72392,73432,74456,74744,74745,74751,75069,76207,76208,76514
élément	34	67386,67388,67558,67937,68388,69178,69179,69533,69819,70161,70421,70914,71620,71621,71836,72114,72629,72635,73432,73434,73438,73875,74168,74449,74451,74744,75792,76206,76210
mars	34	67804,67942,69177,69178,69535,69540,69811,70166,70915,70916,70923,72116,72122,72396,72636,72933,73430,73431,73688,73880,74176,74450,75071,75464,75788,76207,76210
utilisateur	34	67555,67940,67941,68275,68885,69814,70170,70744,71359,71836,73685,73879,73880,74450,74751,75796,75797,76207,76508,76509
intituler	34	67392,67561,67803,67804,67938,68276,68283,68383,68641,68882,69535,70429,71357,71363,71617,71845,72113,72401,72937,72940,73184,74174,74175,74176,74457,74746,74748,74752,75459,76213,76516
observation	34	67939,68638,68883,69177,69181,69533,69811,70163,70424,70916,71836,71839,72119,72632,73880,74170,74449,74450,74451,75789
lyon	34	67553,68276,68278,68390,69186,69540,69543,69812,69813,69820,70752,71614,71616,71835,71840,72122,72394,72397,72932,72939,73189,73435,73876,74173,75465,76210
identifier	33	67071,67391,67553,67556,67795,67937,68279,68643,68882,69182,69539,69812,70164,70745,70915,70919,71837,71840,72395,72637,73432,73884,74449,74746,76206,76212
large	33	67390,67556,67794,67939,68889,69181,69183,69186,69533,71359,71363,71612,71836,72113,72117,72630,72934,72940,73432,73683,73688,73875,73876,73879,74174,74454,74749,75067,75458,75794
soulign	33	67383,67389,67939,68279,68383,69812,69813,69817,70162,71357,71621,71835,72113,72398,73182,73433,73684,73685,73875,73877,74169,74451,74744,74745,74746,75065,75458,75790,75792,76208,76213,76511
universitaire	33	67561,67795,67798,67799,67940,68387,68646,70161,70745,70923,72394,72631,72937,73877,73879,73881,74454,74752,75458,75793,76509,76513
tenir	33	67558,67803,67804,67942,69534,69540,69541,69542,70162,70165,70169,70421,70916,71358,71612,72120,72629,72634,72940,73183,73430,73431,73684,73875,73881,73882,73884,74449,74450,74746,75458
accompagner	33	67555,67795,67941,68274,68885,69538,70422,71359,71614,71845,72117,72395,72396,72401,72634,72938,73182,73430,73685,73876,73877,74167,74172,74175,74455,74748,74749,75461,76509,76515
processus	33	67556,68277,68639,68887,69184,69539,70167,70426,70746,70914,70916,71361,71840,72113,72116,72117,72394,72630,73431,73432,73882,74451,74749,74750,75064,75067,75458,76210
ambition	33	67940,68275,68278,68638,68881,71358,71615,72114,73182,73183,73430,73432,73434,73687,73691,73876,73879,74450,75068,76206
politique	33	67794,68275,68383,68392,68642,68645,69533,69534,69538,69813,69821,70161,70164,70914,70916,71357,71358,72113,72396,72401,72629,72939,72940,73183,74175,75796
comportement	33	67385,67555,67556,67557,67794,67798,68639,68883,68886,69179,69182,69184,69534,69820,70162,71359,72631,73184,74168,74173,74751,75464,75790,75793,75797,76213
usage	33	68645,68882,69818,70165,70169,70920,71357,72113,72121,72399,72400,73182,73184,73876,73877,74176,74747,75063,75069,75796,75797,76514
davantage	33	67389,67553,67554,67795,67797,68279,70161,70420,70422,70749,71357,71842,72115,72392,72394,72631,72933,73184,73430,73683,73684,73685,74169,76206,76209,76213
mesurer	33	67939,68638,68646,69179,69182,69539,69540,70424,70425,70919,71841,72113,72119,72397,72934,73434,73685,73688,73877,73880,74168,74171,75793,75794,76508,76511
signer	33	67795,67796,67939,68276,68384,68638,69180,69536,69541,70161,71838,71839,72114,72392,72393,72396,72629,72936,73687,73875,73878,74168,74172,74746,76511
face	33	67071,67553,67803,68273,68275,68389,68638,68646,68882,69182,69534,69816,70161,70915,71359,72113,72392,72401,72933,72937,73431,73876,73877,74744,75065,75457,75465,75789,75792,76207
consister	33	67388,67390,67800,67802,67937,68391,68643,69813,70161,70424,70916,70918,70920,71357,72397,72630,73431,73436,73685,73875,73880,74168,74450,75462,75463,75793,76211,76508
permettra	33	67798,67939,68638,69181,69534,69536,69817,70163,70164,70420,70424,70921,71363,72118,72400,72637,72937,72940,73186,73438,73683,73686,74176,74744,74748,75069,75457,75465,75792,76513
ore	33	67553,67554,67555,68279,68389,68643,69181,70421,70429,70914,70918,70919,71618,71843,72392,72633,72634,72635,73184,73431,73876,73880,74449,74451,75063,75458,75788
financement	33	67798,67799,67940,68383,68385,68386,68392,68642,69182,70743,71359,71360,71619,72400,72634,72933,73432,73433,73683,73686,73691,74167,74456,74748,75065,75465,75466,75795
of	33	67802,67942,67945,68386,68881,68886,69180,69184,69534,69811,69814,69819,70161,70422,70919,71614,71837,72113,72120,72393,73190,73431,73876,76207
décembre	33	67937,67942,67946,68393,68639,68641,68881,69177,69178,70422,70751,70914,71619,71620,71836,71839,72392,72396,72630,73182,73185,73685,74174,74176,74746,74748,75067,75068
agricole	33	67392,67794,68273,68279,68645,68882,68885,69538,69821,70745,71357,72630,72637,73685,74450,76213
15	33	67799,67801,67945,68273,68274,68387,68641,69177,69815,70169,70747,70916,71614,71840,71841,72117,72119,72392,72396,72630,73183,73188,73684,73691,73875,73879,75065,75458,75792,76508,76515
thèse	33	67383,67937,69536,69812,70166,70743,70749,71612,72115,72394,72630,72932,73685,74454,75064,75459,75790,76206,76208,76512
ressource	33	67071,67387,67794,67938,67946,68278,68642,68882,69181,69535,69536,69538,70164,70423,70914,71357,71619,71621,72121,72630,72632,73433,73434,73684,75458,75792
prometteur	32	67385,67391,67554,67555,67558,67801,67937,68273,68385,68643,68882,69537,70161,70421,70426,70745,70920,72115,72116,72118,72392,72632,73691,73876,73878,74174,74449,74746,75070,75466,75789
rendez-vous	32	67385,67561,67946,68889,69177,69543,70751,70752,70921,72121,72630,73430,73438,73691,73875,73881,73884,74176,74748,75457,75466,75795,75796,75797,76514
logiciel	32	67553,70424,70744,70914,71359,71614,71841,72939,73431,73879,74452,75788,75796,76207,76507,76508,76512,76513
lien	32	68280,68645,69533,70421,70425,70745,71357,72396,72632,72936,73182,73184,73430,73431,73688,73877,74449,75457,75459,75461,75790,75792,76211,76212,76514
coût	32	67385,67386,67554,67942,68383,68645,68881,68883,69177,71357,71614,71840,72118,72933,72934,72939,73435,73683,74451,74457,74747,75069,76207,76208,76213
sensoriel	32	67388,67555,68885,69534,70421,70425,70428,70749,73685,73877,75069,75790,75793,76206,76512
échange	32	67794,67939,67946,68642,68882,68888,69538,70422,70749,70751,70921,70923,71618,71840,72394,72396,72398,72400,72932,73430,73690,73877,73882,74169,74174,74175,75071,75458,76211
pratique	32	67383,67392,67555,67801,68279,68885,69537,70421,70921,71362,72113,72401,72630,72937,73184,73431,73438,73683,73685,73876,73883,74169,74455,74748,75069,75071,75793,76211,76513
fonds	32	67794,67798,67799,68385,68884,69815,69818,70162,70420,70421,71360,71614,71616,71841,72634,73875,73879,73880,74169,74450,74451,74453,75063,75793,76508,76510
dynamique	32	67939,68393,68645,68882,68886,69180,69535,69813,69820,70161,70422,70745,70914,70916,71620,72116,72400,74455,75067,75458,75460
impact	32	67071,67388,67557,67561,67794,67803,68645,68885,69816,70745,70915,71845,72116,72939,73183,73185,73688,73882,74171,74745,74746,75069,75460,75463,75795,76208
opérationnel	32	67553,67798,67939,68275,68638,68887,69178,69811,69812,69813,70162,70914,70916,71840,72114,72633,72936,73185,73434,74453,76513
génération	32	67942,68274,68385,68389,69177,69811,69816,70423,71359,71363,71615,71835,71836,72114,72121,73432,74168,74745,74746,75066,76210,76513
charge	32	67555,67801,67939,67941,68390,68640,68885,69177,69179,69184,69533,70422,70915,72394,73431,73436,73689,74450,75789,75792,76212
optimiser	32	67554,67557,68274,68385,68882,68885,69539,69813,70163,70921,71612,71617,71840,72118,72393,72395,72630,72637,73182,73184,73436,74449,75064,75069,75070,75462,75464,75790,76507
zone	32	68389,69181,69811,69819,70162,70169,70420,70916,71836,72632,73185,73684,73875,75458,75460,75461,75789
original	32	67068,67383,68273,68275,68279,68387,68638,69536,69541,69817,70420,70745,70914,71836,72115,72394,72629,73185,73431,73434,73689,73876,74748,74749,75063,76209
quantité	32	67071,67385,67388,67555,67558,67794,67800,69540,70749,70920,71361,72392,72630,72932,72934,73184,73187,74168,74449,74452,75458,75788,75790,75794,76511
transport	32	67553,67796,68273,68888,69186,69541,70162,70165,71358,71362,71617,72937,72939,73184,73875,74456,75071,75459,75466,75795,76208
possibilité	32	67554,67937,68273,68275,68882,68883,69533,69536,70421,70747,70914,71357,71362,72115,72932,72933,72934,73879,74168,74452,75063,75457,75461,75464,75788,75792,76212,76510
9	31	67071,67391,67794,68387,68639,68642,68884,69177,69538,70922,72117,72392,73184,73436,73683,73880,74749,75065,75066,75069,75458,75795,76208,76213,76512
forum	31	67803,67804,69543,70170,70751,70752,70921,72120,72121,72122,72400,75465,75466,75796
acquérir	31	67795,68281,68391,69534,69537,69811,69812,70915,70923,71837,72113,72114,72395,72629,72630,72637,73184,73431,73432,73683,73686,73881,74167,74171,74451,74745,75065,75789,76211
financer	31	67068,67555,67798,68277,68383,68645,68646,68884,69177,69538,70161,70162,70164,70420,70421,70428,70743,71616,72934,73432,73686,73875,74169,74449,74451,74453,74748,74749,75465,75790,75793
concept	31	67068,67386,67939,68638,68881,69178,70421,70914,70918,71359,71617,71835,71836,72637,72934,73687,73689,73879,74751,76208,76508
outre	31	67802,67939,68274,68276,68280,68392,68644,68881,69542,70161,70163,70165,70425,70914,70923,71358,71617,71836,72398,72934,73189,73190,73435,73683,74171,75457,75461,76510,76512
spécialiste	31	67388,67557,67937,67938,68638,68645,69533,69812,69813,69820,71359,71841,72115,72401,72630,73182,73684,73877,73879,74746,75065,75069,75458,75462,75464,75793,75794,76507,76511
lesquel	31	67383,67553,67556,67937,68273,68388,68643,68885,69181,69186,69534,69535,70420,70425,72396,72398,72932,73685,73876,73879,74167,74746,75064,75458,75788,75790,75797,76511
bénéficier	31	67554,67939,67944,68273,68275,68280,68385,68643,68885,69540,69812,69814,70420,70748,70923,71360,71617,71837,72394,73185,73433,73685,73879,74167,74450,74746,75461,75465,76207,76209,76508
dix	31	67388,67800,67801,68385,68882,68885,69535,69811,70916,71357,71359,71614,72629,72631,72636,73683,73684,74168,74744,74745,75068,76208,76210
plan	31	67071,67803,67937,68273,68279,68643,69541,70162,70420,70424,70914,71619,72395,72630,72634,72635,72936,72938,73184,73430,73432,73877,74449,74748,75790,75792,75795,76206
vingtaine	31	68274,68387,68638,69541,70161,70422,70428,70749,70916,71357,71361,71612,71614,71840,71842,72933,72939,73187,73684,73691,74168,74450,74453,74744,75068,75458,75459
communauté	31	67939,67942,68275,68387,68638,69533,69811,70161,70170,70420,70914,72934,72939,73432,73434,73683,74172,74174,75458,75460,75466
milieu	31	67068,67554,67798,68387,68639,68883,69535,69536,69821,70161,70162,70428,70917,71358,71618,71620,71621,71837,72630,72634,72934,73183,73434,73684,74750,75457,75458,76213
soutien	31	67391,68277,68280,68389,68884,68888,69177,69179,69181,69182,70169,70422,71357,71614,72114,73183,73185,73186,73431,73683,73690,73878,73879,73884,74746,75461,75463,75466,75793,76516
conseil	31	67391,67553,67798,68277,68885,69177,69182,69535,70420,70749,71358,71360,71361,71366,72113,72395,72629,73185,73434,73687,74172,74176,74749,76211,76508,76509,76515
juin	31	67942,68646,68881,68882,69178,70164,70168,70169,70170,70915,70916,70917,70918,72937,73190,73435,73437,73684,73687,73875,74454,75065,75458,75465,75797,76513
dérouler	31	67388,67943,67944,68274,68387,68888,69177,69185,69539,69541,69543,70162,70752,71835,71837,72932,72933,72937,73430,73877,74168,74452,74748,75064,75465,75466,75796,75797
tester	31	67797,67798,67802,67940,68638,68883,68884,70421,70425,70743,70916,71359,71618,71836,72395,72397,73182,73184,73876,74168,74171,74451,75064,75792,75793
nécessité	31	67071,67383,67386,67553,67794,68275,68277,68387,68638,68643,68881,68882,69814,70420,70743,70916,71357,71617,72119,72633,73432,73685,74168,74744,74745,74751,75458,76507,76509
association	31	67795,67944,68383,68386,68885,69541,69814,70168,70169,70749,71358,72113,72393,73185,73190,73683,73690,73879,74167,74453,74456,76513,76515,76516
attendre	31	67555,67802,67939,67945,68273,68638,68643,68881,68886,69177,69542,69543,69811,69820,69821,72116,72120,72937,73182,73188,73438,73683,73684,73691,74748,75795,75796,75797
moteur	31	67797,67940,68646,68883,69179,69814,71617,72114,72119,72933,73430,73438,74171,74744,74745,74751,75066,75797,76210
puisque	31	67385,67555,67795,68391,68642,68881,69177,69178,69185,69537,70161,70421,70744,70745,70917,71359,71615,71621,71836,72632,72936,73432,73434,73683,73878,73879,75063,75066,75460
imaginer	30	68391,68639,69819,69821,70170,70420,70421,70424,70919,71359,71837,71842,72119,72394,72634,72636,72933,72934,73432,73434,73876,73879,74167,74455,75063,75069,75466,75789
essentiel	30	67553,67796,68274,68387,69534,69538,70161,70170,70914,71358,71621,72396,73431,73875,73877,73881,73884,75063,75064,75065,75459,75792,75794,76206,76211
chaire	30	67795,67798,68393,70426,70748,72398,72637,73182,73883,74751,74752
détecter	30	67388,67942,68638,69183,69811,70421,70425,70919,70922,71614,71838,72118,72935,73186,73688,73877,73880,74746,75460,75465,75793,76207
laurent	30	68274,68641,68881,70161,70919,73184,74453,75457,75459
reconnaître	30	67795,67937,67946,68276,68392,68643,69183,69813,69815,70161,70166,70743,71359,71614,72394,72400,72629,72932,73182,73879,74167,75064,75065,75793,76206,76511
quatre	30	67068,67071,67383,67555,67795,67941,67943,67946,68383,68639,68886,69533,69534,70162,70422,70744,71357,71362,71618,72629,73185,73683,74449,75067
mixte	30	67068,67388,67556,67944,68278,68385,68387,68883,68885,69180,69184,69812,70420,70743,70745,71612,71837,72630,72631,73184,73431,73683,75458,75459,75793,76514
explique-t-il	30	67383,67553,68273,68274,68387,68881,71357,71614,71835,71837,72114,72115,72630,73185,73432,73683,73684,73875,73876,73877,74450,74745,75063,75457,75459,75462,75793,76206,76213
nord	30	67794,67796,68281,68389,68642,69820,70916,71361,71366,71612,71836,71837,71840,72632,73185,73430,73684,73878,74172,74457,75463,76510
défi	30	67071,67554,67794,67795,68280,68640,68882,69541,69814,70744,70919,72114,72634,73684,74168,74176,74453,74746,75458,75793,76213,76507,76511
fonctionnement	30	67386,67554,67556,67800,67802,67937,68276,69177,69178,70745,72115,72631,72934,73184,73189,73878,73879,74168,74171
appel	30	67554,67557,67794,67939,67941,68275,68279,69539,69813,69817,69818,70421,70429,70918,71614,72399,72629,73433,73875,73876,73879,74167,74449,74752,75068,75788,75790,76513
sud	30	67794,68279,68642,69811,69821,71621,71836,71842,72396,72629,72630,72632,72933,73185,73684,73688,73875,74168,74455,74457,74752,75064
colloqu	30	67561,67803,67939,67942,69534,70170,70428,70749,71357,71363,71620,72113,72396,73877,74175,74449,75464
civil	30	67945,68392,69542,70164,70165,70914,71619,71836,71839,71840,72113,72633,72937,73883,74167,74450,74745
lauréat	30	67383,67937,68275,68390,69181,69817,71612,71614,71835,71837,72932,72933,72938,73878,74746,74750,75066,76208,76509,76516
fabrication	30	67388,67554,67802,68882,68885,69814,70165,70917,71839,72114,72397,72635,74168,75065,75068,75069,75070,76210,76507,76511,76513
200	30	67554,68885,68886,69812,69820,70425,70916,71612,71837,72116,72119,72392,72630,72635,72938,73184,73430,73432,74450,74452,75066,75458,75461,75789,75795
réel	30	67385,67387,67553,67937,67939,68643,69534,69819,70161,70162,70421,70922,70923,71841,73879,74751,75067,75459,75791,76211,76508,76510
oeuvre	30	67068,68279,68383,68384,68386,69536,69538,69818,70163,70166,70914,70922,71358,71617,71835,71836,72118,72392,72395,73683,73875,74167,74175,74750,75457,75789,75795
chaîne	30	67554,67557,68388,68882,69177,69178,69814,69821,70165,70746,70920,71366,72393,72637,73431,74749,75069
classique	30	67389,67554,67558,68273,68391,68881,68886,69178,70743,70747,72114,72629,72934,72938,73185,73685,73876,73879,74168,76207,76210
rapport	30	67071,67555,68383,68389,68643,68645,69533,70421,70745,70749,70916,71615,72113,72933,72935,73182,73430,73434,74457,74746,75065,75463,75789,75797
25	29	67557,68273,68640,69813,69815,70165,70170,71358,71612,72114,72117,72395,73182,73190,73432,73435,73684,73877,73884,74168,74450,75459,75789,75790,75793,76511,76516
essai	29	67797,67940,68279,68638,68646,68885,70743,70916,70918,71616,72634,72935,73435,73684,74169,75065
environnemental	29	67071,67387,68275,68882,68887,69182,69535,69812,70420,70916,71362,71617,71845,72113,72116,72637,74745,75069,75458,75792
auprès	29	67383,67555,67940,68274,68275,69815,70164,70166,70422,70748,70753,70914,71616,71845,72395,72629,72634,73182,73431,73683,73685,73879,74450,74749,75458
participant	29	67556,67944,68638,69541,69820,70169,70921,71363,71614,71619,72399,72630,72634,72937,73683,73689,73691,73877,73882,73884,75464,75795,75796
importance	29	67387,67389,67390,67391,67556,68283,69177,69817,69819,70422,70914,71359,71835,71836,71837,72113,72932,73182,73432,73684,74453,74454,74745,75458,75790,75794
membre	29	67071,67941,68383,68384,68386,68393,68640,68642,68646,69179,69533,70163,70170,70753,71358,71839,72113,72932,73182,73434,73683,74746,76213,76511
enthousiasme	29	67068,67553,68638,69177,69812,70420,70422,71359,71842,72115,72394,72634,72934,73184,73185,73430,73432,73684,73685,73879,74168,74450,74451,74457,75458,75459,75788
médical	29	67389,67798,67937,67940,67941,68881,69543,69815,71841,72117,73431,73432,73877,74453,74454,74746,74750,75067,75458,76208,76507,76511
ajouter	29	67555,67937,67938,67939,68273,68276,68383,68881,69177,69535,69821,70421,70424,70917,70921,71835,72396,72932,72933,73436,73684,73876,74752,75071,75791,76507,76512
philippe	29	67802,68641,68885,70421,70916,71357,71621,72394,72631,72937,73877
source	29	67068,68638,68644,68881,68884,69178,69814,70745,70747,71363,71617,72115,72119,72934,73186,73188,73876,74168,74454,75070,76207,76209,76213,76514
cancer	29	68881,70918,70919,70922,72631,72935,73184,73691,74454,74455,75065,75459,76511
sembler	29	67388,67555,68383,68387,68389,68638,68881,69814,69816,69821,70161,70421,70424,70744,70745,72116,72631,72635,72932,73430,73685,73876,75069,75070,75792,75793,76209
situation	29	67553,68281,68383,69535,70162,70421,70916,70917,71357,71359,71366,71615,71835,71841,72113,72394,72939,73182,74167,74169,75069,75457,75792
mathématicien	29	68276,69180,70161,70745,71835,72932
apparaître	29	67385,67388,67798,67801,67937,67939,68275,68643,69178,69181,70166,71359,71361,71621,71843,72401,73432,73434,73876,73877,74167,74172,74744,74746,75063,75459,76209,76213
afrique	29	67794,68642,69820,69821,70916,72396,72629,72632,73185,73684,73875,75458
relever	29	67071,67554,67795,68280,68640,69180,69814,70422,70424,70744,70919,71359,71845,72392,72634,73182,73684,74167,74176,75458,75466,76213
mètre	29	67386,68275,68279,68389,68883,69177,69537,70163,70743,70916,70919,72392,72397,73434,73683,73688,74168,75789,75794
intéressant	29	67390,67558,67800,68390,68643,69186,69812,70428,70749,70916,72113,72115,72116,72631,72632,73185,73436,74449,74450,74457,74752,75066,75788,75793,76206,76210,76511
cerveau	29	67389,67801,67802,68388,68646,68887,69539,70744,73184,73189,73879,74171,74173,74453,74752,76213
pointe	28	67068,67553,68274,68385,68638,68884,70165,71614,71838,71839,72119,72394,72397,72629,72636,73433,73683,73690,74745,74749,75070,75457,75461,76507,76511
brevet	28	67383,67385,68273,68274,68390,71360,71614,71621,71835,71843,72115,72117,72630,72633,72634,72635,72938,73184,73187,73431,74167,74451,76208,76508,76511
explorer	28	67385,67389,68387,68639,68882,69533,69815,70163,70751,71357,71366,71835,71841,72635,72932,73432,74168,74455,75459,76209,76515
réacteur	28	69178,70915,71617,72113,72392,72397,72629,74168,75064
forêt	28	67945,68283,68389,69816,70916,71618,71837,73684,75458
demain	28	67557,67794,67804,67938,68276,68279,68639,70914,71358,71359,71615,71617,71837,71842,72933,73876,73877,73884,74175,74176,74452,74752,75458,75797
polytechnique	28	68638,68639,68645,69180,69819,71361,71362,72398,72633,72932,72934,73182,73188,74450,75796,76206,76208
cnrsuniversité	28	67387,67391,69178,69183,69184,69540,69819,70425,70745,70747,70922,71612,72397,72634,72635,72939,73189,73436,73688,74173,75067,75070,75794
simple	28	67386,67555,67558,67794,67801,68273,68390,68882,69817,70161,71357,71618,72392,72635,73183,73436,73876,73879,74167,74171,74750,74752,75457,76509
découverte	28	67389,67556,68390,68887,70424,70751,71612,71837,71843,72117,72401,72632,73183,73434,73683,74453,74748,74750,75071,75788,76206,76515
établir	28	67554,68386,68640,68642,68645,69185,69533,69811,70163,70425,70748,70915,70916,71614,72632,73190,73880,74168,74750,75064,75065,76213
propre	28	67388,68273,69178,69812,69816,70422,70425,70426,70744,71359,71614,71616,71621,72932,72933,72940,73182,73183,73876,74455,75065,76207,76209,76509,76511
dispose	28	67383,67937,68888,69177,69179,70914,70916,71358,71359,72114,72116,72392,72629,73876,73878,74449,74450,74452,74455,74747,75063,75461,75462,76507,76508,76511
mathématique	28	67071,68276,69180,69820,70161,71835,72932,75063,75793
ordre	28	67553,67941,68391,68638,68642,70162,70425,70747,70919,72120,72397,72934,73189,75792,75794,76508,76510
salon	28	67553,67941,68274,69543,69817,70165,70169,70420,72120,72939,73431,73683,73687,74452,74746,74747,74748
gaz	28	67385,68278,68881,69533,69811,70162,71838,72114,73182,74745,75067,75463,76514
trop	28	67555,67801,67937,68274,68643,68887,69184,69534,69821,70161,70421,71363,72396,72629,72630,72932,73183,73185,73684,73876,74167,74453,74455,75458,75792
lumière	28	67385,68638,69182,69539,69819,70163,70167,70747,72397,72934,72939,73188,73436,73688,74748,75070
nutritionnel	28	67798,68273,68279,68387,68882,68885,69534,72116,74169,74449,74749,75069,76507,76511
aboutir	28	67068,67383,67939,70749,70921,71362,71612,71835,72115,72393,72634,73185,73187,73431,73876,74167,74168,74169,74450,74744,74751,75069,75789,76508,76511
étranger	28	67553,67795,68383,69185,69821,70161,70422,70921,71358,71614,71618,71837,72113,72393,72396,72399,72629,72630,72637,73875,74167,74169,76508
lieu	28	67389,67945,68642,68881,69179,70917,70921,71358,71621,72113,72932,73684,73876,74449,74450,74748,74752,75795,76510
interaction	28	67795,68279,68390,69534,69539,69817,70420,70747,70749,70916,70922,71363,71837,72115,72116,72119,72937,73183,73186,74168,74453,74752,75790
prototype	28	67383,67554,67940,67941,68881,69817,70162,71359,72397,72933,73186,73187,73877,74450,74751,75789,76513
femme	27	68387,69184,70422,71612,71835,72636,72932,72935,74449,75458,75788
solide	27	67068,67802,68280,68639,68643,68644,69177,69179,70166,70422,70426,72113,72119,72629,72634,72934,73683,73687,74172,74174,74454,75462,75464,75789
former	27	67390,67558,67795,67796,68276,68390,69177,70161,70165,70423,70426,70746,71358,71362,72936,73431,73876,73882,74450,74752,75064,75458,76511,76513
novembre	27	67555,67794,67944,68277,68278,68280,68384,68391,68638,68882,70916,71363,71837,72113,72396,74175,74449,74452,74454,74748
énergétique	27	67385,67386,67554,67557,68276,68385,68638,68642,68644,68882,68883,72631,72940,73182,75458,75463,75792,75795,75796
océan	27	68883,69811,70164,72401,73183,73434,73683,73684,73880,74170
phénomène	27	67558,67939,67942,68639,69820,70421,70426,70746,70916,71836,72932,73188,73683,73877,74168,74453,74457,74745,74752,75070,76507
milliard	27	67071,67794,68383,69538,69540,69811,69813,69815,70424,70914,71360,71366,71840,72114,72392,72934,73878,73879,74746,75795,76213
tendance	27	67794,67938,68274,68383,69533,71619,71835,72120,72629,73185,73877,74167,74752,75065,75458,76209,76213
initier	27	67071,67553,68279,68881,69536,69812,69815,69818,70422,70424,70428,70749,70919,71359,72396,73185,73436,73687,73876,74453,74745,74748,75793,76511
vision	27	67561,67794,67945,68383,68388,68638,68642,68886,70161,70162,70164,70421,70749,70751,71360,71617,73430,73434,73876,75793,76211
18	27	67799,67804,68280,68384,69541,70162,70163,70428,70749,70752,70918,70923,71361,71841,72629,72933,72935,73431,73438,73690,73878,74452
drone	27	70165,73877,74450,75066,75788,75789
courir	27	67553,67937,67941,68274,68277,68881,69177,69812,70167,70920,71612,72397,72634,72635,72933,72936,73188,73432,73685,74450,74749,75070,75461
affaire	27	68274,68276,68885,70166,70170,70749,70751,71361,71840,72633,73875,73878,73884,74746,75795,75797,76508,76512
spécialiser	27	67385,67796,67799,68276,68384,68640,70166,70923,71361,71612,71616,71621,72118,73184,73185,73187,73683,73685,74453,75064,75065,75461,75464,76508,76515
généralement	27	67553,67554,67794,67795,67798,67939,68273,68274,68642,68881,68882,69542,69816,70161,70162,70745,71357,71835,72395,72398,72401,72629,73877,75070,75792,76507
grenobl	27	67387,67554,67796,67800,68391,68640,68881,69186,69539,69816,69819,70165,71363,72392,72400,73683,73878,74174,74453,75466,75789
salle	27	68281,68881,69534,69535,69814,70162,70746,71842,72392,73876,75064,75790
néanmoins	27	67555,67558,68281,68646,68883,68887,69540,69817,70429,70745,70915,71359,71621,71842,72116,72634,72932,72934,73182,73185,73684,73877,74167,74747,75792,76511
50	27	67944,68279,68281,68383,68385,68386,70166,70743,70923,71359,71615,71836,71840,72116,72396,72633,73188,73434,73684,73875,74167,74168,74749
ligne	27	67554,67802,69819,70167,70424,70923,71357,71617,71835,72114,73189,73430,73436,73437,73876,74450,74747,76509,76510
succès	27	67554,67802,67945,68640,69177,69179,70163,70917,70919,71359,71616,71837,71840,72117,72118,72629,72633,73431,73435,74175,75066,75458
évaluer	27	67555,67798,67801,68645,68881,69181,69537,69816,70162,70428,70743,70745,70915,70916,70920,71361,71841,72121,72935,73183,75457
mode	27	67388,68275,68389,68644,68645,70162,70164,70751,71835,72116,72394,72396,72637,72933,73430,73683,73876,74167,74450,75064,75068,75788,75793,76516
précision	27	68279,69177,69537,69539,69540,70165,70744,70914,70919,71836,71838,73182,73189,73687,73880,74171,74450,74451,75066,75791,76510
intégrer	27	67553,67554,67802,67945,68888,69181,69183,69535,69814,70161,70162,70422,72932,73430,73876,73879,74747,74751,75064,75457,75458,75789,76211,76508,76509,76513
installation	27	67795,68277,68384,68638,68884,69178,70743,70915,71362,72392,73186,73432,73875,74746,75064,75463
conséquent	26	67391,67553,67554,67800,67939,68274,68279,68882,68885,69539,69812,70421,70424,71617,71621,72118,72392,72935,73432,73877,74169,74455,75067,75789
résolution	26	68275,68391,68885,69177,69537,69819,70423,70424,71836,72635,72939,73189,73434,74451,75789
émission	26	67942,68278,69533,69539,69814,71615,71617,72632,72933,72934,74745,75070
vol	26	67939,68387,69177,69179,69542,70165,71617,72937,74450,76510,76511
réalité	26	68392,70162,70421,70749,72631,73182,73185,73683,74167,74168,74746,75064
entraîner	26	67795,67797,67799,67801,68882,68887,69177,69184,69534,70744,72116,72394,72631,73684,73876,73880,74168,74169,75067,75458,75460,75789,75792,75794
coordonner	26	67071,67801,68642,68882,68887,69181,69534,69812,70162,70163,70164,70428,70916,70918,71359,71838,72394,72934,72938,73688,75068,75069,75789,75790,75794
dirige	26	67945,68277,68386,68387,68882,69177,69539,69817,70165,70423,70743,70745,71358,71359,71835,72393,72631,72637,73184,73430,74167,74172,75459,76508
troisième	26	67939,68281,68385,68387,68389,68639,68882,69533,69535,70745,70749,71357,71359,71361,71614,71617,71842,72114,72629,72635,73432,75067,75793,76213
actif	26	67389,67391,67938,67946,70746,71360,71612,72118,72629,72634,73877,73878,74167,74746,75065,76514
aucun	26	67795,67801,68389,68643,68883,69177,70915,71618,71835,72113,72115,72117,72932,72933,72935,73189,73434,73684,73876,74168,74449,75066,75463,75794
pédagogique	26	67795,68281,69536,70421,70923,71362,72398,73431,73437,73683,73687,73876
haut	26	67795,68383,68888,69177,69179,69817,69821,70420,70743,70914,71358,71614,71836,72114,72398,72633,72932,72935,72936,73686,74456
publication	26	67068,67388,68391,68638,69811,70745,70748,70749,70919,71361,71614,71837,72113,72398,72939,73182,73432,73435,74457,75793,76511,76512
contraindre	26	67387,68882,69182,69534,69812,70163,70420,70421,70747,71362,71614,71618,72394,72399,72630,73185,74167,75067
labellisé	26	67388,67555,67798,67799,69534,69818,70162,70421,70428,70749,72631,72634,73685,73879,74453,74455,74749,75069,75466,75789,75790,75793,76507,76508,76513
économie	26	68383,68642,68882,68885,69535,70753,72398,72933,73432,74449,74450,74746,75063,75460,75793,75795,76207
âgé	26	67068,67555,67799,68645,72633,74449,74453,74454,74746,74749,75063,75069,75466,76208
table	26	69186,69815,70751,70752,70921,71360,71845,72400,72935,72937,73438,73686,73882,74172,74449,74456,75462,75466,75793,75797,76510,76515,76516
poser	26	67794,67798,67937,68276,68279,68383,68638,68643,68882,69821,70425,72114,72401,72630,72632,72940,73182,73683,74751,74752,75457,76213
origine	26	67068,67388,67555,67558,67794,67937,67938,68638,68885,69177,69534,69539,70163,70423,71614,72116,72933,73186,73431,74744,75067,75069,75795,76213,76514
mousse	26	67558,74752,75794
textile	26	70166,70751,70921,71361,73685,73687
montpellier	26	67383,67387,67392,67800,68275,68887,69182,69537,69817,71614,72121,72938,73184,73430,73684,74453,75464
clinique	26	67798,67940,68277,68646,70918,71360,71616,72116,72935,72938,73184,73435,73686,74169,74454,75065,75461,75793
jouer	26	67937,68275,68387,68388,68881,68886,69184,69815,70161,70749,70914,70921,72116,72392,72631,72932,73185,73434,75788,75790,76209
histoire	26	67071,67795,68276,69821,70161,70422,70753,70914,71835,72396,72630,72631,72634,73182,73432,73683,73875,74745,75788,76507
revue	26	67556,67558,67802,67937,68280,68387,68388,68391,68638,68886,68887,69540,69815,70163,70167,70746,71843,72632,72635,73184,73188,73189,75064,75463,76210
problématique	26	67553,67803,68280,68383,69178,69541,69820,70161,70170,70751,71357,71362,72120,72398,72938,73183,74746,74749,75064,75464,76212
situer	25	67943,69813,70424,71362,71842,72632,72932,73436,73683,73684,73876,73879,74168,74172,74455,74749,74751,75063,75068,75458,75788,75790,75792
démonstration	25	67383,67554,68881,69178,69179,69534,70162,70170,70426,70919,71835,72937,72939,73184,73884,74168,74752,75068,75071,75792,75797
modifier	25	67388,67556,67800,68887,69183,69184,69539,69811,70162,70167,70425,70745,70917,72116,72632,72933,73182,73430,75459,75463,75790,76213
franche-comté	25	67388,67795,68279,68885,69817,70166,70745,71842,72116,72396,73184,74172,74455,74749
coopération	25	67553,67555,67794,67795,67939,67945,68392,69177,69536,69814,70914,71361,71362,72393,72396,73434,76511
destiner	25	67796,67941,67943,68384,69818,70165,70420,70429,70753,70920,71366,71619,72935,73186,73190,73435,73877,73879,74455,74745,75064,75065,76511,76512
longtemps	25	67555,67558,67794,67937,68643,69539,69817,69821,70420,70421,71359,72115,72636,73683,73684,73877,73879,74457,74744,74746,74749,74752
12	25	67071,67555,67798,67939,68277,68279,68881,69180,70424,70914,71614,71619,72122,72395,73182,73436,73689,73881,74170,74451,74746,75065,75797
moyenne	25	67391,67556,67558,68383,68389,68881,68887,69178,69179,69540,71357,71840,72395,72934,74167,74455,75065,75792,75793,76508
tour	25	67937,68384,69815,70916,71360,71362,72119,72397,72933,72935,72938,73185,73683,73686,74168,74746,75461,75793,76507,76510
jule	25	67937,68383,70915,73683,73877,75068
nature	25	67554,67937,67938,68387,68389,68391,68887,69540,70167,70747,70919,70922,71357,71620,72119,72397,72934,73431,73432,73683,74173,74750,75463,76210
livre	25	67794,67938,68383,68882,70914,71359,71366,71835,72401,74457,75063,76213
thierry	25	67553,68638,68888,70426,70918,73182,73876,74167,74752,75790
mécanique	25	68276,68393,68639,70161,70165,71358,71361,71615,71616,72398,72636,72933,73186,73687,74455,74745,74750,74751,75063,75464,75791
quinzaine	25	67794,68646,68881,69821,70422,70916,71614,71837,72114,72394,72630,73182,73684,74171,74748,74749,75063,75458,76206,76507,76508,76509
sort	25	67385,67391,67553,68638,68882,70161,70420,70744,70916,70921,70923,71612,72113,72114,72116,72393,72631,72634,73879,75458,76209,76509
appliquer	25	67383,67389,67937,68393,68886,68887,69536,69813,70167,70421,71361,71612,71618,71835,71843,72117,72399,73187,73883,74167,74453,75790,76514
prise	25	67555,67801,68387,68886,69177,69182,69533,70161,71618,71836,72113,72393,73187,73431,73684,74449,75063,75458,76213
40	25	67389,67391,67556,67794,69815,71361,71362,72114,72115,72393,72396,72633,72933,73182,73430,73688,73875,75066,75069,75071,75790,76207,76515
savoir-fair	25	67553,67795,67946,68279,70161,70168,72114,72392,72634,73184,73190,73683,73689,73884,74455,74745,74749,75792,76508
gestion	25	67945,68275,68383,68643,68884,69178,69535,69537,70162,70164,70170,71621,72392,72637,72939,73434,73683,76507
thérapeutique	25	67802,68384,69536,71612,72115,72116,72938,73184,73435,73878,74173,75065,75459,76208
cuisine	25	70920,71359,74749,74752,75063,76516
décennie	25	67071,67798,68383,68387,68389,68645,68881,69533,69537,70424,70429,71363,71614,71621,71835,72633,72635,72932,73183,73434,73877,74167,76209
--	25	67071,67940,68276,68279,68643,68882,68885,69178,69534,69541,70743,70915,70916,71360,72117,72121,72394,72631,72634,73184,73683,73689,75069,75458,75793
inscrire	25	67561,67798,68279,68882,69177,69540,70161,70914,70916,70920,71357,71362,72116,72118,72392,72396,73435,73876,74449,74455,74747,75457,76511
cheval	25	71357,75065
aspect	25	67554,68392,68881,69178,69534,69813,71359,71614,72118,72393,72629,72634,72938,73880,74749,74751,75064,75065,76213,76507
fabriquer	25	67068,67388,67554,68274,68280,68388,68882,68885,69819,70429,70919,72114,72119,73433,73877,73879,74168,74454,75069,76213
avril	25	67068,67383,67555,68640,68889,69186,69543,70165,70167,72393,72399,72934,72936,73188,73189,75459,75462,75794,76208,76209,76509,76511
m	25	67068,67383,67937,68274,68883,68886,69179,70424,70919,72114,72633,73185,74450,76206,76510,76511
gérard	25	67794,68279,68638,72113,72630,72634,72934,73182,75790
physicien	25	67068,67937,67943,68391,68638,68645,68881,69540,70745,72397,72932,72934,72940,74168,74451
prévision	25	67939,69177,69533,69816,70745,70914,70916,73434
médicament	25	67390,68646,69815,70914,71360,72115,72116,72938,73184,73187,73878,74453,75065,75458
puissance	25	68638,68887,69178,69814,69821,70421,70914,72119,72392,72630,72934,74168,74452,74745
thales	25	67940,70162,70421,71835,71836,71839,72934,75788,75789
huile	25	67391,67555,67558,68387,70920,74457,74749,76516
17	25	67390,67798,68276,68384,68387,69542,70161,70747,72395,72396,72932,72939,73185,74748,74749,75065,75069,75792,76212,76507,76515
parfaitement	25	67390,67558,67802,68383,69177,70161,70420,70421,71842,72932,73184,73436,73877,73878,74168,74172,74449,74450,74455,75063,75794,76507,76508,76511
facteur	24	67555,67556,68886,70425,70749,70917,71357,72113,72396,73434,73683,74168,74449,74744,75064,75464,75790
accueillir	24	67940,67945,68392,68638,68888,68889,69179,69536,69542,70170,71358,71362,71842,72122,72396,73430,74172,74175,74748,75464,75797
raison	24	67558,67795,67939,68389,68642,68882,69183,69537,69811,69821,70165,70916,70921,71617,72934,73685,73878,74169,74744,75065,75792,76210,76507
placer	24	67558,67800,67939,68277,68279,68883,69179,69181,69182,70161,70420,70424,70425,70920,72119,72395,72637,74168,74752,76207
faible	24	67558,67796,67942,68383,68644,68883,68886,68887,69535,69539,69540,69817,71357,71836,72934,73436,75794,76210,76213,76508
emballage	24	67557,72634,75069,75462,75464,76514
augmenter	24	67391,67554,67795,67939,68273,68388,68882,69177,69539,69816,70421,70422,70425,70916,71837,72635,72934,73430,75464,75792,76510
ancien	24	68383,69536,69819,70161,70422,70424,72113,72393,72629,72630,73431,73433,73683,73875,73877,74450,75071,76213,76512
personn	24	67068,67389,67794,67799,68387,68881,69815,70744,71357,71366,72115,72629,73187,73190,73432,73435,73684,74449,74752,76206,76508
cler	24	67068,67383,67391,67555,67556,68274,68275,68387,70752,70914,71366,72635,73182,73684,73875,74456,74744,75793,75795
divers	24	67392,67554,67556,67800,68391,69534,69541,70424,70425,70745,71363,71612,71616,72116,72122,72394,72395,74167,75066,75458,75797,76511
concours	24	71358,71614,72394,72401,72932,73190,73683,73684,73689,73878,75066,75458,75459,75797,76207,76212,76509
2008	24	68279,68385,68389,68641,68646,68885,69537,69812,70161,70166,71841,72629,73182,73432,73434,73435,74169,74171,74454,74746,75458,76512
distance	24	68389,68882,68883,69811,70421,70424,70425,70923,71362,71617,72934,73434,73686,74167,74170,74450,75458,76510
carrière	24	67068,67383,67937,68392,69812,70161,70165,71837,71842,72394,72932,73430,73683,73684,73879,74455,75063,75459
parce	24	67794,67938,68383,68387,68638,68881,69821,70424,70745,71359,72394,72939,73185,73430,73431,73683,73877,74752,75458,76213,76507,76511
communication	24	67942,67945,68387,68391,68641,68887,70162,70168,70429,70747,71359,72393,72632,73190,73685,74173,74449,74746,75459,75463,76206,76516
électronique	24	67068,67390,67554,68280,68391,69186,69814,70165,70166,70167,70168,70423,71359,72114,72116,73187,73190,75070,75795
client	24	67553,68274,68881,68885,70166,72114,72395,72629,72637,73685,73875,73878,73879,74169,74749,75461,75792,76211,76507
significatif	24	67388,67555,67795,68278,68387,68642,69178,69181,69814,72113,72933,73685,74171,74455,75065,75790,75794,76206,76209
capital	24	67390,67794,70161,70746,70914,71360,71361,71614,72113,72392,72629,72631,73432,73434,73683,73686,73875,73879,74168,74451,74752,75460,76510
collègue	24	67383,67937,68391,68886,69183,69184,69812,70167,72394,72630,72631,72636,72932,73182,73876,74750,75070,75459,75794
bactérie	24	67385,67937,68385,69183,69815,70746,71621,73432,74452,76511
défaire	24	67071,67795,67804,69177,70914,71359,71621,71842,72114,72392,72393,72398,73182,73684,74456,75466,75792,75796
biologie	24	67068,67071,67390,67556,68643,69539,69812,71620,71837,72115,72397,72398,72631,73183,74173,74452,75067,75790
solaire	24	67796,67800,68884,69179,69814,70167,70747,71836,72114,72393,72940,73185,73436,74744,75789
présence	24	68274,68388,68638,68885,68888,69542,70162,70424,70919,71618,72936,73183,73185,73430,73875,74168,74449,74744,74746,75460,75792,76210
rupture	24	67794,68273,68384,68638,68886,71357,71358,72633,72637,73438,73686,74451,75066,75464,75465,76210,76213
aquitaine	24	67391,67553,68638,72117,73431,73687,74176,75067,75795,76512
bordeaux	24	67391,67801,68388,68641,68646,70422,72117,73431,73882,74176,74749,75067,75457,75793,75795
envisager	24	68280,68390,68638,68645,68882,69178,69533,69535,69538,70161,70162,70423,70429,70746,70917,70918,71357,71845,73182,74170,74454,74455,75459,75463
carte	24	67554,68885,69535,69537,69812,69813,70162,72392,73186,73684,73879,74450,75788,76208,76507
froid	24	67557,68273,72393,74167,74752
caractéristique	24	67387,67388,67555,68276,69186,69539,70423,70426,70747,70919,71619,71836,72113,72114,72632,73879,74750,75461,75793,75794,76511
réalisation	24	67798,67939,67940,68386,68638,68881,68885,69533,70743,70753,70919,71842,72116,72392,72393,72399,73683,73875,75068,75457,76512
défense	24	67553,67937,68279,69177,71615,71836,72937,74745,75789,76208,76511
commun	24	67553,67937,68639,68642,68881,69536,69538,70162,70163,70164,70919,71357,71358,71362,71363,71845,72393,73884,74172,76207
traiter	24	67794,67799,67939,68391,68641,68646,69813,70424,70918,71617,72393,72932,72935,72937,73183,73187,73431,73683,75065,75067,76514
février	23	67071,69177,69179,69181,69185,69534,69538,69541,70161,70162,70916,72120,72121,72397,72932,73430,73434,73683,75071,75458,75463
différence	23	67387,67388,67389,67555,67939,68641,70421,72117,72397,72932,73430,73875,73876,74173,74745,75463,75789,75793,76206
ouvrir	23	67390,67391,67558,67800,68278,68886,68887,69813,70426,70923,71614,72629,73184,73430,73432,74454,74750,75071,75795,76208
aventure	23	67068,68881,70421,71359,71835,72114,72629,72631,72634,73183,73434,73683,73875,74168,74450,76207,76509
fournir	23	67796,67939,68275,68391,68640,68886,69178,69811,69816,70162,70424,71362,71618,71836,72118,72932,73683,74749,76208
parler	23	67795,68273,68274,70161,71363,71614,71835,71841,72393,72629,72631,72932,72938,74167,74454,74747,74751,74752,76206,76514,76515
commercial	23	67553,68273,68383,68392,68643,68885,69538,69811,70920,71616,71618,71840,72629,73188,73434,73878,74451,74747,75461,76206
retrouver	23	67068,67558,67801,68276,68389,69184,71357,71359,71835,72631,72932,72937,73189,73430,73879,75064,75457,75789,76511
fibre	23	68641,70167,70751,70921,71614,72932,72934
discipline	23	67071,67937,68386,68391,70161,70916,71359,71835,71837,72932,72939,72940,73182,73431,74751,75458,75788,75797,76208
imagerie	23	67068,67391,67796,68275,68391,69182,69186,69819,73189,73431,73877,74451,75067,76515
valeur	23	68276,69535,69540,69811,70748,70920,70921,71358,72395,72637,72933,72939,73182,73876,74169,76511
récemment	23	67553,67937,67939,68279,68383,68885,69184,70161,71837,71843,72116,72117,72630,72932,73182,73184,73431,73436,73685,73875,73876,74751
passage	23	67939,68640,68643,68881,69820,71836,72118,72635,73183,73184,73430,73683,73688,74168,75459,75462,75792,76213
agroparistech	23	67795,67799,68275,68389,69816,72637,73685
disponible	23	67388,67557,67802,68279,68646,68881,69184,69535,70743,71363,71612,72397,72630,73684,73876,74451,74453,74745,74750,75065,75462,76508
automobile	23	68274,68280,68383,68639,68642,70748,70914,71358,73685,73884,74455,75063,75066,76508
demande	23	67794,67938,68643,68888,69538,70915,71835,71836,72633,73685,73877,74455,74745,75457,75462,76206,76209,76507,76509,76512
indispensable	23	67383,67795,68274,68645,69183,69534,70161,70914,71842,72396,73685,73879,74167,74451,74745,75064,75792,75795
quell	23	67388,67390,68283,68643,68881,69539,69540,70745,71358,71366,71835,72932,72940,73183,74450,74749,75790,76206,76209,76210
expertis	23	67946,68885,69541,70743,71357,72392,72393,72629,73184,73190,73432,74749,75064,75792,76206,76208,76211
100	23	67388,67941,68883,69814,70165,70167,70425,70916,70917,71836,72392,73190,73432,73688,73878,74451,75065,75789,75792,75793
parfois	23	67388,67937,68643,71835,72113,72401,72629,72630,72932,72933,72940,73431,73434,73685,75458,75460,76210,76211,76511
consacrer	23	67937,67942,67945,68276,68885,69534,69811,70748,70749,71357,71840,72121,72932,72937,73882,74749,74751,75457,76514
souligner	23	67937,69177,69816,70421,70749,70914,70915,71357,72113,72629,72933,73185,73430,73875,74172,74746,75066,75458,75461
pourquoi	23	67389,67937,67938,69178,70749,70751,71359,71612,71614,72115,72392,72396,72631,73185,73188,73430,73433,73877,74173,74752,75459,76511
évoquer	23	67561,67794,67795,67801,67939,69177,72630,72631,73184,73877,74167,74749,75063,75462,75792,75793,76213,76514,76516
system	23	67945,69178,69181,69811,70165,70919,71359,71614,71838,72633
bord	23	67939,68383,68640,68644,68645,68883,69177,69179,69542,69811,70165,70424,70917,71836,72634,72933,73183,73190,73434,74751,76508
fondateur	23	67071,67799,68643,69815,70166,71614,72114,73184,73185,74450,74451,74746,75063,76207,76208,76510,76511
polymère	23	70167,70423,71612,72634,73436,74750,75065,75067,75464,76210,76514
infrarouge	23	67392,67796,69186,69537,70163,70420,70424,71836,71839,76512
robotique	23	67383,67945,71614,72122,72392,73190,73884,75466,75791
car	23	67937,67939,68389,69821,70161,70421,70423,70744,71621,71835,72396,73183,73432,73684,74455,75067,75458,75793,75794,75797,76206,76511
intérieur	23	67387,68387,68881,69539,69817,69819,70166,70420,70421,70745,72396,72932,73880,74168,75064,75462
pathologie	22	67798,67799,68387,69534,69813,69815,73431,73432,73435,74453,75065,75067,75459,76507,76511
départemer	22	67068,67554,67944,68384,68385,70421,70746,70916,71358,71618,71837,72118,72933,74172,74744,74748,76209,76513
vitesse	22	67554,68390,68638,68886,69540,70420,70744,70914,71617,72396,73434,73880,75794
particule	22	68390,68638,68644,68645,69178,69540,70747,70914,70919,71612,72934,73183,73688,76210
relation	22	67937,67942,69541,70161,70166,70422,70745,71357,72113,72394,72395,72401,72637,73432,75795,76211,76213
fonctionner	22	67386,67796,67938,68883,68887,69177,69178,69179,70745,72114,72631,72634,72933,72934,74168,74449,75064,75793,76508
machine	22	67386,67945,68638,70921,72114,72393,72933,72934,74168,74171,75064,75791,76513
infrastructure	22	69181,69812,70165,70914,71617,71838,73683,73875,74450,74456,75789,76208,76510
optique	22	67068,67554,68641,69540,69811,70747,71837,72932,72934,74451,75070,76507
24	22	67945,68275,68640,69177,69538,69811,69820,70914,72933,73185,73683,74167,74172,74176,74746,75457,76516
ministre	22	67068,67071,68888,69177,70914,70915,71620,71837,72393,72933,73182,74456,74746
mine	22	68639,70161,70165,71614,73182,73430,74175,74450,75464
univer	22	68638,70163,70421,70424,71357,71359,71835,72401,72932,73878,74169,74752,75063,76206
commercialiser	22	67941,68273,68274,69815,71616,72114,72118,72630,72933,72935,73879,74167,74450,74455,74744,76207,76208,76510
congrès	22	69820,70166,72116,72120,72396,72932,72937,73685,73882,74449,74456,75459,75462,76209,76509,76511,76515
2000	22	68281,68392,69811,70917,71615,71620,72113,72629,72633,73182,73183,73432,73434,73436,73683,73875,75063,75459,76508
rappelons-le	22	67937,68281,68283,68390,68640,68641,69177,69533,69816,70919,71836,71838,72113,72632,73687,73875,74168,74746,75064,75466,76206
servir	22	67383,67555,68638,68644,68645,68646,69183,69811,70162,70421,70425,70744,71359,72115,72119,72394,73431,73880,74170,74450
orbite	22	67939,67942,69177,69179,69811,71836,73434,73880
opérateur	22	67071,70162,70165,70421,71357,72392,74450,74456,75064,75068,75789,75791,76510
cluster	22	67553,68384,72396,73687,73689,73691,74746,74748,76212
contribuer	22	67388,67553,67798,67937,68276,68885,69179,69184,69538,69814,69818,70161,70916,71363,71840,72398,73431,73880,74453,74746
apprentissage	22	67389,67555,67556,68281,68888,70164,70923,71358,73430,73876,75063,75071,75457,76206
dédié	22	67799,67946,68277,68384,69178,70165,71359,71361,71614,71619,71842,72122,72395,72398,75068,75460,75465
membrane	22	67800,68273,68387,69183,71616,72116,72397,72634,75067,75462
opportunité	22	69815,70166,70422,71358,71612,71619,71845,72121,72392,72637,73183,73430,73683,73691,74172,74450,74745,74746,74747,75465,75795,76209
proche	22	67383,67388,67392,67801,67802,68276,68643,69819,70163,70420,70424,70425,71357,71617,71836,72631,74449,75789,76210
celle	22	67389,67557,68389,68643,69816,69817,69819,70167,70423,70425,70745,71615,72397,72633,73434,73436,73683,73879,74449,74748
élevé	22	67385,67554,68383,68385,68387,68881,69182,70917,71357,71614,72394,72932,73436,74168,74169,74449,74745,75457
efficace	22	67068,67385,67553,67554,68639,68887,69813,70161,70747,71843,72393,72935,73187,73188,73879,74173,75064,75789,76213,76509,76511
végétal	22	67385,67387,67388,67800,68279,69537,69811,70420,71362,71618,71837,71845,72116,73433,74169,75069,75458,75796,76511,76516
contrat	22	67796,67798,68279,68385,68392,68643,69541,71361,72114,72629,72630,73685,73875,74746,75457,75464
terrain	22	67068,67387,67388,68274,68275,68383,68643,69813,69821,70421,70916,73182,73185,73430,73684,74172,74450,74457,75458,75788
gène	21	67391,67556,69182,69815,70161,71359,71362,71837,72631,73432,75790,76208
charger	21	67939,69178,69179,70428,70749,70921,72116,72630,72634,72932,73683,73688,74172,74450,74456,74746,75458,75459,75790
atout	21	67944,68280,68390,69812,70166,72114,72392,72629,72635,73183,73185,73438,73687,73875,74167,74455,74744,75789,75792,76206,76513
initiative	21	67071,67387,68392,68639,68881,69179,69820,70161,70914,71619,72113,72117,72122,72396,73876,74451,75067,75457,76509,76515
américain	21	67391,67939,68274,68881,69177,69540,70422,71614,71840,72115,72119,72394,72629,72633,74745,75790,76207
force	21	67799,67938,68275,68383,68883,68886,70162,70914,71357,71835,71840,72119,72397,72937,73184,76507,76510
valider	21	67071,67385,67797,67939,69178,69537,70918,72634,72934,73875,74168,74449,74453,75064,75067,75069,75793
cas	21	67554,67556,67798,68274,68646,69185,70166,70421,70916,71621,71835,73684,73876,74454,75065,75067,76208
serre	21	68278,69533,69811,69817,70165,70420,71838,71842,72114,75463
japon	21	67383,67942,67943,68638,69185,69811,70915,72117,72392,72396,72629,73875,73880,74168,74455,74746,75064,76209
soutenir	21	67383,67940,68275,68383,68881,69179,69536,69816,70749,70914,70920,71359,71614,72394,72398,75065,75789,75794,76508
entier	21	67800,67802,67939,68274,69181,69183,69811,70429,70921,71359,71612,71837,72635,72933,73431,73880,74744,74745,75459,76515
moment	21	67068,67389,67555,67939,68643,69177,70749,71617,72629,72932,73183,73187,73685,73691,75063,75064,75065,75792,76511
verte	21	67071,68278,68889,69535,69814,72121,75067,75458
réduction	21	68279,68639,69533,69814,70914,71357,71366,71615,71617,73184,73433,75790
atelier	21	67946,68882,68885,70169,70915,71359,72636,73438,74748,75068,75796,76513,76515
complet	21	67554,67557,69179,69541,69818,70161,70421,70919,72117,72392,73431,73683,73686,74170,74450,74745,75792,75793
choisir	21	67386,67555,67796,67945,68889,70421,70744,70753,71617,72113,72393,73185,73684,73875,73876,74456,74752,75066,75071,75462
porte	21	67798,67799,67945,68279,69535,70745,70751,70914,70918,71362,72632,72932,73430,73437,74746,74749,75071,76515
mémoire	21	67386,67554,67798,68277,68887,69540,73184,73876,73879,76515
bien-être	21	67798,74748,74752,75793,76511
décision	21	67553,68276,68645,69177,70162,70166,70923,72398,72629,72939,73182,73684,73687,73877,74169,74751,75064,75457
axe	21	67795,67937,68279,68639,68882,68883,69812,72395,72631,73430,73684,73875,74748
analyser	21	67388,67555,68391,69182,70919,71359,71620,72118,72637,73685,73879,74452,76207
éolien	21	68642,68883,69814,70743,72940,73185,75463,75792
remettre	21	67387,67555,67794,67937,67944,68274,68886,68888,69185,70751,72114,72400,72933,73190,74457,74746,75797,76510,76516
vieillissemer	21	67798,68277,68387,69535,71357,71360,74449,74746,74749,75063,75465,76515
tard	21	67798,67937,68274,68279,68881,69177,69811,69812,70916,71614,71621,71835,72394,72629,72630,73430,74450,75063,76507
complémentaire	21	67388,67553,67555,67939,67944,68644,68881,68882,70915,71358,71618,71836,73432,73875,73884,75789,76212
retour	21	67553,68387,69535,72396,72399,72629,72932,72937,73185,73431,73683,73690,73877,75458,75459,76206,76209
organisation	21	67798,67939,67944,68384,69535,70166,70423,70746,71357,71619,72629,72637,72935,73185,73430,74457,74746,75457,75788,76206
chef	21	68274,70166,70916,70921,71619,72113,72395,74168,74172,74176,74744,74749,74752,75063,75068,75069,75458,75792,76511
mobile	20	67386,68279,69181,70420,70746,70916,71359,72114,72116,74171,75792,76508,76509
dimension	20	67554,67939,69182,70424,70746,71837,73434,73683,73876,74456,75068,75458,75788,75793,76208
60	20	67558,67937,68640,68646,70753,71362,72117,72394,72395,72633,73182,73684,73875,74173,74456,74746,75792
perspective	20	67558,67795,67800,67937,68390,68887,69184,69186,69537,69540,69816,70752,70921,71363,72632,73877,74174,75788,76208
amélioration	20	67798,68273,68279,68387,68646,68885,71366,71612,72117,73431,73435,73877,74450,74451,75066,75464,76508
dédier	20	67939,67942,67943,68278,68638,68640,69181,69538,69814,71359,71614,73683,73691,73879,74169,75068,75461,75465,76507,76514
totalement	20	67555,67937,68279,69177,69181,69540,70161,70421,70749,71621,71841,72635,72939,73683,74169,74450,75063,75064,75793,76507
auxquels	20	67068,68275,68643,69177,69178,69539,69817,70161,70166,70421,70425,72629,73432,73683,74167,74748,75458,75788,76512
localiser	20	67389,68278,68279,68646,69539,70165,70743,70919,70921,71616,71841,72116,72938,74449,74455,75459,76507,76510
bruno	20	67937,71366,72113,72633,73430,73431,76508
nourrir	20	67071,67385,67794,71358,71366,72398,72932,72940,73182,74457,74749,75458,75460,76209,76213
récepteur	20	67937,67939,69181,69184,72115,72116,72631,73878,75790
construire	20	67387,69535,69817,70161,70167,70169,70914,71842,72637,72936,73182,73683,75064,75070
aborder	20	67392,67555,67794,67803,70169,70170,70921,71363,72113,72120,72393,72398,72937,72938,73182,73879,74452,76514
choix	20	67937,68644,69818,71840,72114,72631,72932,72933,72940,73185,73436,74168,74744,75457,75458,75792,76206
verre	20	68280,68387,68886,69819,70420,71842,72934
avancer	20	68639,68886,69177,69814,70161,70167,70426,70751,71359,72932,73687,74454,74457,74752,75065,75070,75458,75461,76211
synthèse	20	67390,67556,67800,68390,69541,70167,71620,72118,72119,73182,73189,73436,76210
exercice	20	69533,69535,70162,70421,70744,70915,71357,72633,72932,74167,74172,76507,76509
maîtris	20	68393,68885,69177,69535,70163,70915,71836,72392,72394,72629,72633,73683,74745,74749,76209,76514
chimique	20	67388,67558,67800,68388,68390,68881,70162,70914,72113,72118,72632,73436,74750,75792,76206,76511,76514
vite	20	67068,67383,67938,68881,70161,70420,70422,70923,71366,72630,73430,74167,74450,75069,75458
oeil	20	67388,68274,68641,68643,70161,70420,70744,70915,74171,76512
csger	20	67555,69534,70428,70749,73184,73685,74449,75790,76206
nanoparticule	20	68644,70429,70747,74174,74750,75065,75067,76511
in	20	67385,67389,67557,68277,68383,68388,68645,70420,71615,71837,73184,73190,73877,74168,74455,75064,75795
siècle	20	68276,68383,69533,69821,70161,70163,71835,72932,72939,73683,73688,73875,74168,74752,75795
iter	20	74168,75064
expérimentation	20	67385,67555,68279,68885,69179,70743,70914,71842,72113,73683,73877,74168,75793,76207
compter	20	67553,67794,68387,68643,69183,69817,70169,70753,72932,73186,73432,73685,75063,75066,75457,76211,76509
emploi	20	68383,68643,69535,69818,70164,71357,71366,72114,72392,73437,73683,73684,73687,74746,74748,75795,76512,76516
confronter	20	67553,67938,68882,69534,70921,71621,72396,72398,72629,73182,73877,74167,74168,74173,74455,75458,76509
biotechnologie	20	67388,67946,68277,68384,68385,70168,72121,73190,73433,73691,74455,75071
paris-sud	20	67386,68392,69178,69183,69536,69816,70748,72932,74752,75063,75065
pompier	20	68274,70162,70421
fil	20	67383,67386,67553,68276,68646,68885,71842,72113,72932,73432,73683,73877,75066,76509,76511
capteur	20	67386,67554,67796,68881,68883,69818,70421,70425,71359,75460
quasiment	20	68643,68881,69821,71359,71362,72113,72629,72631,72636,72932,72933,72939,73432,73684,73685,73877,74167
puisqu	19	67071,67383,67391,67939,69540,69812,69813,69819,70162,70421,71359,73182,73431,73875,74168,74450,75064,76511
classe	19	68881,68888,69177,69814,70161,70421,70423,71357,71358,71361,71837,73182,73687,73878,75071,75457
fondamental	19	67068,67800,67937,68277,68280,68384,68881,68882,69536,70422,70748,72630,73182,73184,73186,74453,75460,75790
lire	19	67938,68276,68283,69821,70429,70753,70914,71366,71621,71835,72401,72940,74457,74752,76213
2007	19	67553,67795,68881,69533,69537,69812,69817,70916,70917,71616,71840,72113,72117,73184,73187,73683,74169
gras	19	67558,68387,69534,72116,72631,75790
artemis	19	68279,68393,71842,73884
and	19	67557,67945,68278,68386,68387,68638,68645,69538,69811,70162,71837,71838,72113,72393,75795,76207
celles-ci	19	67387,67553,67554,68387,68389,69533,69537,69539,70167,71359,72635,73875,75069,75458,75788,76508
militaire	19	67386,67796,68392,68638,71358,71836,71839,71840,72113,72114,73879,74167,74744
1ère	19	69185,69541,69820,70743,71362,72114,72939,73430,73431,73437,73689,73881,73882,73883,73884,75457
âge	19	67068,67388,67553,67555,68387,68646,70428,70749,71841,74449,74453,74746
nom	19	67389,67800,67938,68274,68642,69177,69540,69815,70166,71358,71361,71835,72932,73875,74169,76509
design	19	70423,70751,71359,71836,72120,73876,74176,75068,75466,75788,75790,76513
représentant	19	68274,68885,69186,69541,69542,70162,70163,70164,70422,70749,70921,72396,73877,74744,75064,75071,75788
méthod	19	67800,69183,69813,70424,70914,71359,72630,73432,73688,74173,74449,74750,75460,76509
organis	19	67392,67553,67804,67945,67946,69186,69535,69541,72121,72399,72400,72938,73689,73691,74174,75464,76514,76515,76516
caméra	19	67554,67796,69540,70162,70420,70424,71839,73186,73879
michel	19	68279,68387,68638,70914,72400,73184,73187,73878,73879,74450,75461,75793,76511
composition	19	67388,68389,69178,69534,69815,71612,72116,72397,74168,74452,75790
ministère	19	68277,68888,69177,69180,69181,70169,70914,72113,72393,72933,73430,73683,73687,74746,75068,75458,76208,76513
cosmétique	19	67558,67946,70166,72118,72630,73433,73685,74744,74750,75067,75458
allon	19	67383,67794,67795,68643,70161,70745,70916,73876,73877,75069,75792,75793,76213
déplacer	19	67383,67941,68883,69182,69813,70162,70421,70744,72396,72933,73182,73688,75794
émerger	19	67383,67938,68638,69813,70744,70921,71612,71842,72114,73431,73434,73876,74167,74450,75458,75793,76209
bâtiment	19	68277,68280,69185,69818,70169,70420,70421,70751,71842,73875,73883,75071,75792
relativement	19	68383,68387,68643,70749,71357,71614,72401,72629,72630,72635,72934,73185,73683,73875,74169,74172,74744,75458
seb	19	67798,71359,72394,73879,75069,75793,76509
entrepreneur	19	68274,71614,72114,72933,73185,73435,73684,73685,76208,76511
laitier	19	67388,68273,68885,72394,72634
diagnostic	19	67794,68383,68646,68881,69815,70165,70426,71845,72115,73686,74171,74173,74455,75065,76510
opération	19	67797,69177,70162,70424,71614,71617,71619,71836,72392,72629,72937,73683,75064,75458
preuve	19	67795,67937,68383,69821,70421,70918,71359,71840,72113,73431,73684,73686,74167,74172,74752,75458,76206,76508
champ	19	67068,67071,68389,69177,69182,69817,70167,70421,71366,71836,72121,72122,72939,73433,73880,74168,74457,74750,76208
volonter	19	67553,68278,68280,68643,68881,70164,70745,70923,71362,72392,73184,73430,73687,73879,74172,75457,76209
combustible	19	67797,68644,68884,69178,70426,71619,72392,74174,75789,75792
ind	19	67553,67939,67942,69177,69180,72393,72396,74168,75064
profil	19	67553,67795,67939,71358,72394,73430,73880,75063,75071,75792,76212,76508,76512
démontrer	19	67390,67553,67556,67558,68882,68883,68886,69179,69811,70162,70167,70746,72122,73184,73434,73686,74168
constater	19	67553,67555,67801,67937,67939,68275,68383,68387,68389,68643,68885,69811,70166,70917,74171,74449,76213
échantillon	19	67388,68391,68885,68886,69177,69812,69819,70919,73432,75067,75458,76208
générer	19	67390,68638,68882,70743,70921,71366,72113,72114,72397,72399,73184,73188,73432,73434,74168,74453,74748,76508
expérimental	19	67390,67555,67798,68388,70426,72397,72401,73434,73683,73876,75793
2009	19	67068,67385,67554,67945,68273,68386,68641,68882,69541,71616,71619,73684,73688,73691,73879,73883,76512,76514
médaill	19	67068,67383,67937,68276,70161,71835,72636,72932,73183,73684,74750
gérer	19	68643,69182,69812,69814,70421,70923,71360,71616,71838,73431,74451,74747,74751,75792,76507,76509,76510
renouvelable	18	68884,69538,69818,70423,70743,71363,71617,72121,73185,73190,75464,76514
architecture	18	67390,67558,68644,69182,69185,70162,70424,72635,72934,73879,74751,75066
principalement	18	67390,67553,68389,68642,69536,69537,69815,71357,72932,73184,73431,73878,75458,75465,76206
ville	18	67068,67071,67383,67555,68277,68280,68889,69535,72113,72396,72400,72939,73182,73690,73875,75466,76511
gamme	18	67390,67558,68638,69184,71616,72630,74169,74451,75067,75794,76512
etat	18	67941,68275,68279,68884,69179,69185,70169,71357,72395,72633,73433,74167,74748,75457,75458
voie	18	67390,67391,68882,70163,70426,72116,72118,73184,73436,74169,74174,74449,74450,74454,75068,75795,76510
abriter	18	68277,68279,68387,68393,69817,70743,71358,71621,71842,72393,73431,73434,73687,74746,75063,76207,76213
amériqu	18	67796,68642,70920,71366,72630,72632,73185,73875,73878,76510
challenge	18	67795,67798,68639,69543,69811,70422,71615,71845,72114,73684,74167,74168,74450,74744,74749
procédé	18	67385,67554,68881,69179,70166,70425,70426,70920,72114,72630,73683,73878,74454,76210
entrer	18	68276,69821,70161,71358,71614,71836,72115,72401,72935,73182,73184,74451,74745,75065,75457,76206
pilote	18	67385,68275,68883,69813,70165,70744,72114,72392,72634,72933,74452,75457,75458,75792
objectif	18	67553,67794,67798,67803,67939,67942,70422,70748,71615,72940,73877,74172,74450,74744,75067,75458,76211
master	18	67795,68276,68392,68888,69536,70422,70748,71358,71362,71614,72398,76206
nanotube	18	67390,70425,72397,74750
dijonner	18	67798,68643,69534,69812,69817,72394,72631,73184,75459,75790,76511
mot	18	67553,68383,69179,70420,70744,71835,73182,73437,74167,74455,74746,74752,75459,76213,76507,76508
lui-même	18	67937,67941,68383,68642,68882,69815,71359,71835,73182,74168,74750,75462,75788,76206,76213,76507
plaisir	18	67937,72631,72932,73182,73684,74449,74749,74752,76209
300	18	67554,68883,69543,70916,71837,72935,73430,73875,74170,74747,75065,75068,75793,75797,76210,76507
revanche	18	67938,68644,68882,69540,70421,71359,71835,72631,72634,73183,73875,75462,75789,75794,76207
accès	18	67071,67387,68275,68279,69817,69821,70420,70914,70923,71357,72630,73437,73879,74452,74747,75790,75793
équiper	18	67940,67941,68640,69811,70163,70420,70421,72114,73186,73190,74168,74745,75789
télécommunications	18	67068,67386,68392,70168,72934,73190,75071,75789,76508
varier	18	67068,67388,67554,67938,68639,68886,70161,70745,70919,71363,71837,72116,72394,73881,74167,74173,74744,75466
main	18	67555,68276,70421,70744,72636,72932,72933,73432,75462,75791,75795,76508
composite	18	68280,68639,68644,69179,69820,71361,74167,75464
surtout	18	67555,67558,67794,67798,67938,68389,69186,69533,69540,70161,73432,74167,74169,74457,75063,75458,76515
stocker	18	68273,68884,69184,69539,70162,70426,70914,72940,73432,75792,76511
for	18	67557,67945,68275,68881,69180,69811,70164,71615,72113,72121,72932,75065,75069
rassembler	18	67386,67387,67557,68392,68645,69818,70164,70170,70424,70753,71359,73884,74170,75068,75465,75795,76207,76212
chiffre	18	68274,68276,68638,68885,70166,71361,71840,72633,73875,73878,74746,76508,76512
nanomètre	18	67558,68391,70167,70423,70747,72116,72119,72397,72635,72934,74451,75065
semaine	18	67801,68387,68883,69183,69185,70169,70916,72394,72396,72629,72932,72933,75460,76515
venin	18	71843,72115,73878
lipide	18	67800,68385,72116,72631,73184,75459
efficacité	18	67802,68279,69539,69541,70922,71614,71842,72934,72935,73188,73686,74176,75065,75789,75792,75795,75796
naturellement	18	68273,68383,68387,68388,68646,68882,70166,71612,71614,71843,72394,73182,73684,74173,74450,75459,76507,76508
souris	18	67802,68388,68887,69184,72631,73184,73189,74173
préparation	18	67388,67939,67942,69179,70749,71363,71838,71843,75069,76511
confirmer	18	67388,67794,67801,68643,69533,69814,70424,70918,71617,72396,72932,73434,73683,76511
académique	18	67386,67946,68278,69538,70422,70914,71360,71614,72117,73432,74168,74171,75065,75067,75793,75796
résume-t-il	18	67383,67938,68274,68387,69821,71359,71835,72113,72629,72933,73184,73875,73876,73877,74169,74450,75790
inaugurer	18	68277,68278,68385,68393,68639,68884,69178,69535,69817,70420,70751,70914,70921,71619,73433,73875,74751
juillet	18	69537,69817,70420,70743,70746,70747,70914,71614,73688,73877,74746,75065,75457,75460,75796
perception	18	69534,72395,72631,73685,75790,75793,76206,76508,76514
fondation	18	67383,67940,68393,68888,70748,72936,73183,73185,73683,73875,74751
lanceur	18	67939,69177,69179,75789
financier	18	67939,68389,69177,69181,71614,72629,72637,73185,73186,73683,73685,74167,75461,75465,75795
liquide	18	67939,68280,69540,69819,70166,70426,70746,72397,74752,75462,75789,75794
alliance	18	67071,68275,68881,68888,69814,70919,72939,73876,76508
assemblage	18	67556,67558,68882,70167,70746,72116,72636,73683,73876,75064
excellence	18	67937,68275,69181,70161,70422,71361,71837,72114,72121,72938,73184,73687,73876,75459
osseux	18	69184,71612,71616,73431,75067
considérer	17	67556,67801,68389,70921,72115,72394,72400,72629,72637,72932,73185,73877,74167,74175,74457,76206
environnementau	17	67071,67387,67556,67794,68275,68283,68645,69813,71621,71837,72392,72398,74453,75458,76213
atmosphère	17	67557,67939,68273,69811,70916,73183,73186,73434
débat	17	67804,67942,68275,69184,70170,70752,71357,71363,72113,72393,72940,74175,74176,75465
arriver	17	67937,68643,68881,72392,72629,72933,73184,73187,73685,74167,74168,75063,75069,75789,75792,76509
rendement	17	67385,67388,68385,68885,72630,73436,73684,75066,75458
airbus	17	67797,68383,70920,71617,72636,72933,74745
augmentation	17	67942,68387,68389,69533,69534,69816,71614,71840,72635,72934,73184,73688,75065,75457,75463
évidence	17	67389,67798,67937,67942,70161,71836,71843,72116,72632,73683,74172,74449,74744,75067,75459,76512
module	17	67390,67554,68273,70162,71618,72114,74451,75793,76507
uniquement	17	68886,70167,70423,71361,71617,71842,72113,72394,72397,72932,73685,73876,74168,74455,75457,76206
2006	17	67385,68881,68885,69178,70420,70753,70919,71360,71362,71614,72935,72937,73185,74168,74749
révolution	17	68276,72401,73434,73876,73877,74744,76213
génie	17	70161,71361,71362,72393,72937,73190,73883,75071
russie	17	67942,68642,72396,73431,74168,75064,76209,76511
chirurgie	17	68641,70918,71614,71616,73431
emblé	17	67068,67383,67555,67938,68276,68643,70745,71357,72113,72629,73182,73185,73430,73876,75069,75789,76509
11	17	67555,67944,68273,68276,68389,68642,68889,69541,70751,70915,70921,72121,72937,73684,73689,73880,75458
tiendra	17	67555,69535,69820,70168,70170,70749,72116,72122,72393,72400,72939,73438,74456,74748,75465,75795
signal	17	67555,67945,68279,69539,70747,70749,71837,72114,72116,73186,73879,74453
période	17	67555,67939,68643,69533,70749,70916,71357,72113,73432,73877,75457,75459
kilogramme	17	67941,68640,68883,69179,70163,70165,71366,71836,72630,74170,74450,75066,75461,75789
assister	17	67941,68885,69185,70165,70917,71614,71617,72396,72398,72629,73183,73190,74168,75063,75790
ile-de-franc	17	67553,67795,68277,70422,71358,71360,73186,73190,74172,74749,75071
provence	17	67553,68393,72118,73683,75461,75789
bel	17	67068,68881,69535,70161,71612,71621,72396,72630,72633,72933,73185,74172,75792,76207
réputé	17	67068,67383,67795,67937,67938,68276,68387,68881,70161,70919,72932,73683,73877,73878,75462
allemagn	17	67943,67944,68642,69534,69814,71361,72933,73187,73430,74170,74746,75069,76209
etude	17	68392,68393,69541,70163,70916,71357,71358,71362,72119,72634,72932,73431,73434,75063,75067,76515
prospectif	17	67939,68638,68642,69535,71357,72398,73690,74456,75458,75465,76209
90	17	67391,67801,68273,68638,69537,71358,71615,72115,72935,73434,73437,73684,73688,74176,74456,75792,75794
cesser	17	67383,68387,69538,70161,70429,70917,72113,72635,72932,73183,73877,74745,74752,75457
cartographi	17	67389,67944,69537,69811,70424,71836,72392,72629,73186,75788,75789
partager	17	67388,67794,67937,69821,70745,71358,71838,72113,72115,72393,72932,73689,74172,74176,76212
open	17	71359,73876,76211,76513
pendant	17	67389,67558,67937,67939,68391,68642,69185,69811,70162,70749,71837,71843,73434,74450,75460,76509
management	17	67945,68383,70168,70748,70751,70921,71616,72395,72937,73190,73875,74451,74751
adaptation	17	67071,67803,67938,69533,69813,70420,70916,71837,73877,75458
croire	17	67068,67795,67798,67937,67938,69813,70420,70917,71359,72932,73876,74167,74455,75063,76209
vrai	17	67386,68391,68884,69813,70161,70421,70429,72634,73182,73184,73430,73683,73684,75466
accroître	17	67554,67794,68279,68385,68642,69178,70420,71358,72634,72637,73182,73430,74167,74745,76207,76209
existant	17	67386,67387,67555,67795,68885,68887,70745,70921,71362,71620,72114,73687,73883,74453,75067,75458,75792
prévoir	17	68279,68886,69534,70421,70424,70916,71842,72629,72936,73683,74450,74749,75064,75463
chercher	17	67068,67383,67937,68283,68885,70745,71358,71614,72630,72940,73183,73430,73436,74168,76213
retenir	17	68383,69533,69818,70162,70753,71835,72932,73185,73879,74748,75068,75789,76209,76507
initial	17	67558,68885,69177,70161,70426,70922,71842,72113,72392,73437,73687,74167,74751,75461
détection	17	67553,67554,69183,69186,70425,71836,71840,72631,72633,73186,73432,73879,74167,75460,76207
fusion	17	67795,72392,74168,75064
train	17	67797,67798,68279,69177,71612,72114,72116,72933,73431,73683,73876,74167,74450,75458,76510
stress	17	67798,67801,68387,69182,72933,73184,76511
disposition	17	67553,68281,69181,69536,69811,70162,70753,70914,70921,71359,71618,73876,74452,76508
pleinement	17	67798,68279,68885,69817,70420,70421,71614,72113,72116,72396,73687,74449,74455,75458,75461,76511
eric	17	67388,68885,73685,74175,74749,75459
favoriser	17	68384,68641,68642,69541,69813,69816,70166,70751,70914,70923,71615,72398,73684,73690,74746
compréhension	17	67794,67937,67942,68881,69533,69811,69819,70420,70426,70916,71359,72113,73431,73877,75788,76508
final	17	67388,68645,68882,69177,69814,70162,70166,70428,72393,72637,74167,74449,76210
campus	17	67798,67945,68281,71358,71362,71363,71835,73687,74175,74751,75068,75457,75791,76207
food	17	67557,68387,69534,71359,75069,76514
immense	17	67937,68273,68887,69184,69821,70421,71359,71835,71842,73433,73875,73878,74168,74172,74752,75458
naître	16	67553,68274,68275,68281,68386,68885,69534,70917,71358,71842,72113,73182,73184,73432,73434,73876
série	16	67554,67555,68391,68640,69177,69533,69811,71357,72634,72934,73186,73683,74168,74455,75069,75465
cursu	16	67795,67944,69185,70161,70422,71362,72398,75071,75457
constat	16	67794,67938,68383,70161,70421,70422,72115,72939,73182,74449,74450,75457,76213
vivre	16	67383,69813,69821,70746,71621,71835,72396,72629,73185,73684,73688,73877,74749,75458
appuyer	16	67794,67795,68273,68274,68277,68383,68638,69533,70161,70424,71845,72629,73182,74167,75463
photovoltaïque	16	68642,70423,72114,72940,73185,73436,75789
modification	16	67389,67390,67938,67942,69184,69811,70745,72116,72933,73430,75463,75793
stratégique	16	67795,67937,68275,68638,68642,68882,69535,69812,70914,71619,72113,72392,72629,74167,74748
gille	16	67795,71358,72115,75458
échanger	16	67553,67803,70170,70749,71838,72120,72393,72400,72932,72937,73685,73691,73876,73881,75459
est-il	16	67553,67795,67798,67937,68276,68640,68645,69181,70422,70914,72392,73685,73687,75460,75794,76206
1000	16	69540,69811,69814,69819,70746,70916,72115,72118,72397,73879,74749,75796
interface	16	67386,68882,68885,68886,69819,70167,73185,75063,75064,75788,75790,75791
alain	16	69812,72629,72637,74168,74457
auteur	16	67794,67938,68276,68887,69184,69533,69821,71366,71621,74752,76213
définir	16	67798,68279,68383,68889,69538,70164,70166,70915,71359,72395,73182,73883,75063,76212,76508
créateur	16	67798,70166,70168,72392,72629,72634,72933,73190,73684,73685,73878,74746,75068,76208
autonome	16	67797,67940,68883,71359,71361,73185,74170,74449,74450,74746,75789
exposition	16	67385,68645,69535,70170,70751,73884,74176,74456,74748,75796,76515
diriger	16	67798,68887,69539,70161,70424,70426,71361,72394,72934,72940,73182,73430,75790
pourtant	16	67554,68383,68882,70161,70420,70745,71835,73185,73187,73432,73683,73879,74167,76209,76210,76507
limite	16	67798,68273,68274,68884,69540,69814,70743,72635,72934,73188,73683,75464,75792,76210
sport	16	69536,73689,74748,75797,76212
contenir	16	67388,67391,68388,68391,70746,70751,71359,71619,72934,73879,74750
priver	16	67383,67803,67945,68643,69538,70166,71357,71360,71361,71615,72113,72394,74169,75068,75792,75795
vis-à-vis	16	67557,68279,68387,68388,69534,70161,72394,73432,74167,74745,75458,75790
attente	16	67557,68279,68643,69183,69535,70169,70915,72395,72637,73877,74175,75063,75069,75457
actiler	16	67388,68885
équipement	16	67554,67941,68274,68385,70751,71836,72933,73433,73683,73875,73876,74748,75797,76513
adn	16	67802,68644,70747,70922,75460
film	16	67558,69541,70420,70423,72114,75794,76514
intégré	16	67554,67939,68882,69818,70162,70163,70167,71614,71836,73685,73876,75071,76206,76508
16	16	68279,68641,69177,69534,69812,69819,70162,72120,72396,72939,73183,73438,73690,76212,76515
80	16	67553,67937,67941,67942,68646,69541,69818,71615,72113,72114,72392,72393,73883,75796,76508
raisin	16	73877,74169,76206,76512
organique	16	67800,68279,68280,70167,70746,70747,71621,72114,73436,73683,75067,75789
research	16	67799,67939,68386,68387,69180,69534,70162,71360,71615,71837
théorèm	16	71835
hoffmann	16	67937
european	16	67804,68386,68391,69181,69539,69817,69819,70420,72113,72122,73183,73436,73691,73884
duquel	16	67804,67938,67940,68881,69177,69811,70162,70923,71358,71837,72932,73182,73434,74168,75063,75459
trouve	16	67389,68388,70745,70749,71843,72630,72631,72932,73687,74746,75065,75788,75792,76210
génétique	16	67556,67800,67937,68384,69816,70420,73432,74452,76208
métal	16	68280,68388,68642,70167,71612,73687,75066,75792
trouble	16	67556,68277,71841,72632,74171,74173,75791,76508
biodiversité	16	67071,67387,68283,68882,68889,69812,71621,72398,73183,73877,74452,74457
logique	16	67937,68882,69813,71357,71835,73876,76511
référence	16	67946,68642,68888,68889,69543,70162,70918,71359,72114,72116,72396,72398,73687,75065
enzyme	16	67388,67556,67800,75790,76511
faciliter	16	67389,67558,68275,69178,69814,70744,70746,70921,71359,72401,72932,73184,73187,74746,74748,75790
apprendre	16	67389,67937,67944,68643,68881,70744,71359,72394,72932,73683,73876,74168,74450,75063,76509
occuper	16	67555,67794,67795,68645,69540,69813,70743,72113,72393,72630,73182,73430,74167,74749,75070,75790
concentration	16	68281,68388,68645,69533,69811,70425,71837,71838,72634,73183
repa	16	67555,68387,70749,74449,75063,76507,76509
domicile	16	67555,71614,73685,74449,74746,75063,75069
pression	16	70426,70915,70918,72397,73435,74168,74745,75066,75067,75458
utile	16	67387,68883,69179,70161,71618,71836,73432,73879,74457,75789
appréhender	16	67389,67553,67939,68639,69813,69817,70164,70421,72940,73182,73185,73877,75064,75797,76209
chine	16	67942,68278,68642,68888,70920,71614,72114,72396,73430,74168,75064,75792,76512
voilier	16	68883,72634,73183,74170
microorganisme	16	68643,68885,69817,70420,70746,72116,73432,76213,76511
acide	15	67390,67558,68387,72116,72630,72631,73684
travaillé	15	68881,69533,72113,72630,72932,73185,73685,74449,74450,74451,74453,75788
mal	15	67794,68281,69534,69821,70915,71612,71614,72114,72394,72630,72934,74167,74173,74457
senior	15	72394,72396,74449,74746,75063,75069,76507,76514
palmier	15	67391,72632,74457
fuir	15	67798,67799,69818,70162,70421,71360,71361,71621,72634,73879,74169,74453,75793
diamètr	15	67390,69179,70163,70424,70747,72119,72397,75789
préserver	15	67068,67553,67795,68283,68889,69534,69538,70161,71621,71835,72634,73877,74449,76511
asie	15	68383,70920,71840,72396,73185,73875,73878,74167,76510
silver	15	74171,74449,74746,75063,75466
lipoprotéine	15	73184,75459
minute	15	68281,68640,68881,69182,70744,71843,73438,73689,73691,74168,74748,76212
assez	15	67554,68275,68882,69186,70921,71836,72394,72932,73182,73683,74167,74450,75459,75793
catégorie	15	67554,67944,69179,73878,74449,75066,75458
transférer	15	67554,67555,67802,68274,68641,68881,69534,70745,71362,72115,72630,73430,75791,76508
dresser	15	67555,68279,68885,69811,69820,72113,72392,73182,73183,73186,74450,76213,76514
manipuler	15	67554,67941,70421,70747,71357,72115,72630,73431,75064,75791,76208
me	15	67383,68276,68387,69821,70161,71835,72932,73185,73430,73684,74457
500	15	67794,67801,68640,68883,68886,69814,71842,72120,72939,73884,74745,75789,75793,76508
bleu	15	69539,72118,72630
hydrogène	15	68385,68884,74168,74174
directement	15	67554,67556,67795,67800,69812,70425,70426,70749,70753,71612,72933,75064,75071,75457,75795
rejoindre	15	67553,68273,70166,70422,71358,71839,71842,73182,73430,73683,74450,74455,74745
ceti	15	70751,70921
avancée	15	67940,68281,68384,69820,70421,70914,72116,72121,72398,72631,74746,75464,76514,76515
conséquence	15	67938,67939,68645,68882,69184,69533,70429,70916,70918,71357,71366,72631,72940,74453,76514
crise	15	67938,70162,70166,71357,71836,72939,73432,74453
renfermer	15	67388,67554,69534,70420,70745,71612,72115,72634,72934,73431,73878,73879,74167,75462
valorisation	15	67385,67946,71362,72117,72630,72634,72939,73431,73683,73877,74748
anr	15	67385,67386,68383,69816,70426,70428,70749,71361,73432,74449,75460,75790,75794,76507
optimisation	15	67385,67561,68882,68889,70914,71362,72630,74170,74453,75067,75464,75791,75793,76208
rencontrer	15	67068,67937,70421,70915,72118,72932,72937,73183,73685,73691,74456,74748,74752,75465
lancée	15	67555,67795,67942,67943,68279,68646,69181,70164,70424,72395,73880,74168,75458,75793
récent	15	67391,67794,68273,68638,69533,70424,70753,71366,72113,72631,72935,72940,75463,75464,76213
comparer	15	67389,67391,68389,68390,71843,72113,72629,72932,73185,73879,75463,75789
intelligent	15	67557,67945,71359,71363,71617,72400,74456,75071
pièce	15	67068,69541,70421,70918,71836,71842,73431,73683,74745
embarquer	15	67553,70165,70168,71836,73187,73190,73879,74170,74751,75071,76508
journer	15	69820,70751,70752,71619,72393,72932,73437,73690,76515,76516
plupart	15	67386,68643,69534,69812,69816,70746,70753,72115,72634,73182,73184,73876,73879,74454
economie	15	72398,72939,73430,73435,74449,74746,75063,75466
convention	15	67553,67795,68384,68888,69180,69536,70170,71362,72396,72936,73685,73884,75795
autonomie	15	67553,67941,68883,69538,70923,74170,74449,74450,74746,75069,75466
sérotonin	15	69184
fréquence	15	67942,70420,70425,70744,70916,70919,72939,75794
tête	15	70161,70422,71837,72117,72394,72396,72933,73430,74171,74172,74450,74744,74749
ouverture	15	68276,68882,68889,71358,71614,72634,72635,72936,73183,73882,75068
inria	15	67385,67386,69180,69819,70914,74452,74744,76207
prestigieux	15	67937,68881,70422,70429,70923,71835,72932,72936,74450,75788,76208
marseill	15	68391,70747,70918,72118,72392,73683,73688,74749,75458,75461
2005	15	68888,70428,70749,71616,72633,73182,73434,73436,74453,74454,74752,75064,75458,76207
producteur	15	67802,68273,68881,69812,69821,71357,72637,73877,74169,76206,76516
trentaine	15	67802,68385,68638,69821,70744,71358,71616,71835,72393,73183,73434,74167,74171,75460,75795
sens	15	67383,68889,70914,72119,73430,73684,73685,73875,75457,75790,76206
océanographie	15	67944,69811,73183,73434,73688,74170
diplôme	15	68392,68888,69185,71358,71362,71612,71614,72115,72394,72932,73437,74450,75457,76206,76513
inserm	15	67389,67801,67802,68386,68387,68388,68887,72631,73878,74451,75459,76515
équivaloir	15	68638,70420,70425,70915,71359,71362,71838,71842,72397,72629,72934,73437,74168,76207,76208
technology	15	68638,68881,69180,70161,70162,70919,73190,73876,76207,76208
adhérent	15	67553,68273,70166,70745,72396,74172,74749,76209,76507
neurone	15	67389,67801,68388,70425,73879,74173
nobel	15	67068,67937,70424,72115,72932,73185,75790
a-t-il	15	67068,67937,68883,69177,69540,70923,71357,71358,72933,73182,75463
limiter	15	67068,67385,67386,67558,67938,68390,69538,70429,70923,71357,72934,73435,73436,74449,75792
carbone	15	67387,68283,68882,69179,69533,69811,71615,72114,74168,74750,75789
tissu	15	67802,69184,70918,74168,74750,75789,76511
parl	15	67383,67939,69535,69821,71357,71614,71615,71617,71842,72397,72629,72933,73432,73433,74167
plateforme	15	67391,69817,70420,71359,71836,72116,73432,75457,76507
annuel	15	67392,68279,68889,72113,72633,73684,73691,73878,73881,74747,75458,75465,75466,75797
déterminer	15	67387,67388,67800,67801,70162,70424,70919,72635,73432,74449,75458,75794,76209
umr	15	68275,69812,69817,70745,71837,72631,72634,73184,73683,75459,75793
accélérer	15	67799,68386,68881,70429,70920,71615,71616,72934,72935,73183,74450,74452,75065
curie	15	67799,68277,68384,69533,70914,71360,75063,75070,75460
rayon	15	67390,68391,69539,73186,74450
suivant	15	67798,67937,67939,68640,68643,68881,70161,70162,70164,72115,72396,73188,74167,75457
safran	15	70168,71615,71839,72633,73687,74745,74751
étonnant	14	68881,70167,70425,71359,72636,72939,73431,73434,73687,74744,74750,74752,75794
investisseur	14	68881,71614,71616,72629,72935,73438,73686,73691,74450,74451,75466,75795
entraîne	14	67390,67802,68646,69535,71363,72632,72933,72934,72939,75458,75463,75793,75794,76511
piste	14	67391,67561,68882,69534,69538,69813,70161,71366,71617,72394,72398,75790
sélectionner	14	67794,67800,67939,68385,69179,69818,70420,70918,70920,72629,72631,73190,74169
coordinateur	14	67388,67555,69181,70422,72118,73184,74449,75069,75790
ajout	14	67068,67553,69813,70166,70746,71358,72629,73184,74451,74455,74750,74752,75458
vue	14	67554,69179,71363,71836,72637,73879,74450,74457,75069,75788,75793,76206
diminuer	14	67554,67558,67794,67800,67939,68387,69533,69814,73183,73688,75457,76511
sonde	14	67800,70916,74170,75794
perte	14	67799,68388,68640,69814,71617,72932,72939,74449,75066,75069,76510
masse	14	67799,68639,69179,70163,70919,73436,73688,74170,75794
démantèlemer	14	70915,72392,72629,74751
véhicule	14	68640,70162,71836,72114,73884,76508
préparer	14	68384,69816,70162,72396,72636,74167,74175,74450,74752,76507,76508
loisir	14	68280,68283,70165,71357,73689,74748,75466,75797
parallèle	14	67383,67555,69533,70170,70751,72397,73183,73877,73879,75458,76208,76508
intensif	14	67944,68888,70914,70916,74452,74744,76213
cellulaire	14	67556,68887,69183,72116,72397,73184
moitié	14	67556,68274,68646,70753,71359,71840,72630,73183,73684,73685,74172,75064
compris	14	67068,67937,68281,68386,69814,70163,72630,73188,73432,73688,74750,75458
abord	14	67068,68274,68643,68882,71362,72114,72115,72119,72394,73185,73684,74168,74746,75459
26	14	67556,68640,69179,69542,70168,70919,71359,72392,72396,74449,75069,75464
largement	14	68275,70420,70423,70747,70748,72399,72633,72637,72935,74455,74749,74750,75457,76507
eser	14	69177,69179,69811,70163,70170,70424,73880
exploitation	14	69177,69179,69538,70420,70915,71617,73187,73433,73880,74456
auxquelles	14	67387,68882,69182,69811,70421,70745,71357,72401,72940,74455,74752,75063,75794,76209
essayer	14	67794,70428,70745,73185,73431,73684,73876,74449,75065,75458,75790,75793
400	14	67553,68279,68640,69812,70916,70921,71837,72933,73691,75065,75067,75458,75789,75797
chinois	14	68278,68888,70920,71362,72933,74745,76512
propagation	14	68645,68886,69539,69813,71618,72932,74173,75794,76210
exceptionnelle	14	68276,69177,70161,70162,70163,70164,70421,70743,70748,70914,71836,71837,73878
collectif	14	67795,67945,68283,70429,71842,71845,72629,73182,73430,73876,74749,74752,76515
écran	14	68881,70162,70167,70421,70744,72401,75792
famille	14	67937,68276,68387,69179,69186,71360,71614,72632,72932,73436,74745,75792,76508
françois	14	67068,67383,67794,69542,71357,72932,72936,74456
midi-pyréner	14	70170,73434,73884,74450,74748,75066,75789,76512
achever	14	67557,67795,68283,69533,69817,70421,70422,70751,71357,72938,75460,76508,76516
posséder	14	67390,68392,69186,69815,70425,72115,72629,73687,73875,73879,75067,75462,76211,76213
corps	14	67068,68383,69179,69539,70429,71835,72631,73435,73878,74749,76213
surveillance	14	67939,67945,69177,69811,69812,71836,71839,75789,76510
maintenance	14	68881,70165,71619,71840,73687,74456,75064,76510
promotion	14	67946,68888,69185,69541,71358,72395,73683,74450,75457,76516
mai	14	68273,69535,69542,69820,70169,70917,71358,72400,72938,72939,73183,73431,75466
tech	14	68280,70751,72121,73182,74172,74450,74750,75066,75457
quatrième	14	67388,67794,68639,68882,69179,69534,69535,69543,70745,71357,71614,71617,71835,75067
rouge	14	67938,68387,70745,73684,73877,74169,75462,76512
alpe	14	67553,68393,73683,73878,73881,75789,75797,76513
consortium	14	69181,70163,70424,72121,72394,72934,73184,74453,74745,75065
modélisation	14	67385,67387,67942,68645,69180,70162,70914,70916,72939,73189,74456,74745,75796
rare	14	68642,68881,71614,71835,72115,72394,73431,73683,75461,75792,75795
diplômer	14	68888,69185,71358,71362,73190,73430,73437,73685
caractériser	14	67071,67799,67800,67938,69813,69817,70420,71620,73437,75069,75794,76511
productif	14	67391,71614,72933,73182,74746,75068,76213,76513
pléiade	14	71836,72120
médecin	14	67940,68387,68881,69815,70745,72113,72401,73187,73431,74173,74455,75458,76509
normal	14	68278,68388,69180,69184,69540,69820,70161,70166,71841,72932,73182,73183,73684
bretagne	14	67553,67944,67946,68883,74170,75460
positif	14	67555,67801,68387,69183,69818,70166,71366,71842,72117,74168,75458,76511
christophe	14	69817,70420,72392,72396,74172,76509,76511
bernard	14	68390,69540,70167,70914,72397,72633,73189,74173,74744,76210,76507
arôme	14	67555,70166,72634,75462,75790,76206,76512
arrivée	14	69821,71612,71836,72118,72938,73877,74170,74450,74451,74452,74453,74744,76507
19	14	70428,70749,70752,72122,72392,72395,72396,73183,73687,74451,75069,75789,76515
plastique	14	67389,70167,70752,72114,72630,72634,73183,73687,73877,75464
déposer	14	67385,68643,70169,72630,72634,72635,73184,73187,73431,74451,74744,75066,76511
électricité	14	67557,68884,70426,72114,72397,73185,73188,75064,75066
fromage	14	67388,68273,68387,68885,69534
thermique	14	67796,68639,68640,69537,69818,70165,71836,71839,72630,72934,72940,75066
maîtriser	13	67390,67554,69543,70744,70915,71836,73185,73187,74168,74169,74172,74744,76511
prévention	13	67799,67801,67945,68274,68387,69534,71616,74453,76514,76515
dépôt	13	67554,68643,71621,71835,71843,72115,72117,72633,73184,74173,75065
penser	13	68283,68882,72394,72396,72401,72939,72940,73684,73879,74167,74744,75459
toxique	13	70162,70746,71843,72115,72392,73189,73436,74170,74173,75460
météorologique	13	67939,69177,70914,70916,71617,75789
fond	13	67798,68882,70422,70744,71614,72633,72935,73683,73688,74455,74752,76213
avantage	13	67383,67554,67802,68390,68391,68644,69182,70162,70429,71616,72114,72401,72631
devant	13	67794,70163,70169,70420,70744,72401,73185,73438,74450,74745,75792,76507
banque	13	68383,72115,72629,72933,73185,73432,75063,75065,76211
glace	13	67939,68390,69811,73880,76206,76210
jeu	13	67800,68387,69533,70922,71357,72401,73190,73684,74745,75790,76509
aménagement	13	67071,67944,68889,69535,70165,70917,71363,72937,72939,73875,74456,75788
co2	13	67385,67557,69814,69816,70426,71615,71617,72933,73433
axer	13	67555,67798,67803,70916,71361,71362,71617,72115,72631,73184,74450,75065
préoccupation	13	68273,68389,69535,71357,72637,73182,73430,73876,73877,74457,75459,75793
the	13	67557,67802,68886,69184,69819,71617,71837,72121,72393,76513
vingt	13	67383,68385,69181,69813,71357,71362,72113,72634,72933,73434,73683
cen	13	67798,75793
3èm	13	67945,70170,71620,72114,72933,73430,73882,75066
dispenser	13	68276,68881,69185,70161,70422,71362,71619,72394,72932,75071,75457,76206
quelques-uns	13	68383,68638,70161,70422,70745,71835,73875,74450,74751,74752,76206,76209
chance	13	67068,67383,70422,70425,72631,72932,73882,75461,76210
but	13	68639,69181,69538,70164,70425,70920,70923,71617,72936,73190,75069,75791
entrée	13	67944,69535,71842,72932,73431,73685,73686,73878,73879,75071,75790,75792
lance	13	67944,68274,69812,69813,70424,71835,72118,72633,74169,74171,74176,75457,76207
accélérateur	13	67943,68638,69178,70914,72934
charle	13	68277,68641,70167,71617,74746,75066
convaincre	13	70161,71614,71842,72114,72116,72634,72939,73185,73689,74169,74173,74450,74455
claude	13	68390,68643,69540,72118,72397,73189,74173,76210
engager	13	67795,69536,70162,70753,70914,71616,72395,72629,73877,74449,74746,76212
démarrer	13	67795,67939,68279,68881,70918,71359,72631,72634,74449,74749,75065,76507
précédent	13	68641,68883,69177,69533,69542,69815,70916,72113,72932,73432,74171
indiquer	13	67386,67938,68887,69177,69534,69537,70166,70915,71357,73685,74167,74746,75459
processeur	13	67554,73879,74745
space	13	67939,70163,70170,71836,75789
structurer	13	67938,68642,68882,69812,70161,70753,70923,71359,72392,73430,73687
mégha-tropique	13	67939,69177
difficulté	13	67938,67939,68643,68882,71614,73683,74450,74747,75069,76508
tonne	13	67391,68273,69177,69179,69811,70163,71836,72630,72933,75066
35	13	67391,68279,68383,68885,69533,71840,73184,73684,73875,76208,76213
sensible	13	67389,67553,68387,69179,69812,70163,70425,72938,73183,74167,74171,75067,76208
réussite	13	67068,68275,69177,72392,72396,72937,73434,74167,74744,75457
eden	13	67553
bientôt	13	67555,68283,70421,70749,72634,73434,73877,73879,75063,75793,75794,76509,76513
espagne	13	67945,68274,68281,68642,69179,70916,72632,73875,74169,75069,76206
bassin	13	67385,70743,70916,70917,74455
suffire	13	67800,67938,68638,70425,70919,71618,71835,72119,73876,74167,74169,75457,75458
directrice	13	67555,68281,70915,71358,71616,72396,74451,75065,75069
volet	13	67555,67938,69533,71838,72393,74176,75458,75793,76514
rien	13	68886,68887,69177,70747,70915,71835,72392,72636,73432,73684,74450,74744
vent	13	68389,68883,70743,70916,73187,73434,73880,75463,75789
légume	13	67555,68273,68387,75069,75458,76213
collaboratif	13	67941,68281,71359,71360,71361,72634,73879,74748,75064,75068,75465
intégration	13	67553,67554,68884,70163,74174,74751,75064
difficulter	13	67386,67939,68882,70420,70421,71614,72934,74167,76509
combiner	13	67386,67554,69533,69816,70420,70421,70426,70751,71361,71616,72392,75070
70	13	67555,69537,70744,71358,71836,71840,72113,72394,73183,73430,74168,75066,76507
continuer	13	67388,67553,70420,71835,71842,72114,72631,72637,73437,73687,74751,76511
nante	13	70743,73189,73433,73685,74175,74449,75068,75462
visible	13	67388,67553,67939,68273,69539,70420,70422,70424,71359,73182,75067
satisfaire	13	67794,68643,68883,69535,70166,70749,71617,72114,72117,73184,73683,75457,76511
aussitôt	13	68273,70162,70166,70421,71612,71614,72397,73182,73431,73685,73878,73879,75788
toxine	13	72115,75460
équipemer	13	67557,68273,68277,70420,70914,75462,75795,76513
reconnaissance	13	68888,69811,70421,70744,71836,72633,73879,75788,76207
arbre	13	67387,67391,68383,69182,69816,71837,75458
deuxième	13	67938,68882,69177,70745,70749,70914,72121,72393,73436,75788,76212,76508
observatoir	13	69186,70163,70428,70749,70751,71838,73186,74174,75458,76515
susciter	13	68278,68638,70424,70921,71357,71360,72631,72934,72938,72940,74171,76206
flux	13	67796,67939,69535,70162,72637,73430,74168,74751,75457,75458
dijonnais	13	68387,68643,69817,70420,70749,71842,72634,73184,73685,73879,75793
automne	13	68279,69177,69533,70169,71612,72394,73187,73683,75068,76508
valoriser	13	67385,68273,68885,69815,70426,71845,73433,73438,73877,73878,75067,76209
éviter	13	67794,69534,71366,71612,72114,72940,73683,74167,75069,75792,76510,76511
bruit	13	67796,70421,71615,71617,73688,74745,76508
riche	13	68388,70161,71619,72115,72394,72396,72938,73185,73876,74168,75792,76515
docteur	13	67795,67801,68387,70426,71616,71837,72117,73683,74453,74747
réaction	13	67800,67943,69178,69819,70162,70746,72937,74168,74750
navigation	13	68883,69177,73183,73683,74751,76208
piloter	13	67799,68882,69178,69538,70162,70421,71362,72637,72933,74746,75066,75789
canal	13	71843,72115,72397,72635,73878,75794,76208
loin	13	67383,70161,70162,71617,72392,72635,73430,73432,74746,74749,74751,75459,76512
magnétique	13	67557,69177,69186,71837,73189,73880,74168,75064,76208
stockage	13	68273,68884,69178,70423,71362,72393,74174,74452,75789
27	13	67068,67383,69538,69542,70161,70163,70165,71840,72396,73437,75464
évaluation	13	67798,68645,69533,69815,70162,70914,70916,70918,71845,72935,74744
panneau	12	68884,69179,71836,72114,73436
née	12	68643,68881,69820,71842,72631,72937,72939,73431,73878,73879,75793
agent	12	67388,68387,68388,70746,71612,72115,73686,74453,75063
renferm	12	67383,67388,68274,69815,69819,71621,73432,73879,75792,75794,76511
interministériel	12	67798,67799,69535,69818,70162,70421,72634,73433,73879,74169,74453,75793
labex	12	71837,72938,73184,75459
lecture	12	68283,71835,71841,73185,74171
sel	12	67555,67558,68390,69534,75790
alzheimer	12	67798,68277,68646,70914,73184,73187,74173,76511,76515
énorme	12	67388,69177,70749,72115,72933,73183,73434,73878,74449,74745
union	12	67557,67944,68277,68642,71841,72934,74168,75064,75792
ceci	12	67555,67794,69177,69818,69819,70922,71359,72933,74750,75794,76207
matériel	12	68279,70420,70914,73432,73876,73877,74169,75457,75796,76507
diminution	12	67555,67556,67798,67799,68388,69540,71617,72114,72933,72934,73184,75792
visualiser	12	67796,69817,69819,70162,70420,70421,70744,75064,75788
rond	12	69186,70751,71845,72400,72932,72937,74170,74172,75462,75466,76516
extraction	12	67388,67945,69541,70917,71845,72630,75792,76516
vaccin	12	67937,69813,72935,73184
bâtir	12	68279,68642,69814,70749,72634,73185,73876,74169,75793
fait	12	67553,68643,71838,72397,72939,72940,73684,74172,74746,75071
couvrir	12	67553,67555,68386,70753,71357,71612,72113,72629,72637,72939,73434,76508
inp	12	71362,72121,72630,73185,76512
digital	12	71359,72633,75063,75068,76508,76513
facile	12	67937,68280,68387,68390,70747,71357,72115,73182,73683,73685,75069,76507
fonctionnel	12	67387,67798,67802,68277,72396,74173,74450,74453
souligne-t-il	12	67068,69812,73183,73430,73432,74450,75789,75793,76206,76209,76508
pense	12	67389,67795,67798,69177,69821,70161,71842,73877,74455,76213
insecte	12	67937,68387,71618,71843,76213
annonce	12	67937,68643,69813,71360,71840,72935,73182,73431,73434,73687,74451,74454
théorie	12	67938,69180,70424,70748,70914,71841,76511
amener	12	68387,68393,68642,69177,70161,70170,70420,72933,73431,74169,75459
planèt	12	67071,67794,68387,69811,69814,71614,72940,73434,73880,75458,76213
tungstèn	12	74168,75064
microbiologie	12	68885,69183,69812,69813,70746,71837
lutte	12	68643,69536,69813,72632,73877,75458
conserver	12	67557,67558,68273,70161,71842,73683,73877,74167,75065
ingérop	12	72629,73875
originalité	12	67939,68276,68387,68643,68881,68887,69813,71835,74171,75792,75793
donne	12	67068,67555,68881,68883,69815,70744,71835,73875,74450,74455
bas	12	67939,67942,69179,69537,69818,69821,70915,73684,74168,74746,75794
faibler	12	67388,69184,70163,70167,70915,71614,71617,72397,73684,75463,76508
vouloir	12	67068,67794,67795,67938,68383,70425,72115,73878,74450,74457,75069,76213
théorique	12	67383,68886,70421,71836,72397,72631,72932,74744,76206,76211
parent	12	67555,68881,70749,72401,72932,75458,76509
intestinal	12	69815,72631,73432,76213
microbiote	12	69815,73432,76213
2050	12	67071,67794,69816,71357,71615,71617,74746,75463
fédérer	12	67553,70170,71358,72398,72634,73184,73881,74746,76211
recruter	12	67383,67801,69812,70161,70923,71616,72631,73683,75790
route	12	68274,68386,68387,68389,68645,72114,72634,73183,73434,73875,76511
durabilité	12	67561,68639,68882,69538,70164,70920,72637,73877,76213
pascal	12	67386,67938,71358,73431,75063,76207
ajouton	12	67386,68279,68642,69184,69542,69811,70162,72935,75063,75071,76210,76511
particularité	12	67068,67391,67553,67558,69183,71621,72394,73684,73688,73875,73879,76206
micro-algue	12	67385,75460,76213
cédric	12	68276,70161,71835,72932
médecine	12	67068,67937,69815,71616,73431,73691,73879,75458,75790
patrice	12	68887,72939,73683,74457
déchet	12	67385,69178,71621,72392,73684
labelliser	12	68387,68393,68885,70420,71360,72394,72631,73687,73876,74172,76511
jean-pierre	12	68387,68881,73876,75789
personnel	12	67940,67941,68643,69535,69536,71619,72122,72394,72401,72634,73185,76507
évoluer	12	67389,67553,67939,70161,70163,70423,70923,71366,71835,73685,76209
thème	12	67803,68882,68889,69535,70164,72113,72121,72398,72399,73877,74456
villani	12	68276,70161,71835,72932
écologique	12	67071,67557,69812,69816,70920,72940,73183,74457,75458,75464
4èm	12	67804,70170,70745,70752,71614,74176,75458,75795
28	12	68276,68638,70161,70170,72397,72635,72938,73437,73883,74452,75065,75464
jean	12	68277,68392,68641,69186,69533,70744,72400,72932
entamer	12	67385,67937,68392,69811,72932,72939,73183,73185,73430,74172,74454,76206
phénotypage	12	69817,70420
cause	12	67387,67556,68383,68886,70917,73434,75065,75069,75458
longueur	12	68641,70163,70420,70425,71617,71835,72635,72934,74167,75067
sanitaire	12	68279,68645,68885,69818,70162,73877,74169,74457,75458,76514
résistance	12	68280,68886,69541,70163,70167,70743,70914,74750,75065,75458,76209
acoustique	12	67068,68886,69820,70424,71615,73876,75794
genr	12	67939,68884,69178,70162,70420,70421,70915,70921,71842,72939,73431,74169
chambre	12	67553,68273,69817,70168,70420,71842,72396,73190,74745,75071,75795
intelligence	12	67945,68276,70166,70421,73190,75063,76509
finir	12	67068,68274,69540,70161,71366,71837,72629,72631,73683,74749
marie	12	67799,68277,68384,68882,69184,69533,70424,71360,74746,75063,75070,75460
pastel	12	72630
issue	12	67554,67558,68384,68881,69178,70917,70918,71359,71616,71619,73437,73684
traduire	12	68383,68646,68885,70923,71357,71359,71836,72393,73185,74172,74173,76209
diffusion	12	67390,67558,68279,68882,69536,70429,70746,70748,72392,72939,74454
multiple	12	68881,68886,69179,71839,72630,72937,72940,73434,74167,75788
central	12	67556,67937,68888,69181,69814,71842,72397,72936,73430,74168,74453
nerveux	12	67556,68277,68388,69539,71616,72115,73187,74453
nanotechnologie	12	67390,68881,69186,69540,72119,72635,74747,75071
fortement	12	68882,68885,68888,69181,69537,70167,70915,70916,71358,75463,76213
couche	12	67554,67939,68883,69811,70746,70918,72114,74744,76511
montagn	12	67068,68389,70165,73881
essentiellement	12	67555,67798,67937,69533,69814,72113,72118,72630,72939,73182,73184,73684
tropical	12	67939,69181,69821,74457
veger	12	69177,69179
provenir	11	67555,67795,68881,70166,71359,72115,72935,73684,73880,73884,75463
vignoble	11	68387,73684,73877,74169,76206
armé	11	67553,68643,69542,71358,73431
etc	11	67068,67556,69185,70165,72937,73190,73437,74453,76208,76510
transporter	11	67941,68273,69814,70167,72631,72935,72940,73434,75459,75790
réunir	11	67071,68279,69542,69815,69820,72120,74174,75068,75792,75794,76513
arctique	11	69533,73183,73880
renforcer	11	67795,68277,68279,68384,68386,70745,70916,73875,75789,76211
garantir	11	67386,68273,71614,71617,72394,72634,73877,74751,76207,76513
protéger	11	67553,68274,69816,71614,74167,75458,75462,76208
commercialisation	11	67553,68274,69179,70920,72117,72630,73684,74167,74450,74451,76511
regard	11	68881,69533,70744,70749,71835,71836,73182,73432,73685,74750,75462
commence	11	67553,67938,67940,68383,69813,71835,72396,72634,72932,75458,75790
plaine	11	68389,69816,72630
21	11	67939,68386,69177,71359,71363,72113,72122,72396,72636,74452
exceptionnel	11	67383,69177,69182,69543,70420,70914,71836,72932,73877,76513
lâche-t-il	11	67798,68276,70166,72114,72115,72630,73182,73185,74450,74455,74749
élaboration	11	67388,67798,68390,69812,69819,71357,72392,74169,75069,75464,75793
isolé	11	67068,67556,67800,68886,71360,71843,73185,73430,75459,75789
accessible	11	68279,68882,70421,70914,73431,74744,75068,75788,76207,76513
précise-t-ell	11	67555,70422,71612,72634,72636,73434,73685,74449,75064,76509
doctorat	11	67795,69812,70161,70743,70748,72115,74454,75459,75790
fameux	11	67068,67937,68638,70161,70420,70421,70422,71621,72115,72932,75458
oréal	11	71612,74744
chose	11	67555,67794,69540,70166,70421,71843,73185,74457,74752,75458
souche	11	68277,68643,72935,75067
os	11	69184,71612,73190,73431
enregistrer	11	67068,67389,67795,70421,70749,70916,74170,74171,76510
campagne	11	67937,69177,70164,70916,71616,74170
immunitaire	11	67937,68388,68887,70919,72935
pharma	11	71360,73187,74453,75065
traditionnel	11	67388,67557,72932,73683,74747,74748,75458,76206,76210
gros	11	67555,68274,68642,68881,69179,69811,70420,71835,73182,73876
performant	11	69820,70423,70425,73436,73876,73879,74744,75067,75070,75788,76211
urbain	11	69535,70162,70170,72114,72399,72939,73683,73875,75796
six	11	69821,70163,70422,71358,71612,72629,72932,74171,74450,74455
esprit	11	67553,67937,68383,69541,70161,70164,73185,73435,75459
visite	11	67553,70751,70921,72939,74748,75071,75457,75458,76515
ifremer	11	67071,67385,68883,73433,74170,75460
be	11	67795,70161,70915,73884
aider	11	67553,68641,68642,68643,69811,72113,73430,73878,75069,75465,76211
loi	11	67554,67938,68885,69177,69178,72113,72940,75457
ccrt	11	74744,74745
remarquable	11	67068,67937,67938,69186,70424,70425,71621,72933,73184,76213
strasbourg	11	67556,67937,68389,69178,70167,70425,74454,75070
focaliser	11	67068,68391,69540,70420,72115,72118,72632,73435,75065,75793
stage	11	68393,70422,73185,73687,75457,75790,76206
russe	11	68638,69177,71836,72396,73183,76511
expansion	11	70170,70424,71357,71618,73188,73882
construit	11	67797,68638,68643,69540,69811,70163,71357,71359,73683,74167
groupement	11	67553,67940,68884,69812,71358,72122,73436,73683,74748,75068
ouvert	11	67555,67795,67937,71620,73876,74749,75792,76211,76515
extraire	11	67388,68274,71845,72630,73432,75788,76213
microalgue	11	68385,72121,73433,74170
diversité	11	69538,69812,69816,70161,70420,70746,70914,72122
atmosphérique	11	67939,68645,69816,70743,70916,71617,71838,75463
individu	11	67071,67387,67389,67794,67938,68281,69815,73432,73877
hectare	11	67391,68279,71842,73684,74169,75458
réglementation	11	68643,69818,70165,71357,72118,74450,74455
rentrer	11	69177,70923,71362,72932,73687,75457,76509,76513
débit	11	69177,69179,69812,69817,70420,70914,73686
japonais	11	67939,68274,68388,72113,72117,72396,73875,76209
présentation	11	67561,67942,69543,71363,71845,72121,73690,75071,75796,76516
effort	11	67941,68279,70914,70915,72932,73876,74746,75064,76511
parcours	11	67794,68641,69535,73182,73430,73437,74167,74176,74748,74749
officiellement	11	67794,67937,68393,68881,69178,69181,70161,70422,71359,71619,76508
scanner	11	67801,71614,73431
2020	11	69181,69818,70916,71615,71840,74168,74169,75463,75795,76209
lyonnais	11	67553,71612,71840,73685,73876,74167
course	11	67938,71357,72396,72932,73876,74167,74170,75070,76212,76213
bilan	11	67555,67795,67939,70915,71614,72113,73877
naissance	11	67555,68638,68881,68882,68885,70428,70749,71835,74168,74174
ni	11	67794,67938,72634,74450,74750,75066,76206
sénégal	11	69813,75458
préférence	11	67555,70428,70746,70749,72631
parcourir	11	67068,68389,68640,68883,69811,74170,75458
enseignant	11	70421,70923,71362,72394,73431,73876,75071,75457
bureau	11	69177,69181,69185,70169,70422,72393,73877,75064,76508
intervention	11	67392,67941,70162,70421,72937,73431,74454,75064,76510
livrer	11	69177,70163,70421,72630,73185,73436,73880,74174,75069,75459
1990	11	67068,69533,69539,70161,70424,71840,72115,72630,72632,74745,74746
qualifier	11	67068,68638,69177,69534,69535,72392,72394,73876,76507,76511
traverser	11	67939,68389,72397,72629,72634,75458,75794
déficit	11	67556,68383,68388,69182,73184,73883
usine	11	67385,67386,69813,72392,72630,72636,72933,73433,76213
extérieur	11	67385,67795,67937,68881,68885,69540,70421,72397,72634,75067,76211
juste	11	68393,71359,71612,71614,72394,72631,73683,74172,76207
noir	11	68638,68643,69811,70424,74167
pharmaceutique	11	67392,68387,71360,72115,72118,72393,72938,73691,73877,75461
sécheresse	11	67794,68387,69182,69816,70916,75458
téléphone	11	67554,70747,72401,76508
vaimo	11	68883,74170
envisat	11	69811
cea-leti	11	67554,68881,69186,70919,75065
galaxie	11	70163,70424,73186
lutter	11	67798,69813,70746,72632,74449,74746,75067,75458,76510,76511
muraill	11	75458
recette	11	67383,67555,71359,74449,74749,74752,75063
filiale	11	67383,67796,71842,72392,72633,73875,73878,74167,75461
doter	11	68281,68391,69817,70420,70753,72113,72634,75788,75791
développée	11	67554,68383,69812,71621,72114,73185,73434,73876,73879,76207
bateau	11	68883,70916,73183,73683,74450
x	11	67390,68279,68391,69539,69819,71836,72114
plutôt	11	68881,68882,70161,70166,70424,71357,72114,73183,73683,74449,76508
peptide	11	67390,67937,72115,73878
eyebrain	11	68646,71841,74171
mobilité	11	67799,69184,69535,72400,73436,74456
mathia	10	67068
réalise	10	67799,68274,68643,70166,71612,71838,73182,73875
agronome	10	68273,69821,72113,74457,76213
edf	10	67386,67944,72398,73185,74450,76509
conseiller	10	68274,68283,68640,68643,70422,71621,72394,72629
associant	10	67557,68390,70420,70744,72114,72630,73875,74752
léger	10	67801,68280,69177,69178,72114,75463,75789
sévère	10	67801,69533,69815,70163,72113,73686,75065,75458,76210
coup	10	67800,68279,69177,70747,71835,72932,73683,74167,74450,75066
pilotage	10	68884,69177,69179,72637,72936,72937,75791,75792
cultiver	10	67391,67794,68389,69182,69817,70420,73432
subir	10	69813,70163,70916,72629,72630,73431,74454,74750,75459,76210
maintenir	10	67554,69184,69535,70915,71838,72113,72934,73683,75069
responsabiliter	10	67939,68279,69817,70163,70920,72113,73683,74175,74455
changer	10	67794,67795,68280,68383,73430,74168,75458,76213
aviation	10	69542,70165,71617,71840,72113,74167,74745
dose	10	67388,69179,72116,72935,73187,73683
validation	10	67554,68883,69179,69815,70914,72113,72118,74751,75064,75793
industrialisation	10	67554,67940,68276,72392,73187,74450,75065,76508
profiter	10	68281,70164,70916,72396,73431,73875,74455,74745,75457
vraiment	10	67068,69186,71359,71614,72629,74169,74454,74749,75458
bourguignon	10	68279,68387,70420,73685,73877
atome	10	68280,69183,69539,70421,72119,74168
carnot	10	69814,70161,70753,71612,72121,75792
13	10	67555,67946,68274,69179,70751,72118,72630,73880,74748
transistor	10	67554,70167,72635
distribution	10	68274,69812,69816,71615,73434,73878,76507,76510
rappelle-t-il	10	68274,72115,72394,72631,73430,73432,73684,74450,75459,76511
précis	10	67068,67387,68881,69533,70424,71615,74744,76208,76511
organ	10	67383,67802,72632,73432,73686,76213
bêta	10	67802,68887
passionner	10	71835,72630,72633,72940,74752,75793,76515
hospitalier	10	67801,67940,68277,68387,68646,74749
majorité	10	67389,68387,71621,71835,72117,73875,74752,75462,75795
2ème	10	67946,70169,72114,73430,75065,75465
stable	10	67558,67802,68390,69537,69540,71616,75459
libre	10	70421,71617,74169,76508,76511
télescope	10	70163,70424,70914,73186,73688
cérébral	10	67556,67801,68387,69184,73189,74171,76515
maître	10	70163,71836,72631,72932,73683,73685,74752,75063,76509
jet	10	70163,70918,72114,74168
lever	10	71616,72935,73183,73686,73880,74450,75466,75795,76510
blanc	10	68279,69814,71842,72121,73684,73876,73877,76206
tara	10	73183
poids	10	68385,68640,68883,69179,69535,71366,73430,74170,74450,75792
indien	10	67939,68388,69180,69811,71615,72393,73683
poisson	10	67383,68387,68388,69811,71621,73183,74449,76213
record	10	68640,68883,73430,73689,74168,74170,75797
considérable	10	70421,70916,72114,72934,73185,73188,73433,75788
opter	10	70422,71614,72395,72629,73185,74744,75063,75462,76210
volume	10	67558,68273,69821,70165,75064,75067,75792
redressemer	10	71614,72933,73182,74167,74746,75068,76513
variabilité	10	67387,67388,68882,69181,69537,70420,70916,75463,75790
biofilm	10	70746
circuit	10	67554,70423,72113,73879,76209
puce	10	67554,70166,72116,72635,73879,76208
anticiper	10	68638,69816,70161,71617,72933,74169,75064,76512
extrême	10	68638,69816,70163,70425,70916,72939,73875
réchauffemer	10	67387,67939,68389,69814,73434,73688
gèn	10	67556,67800,67802,68388,70420,73184
délivrer	10	67944,70168,72117,72119,73187,73190,73431,73876
plein	10	67068,68643,69821,70162,71357,71835,73185,73683,73684,74748
article	10	68638,68887,69177,70747,70915,71614,72940,73184,74449,76512
américaine	10	67383,68274,70163,70422,72114,72933,73184,73876
complément	10	67798,68883,70166,70914,74744,75793,76511
future	10	67797,69179,69533,69813,70161,70751,71617,72121,72933
choir	10	67798,67801,72117,74169,74449,74453,74749,75067
utilis	10	67797,69179,70421,70916,71357,71837,73435,73686,75066,76511
14	10	68387,68640,69541,69542,70169,72635,73183,73691,73881,75068
prost	10	68387,73184,75789,76511
tokamak	10	74168,75064
pphd	10	69817,70420
questionnair	10	67555,75793
neuf	10	68279,69179,70164,70169,71843,73683,73684,73883
fabricant	10	67388,67554,67558,68274,71839,75795
microélectronique	10	67383,67554,68391,68881,72635
méditerraner	10	67389,69183,70916,73683,75064
artificielle	10	67945,69534,70917,71836,75063,76210
belgiqu	10	67944,69178,69179,69534,71361,71615,72394,74749,75069
collaborateur	10	67068,67389,67940,68885,70166,73875,75063,76212
discussion	10	70161,70421,72116,72932,74455,75071,75788,75793,76508
22	10	67937,69820,70167,71836,71845,72933,73188,74169,75466
comité	10	67937,70163,70424,72113,73433,73877,74746
italie	10	69179,69534,70916,72632,73683,74169,75462,75788
lieux	10	67389,68279,69820,70162,70420,71366,73183,73876,74748
latin	10	67553,70920,72630,73185,73875
forcément	10	67555,69540,69813,71621,71835,72932,72939,73185,73683,75459
articuler	10	68279,70426,71361,71620,72121,72400,73430,74176,74748,75466
message	10	67386,67389,70162,73182,74457,76508
isae	10	71358
revenir	10	67071,67794,68281,68882,69177,70422,71621,73877,75792
ensta	10	67944,68883,74170
collectée	10	67555,67794,69811,70424,72935,73434,73880,74449,75069
collecter	10	68391,68883,69181,70428,70749,70916,72116,74749,75788
céramique	10	68390,76210
pionnier	10	67937,68641,68881,71621,71842,72935,73182,74449,74450
contenu	10	67387,67939,69535,70424,71359,73184,75462,76209,76213
fluide	10	68276,69540,70421,71835,72393,75067,76208,76507
carraro	10	70161,75457
étendre	10	67068,67071,67561,68646,72629,73184,73880,74172,75068
éventuel	10	67553,68277,69821,70429,70915,71357,71838,71843,74749,75065
souhaiton	10	67553,67795,70161,70420,70422,73685,75069,75461,76207
simplement	10	67937,67938,69821,70161,70425,71612,74752,75792,76213
critique	10	67937,68642,68882,69178,73684,74168,75788,76207
ajoute-t-il	10	67796,67938,68643,72394,73877,74457,75458,76507,76508
pile	10	67797,68884,74174,75789
cristal	10	68390,68391,69539,76210
christine	10	69184,71621,72117,73685,74744
forestier	10	68389,69816,71618,71837,75458
souffrir	10	68389,68645,69539,70916,71366,74454,75459,76507,76508,76509
humour	10	67068,67937,67938,72394,73182,73430,73683,74749,74752,76511
total	10	67796,68387,68638,69179,69538,69811,70923,72117,73188
facilement	10	67553,68281,69178,70425,70923,73189,74168,74750,75462,76511
propos	10	67938,68273,70166,71843,72629,73182,73432,74749,75788,76511
fixer	10	67385,67800,68279,70743,71615,72119,73684,73876,74744,75070
champignon	10	67937,68273,68387,70745,71837,76511
fink	10	67068
décerner	10	67068,67383,67937,68641,72633,72932,74746
doté	10	68273,70420,70421,73433,73876,75063,75064,75066,76507,76509
150	10	68273,69181,69815,70168,71359,72392,73877,74746,76507
imageur	10	67068,67554,67939,70163
transmission	10	67386,67554,68388,68391,69820,70748,72115,73881,74453,75794
brin	10	68644,70425,70747,75070
importer	10	68643,68881,72932,72940,73182,73684,73879,74749,76210
physiologie	10	67800,67937,68887,69534,70746,71837,72631,73433
montant	10	67799,69541,69815,72114,72118,72934,73182,73683,76209,76510
caractérisation	10	67390,68643,69538,69814,71841,72115,72392,74171,75065,76516
faut-il	10	67068,67553,68383,68882,69534,70422,70425,70915,74449,74455
conclut-il	10	67068,67071,71621,73184,73430,73875,73876,74169,75789,76206
historique	10	67939,70917,71360,71616,71835,71842,72939,73686,75063,76507
pasteur	10	69813,73686,74451,75458
microbien	10	67388,69812,70745,71837
ler	10	67388,67555,68885,73184,75458,76511
brique	10	67390,67554,72635,75063,75792,76210,76508
neurodégénérative	9	67798,68646,73184,73187,74453,76511
héberger	9	67799,68278,68384,68385,71359,73685,74452,75461,76208
saclay	9	67390,67795,68638,68886,69186,69819,70915,72115
coagulant	9	67388,73435
catherine	9	68281,68882,70914,72940,75069
interne	9	67939,69181,71358,72118,73685,73876,74455,75792,76211
urgent	9	67794,68383,69182,73182,73183,75069,75458,75792
offre	9	67939,68643,69535,70421,72629,72637,73687
extension	9	67939,71360,73183,74172
diplômé	9	68273,72114,72630,72633,73185,73685,73879,74455
continu	9	68883,69178,69811,70746,71617,73437,73688,74170,75067
conclusion	9	68645,69184,69533,69538,70164,70166,72117,72630
cibler	9	67390,70165,70914,71357,71616,71840,73878,73884,76209
conservation	9	68273,68882,72634,73881,75066,75458,76511
avère	9	67937,70425,72113,72934,73877,74173,74449,74452,74745
peut-on	9	67937,68882,69534,71366,71835,72629,72631,74752
infection	9	67937,68388,70746,71612,72935,75067
marine	9	67071,67946,70743,73433,73683,75789
extraordinaire	9	67794,69812,69821,70167,71621,71837,72933,72934,73434
descarte	9	69184,70162,70421,71841
profonde	9	69181,70746,70918,73688,74750,76211
capter	9	67553,67938,68391,68884,70747,72395,76511
progrès	9	67553,67554,70923,72113,73432,74450,74745,74746
mgp	9	73432
protection	9	67553,67557,67939,68643,69177,69811,70917,71360,72115
stratobu	9	75789
orientation	9	68277,68392,68644,68885,69179,72629,73877,76208
regond	9	67553,74167
entièrement	9	68277,69179,71842,73683,73879,74744,75067,75460
assistance	9	68277,71841,72629,72633,74746,75066,76508
m2	9	68277,68884,69814,72114,72397,75068,75461
29	9	67558,67944,67945,68387,68391,68638,69538,71837,74456
noyau	9	67943,69178,72113,73877,74168
papillon	9	70425,72632
medtech	9	71614
détecteur	9	68391,70163,70425,70919,71839
paramètre	9	68387,68646,68885,69813,71841,74751
compagnie	9	67937,71357,71840,72396,72629,72630,75071,76510
effectif	9	67795,67938,68885,71357,71614,73683,74169,74455
saveur	9	70428,71614,72394,72631,72634,75790
mélange	9	69819,70166,72113,73878,75464,76511
sucr	9	67555,67802,69183,69534,70423,74169
occupe	9	68279,68383,69533,69537,70161,70914,71361,73879,76209
exception	9	68279,71359,71835,72932,73876,74169,74749,74752,75794
notion	9	68279,70745,71358,75793,76213
créativité	9	69821,70161,72113,73430,73876,74167,74748,75068
christian	9	69534,71616,73875,74454,75790
participe	9	68392,68885,69534,70914,71362,71835,73875,74749
cirad	9	67071,67794,68275,69182,72121,72632,74457
annoncer	9	67937,68278,68638,68881,69815,70426,72117,72629
nucadvisor	9	72629
desquelle	9	67553,67798,67800,70420,71619,72393,76207,76511
dger	9	67553,67941,69177,72114
ambitieux	9	67553,67555,71358,71615,71837,73186,74168,74450,75458
époque	9	67068,70745,71358,72629,72630,73683,75459
millier	9	69817,70167,70420,70421,71835,72115,72118,76208
session	9	70744,71620,72120,73438,73691,73883,75465,75796
titre	9	67794,68275,68383,69812,71357,71359,73430,73683,74170
faute	9	67794,67938,68383,71835,72393,73185,73683
observe-t-il	9	68387,68882,71614,71835,72394,73430,74169,74745
microscopique	9	68387,68391,68886,69539,69540,70166,76208,76210
méditerranéen	9	68387,70916,72632,73683,73688
commerce	9	67553,70168,70169,72396,73190,75071,75795,76207,76213
sociétal	9	68275,69535,70161,70916,72113,72939,74176,76213
août	9	67556,67558,69177,70916,70919,71835,73434,74169,74170
olivier	9	68276,68383,68883,69813,70163,73431,75791
adhérer	9	67553,70166,71358,73184,73685,73879,74455,75063
anticorps	9	70919,72938
soleil	9	67385,67390,69186,72117,72396,73684,74168
simulateur	9	67385,72937,74453
augment	9	67388,67558,68646,68886,69538,71618,73188,74449
plasma	9	74168,75064,75459
sportif	9	69536,70165,70744,72114,73689,74748
pharmacie	9	69536,69815,70166,71616,72116,72393,73433,75065
polyphénol	9	68387,74169,76511
travaillon	9	70745,72114,73876,74169,74450,75063,75789,75790,76508
écosystèm	9	70745,70914,73183,75068,76211
officiel	9	67553,67939,68643,68888,69534,70169,70751,72936,74167
collaborer	9	67383,67554,69180,69536,71614,72396,72634,74172,75069
sain	9	67798,69534,69812,70164,70918,71359,72394,73189,75793
coupler	9	68275,68639,69178,69182,69533,70163,72115,72394,73878
65	9	67068,67799,70163,71615,74449,74454,74749
micron	9	67558,68641,69540,69819,70425
accompagnement	9	70422,72121,72395,73437,73687,73878,74748,75068,75461
dominique	9	68889,72629,73684
implantation	9	68889,70162,70743,71840,73684,73875,74454
toucher	9	67802,68882,70162,71841,73685,75791,76206,76511
multiplier	9	67802,70425,71357,72394,72633,73430,73685
prévoit	9	68384,69815,71616,71838,71839,72117,73186,74171,74451
multitude	9	70916,71359,71621,72934,73684,73876,73877,73879,73880
altitude	9	67939,67942,68389,69179,71617,75789
exiger	9	67938,68643,69540,70420,72934,76207,76511
séminair	9	68384,69186,72399,73430,73884,74174
vocation	9	68386,68393,68641,72113,72392,72398,73685,75457,75460
23	9	68386,71360,72400,72633,72933,72939,73184,74450,76210
poligny	9	67388,68885
jus	9	74169
ingrédient	9	68280,68882,71845,72634,74167,76511,76516
citoyen	9	67794,69821,71357,72940,73185,73435,73875,75465
célèbre	9	67938,68638,68881,71614,74744,74746,74752
estime-t-il	9	67798,68276,73182,74167,74450,75458,76208,76513
nutriment	9	67798,71837,72116,73688,75069,75793,76213
joue	9	68274,69181,70161,70749,70914,73184,73685,76206
pratiquer	9	67068,67801,70420,70745,72636,73431,74454,75458,75797
particulière	9	67558,71359,71614,72113,74168,75065,75457,75458
initialement	9	67558,67939,68387,68388,68883,69815,72636,73187,73876
energie	9	68640,70169,71363,72392,73690,73875,75458,75789
orsay	9	68641,69178,69183,72932,74752,76510
transformer	9	67068,67383,68881,72114,73435,73876,74746
couvre	9	68885,69812,70162,72113,73683,74749
idéal	9	70421,71836,72633,72940,73879,74169,75789,76206
glucide	9	72634,76509
continent	9	68274,69821,70920,71838,73684,73875,75458,75463
phare	9	68273,68274,70420,70914,72633,72935,73190,74450,75795
physiologique	9	67387,68388,72116,72631,75069,75459,75793,76213
fine	9	67800,68886,70749,70916,71841,72118,73877,75461
utilisent	9	69540,69811,70744,70916,72115,72932,73875,75794
cemagref	9	67071,67557,68275,68283,72393
introduction	9	67071,67555,67794,69186,71835,73876
pousser	9	67939,68387,69179,71357,71617,71835,73434,73684,75458
vapeur	9	67939,70426,72394,73683
véritablement	9	67939,68881,69535,70744,70915,73683,75458,76206,76511
remplacer	9	68280,69177,69814,71614,72934,73188,74745,75066
partner	9	69815,71360,71616,72935,73686,76510
principe	9	69540,70746,70747,70915,72118,73683,75065,75793
couleur	9	69539,70162,71836,72114,72630,73430
support	9	67388,67554,68275,70425,72114,72632,73434
visiteur	9	69542,69543,72122,72396,72939,73437,73438,74748
sortir	9	67794,67939,68882,70161,70169,71614,74752,76211
chaleur	9	68280,69816,69818,70426,72934,73683,75462
ordinateur	9	68281,69540,70914,72401,72932,73190,73876,74744
enseigner	9	68281,71358,72394,72932,74751,76206
animer	9	68383,69820,70164,70421,72393,73430,73433,75063,76515
learninglab	9	73876
bouche	9	68643,69534,72631,72634,74752,75790
larynx	9	74454
intervenir	9	67386,68388,69541,69819,69820,73882,74167,74745,75063
existence	9	67386,70914,72396,72629,73430,73432,74173,74455,75459
rame	9	70421,73683
janny	9	68273
émergé	9	68882,69811,71620,73880,74751,74752,75793,76213
obésité	9	67799,69534,71360,72631
caltech	9	68881,70422,70919
génome	8	68643,69815,70420,71843,73432,73686,76213
parkinson	8	68646,74173,76511
traumatisme	8	67801,73431
pollen	8	67800,68645
espci	8	67068,68280,69186
déclare-t-il	8	67383,67937,68273,68276,70161,71842,72630,76507
circulation	8	67801,67939,68640,73434,73688,75463,76510
obstacle	8	70421,70917,71357,72392,72629,72932,74167
envoyer	8	67068,67386,67389,68281,68884,70422,75457,75788
derrière	8	67068,71361,71614,71835,72401,75063
conçoit	8	70165,71616,71840,72933,74450,74451,74454,74455
écosystème	8	67387,68283,68882,70745,73183,75457
resqme	8	68274
tâche	8	70165,70422,72394,72932,73182,73190,74452,75791
budget	8	67557,69538,70164,71359,71837,73683,74169,75065
fissure	8	68886,76210
marketing	8	68885,71357,71359,72395,74746,75063
variété	8	67391,68882,69182,69535,70420,72113,73877,74449
réalisent	8	68885,71362,72932,72939,73185,73684,73685,74450
frédéric	8	68641,70165,74456,75792
polynésie	8	73684
gabon	8	73684
teneur	8	67391,68885,69182,69816,74169,75069,75790
repose	8	68641,68881,70164,70421,70914,70919,72398,72934
beau	8	70422,72117,72937,74167,74749,76209
implantée	8	68274,68276,68885,70426,72933,73684,73875,74167
souher	8	68274,68638,70166,72636,73185,73431,74455
avérer	8	68274,71614,71618,73684,74450,75063,75789,76206
mathématicienn	8	72932
entendre	8	72637,72932,72939,73430,74752,76508
porteur	8	67556,67938,67940,73182,73432,73438,74457,75465
texture	8	67558,72631,72634,73685,74746,75069,76507
émotion	8	72630,73431,73683,73877,75063
lésion	8	67801,70918,71614,72935,74750,75459
négatif	8	67801,69183,69184,73185,76508
grec	8	71835,71843,72932,73683
précédemment	8	68640,70161,72118,72634,73683,73685,74172,74451
lorsque	8	67389,67937,68274,69178,70744,73188,75070
education	8	68888,70421,70428,73182,73687,75063
fsi	8	71616,76507
languedoc-roussillon	8	68275,69182,69537,71614,73430,73684,74169,76512
illustrer	8	68276,70161,70753,71835,73877,74175,76511
code	8	67556,69178,70162,71619,74744,76207
explosif	8	70162,70425,72633
géographique	8	68275,68889,70162,71618,73875,73881,74449
satellitaire	8	68275,69813,73434,76208
acquisition	8	68275,68279,71839,73431,73685,73875,75790
île	8	67945,71621,74170,75464
reler	8	67383,67386,76515
accélération	8	68638,71617,72117,72934,73184,73431,74453,75067
numéro	8	68638,68643,68881,72119,72397,72934,74744,74749
inauguration	8	68639,70751,70921,73433,74746,76514,76516
qualification	8	69177,69179,70914,73687
évoqu	8	67383,67386,70161,71835,72630,72932,76209,76213
noyal	8	67943,69178,74168
aéroport	8	70425,71617,72933,73875
henri	8	68276,71835,72630,72932
inférieur	8	67556,69819,70167,72635,73436,74451,74747,75791
concepteur	8	69178,70914,73187,73876,74450,75064
incontournable	8	68392,69814,70915,73187,74452,74748,75797,76514
arkamy	8	76508
orienter	8	67389,72115,72631,73184,74450,74457,75796
vice-président	8	67553,68386,71358,72113,73182,73187,74167,74456
voyage	8	69179,69821,72116,72396,72629,72936
pertinent	8	67553,68275,70166,71359,74169,74746,75793
demander	8	69183,71835,72395,73182,73432,73683,73685,75458
libérer	8	68388,70166,75065,75067,75462,76511
individuel	8	67553,69539,69818,70922,71357,74451,75465,76515
terrestre	8	67553,68385,69179,73880,74456
végétale	8	68389,69538,70423,75458
transition	8	67071,67558,68280,72940,73182,74175,75792
maintenant	8	67071,68643,70422,71358,74455,74746,75790,76507
contribution	8	68278,69177,69181,71620,72401,73182,73430,73883
consommer	8	67555,67794,68882,74745,75069,76509,76511
foi	8	68277,74746
formidable	8	67796,67937,72392,73433,73683,74745,75064,76208
océanique	8	68388,70743,73434,73688,73880
élaborer	8	69533,69536,69812,70916,72113,75064,75069,76206
spécial	8	69533,70916,72934,73437,73883,74746,75066
exploiter	8	69186,72116,72397,72934,73879,75788,75792
inédit	8	67553,68280,70922,71359,71616,73689,74450
concurrent	8	67553,69177,74167,74455,74749,76211
neuronal	8	68388,73879,74173
aupalesen	8	74449
joseph	8	67387,67800,69178,69539,69816,69819,73189,73878
cibl	8	67555,69182,72115,72631,72935,73878,75069,75459
vibration	8	69820,70163,70421,70425,70919,75794
exigence	8	67386,70915,71617,72936,73684,74450,74751
opalin	8	70428,70749,72396
candidat	8	71360,72113,72935,73430,73432,76206
biais	8	67795,67940,70166,71838,72116,72393,74168,76210
biologiste	8	67937,68645,69540,70745,70919,71837,74457,74744
brésil	8	67553,69185,72396,75788,75792
cap	8	71359,72122,72395,73183,73430,76508
administration	8	71358,71838,72393,73187,74453,75065
algue	8	67385,68385,70920,73433,75460,76511
note	8	67938,68383,68387,68882,72113,73430,73877,74449
répartie	8	68387,69538,71612,71615,73184,73875,74449,75063
satisfaction	8	67795,69183,74171,74172,74751,75066,75458,76511
équilibre	8	67795,67941,68389,69184,69535,76206
est-ce	8	67795,67938,70161,70166,71835,72631,72940,76206
bout	8	67794,67802,71357,72114,72119,72932,74457
pose	8	67794,68275,70919,71359,71614,72114,76206
lourd	8	67941,68388,69177,69178,69179,70421,74168
8èm	8	68279,72396,72937,73190
rhizotron	8	69817,70420
chirurgien	8	70744,71614,73431
implanter	8	67385,68279,70166,71614,71842,72396,73434,74745
délégation	8	67553,69535,69542,72396
jacques	8	67068,67940,70922,71363,72629,72932,74745
divertor	8	74168,75064
dopage	8	69536
dessiner	8	69535,70746,72630,72633,73684,74172,75458
gel	8	74750
edition	8	67938,68882,70429,72398,72401,72940,76213
coopérative	8	68279,69535,71842,74450,76512
envergure	8	69817,69820,70748,70916,70918,74169,75458
éducation	8	67555,69821,71357,72939,73876,74167,76509
phenome	8	69817,70420
technopôle	8	68279,68643,71842,75461
agronov	8	68279,68643,71842
globalement	8	70745,71357,72113,73683,73877,74169,74744,74746
osmotique	8	72397
achat	8	67794,68274,68881,69534,71357,76213
positionner	8	67553,68383,68643,69818,71836,72629,73878,75064
silicium	8	67554,69814,70425,70919,72114,73436
cadarache	8	68385,70915,72392,74168,75064
côte	8	67553,68279,68393,70917,73683,74170
critère	8	70920,71361,71612,72113,75458,76207,76513
estimer	8	67385,67555,68887,69182,69537,70421,70914,72395
pied	8	67938,73684,73877,74169,74749,75459
cfp	8	69539
7ème	8	69538,70168,71837,73435,74749,75069,75458
connexion	8	67554,67946,70914,74750
promouvoir	8	68386,69538,70748,70914,71361,72394,72629,75792
irfm	8	74168,75064
fluorescence	8	69539,70420,73189,74451
upmc	8	68384,69533,71360,74746,75063,75070
internet	8	67386,69535,69821,71359,71362,75063,76210
fromager	8	67388,68885,70745
commission	8	67555,68383,68645,69534,70164,73182
oublier	8	69813,72393,72938,75067,75458,75789,76213,76515
attention	8	67555,68281,69821,71363,71835,73876,74457,76206
poincarer	8	67940,68276,71835,72932
lill	8	67940,70751,75791
norbert	8	67940,68387
hydravion	8	69542
mondiau	8	68383,69535,69820,70170,72393,75466
alternatif	8	67554,68643,70920,71617,75067
francis	8	68383,71837,76515
correspondre	8	68383,69535,69540,71612,72394,74169,74457,76510
active	8	67388,68392,72115,72394,72634,73691
mobiliser	8	67071,68275,68882,69541,70915,71359,75066
poch	8	69812,71612,71614,72932,73685,74450,74457,75790
lagrost	8	73184,75459
prioriter	8	68383,73877,76209
lipstic	8	73184,75459
e	8	73184
vitamine	8	73184
dengue	8	69813
département	8	67939,68885,72398,74169,75066,75458
réagir	8	67794,67938,70425,70745,71621,74450,75457
lecteur	8	67794,68283,69821,71835,74752,76507
envie	8	67794,68881,69534,70161,74450,75069
9èm	8	70914,73184,75459,75462,75796,76209,76511
absence	8	68383,69184,70745,70917,72117,73182,73684,75065
centralien	8	68383,68888,72936
transverse	8	67939,68642,70161,72116,72937,74748
agrosup	8	72394,72631,72634,73685,73877,76206
allenvi	8	67071,68275
tôt	8	69812,70749,71617,71621,72394,72396,73434,76509
franchir	8	67385,70745,70914,71840,72395,72630,75070,76508
régime	8	67794,67798,68387,68638,69534,69538,73432
précipitation	8	67939,69533,75463
marcoule	8	70915,72392,75792
aerocampus	8	69542,73687
canader	8	69542,69820,71614,73183,74450,74745,76206
double	8	67794,68644,69818,71359,72113,74450,75063,76213
catastrophe	8	67794,70915,72629,75789,76507
sinon	8	67794,68881,69177,69817,70915,72940,73182,73875
appliqué	8	67071,67392,68393,71614,71616,75063,75068,75794
économiste	8	67068,68882,69533,72113,72398,72939,73185
variation	8	67390,67938,67942,69811,75067,75458
synthétiser	8	67390,67800,69183,69184,72115,73189,75067
ont-il	8	68643,72397,72398,73685,74173,75065,75458,76512
dossier	8	68643,69541,73689,75066,75068
salinité	8	68883,70916,72397,73434,73688,73880,74170
surveiller	8	68883,69811,69813,70916,73877,74450
implication	8	67798,67937,68383,71361,72394,74750,75463,76511
antenne	8	70170,70425,70747,72632
indique-t-il	8	67068,68387,71359,71614,72396,73185,74749,76206
apporte	8	68273,68391,71614,73184,73683,74451,75788,76209
biomarqueur	8	68646,69815,73432,75793
robotic	8	67383,67945,72122,72633,73884,74170
oséo	8	67798,71614,72114,72118,72933,73879,74450
élever	8	68881,69185,69538,70923,73185,73875,74169,74747
oculaire	7	68646,70744,74171
auvergn	7	73687
2015	7	68881,70164,70916,71842,75068,75793
welience	7	71842,72116,72634
constructeur	7	67386,68639,70748,72399,74745,75796
gustative	7	72631,74449,74752,75069
stade	7	67800,68882,73187,73875,75065
roucairol	7	72113,73182
sang	7	67801,70919,74167,74455,75459,76208
tube	7	67558,70918,73188,73432
monter	7	72634,73185,73876,75066,75789
droit	7	68274,68392,68643,72940,75792
souple	7	70167,70423,70751,71617,72114,75789
emac	7	72634
hervé	7	70166,72936,72938
creathe	7	70166
organoleptique	7	68273,68279,68882,72634,74169,76511
intense	7	68887,70916,72934,73436,75067
auroy	7	73684
membranaire	7	67391,72116,72399
intrinsèque	7	67389,67561,73685
lorsqu	7	67801,69539,70425,70744,73684,75070,76511
continental	7	67939,68388,70916,71621,73434,73880
lionel	7	69812,71358,73184
résoudre	7	68283,72932,73182,73683,74451,75457,76213
virus	7	69813,72935,73183,74452
sanofi	7	69813,73182
ronde	7	70752,70921,73438,73882,74456,75797,76515
agroécologie	7	67071,69812,69817,70420,73877
band	7	67939,69181,70743,71836,75458
think	7	68383,74176
comporter	7	67554,70167,70420,71357,72113,73183,75794
hugo	7	73185
tank	7	68383,74176
humidité	7	67939,69182,69537,70916,71836,73880
résistant	7	67794,69816,70922,72630,73877,75065,75792
bouteille	7	69812,73684
restauration	7	74749,75458,76507
partout	7	70751,72114,73434,74749,75066,76511
2030	7	70751,71357,71840,72392
fiable	7	67387,68387,69183,69535,70426,75067,76208
pédagogie	7	68281,72939,73437,73876,75457,76211
pluridisciplinarité	7	67068,68276,70745,72398,73431
complètement	7	69815,71359,71840,73430,74450,75794,76207
chronique	7	69815,70746,70916,73187
atteinte	7	67940,68640,70744,71618,73187,73189,73431
montre	7	67794,67795,67938,69535,71835,73184,76209
nommer	7	67795,68882,70161,72117,72394,74449
profondément	7	67794,70915,71366,73182,73430,73684,75458
considérablemer	7	67794,68275,71357,72635,72934,76208,76213
relatif	7	68383,69177,69178,69536,72932,72936,76514
démonstrateur	7	67554,67797,69534,72121,73432
branche	7	68383,72113,72933,73432,73875,75071
culturel	7	68383,70751,72933,73182,73683,76213
puissant	7	67554,67796,68638,69819,71836,73432,76207
dirigeant	7	68386,73435,74167,74455,74749
couvert	7	69537,69811,70916,73185,75462,75463
évapotranspiration	7	69537
doctorant	7	69536,70168,71361,71612,72394,73190
carburer	7	70920,71615,71617,72933,74745,75792
chirurgical	7	70918,71614,73431,74454
hésiter	7	67938,68273,71835,72394,72939,73877,75458
disposon	7	67938,67939,68638,69533,73432,74167,76508
goubet	7	73430
aix-marseille	7	68385,68391,70747,73683,73688
mince	7	67554,67558,70423,70749,71840,72114,74744
voit	7	69540,70166,70421,71614,74450,75457
profondeur	7	68383,70743,70916,73190,73688
emblématique	7	68383,69542,69818,71357,72394,73880,74457
humanité	7	67071,67794,68275,68882,74168,74746
douzaine	7	68387,68888,71841,74453,75063,76208
institution	7	67553,68392,70429,70920,73185,73689,75795
peser	7	67553,67555,68383,69182,70919,72392,72933
866	7	68387,72631,73184,75459
latruffe	7	68387
socio-économique	7	67795,69533,69538,72939
portefeuille	7	70923,71360,72395
disperser	7	67386,67558,72394,74172,74750,75462,76511
court	7	70747,70915,71366,71835,72934,73184,76209
articul	7	68279,68639,71617,71842,74172,74176,75459
rechercher	7	68279,70425,70923,71835,72121,74450,75460
ouest	7	69816,70917,71836,75458,75463
mécatronique	7	67941,68393,73884
lâche	7	70745,72116,72394,73432,73683,73684,73876
sélection	7	67938,70420,72113,72629,72932
peupler	7	67554,68644,70746,73430,73879,75792,75794
anthropologue	7	73431,75458
sophistiquer	7	69534,69813,73431,73877,74171,75065,76507
lara	7	68387,75793,76511
votre	7	67795,73684,74455,75462
respecter	7	67071,67553,67794,69538,71835,73683,74751
chrono-environnement	7	70745
cohorte	7	67555,70749,73432
manqu	7	67555,68389,68643,70916,73684,75458,75790
angleterre	7	67555,70163,70922,71361,71614,74168
siège	7	67942,70421,71842,72116,75063,75461
impression	7	70744,71835,72114,75066,75795
combien	7	67794,68276,69812,72940,74745,75466,76509
couvertur	7	67794,68275,71835,73432,75789
séisme	7	67942,69181,69811,70915
efficacement	7	70744,70914,71617,73432,73879,75788,75792
concentrer	7	69535,70916,70920,71359,72397,74450,75792
induire	7	67942,68388,68646,70420,70746,72631
organe	7	67937,68388,69184,73184,74750,76511
débuter	7	67937,69534,70161,70916,72932,75063,75458
génère	7	71361,71621,71835,72116,74746,75064,75794
lab	7	71359,71362,71839,73876,75068,76513
dit	7	67388,67802,68642,69178,69814,72114,72934
sucre	7	69534,70423,75790
mercur	7	68388,73183
antioxydant	7	68387,76511
spiral	7	68387,75793,76511
mehg	7	68388
empêcher	7	67937,70422,70747,71835,74749,75065
officier	7	71358
picq	7	67938,73876
cinquième	7	68387,69533,70745,71361,71615,71617,74451
dépendre	7	67388,67794,68886,72113,72116,72392,75795
média	7	67937,70915,72634,72933,73876,74167,74455
frontière	7	67937,70163,71362,72396,73185,75789
fierter	7	67937,68383,69821,70161,73431,74455,76207
chimiokine	7	68388
hypothèse	7	69533,71843,72631,73877,74173,75463
giec	7	69533,70916
guyane	7	68388,69177,69179,69811,71362,71836
odeur	7	70428,72631,72632,72634,73685,73877,75790
society	7	69819,70164
coopératif	7	68279,72394,72630,74169,75458
fonctionnelle	7	67387,67391,68887,71841,73432,73877,76515
casablanca	7	72936,73875
transformation	7	68279,68885,69819,72113,74168
batterie	7	67386,68640,70163
intermédiaire	7	67386,69535,72397,74167,75465,75794,76510
réfléchir	7	72397,72932,73876,73879,73882,74169,74450
déployer	7	67071,73686,73688,74452,75463,75789,76510
combinaison	7	67796,67939,70921,71836,73187,74168,76209
cardiovasculaires	7	68277,69534,72116,73184,75459,76511
moi	7	70161,72394,72636,72932,73430
radical	7	70161,76511
réparation	7	68277,70922,71840,74167
africain	7	69821,72115,73683,73684,75458
ecologie	7	67387,69181,70745,71618,71837,75458
regarder	7	69821,72392,73684,74172,74749,74752,76206
quoi	7	70161,71612,71835,72394,72940,76511
progression	7	68276,70162,70421,71357,72935,73184
densité	7	67942,68638,68644,69535,71618,72631
exposer	7	67942,70168,72116,72401,72932,72939,73190
caen	7	67943,69178,72939,75460,76515
4i	7	72400,75466
intelliger	7	67937,67940,68883,74170
resif	7	69181
cm	7	69179,70743,71836,72114,72633
ballon	7	69179,70916,75789
cesse	7	67383,69535,70916,70922,72631,72933,72938
bioalliance	7	75065
bours	7	68390,71612,73884,74746
fluorescent	7	69183,69539,70747
constitué	7	69183,70746,72635,73879,75065,75458,75459
biomass	7	69182,69538,70426,72121,72630,72940,73877
limité	7	68391,69537,70420,70421,73185,73189,75793
nanométrique	7	68391,68881,72119,72635
gst	7	73879
répartir	7	69181,69541,70164,70422,72939,74749,75794
signature	7	67553,67556,68643,70919,72396
barrière	7	68389,70751,70921,73184
salarier	7	67553,68643,69535,70161,70748,73879,75066
synergie	7	67803,67940,68279,72398,75461,76211
2004	7	67803,67942,68383,69811,73431,73684,75790
sûreté	7	69178,70915,71619,76207
izest	7	68638
maquette	7	69178,70421,70743,75064
récupérer	7	69177,71842,72397,75792
dépasser	7	68638,70747,72633,73432,76507
michael	7	67389,68881,74450
1500	7	69179,71358,73432,73875,73880,74454,74748
mondialement	7	67383,67795,67937,68881,70743,73877
allemand	7	67797,68274,68391,69540,69814,72114,72933
intégrée	7	67797,69813,72632,73183,74168,74175
bertin	7	71614,73879
armement	7	67553,67941,69177,70162,72114,74450,76208
permanence	7	67389,71359,74167,74745,75458,76507,76508
croîtr	7	67553,69535,72392,72631,72938,74450,74745
bachelor	7	75457
décideur	7	67803,68645,70162,70164,72113,72939
biogaz	7	67385,68881,73690
communauter	7	67803,68389,68642,70161,71837
témoignage	7	67561,68276,70170,70923,71612,74174,75796
radiation	7	67942,68391,69179,69539,69819,73688
tradition	7	68276,68383,70161,73875,73877,74752
accompagn	7	67556,71837,73184,74745,75064,75459,76210
di	7	67556,67945
intellectuel	7	67556,69812,71614
dater	7	67556,68887,70747,72397,73875,74748,75796
départ	7	67068,67798,67937,68882,70161,74752,76213
ilser	7	74455
miniaturisation	7	70423,70747,72635,75070,75792
pétrolier	7	70423,70914,71836,74450,75794
10000	7	67068,68387,69818,69821,70167,72934,74748
régulation	7	67391,67556,68643,69184,69812,69818,73877
schéma	7	68889,70161,72940,73182,75065,76213
laisser	7	67068,67383,67386,67937,68886,70421,72397
ii	7	68275,72935,73183,75065,75464
field	7	68276,70161,71835,72932
évolué	7	68275,70161,72631,73684,74454,76213
tld	7	72933
alimenter	7	67387,67797,71617,72398,73182,75789
appui	7	68275,68638,68888,70744,72634,74172,76511
bugat	7	72629
diabétique	7	67802,75459,76509
exemplaire	7	71614,72933,73184,74171,74745,75458
ale	7	71614,73430
automatique	7	69177,69182,74450,74751,76208,76510
épave	7	73683
gens	7	67383,68274,69821,73182,74457,74746,75458
soin	7	67801,67940,68645,71357,72630
toutefois	7	67801,69181,70165,70744,71835,75463
princeton	7	70422,71835,72932
automatiser	7	67945,69541,70420,73187,73432,74450,76507
soixantaine	7	67945,68387,69536,72395,72629,73684,75459
nausicaa	7	70164,71621
expression	7	67556,70420,70424
miri	7	70163
exploration	7	70163,70420,71357,71836,73880,74450
diabète	7	67802,69534,75458,76509
taux	7	67802,69184,70917,73183,73684,75457
perdre	7	67798,68383,73188,74167,74169,74454,75458
reproduir	7	67802,68388,69533,73431,75791
simuler	7	68639,70162,70421,70914,74453,75792
psa	7	68639,70161,70748
fer	7	68640,70424,74450,75066,76512
interactif	7	70421,73437,75788
touch	7	67799,70914,72634,73435,74173,74449,74453
marin	7	68883,70164,71621,73183
sensostat	7	73685
émergent	7	68882,72396,74450,75796,76512
nicolas	7	68882,70167,72115,72629
modéliser	7	68645,70916,72939,74453,74744,74745,74751
quantitatif	7	68643,71361,72116,72939,73431,73432,73685
conducteur	7	67383,70167,72635,72933,75070,75794
guez	7	68643,71842,74172
cohérence	7	68885,68889,70161,72934,73184,74172
identification	7	67391,71836,72633,74453,76208
cartographier	7	67389,69537,69539,70424,71618,73880
exclusivement	7	67391,67937,69183,70166,70423,72636,72932
presque	7	67391,68881,71835,72394,73432,73683,76206
territorial	7	68884,68889,69535,71357,74457
exposant	7	69542,70169,72122,73438,73884,74456,74748
grenoblois	7	67554,68881,70165,73878
déléguer	7	67388,67795,68885,71616,72113,74456,74746
notz	7	67388,68885
endroit	7	67068,67794,67800,68387,73187
36	7	67390,69539,70747,72629,72631,73689,76212
synchrotron	7	67390,68391,69186,69539,69819
détenir	7	68883,69821,73875,74167,74745
printemps	7	68883,71362,72629,73430,73683,73685
oxygène	7	68883,68884,70426,72113,73688,76511
martin	7	71837,73434
collectivité	7	67798,67803,71357,72939,73884,74746,76516
cohérent	7	67383,67938,72395,72934,73877,74751
bénéficie	7	67557,68885,70422,70426,71359,72114
besnard	7	72631
protocole	7	67386,67802,68279,68638,71359,73687
richard	6	68881,73875,74169,75790
occidental	6	68646,68883,69815,72114,75460,75792
win	6	76510
diversification	6	67555,70749,74169,74455
attribuer	6	67068,68641,72932,73435,75066
ferme	6	68881,69538,73185,75463,76511
aminer	6	67390
peptid	6	67390,73184
favorable	6	68389,68885,70919,73684,73687,75792
conscience	6	67553,67938,70161,73876,75458
substance	6	67799,67937,70162,70746,71843,76514
urgence	6	67801,70918,72940,73430,74457
déplacement	6	68882,70162,70744,70917,74170,75794
prêt	6	67068,68881,70421,70426,72396,74455
promesse	6	70745,72115,72396,73185,74746,76511
mérite	6	67794,68274,70161,70915,73182
corer	6	72396,74168,74455,75064
hercule	6	67941
digestif	6	70746,70918,71616,73432
artificiel	6	69183,71620,74454
retard	6	68390,71841,73684,73877,74169,76510
franc-comtois	6	68279,68885,70745,74455
agrene	6	68279,68643,71842
dénutrition	6	74449,74746,75069,76507
vieillir	6	74449,74749,75465,76515
consomment	6	67555,68388,75069,75458,76209
planter	6	71837,73684,75458
émise	6	67942,70163,71843,72632,73688,75070
apport	6	67942,69816,70753,70916,71836,72637
fonctionnalité	6	67388,67554,67797,75788,76514
niche	6	67553,68643,70921,72114,74749,75795
quasi	6	67942,69537,71357,72117,75065
feillet	6	76213
explique-t-ell	6	70749,71612,72636,72932,75069,76509
version	6	67940,69821,70916,74168,75793
polluant	6	68388,68645,69178,70425,74453
5ème	6	69533,73687,73691,75797
vulnérabiliter	6	69533,69816,70916,73183,74167
ccl2	6	68388
éventail	6	69183,71612,71836,72940,73879,74749
associe	6	67940,70423,71836,74454,75458,75460
fauteuil	6	67940
muser	6	71837,73683,73875,75788
esquisser	6	68279,69177,69535,73430,73875,74449
diagnostiquer	6	69815,70919,71841,74454,75458,76509
inflammatoire	6	69815,73432,75459,76511
sonore	6	72939,73880,76508
métabolisme	6	67800,68385,71837,73184,75459
supercalculateur	6	70424,70914,74744
encourageant	6	68387,72630,73184,74169,74454,75458
2040	6	69533,69535,69538
banquise	6	69533,73183
planétaire	6	69533,70163,71621,75458
2016	6	67942,72114,73878,75065,75792
nasa	6	67939,70163,73434
essentielle	6	67939,72398,72933,76516
prolonger	6	67794,67798,69178,74168,74451
sanguin	6	67801,68387,72117,73189
contraire	6	67383,68882,69813,71357,74167,75458
lagard	6	67801,74450
revellin-falcoz	6	72113
boîte	6	67383,67554,70420,71359,72939
préside	6	68279,68643,71357,71842,72629,73182
collection	6	67800,68643,70420,72118,73431,73683
stéphane	6	71837,72114,75797
proportion	6	67385,67388,67795,69534,73432
témoin	6	68387,68646,72937,74175,75797
identique	6	67388,67389,68389,69540,72392,73877
bactérien	6	69183,69815,70922,73432,75067
esrf	6	68391,69539,69819
sunaero	6	67553,71840,74167
cible	6	69181,72115,73879,73880,75065,76508
hpv16	6	72935
photonic	6	72934,75795
manger	6	67555,75069,75458,76209,76213
azote	6	67387,68645,69183,71615,71837,74752
performer	6	67801,68883,70425,74171,75063,75788
100000	6	67801,67937,68646,70914,72934
gravité	6	67801,68276,73880,76210
bull	6	70914,72113,73182
fioraso	6	70914,71620,71837,73182
val	6	67945,72938,72939,74172
arnaud	6	67068,72933,73182,74746,76510
mémoriser	6	67389,68887,76206,76509
proximité	6	69535,73875,74455,76209,76213
propulsion	6	68644,68883,69177,70163,73683,74745
difficilement	6	68280,68389,70749,71612,71835,76207
industrialiser	6	67554,69181,70920,72114,73182,76210
millimètre	6	67554,70425,73189,75458,75791
ivry-sur-seine	6	68277,68646,74171,74746
statut	6	70161,71358,72936,74449
savon	6	67798,70161,75459,75794,76511
réuni	6	67555,67804,67937,68884,72393,75069
expédition	6	73183
tiers	6	67555,69819,71366,74455
pathogène	6	68387,68643,69183,71618,73686
west	6	74168,74450,75064
fédération	6	67553,67944,70169,74172,74746
laitière	6	67388,68885
fournisseur	6	67388,67796,74169,75796,76211
recommandation	6	67388,68383,68645,69541,72393,76207
enrichissant	6	72394,72932,73185,73683,76211
cayot	6	72394
peine	6	67794,67937,68281,74449,75790,76213
occurrence	6	67555,67798,68391,69540,70421,72396
soumettre	6	67387,67801,69539,70743,70915,73182
trustinsoft	6	76207
régulièrement	6	68281,68881,69811,73683,75064
iii	6	71616,72117,75065
conclure	6	68882,70749,70920,71837,72392,74450
suffisamment	6	68644,68886,70421,73880,74167,76213
géophysique	6	69181,72398,73434
sabatier	6	69180,69819,72634
new	6	69179,69180,71614,72932,73875,73876
tirer	6	70753,71621,72937,73684,75794,76211
rémy	6	67939,72940,73878,76209
plasturgie	6	70752,72634
sous-sol	6	69181,72392,73430,73684,75788,75792
définitivement	6	70422,70915,70917,72634
introduit	6	67390,69183,69186,72632,72634,76207
alternative	6	68643,72118,72635,72940,73436,74450
hauteur	6	67387,67557,69181,71358,73434,74749
quitter	6	68276,71842,73183,73430,75063,76206
arme	6	68276,70161,70166,72115
détail	6	68276,69539,71836,73189,73683
espoir	6	71621,72115,73878,74173,74454
brest	6	68883,74170,74449,75460
cuivre	6	68644,70167,75066
institutionnel	6	67945,69812,70751,72935,75461,75464
témoigner	6	70422,71362,71612,71835,71842,74746
privilégier	6	69535,69812,71357,72394,73881,75458
fixé	6	67553,67939,69534,70746,75069,75791
oxydatif	6	72394,76511
conjointement	6	67939,69177,70914,72933,73876,75793
aboutissement	6	69179,70420,73683,74172,74454,76508
tourner	6	71621,72114,72397,72932,74450,75066
infectée	6	69813,72935,74173
up	6	68281,71616,75466
page	6	68276,68383,69821,71835,72940
incubateur	6	71614,73685,73878,73879,75461,76207
contrairement	6	67383,67558,72631,72932,74451,76206
séquence	6	68643,69177,70914,73432,75064
extrait	6	73877,76511,76516
partage	6	67939,68275,68642,69541,72932,75461
1992	6	67068,70916,71838,73434,75459,76507
center	6	68638,69180,73875,75788
neutron	6	67558,69178,74168
ajouté	6	67558,67937,70914,71357,71358,72933
modérer	6	68387,70743,71358,74746
rayonnemer	6	68387,68886,70163,71358,73186,74744
adaptatif	6	67556,67937,68277,72116
limitation	6	67556,68391,69820,70163,72934,76210
définie	6	67556,68279,71620,73436,73877,73880
métabolique	6	67556,68387,69815,71360,71837,73432
tableau	6	68276,68383,69177,70162,73876,75457
percevoir	6	69812,70421,70744,72632,75790
intégrant	6	68884,68889,69533,71358,72936,73432
ecolab	6	75066,76513
council	6	68386,68888,71615,72113
fois-ci	6	70421,70422,72629,72940,75063,76206
attaque	6	72630,76207,76511
didier	6	67939,72633,75788
veolia	6	72392,74450
diffuser	6	67795,68275,70748,70918,72393,73184
loir	6	68273,68279,70743,71358,72938,72939
packaging	6	67946,69814,72120
décollage	6	67939,69179,71617,74450
esturgeon	6	70917
comporte	6	69177,69534,71835,73683,74168,75070
aérodynamique	6	71615,71617,74745
nahum	6	71614
orthopédique	6	71614,71616
élu	6	67803,72113,73182
bachelier	6	75457
cépage	6	73684,74169,76206,76512
suisse	6	68638,69179,73187,73875,74172,75069
gp	6	67939,68279,69177,69181,76208
franco-indienn	6	67939,69177,69180,72393,73434
terminer	6	70916,71362,71363,71845,72935,73185
change	6	67938,68281,70919,72934,73876,76213
épisode	6	67938,69813,70916,73686,73688
moindre	6	67385,67386,72934,73431,74167,75463
cerise	6	68273,73879,74450
agrégat	6	74173
coagulante	6	67388
coag	6	67388,68885
vulnérable	6	68283,68389,69816,71621
préoccupant	6	68383,68389,70916,75457,75792
gadzarts	6	68276,70161,70422
biomatériau	6	71612,71616,74454,75067
récompenser	6	71612,71840,72633,73435,75066,76207
immunité	6	67937,71837
configuration	6	68884,69178,71357,74168
soutenue	6	68884,70749,71363,71612,72637,74452
accéder	6	68643,70161,70923,71357,71619,74168
show	6	70170,73438,75797
stabiliser	6	67558,68390,74168
apte	6	70420,71619,71836,73182,73876,76210
ampleur	6	70420,71359,73182,75065,75458
targuer	6	70420,70915,72629,73432,73434,74746
honneur	6	67946,69542,72393,72933,73182
réaliste	6	67794,68383,68882,70914,75463,75788
coûteux	6	67554,67801,68280,68390,72934,73436
ec6	6	74749
mutation	6	67556,72395,72933,73430
pixel	6	67554,68881,70424,72401
dense	6	69542,70915,70916,71619,71836,72938
précisément	6	67389,67794,69540,69816,70923,71361
cholestérol	6	67798,75459
cognitif	6	73184,75790,76206,76515
décrire	6	67938,68383,69184,70747,70916,72932
avionneur	6	70920,71615,71617,72113,72636
fleuve	6	70917,72397,73434
nécessairement	6	67071,67795,74167,74168,74749,76508
pomey	6	73683
excellent	6	67068,67937,67938,68387,74450
micro-ondes	6	67068,67939
précoce	6	67556,68646,70918,73432,75065
instant	6	67389,70422,71842,72115,72394
confronté	6	67389,67794,68882,70421,71359,73683
débattre	6	67804,72393,72400,73691,74176,75465
inventer	6	68638,69542,71359,72392,74176,76213
étage	6	69177,69179
symbios	6	67385,71837
bac	6	68273,70161,71358,73437,75071
esiee	6	70168,73190,75071
appuie	6	69538,70424,72629,72637,75792,76512
progresser	6	69538,70161,70420,70917,73186,74752
feder	6	68385,68884,70420,71360,71841,76508
défaut	6	67556,68391,68886,73879,76210
interagir	6	67556,70421,70922,73688,73879
voler	6	69542,71617,73879,74450
classemer	6	68383,70914,71361,71614
manifestation	6	69541,70166,72937,73683,74176,75466
supméca	6	69541
hydraulique	6	71363,72940
finalement	6	68886,72630,72634,73683,74168,76206
tenace	6	73684,76210
analytique	6	68885,72118,73877
foie	6	73189,74750,75065
gypti	6	73683
verne	6	73683,75068
ligature	6	73683
thérapie	6	72117,74171,74453,74454,75065
structural	6	67387,68639,69539,72119,72636,74173
épilepsi	6	74453
bioaxial	6	74451
chain	6	67557,72393,72637
pouvon	6	67795,69177,70161,73875,74167
micro	6	68639,68881,69186,69814,74174
tumeur	6	67068,67802,70918,72117
primaire	6	68642,71619,71841,72631
situe	6	71360,73183,73431,73875,74748,75789
titane	6	68642,70425,74454,75067
méthodologie	6	68886,69179,73431,73685,75793,76206
denis	6	72115,75462,75788
microscope	6	69539,72119,72397,74451,75070
émettre	6	69539,70747,72632,73186,73685,73688
entreprendre	6	68383,72114,73432,73435,73878,74172
affecter	6	67387,68646,69184,69815,71357,73183
électron	6	72119,72934,75070,76511
maturité	6	67391,67554,72395,74167,75063
poste	6	70162,72113,73182,75064,75068,75789
reprise	6	67795,71835,72937,73436,73684
hémangiome	6	72117
fabriqu	6	67796,68273,70165,71616,74450,74451
fragile	6	68886,73431,73683,74746,76210
gouvernement	6	68642,68888,72396,72629
rapprocher	6	70166,70745,72392,73431,74455
capsule	6	70166,75462
microencapsulation	6	70166,75462
porte-clés	6	68274
adhésion	6	68273,71358,74455,74750
retorik	6	75063
prochainement	6	67795,67939,67941,68883,73186,74172
auditif	6	76508
californie	6	68274,68881,70422,73188
accident	6	68274,70915
voiture	6	68274,68640,69814,73685
maximal	6	68640,68886,69179,69538
participation	6	67391,67795,69178,69542,73875,74747
silencieux	6	67389,71617
inspirer	6	68888,70161,70425,71366,71621,72397
lycer	6	67937,70161,72932,73687,75066
erreur	6	68274,73185,74169,74455,75792,76207
utilisable	6	68274,68881,70425,71843,75793
écoulement	6	69540,70421,72397
faite	6	69540,71835,71843,73687,74454,76509
motif	6	67554,67795,71835,75066,75458,76511
umt	6	67388,68885
school	6	68641,73876,76513
nalini	6	72932
irt	6	75068
biophytis	6	67799,71360
racinaire	6	69817,70420
shs	6	72939,73431,73683,74748
démarrage	6	68279,68881,70424,72629,73685,74749
survie	6	68388,71618,75065,76208,76213
préhistorien	6	75788
archéologue	6	70745,73431,75788
raid	6	73689,76212
obligation	6	68279,69185,71359,72392,74167,76513
repenser	6	68279,68882,73876
parisien	5	67799,68638,72936,76507,76508
bretenière	5	68279,71842
amont	5	68279,69821,71359,72629,74744
bras	5	67941,70422,72117,74167,74749
visualisation	5	75788
habitude	5	67794,68276,70161,72634,76213
marion	5	67794
guillou	5	67794
électromagnétique	5	67942,69177,74744
musculaire	5	67799,70918,72115
ruche	5	71842,71843,75068
agro-environnement	5	71842
interdisciplinaire	5	67799,68275,68392,68645,70916
crânien	5	67801
gain	5	68882,70753,74171,74455
pathoquest	5	73686
donneur	5	67553,68642,72120
selle	5	73432
colorer	5	70747,73189
pénétration	5	70746,71614,72116,76207
matrice	5	70746,71616,72394
entretenir	5	70745,71359,72936,73182,76211
dégradation	5	69184,70917,75069
migrer	5	68389,71837,71842
révéler	5	68389,69819,70167,73189,74748
davi	5	75063
peau	5	71360,74744,74750,75067
catalyseur	5	67795,68280,72113,73436,74174
date	5	67795,68273,68387,72636,73182
colasse	5	68274
régler	5	72634,74455,75458,75792,76208
lactalis	5	72634
evaluation	5	67071,67798,70915
cuisson	5	71359,72394,72630,74752,76511
gemte	5	71361
exclusif	5	68274,68279,72117,76210
peugeot	5	68383,68639,70748
tritium	5	74168
francophone	5	68888,69543,69821
étroit	5	68888,71357,72936,75794,75797
75	5	68888,71615,71837,73878,76508
morpho	5	72633
durablement	5	70166,72637,76213
tenter	5	68383,71612,71837,72397,75463
140	5	67554,69818,72633,74454
cosmique	5	73186,73688
fouler	5	68274,71836,72629,74450,75458
permanente	5	67795,70422,72629
sofradir	5	67796,71839
nutraceutique	5	71360
défendre	5	67937,68387,73184
appellation	5	68885,69535,72116,74456,75063
coordination	5	68642,70163,72933,73186,73683
huilier	5	70166
hollande	5	68274,72936
détruire	5	67068,68391,75065,76511
méthanisation	5	67385,69538,72121,73690
goûter	5	71366,71835,72631,76206
argent	5	67937,71621,72932,73183,73684
era-min	5	68642
pays-ba	5	68642,69179,69534,74450,75069
crucial	5	68642,69178,69811,69820,73878
poigner	5	72115,72631,72634,73430,73434
alimente	5	67797,70747,71835,73877,74457
boëtsch	5	75458
process	5	67554,68882,72114,76511
bit	5	69540
newvecty	5	68384
concrète	5	68383,68881,69541,70921,71845
licence	5	68273,71358,72117,73187,75071
devon	5	67795,70161,70914,74745,76507
culinaire	5	71359,74749,74752
anomalie	5	67556,67798,69815,72118
sont-il	5	67068,73431,73436,74173,76213
déboucher	5	67068,70420,72395,72630,76511
gervai	5	73877
lettre	5	68889,70744
positionnée	5	68273,68643,70166,74167,74749
palette	5	68273,70162,70916,72630
vente	5	68273,70916,71614,72629,76510
inévitable	5	68273,71835,72933,73432,76213
lumineux	5	70167,70747,73188,73688,75070
soyouz	5	69177,69179,71836
allergie	5	67937,68645,70745,76507
bloquer	5	67937,69820,71843,75794
hélium	5	74168
recyclage	5	68642,69538,71362,72399,75792
potentialité	5	67391,70162,72115,72630,73432
technicien	5	67071,67939,68279,72115,75068
autoroute	5	68640,71617,73875,74450,76510
liten	5	68640,75789
collège	5	67938,68392,70161,73434
casqu	5	70162,70421
légitime	5	68383,68389,72114,74457,75792
flexible	5	69541,70167,72114,72394,75791
20000	5	69541,73183,73432,73438,76510
tahiti	5	73684
récompense	5	67383,72633,72932,73435,76208
paléoanthropologu	5	67938
biocarburant	5	68385,70920,71617,72121,75066
neurologique	5	73187,74171,74453
courte	5	67554,67939,71617,72934
etou	5	67554,72935
vétérinaire	5	68384,73686,74455,74750,75462
600	5	70169,72633,74746,75466
archéologie	5	73683
météo	5	67071,67939,69813,70916,75789
décrocher	5	71612,72630,73432,73685
relier	5	70162,70425,72635,73875
review	5	67068,73188,75794,76208
geosud	5	68275
influence	5	67387,67388,69812,72629,76210
raft	5	72116
lipidique	5	72116,72631
radeau	5	72116
sollicitation	5	67389,68639,70425,72394
trystram	5	67795
expertise	5	70168,71838,72120,72939,73876
expérimentale	5	69538,69820,73683,74744
actualité	5	69538,73433,75460,76509,76510
yannick	5	69177,70424
2002	5	69811,70916,71614,76510
portable	5	67554,70747,76507
stimulus	5	67389,68887,69534
berthet	5	73876
bénéfice	5	67798,68383,68645,70918,75069
informer	5	67803,72122,73182,73190,76514
tunnel	5	72119,72397,73875,75070,76510
identité	5	67795,68885,70161
équine	5	71357
endommager	5	70922,73431,74451
organisateur	5	70921,72393,74174,74175,75066
carburant	5	70920,71840,74167
marquer	5	67938,68278,69533,70915,72630
réglementaire	5	70917,72629,72938,73690,76516
embarcation	5	73683
répliqu	5	73683
3000	5	67794,69543,69821,70751,72115
réservoir	5	68283,72397,75067
alabouvette	5	68643
panel	5	67390,71363,72120
homologation	5	68643,71616
benoit	5	68273
développeur	5	70170,70914,71359,75068,76207
agglomération	5	70170,71842,74172
veille	5	67386,68273,73685,74455
lsi	5	70421
entiter	5	67553,72634,74455,74744,75459
regroupement	5	67553,68386,70921,71839,72116
option	5	67804,72395,75071
taxibot	5	72933
radar	5	69811,70916,75789
leti	5	67554,70919
corse	5	68884
restaurer	5	67802,71842,73683,74749,74752
va-t-ell	5	71614,72116,72118,72936,76209
propriétaire	5	67797,71616,73431,73683,73686
roser	5	71614,73684
rouler	5	67797,67940
créatif	5	67383,69821,70161,72394,75068
microscopie	5	67390,67558,68391,73189,74451
économiquement	5	67391,67554,68882,73877,75792
mourou	5	68638,72934
atterrissage	5	69177,71617,74450
parfaire	5	69177,71359,71614,75063,76509
acte	5	70918,71357,71621,74746,76516
emporter	5	67939,69177,69179,70424
pont	5	70916,72396,73875,74172,74450
sous-marin	5	70916,73683,73688,73875
nuage	5	67939,75788
hyme	5	70916
suppose	5	67794,71357,72637,73432,74744
souplesse	5	68273,69535,71617,75792
satisfaisant	5	70421,73184,73187,74449,74453
valley	5	67946,74455,74746
orléan	5	67946,69812,71618,72932
séduir	5	70421,73185,74172,75788,76209
rer	5	70421
équatorial	5	67939,73684
midinnov	5	74748
viande	5	67794,71357,76213,76511
dam	5	68638,74744
guinevere	5	69178
manquer	5	68638,71614,72937,74450
agrène	5	68643
sec	5	68385,69182,69537,75458
parcelle	5	69537,71842,75458
supplémentaire	5	70162,70163,73431,73875,76513
attentat	5	70162,70421
spectr	5	70162,72113,72629
revoir	5	70161,70749,71614,71837,73876
affranchir	5	68884,70917,71836,72934,75791
diversifier	5	68643,71358,72938,74169,74455
assembler	5	67383,67390,67556,68882,73683
cherche	5	67383,68274,68276,73184,75790
viticole	5	69537,73877
accueil	5	69536,70169,72633,73685,73875
commune	5	69536,71357,71838,72937,73877
azur	5	67553,68393,73683,75789
deutérium	5	74168
quantique	5	70421,70747,70914,71839
accepter	5	67939,68274,68276,74749,75458
2003	5	67939,68383,69177,72398,74744
sept	5	69179,69537,75064
fukushima	5	70915,72392,72629
1980	5	67068,70917,71837,74168,74745
palaiseau	5	68638,68641,70162,75796
enseignant-chercheur	5	68393,70168,71362,73190,73882
visiter	5	70916,71619,72396,72629
1998	5	67939,68383,70917,72118,76507
italien	5	67945,69179,73875,75463
logistique	5	67945,68273,69812,73185,75069
supra	5	74168
tore	5	74168
biochimie	5	68387,69184,71837,72115,74173
virginie	5	67389,68391,74449
daniel	5	68638,70745
marqu	5	69179,72630,73183,73687,74450
perturbation	5	67802,67942,69540,74173
francilien	5	71620,74171,74172,76507
sérieux	5	69812,72629,73684,74453,75457
angers	5	68281,70422,73436,74449
ranjard	5	69812
oh	5	68276,69812,72940,75466,76509
amplification	5	67802,68638,72934,74168
amplifier	5	68643,70747,73189,76211
silic	5	67390,69540,69819,74750
jérôme	5	67389,74746
procédure	5	69178,73435,74454,76207
6ème	5	69178,71612,72631
pulsé	5	69178,70918,75067
météo-france	5	70916
bateal	5	70916,73183,73434,73683,74170
gaspillage	5	67794,71366,71617
disasolar	5	72114
incident	5	67068,69539,70165,70915
doctoral	5	68276,68888,69536
5000	5	68276,68387,70923,75066,75795
écrire	5	68276,71835,72113
screening	5	68643,72118
toulousain	5	68644,71362,72630,73434
antenn	5	67945,69181,70747,74168
myocarde	5	68387
infarctus	5	68387
cinquantaine	5	73430,74176,74746,75065,76211
identifiée	5	67553,68279,70919,72115,76209
multiplication	5	67553,68882,70423,75458,76511
prétendre	5	67553,69535,70422,73182,74749
nouer	5	70422,72396,73431,74744,76212
aluminium	5	68644,74167,75066
microbiologique	5	68643,68882,69183,72394,72634
centré	5	68277,70426,71359,71614,73876
marche	5	73183,73876,74746,75458,76213
km2	5	73183
maximum	5	68281,70743,70916,76209
contenter	5	70161,70422,71617,73876,75458
poudre	5	68644,69819,70166,76210
séparer	5	68882,68884,70167,70918,72397
équatier	5	69180,70422,72932,74744
faculté	5	68392,69536,71616
ceinture	5	67939,67942,68274,75458
robuste	5	67939,74751,75067,75460
faisceau	5	68391,69540,70421
écologie	5	67071,69812,72398,75458,75460
polaire	5	67939,69179,73183
vircopal	5	73431
nacre	5	76210
mill	5	67558,70425,72396,72397,72934
essence	5	69814,69816,71837,75458
semi-conducteur	5	69814,72635,74451
habeat	5	67555
naviguer	5	73183,73190,73683,75063
commande	5	70161,73875,76207,76507
intestin	5	69815,70166,76213
fusionner	5	67558,74168
coqueugniot	5	73431
hélène	5	73431
minéral	5	67388,68280,71612,72630
panorama	5	67388,68882,73690,74167,76514
valise	5	73431
atypique	5	72394,73182,73430,74749,76516
renaître	5	69821,71360,71841
anglais	5	67555,67938,68888,71619
compenser	5	67555,68389,75790
hpv	5	72935
homologue	5	69814,70746,71618,72113,72119
combustion	5	68644,70426,71615
peut-être	5	71835,72115,72634,76213
alenia	5	71836,75789
maritime	5	71836,73183,73683,75789,76513
genci	5	70914
iut	5	67945,72394,75457
colloque	5	67945,68384,70170
lac	5	67944,70745,73434
compatible	5	67386,70165,72635,73436,74745
délai	5	67386,70915,74745,76510
nice	5	67561,69180,75065
connecter	5	75068,75791,75797,76209
bordelais	5	67801,73431,76206
marqueur	5	67798,68643,68881,74171,76206
danone	5	67798,72394,75793
sable	5	69819,71621,73684
massif	5	71837,73876,74169,75463,75794
bali	5	67798,75793
souci	5	74745,74749,75458,76507
avons-nous	5	67794,69812,71614,73431,75458
sunaéro	5	74167
500000	5	70425,72935,73683,74453,76208
rang	5	67943,70914,71361,73687,74745
médicau	5	67940,71616,74454,74750
équivalent	5	68390,70424,72629,73431,74748
intègre	5	69181,70423,71836,71837,74450
sommet	5	67939,68389,72122,75458
apprécier	5	67555,68886,76206,76512
pologne	5	67555,68642,71361,73875,75069
apportant	5	73182,73683,75793,76208,76511
rotation	5	68279,72119,75463
agroenvironnement	5	68279,68643,70745
urbano	5	73685
fourier	5	67800,69178,69539,69816,69819
coder	5	67800,72631,73184,75790
retraite	5	68387,72629,73431,75069
maison	5	68387,70914,72939,75069,76515
terifiq	5	69534,75790
consolider	5	72396,75063,76510
diode	5	70747,72934,75070
adresse	5	67940,68273,72401,72629,72939
ouverte	5	70751,71358,73437,73882,76516
laurier	5	71837
explose	5	69186,69812,72629
impossible	5	70744,72934,73684,75794
alumine	5	76210
conduite	5	67940,72630,72935,72937
garche	5	67940
olfactif	5	70749,74449,75790,76515
psychologie	5	72401,76206
yve	5	72398,73875
cinquant	5	69533,73875,74168
2001	5	69533,69812,71837,71840,73434
lourde	5	67941,70749,72394
zirconium	5	68390
nuit	5	70425,72932,73187
initiateur	5	70424,72116,72634,73434,73876
fabmake	5	75068
savoie	5	67387,73689,73881,76212
georges	5	67068,68884,74752
préalablement	5	69183,71618,74750,75067,76212
vaste	5	67386,69184,70421,74456,76211
biosimilaire	5	72938
périphérie	5	68279,68643,74455,74746,75063
jouy-en-josas	5	69815,70746,73184,73432
ehrlich	5	69815,73432
dusko	5	69815,73432
permette	5	72937,74172,75795,76213,76509
emmanuel	5	67801,74455
signifier	5	67801,67939,72115,75457,76510
essayant	5	67555,70745,72115,75458,75792
advanced	5	71837,72932,75068
statistique	5	67942,68281,68645,69180,73685
garantie	5	67388,68279,68885,69177,71358
archéologique	5	73431,73683,75788
matheron	5	67794
parc	5	67799,68279,71360,72392,76212
continuité	5	68882,69811,72118,75789,76208
conçue	5	68881,72114,73684,74454,74745
arrêter	5	67798,68881,72392,72933,73182
induit	5	67798,68388,70429,70744,72935
successivement	5	67390,68276,68641,73183,75790
géométrique	5	67390,68886,69537,72932,75067
nanoscience	5	68881,69186,74747
nanomatérial	5	67390,68640,70425,70429,75789
loft	5	76513
micro-geo	5	69818
plaquette	5	69184,76210
similaire	5	68389,68887,70421,71843,74750
anesthésique	5	71843
sarcopéniqu	5	67799,71360
cérémonie	5	68888,69185,71837,72120
paraître	5	67937,67938,69821,72934,73432
inné	5	67937
telescope	5	70163,73186
vague	5	69817,70743,70744,73434
obtention	5	71842,71845,73188,73684,76513
fédèr	5	69817,70420,72938,73184,73689
mère	5	67555,72932
minimum	5	68279,69185,69540,71357,75457
complémentarité	5	68279,71358,71836
allaitement	5	67555,68887
antare	5	73688
vallée	5	68645,69537,69813,72392
séjour	5	68881,69185,71837,75459,76206
pierrot	5	67068,67383
renouveler	5	72398,72940,73684,73881,76206
parkinsonien	4	68646,74171
composée	4	67390,70425,75794,76212
hormone	4	67390,67802
prédir	4	67390,69816,71618,71837
narbonn	4	73690
2-heptanone	4	71843
anti-radicalaire	4	76511
distinction	4	67068,67937,71357,71835
poster	4	72939,74449,76516
réduit	4	67387,70420,71621,76208
végétation	4	67387,69816,74450
innovative	4	72939,73431,73683,74748
astrophysique	4	69819,70163,70424
ponctuer	4	69819,71837,72629,72940
liaison	4	67800,69542,73436,76213
variable	4	67800,68273,72395,74449
captur	4	67800,69177,70162,70425
robert	4	71841,72115,72392,72932
renommer	4	67799,71359,71619,72121
prestation	4	67799,68885,75068
prévenir	4	67799,70165,72935,74170
standardisation	4	68882,69812
après-midi	4	73875,75457,75458,76516
metz	4	73875
renversement	4	67068
breuillet	4	72396,74172,76511
filtre	4	67068,67385,74744,75788
irm	4	67068,73189,73877
sophie	4	70428,70749
envoi	4	67386,68279,70163
nourrisson	4	70428,70749,72117
isolant	4	69186,72397
consulter	4	69185,69535,72932,73430
australi	4	69185,70920,75459
aérien	4	67553,71358,71617,71840
règle	4	67553,72398,75063
cependant	4	67553,69533,70918,73878
spécialité	4	69185,71358,71362,76507
colombie	4	67942,71362,73875,74450
chantier	4	67941,68383,72392,73683
périmètr	4	72396,74744,74749
radio	4	67386,70747,76208
pollution	4	67386,72399,73183,76511
fixe	4	67386,70420,71835,71836
décarboner	4	70426,71363,72113,72121
infime	4	67388,69539,70161,70425
quantifier	4	67388,70916,75463,75793
goc	4	73880
anthropique	4	67942,69533,75458
nicklaus	4	70428,70749
hausse	4	68389,69533,73434,73876
garder	4	67553,68887,70161,72932
demeter	4	67942,69177
estp	4	69185,73883
réactivité	4	68389,70428,70749,74169
réactif	4	68389,69819,73436
stand	4	67941,72939,75796
retomber	4	70749,72634,73435,75790
conscient	4	70749,74455,75458
neuroscience	4	72401,73189,74453,75790
séparatif	4	72399
blocage	4	68388,75794,76213
trajectoire	4	69533,70744
projection	4	69533,70916,76515
traite	4	69533,72392,73184,75790
cnrsespci	4	67068,68280,70747,74750
intervenant	4	67942,69820,75465
faux	4	69183,71843,72932,74455
lent	4	69183,69540,71835,72630
lyonuniversité	4	68390,73189,76210
cnrssaint-gobain	4	68390,68886,69819,76210
cristallin	4	68390,68391,72114
automatiquemer	4	69182,71614,71841,76508
simultanément	4	69182,69183,70162,70743
tolérance	4	69182,69820,70746,75065
clubtex	4	70751,70921
lendemain	4	70751,70921,75796,76509
reprendre	4	70749,72115,72394,73184
flaveur	4	69534,75790
disparaître	4	69533,73683,74169,75458
basse-normandie	4	67943,72939,75460,76515
priorité	4	67943,68383,71840,76209
linéaire	4	67943,69533,74450
stationnaire	4	74745,75789
rival	4	74457
controverse	4	74457
destination	4	70748,71840,74167,75063
photonique	4	70748,75795
trente	4	67794,68387,75788
oiseau	4	68387,71617,74745,75458
hydrique	4	68387,69182,69537
chazal	4	69534,72634
testé	4	69534,72634,74751
reformulé	4	69534
co-dirige	4	69534,73184,73431,75459
attentif	4	67388,70749,71835
micro-levier	4	70425
phéromone	4	70425,72632
hydrographie	4	67944
étoile	4	67943,68881,70163,74168
ionique	4	68390,72115,73878
acétate	4	68390
efficience	4	69182,69538,71617,74749
régulier	4	69182,69537,70744
exploité	4	70914,71617,71837,74449
rémi	4	67068,76208
rapprochement	4	67068,69535,71358,76211
concrétiser	4	67068,68881,72392,74172
oscillation	4	70424,70919
beuff	4	74455
catalyse	4	67561,70425
synthétique	4	67558,68390,70423,70747
au-dessus	4	67939,68280,71621,72632
brésilien	4	67939,71362,73878
rééducation	4	67940
conjoint	4	67939,68645,71838,72637
paysage	4	67794,67938,70161,73877
delaunay	4	74746
michèle	4	74746
résister	4	74745,75789,76210
plastipolis	4	70752,72634
permanent	4	69181,72114,72932
intensité	4	68391,70916,73188,73435
incubation	4	73878,75461,76211
obligatoirement	4	67389,71359,74167,76507
survivre	4	67389,67938,71837,75458
hautement	4	67553,68645,72113,75464
paca	4	67553,68393,73683,75789
portugal	4	67945,68281,68642,74170
computational	4	67945,68639
conference	4	67945,72393,72396
valoir	4	70424,71835,73185,74457
filtration	4	70751,70921,72399
mamirolle	4	67388,68885
destinée	4	67388,67553,69179,74450
discours	4	70914,73182,74169
habiter	4	67794,71621,73432
sûre	4	67794,67801,68882,74449
scène	4	67794,70421,73683,75792
céréale	4	67794,68279,69182,72121
investir	4	67794,68387,70421,72114
sagem	4	67945,71839,72633
geste	4	70421,75064,75791
compagnon	4	70421,71357,72932,76509
adoption	4	68387,69542,69814
exporter	4	67553,72114,72933
tellurique	4	69181,69817,70420
accroissement	4	67939,68887,70423,74450
météorologie	4	67939,68645,70916,71836
dériver	4	69180,70423,71360,72114
seconde	4	69179,69819,74168,74750
tropher	4	70752,71840,72400,75458
belge	4	69178,72630,72932
pigment	4	72630
vilarem	4	72630
attirer	4	69535,70422,72629,72632
encourager	4	69535,72634,74748,76211
croiser	4	68387,72631,74455,75063
rizlene	4	70422
cemafroid	4	72393
hélicoptère	4	68393
nord-occidental	4	70916
genevièv	4	67068,70914,71837,73182
géographie	4	67071,67944,68889,73881
physico-chimie	4	67071,72394,74744,74752
technopol	4	70914,73433
a-t-ell	4	70914,70915,74746
fréquemment	4	67939,70420,70916,73431
cci	4	67553,70170,75071
affiché	4	67553,68638,73430,74172
albert	4	67389,72932,73183
xavier	4	68638,73879
arome	4	70916
représentation	4	70916,72398,75788,76206
clermont-ferrand	4	67386,67799,73687,73875
coordonne	4	67386,69534,70749,70916
égal	4	68385,68886,72118,75065
complexité	4	69537,71837,73877,74744
concourir	4	69536,73438,75457,76212
autorité	4	70915,71619,71841,73183
cahier	4	70915,73689,74450,76212
appareiller	4	76508
envisageable	4	69178,71366,74750,76213
ads	4	69178
roger	4	67071,68275,73687,73875
indian	4	67939,69180
4000	4	67794,69811,73684
poursuite	4	67794,71837,73684
envisagent	4	67794,69178,69535,71617
invité	4	67946,69542,72393
instrumentation	4	67946,69181,69543,70163
fonctionnent	4	70420,72114,73877,74167
confinemer	4	70420,74168,75064
pomme	4	68273,74752
graver	4	70421
b	4	67946,72395,73183
protip	4	74454
1993	4	67939,72633,73683
commelin	4	74749
glob	4	67794,69533,69811,71836
1a	4	69177,71836
hélios	4	69177,71836
attache	4	69177,69183,70918,73883
openlab	4	68639
bioénergie	4	72121
mâle	4	72632
sensation	4	72631,74752,75791
naval	4	67386,73683
présider	4	68273,68386,73185,76515
barter	4	69177,75459
impulsion	4	68638,68885,72934
matin	4	69177,69541,72396,75458
invention	4	68638,69542,72392,75067
résection	4	70918,75065
1994	4	70917,72630,72932,75790
golfe	4	70916,73684,73688,74749
décerné	4	70168,70752,71835,73190
breveter	4	68273,68274,69813
spécialisation	4	69538,73437,75063
peut-ell	4	69538,70162,70749,74457
hydrodynamique	4	69537,69542,70743,76208
darwinienne	4	67938
95	4	70923,74449,75792,76210
e-learning	4	70923,75063
angle	4	70921,72113,73182
candidature	4	73683,75066,75068
marseille-provence	4	73683
irstea	4	70917,72393
reproduction	4	70917,73431
girond	4	70917
banc	4	68638,70916,74168,75064
ariane	4	69177,73434
280	4	68640,69811,72113
reconnaît-il	4	67938,68274,68387,75459
présidence	4	67937,70914,72113,73182
province	4	73430,73684
métrologie	4	73430,74451,75064
rhenovier	4	73187,74453
transdermique	4	73187
timbre	4	73187
ieh	4	75792
entrepreneuriat	4	70168,73185,73876,74450
didactique	4	67392,67561,73431,74748
spectroscopie	4	67392,69186
cetp	4	75459
équestre	4	71357,74748
encre	4	67938,72114
dress	4	67795,68276,68882,71366
alsac	4	73877,74453,76206
jean-philippe	4	73877
géomatique	4	68889
sig	4	68889,70162
co-labelliser	4	72634,73879,74169,74449
centimètre	4	70167,72934,73684
est-elle	4	68273,70914,73875,75792
conditionnement	4	68273,72120,72392,75069
kilo	4	68273,68644,69179
électrode	4	70167,72397,74174
nanofil	4	70167,72635
supélec	4	74751
satisfait	4	67795,69177,71836,73685
levier	4	68639,68642,68882,71840
citroën	4	68639,70748
escatha	4	69177
camphuis	4	71359
kevin	4	71359
toll	4	67937
entrevoir	4	67937,73185,74746,74752
quinze	4	67937,69819,76209
renforcement	4	68888,71839,73430,73883
frein	4	68383,72933,74746
antoine	4	69539,72392,72933,74453
pcrd	4	69538,71361,74749,75069
détient	4	68273,74451,75797,76508
négligeable	4	70166,72932,74171,75070
fermeture	4	67795,72635,73685,75460
rotor	4	72119,75066
nation	4	71357,73430,75458
club	4	71357,71839,73690,74748
border	4	73683,73684
génomique	4	67391,68887,71837,74453
accumulation	4	67391,69182
tentent	4	67389,67553,67802,70423
vivo	4	67389,68277,68388,71837
élan	4	67071,67553,71842,75790
mouche	4	67937
spin-off	4	71359,71360,73686,76510
réfrigérateur	4	67557,70746
encapsuler	4	70166,75065,75462
microcapsule	4	70166
engin	4	70165,70916
mur	4	67068,70162,73430,74168
couplage	4	67385,69178,69186,71363
résidu	4	67385,68387,71362,73189
mar	4	74752
estaca	4	71358
recruté	4	68888,69185,71358,73430
femtoseconde	4	68641,72934
palais	4	68888,69535,69820,72936
pékin	4	68888
barbara	4	68274,70422,73188
santer	4	68274,70422,73188
mort	4	68274,68388,75065
vitre	4	68274,69819
delter	4	70165
respect	4	70164,70170,75792
smartphone	4	75792,76207,76507,76508
marteau	4	68274
récompensé	4	68274,68641,75458
salaison	4	72634
druon	4	68641
standard	4	68640,72629,72936,76207
étonne	4	72116,72629,73182,74167
pelco	4	67796
pèr	4	67937,68273,72636,72932
révolutionner	4	67937,68391,73875,74752
antimicrobien	4	67937,70746
ingrédier	4	71360,75462,76210
party	4	70163,70420,72119,72637
briser	4	68274,68389,75462
couper	4	68274,71617,73431,74750
lointain	4	70163,70424,71835,74749
position	4	69540,71614,75788
plonger	4	69540,70421,72397
feuille	4	68383,68645,72630,76512
convergence	4	71359,71360,72122,74748
préparatoire	4	68888,71358,75071,75457
baccalauréat	4	68888,70161,72636,75457
malade	4	68641,68646,73189,75063
indépendammer	4	68886,74449,75791,76208
perdu	4	71366,72393,72629,75459
inattendu	4	67937,69184,73683
ami	4	67937,68274,72932
hors	4	67937,72934,74449,74450
transcription	4	67556
raphaël	4	72932,74752
anantharaman	4	72932
mauvais	4	67556,72932,73684,75459
apprenti	4	72636,73430
jwst	4	70163
activement	4	67554,68885,73683,74168
prouver	4	67554,67798,69815,76207
novateur	4	70164,71838,72400,73684
dermatologie	4	72117,75067
livatag	4	75065
injectable	4	71612
ohmi	4	75458
45	4	67391,69543,71361,74170
nist	4	76207
biscarosse	4	69542
tri	4	69541,70921,72392,73879
répéter	4	69540,71835,75064,76508
gauche	4	69540,75794
2018	4	70163,73430,73877
hexagone	4	71362,74167,74749
provoquer	4	67937,68887,70424,70916
cnrsecole	4	68886,70743,70916,73188
croissant	4	67071,67794,68638,73685
cimer	4	71612
regretter	4	67937,68383,70166,72394
muséum	4	67071,75788
ird	4	67071,68275,68883,74457
bus	4	70162,71836,72114
saisir	4	70162,72392,76209,76511
ultrason	4	67068,73435
invest	4	75795
sustainable	4	68275,72637,76513
gestionnaire	4	68275,69816,76510
souligne-t-ell	4	72932,73431,74449,75065
delair	4	74450
polytechnicien	4	74450,76208
ulis	4	67796
sensibilité	4	67796,70425,75791,75793
fiabilité	4	67796,70922,76207
plui	4	67796,70916,75458
carcinome	4	75065
fêter	4	68643,69542,73875,76509
massivemer	4	68884,71357,72392,75463
perspectif	4	67804,67939,72398,75466
structurant	4	68275,69177,73430,75789
115	4	68275,68640,69179,73684
suffisant	4	68383,72940,73683,76213
pêche	4	69811,70917,73183,75460
périphérique	4	67554,69184,75790
50000	4	69811,73684
huit	4	69811,69816,70916,72121
ong	4	73185,74457
malgré	4	67391,67553,72934,74453
haut-ogoouer	4	73684
carrefour	4	73876,73884
personnaliser	4	68885,71359,73691,75071
photo	4	71612,71836,75788
hépatocellulaire	4	75065
allaert	4	67798
françois-andré	4	67798
dialoguer	4	67803,71359,73437,75063
sensibiliser	4	67803,70164,71845,73183
dynamiser	4	68383,74748
oxydant	4	73184,76511
comparable	4	67554,68638,70915,73436
pltp	4	73184
fonder	4	68276,72633,73187,76510
amplificateur	4	72934
montebourg	4	72933,73182,74746
med23	4	67556
jacquart	4	71612
sylvaine	4	71612
joie	4	67937,68276
gabonais	4	73684
bongo	4	73684
dattier	4	67391,72632,75458
palme	4	67391,74457
imagine	4	67556,73875,74744,76507
menon	4	70161,70166,72392,72933
concurrence	4	70161,71359,74167
répondu	4	70162,70169,72629,73683
inviter	4	68276,69821,75465,75795
cea-list	4	70162,76207,76510
langevin	4	67068,70747
gésir	4	68884,69812,69816
journal	4	67802,69819,70169,73436
greffer	4	67802,68644,70747,75067
compliqué	4	71614,71621,73683
hambourg	4	67797,67944
insulaire	4	71621
pect	4	68281
moustiqu	4	69813
transmettre	4	69813,70748,72629,76508
gagner	4	69812,72113,72939,74167
carré	4	69812,70167,72397,74168
genosol	4	69812
préfacer	4	68276,74752
inconnu	4	67556,72932
connu	4	67556,68388,70166,72115
inéluctable	4	71614,73876,74450
prothèse	4	71614,74750,76508
inser	4	71614,71616,72121
led	4	75070
cité	4	68643,72937
carignan	4	73684
moderne	4	68643,72933,74746,76508
graine	4	67387,67391,70420,72630
endurance	4	74450
dt-18	4	74450
mangeur	4	74449,76209,76507
nu-ag	4	74449,74749
manipulation	4	67555,67941,68643,74451
inverser	4	67068,67794,71835,75070
frère	4	68276,70161
hasard	4	67802,71612,72393,72631
biom	4	71616
poughon	4	72114
probiotique	4	75067,75462
vecteur	4	67802,69813
signalisation	4	67802,72116,73184
océanographe	4	71621,72940,73434
recourir	4	68644,70923,72934,74453
oxyde	4	68644,71615
préclinique	4	68277,71360,75461,75793
alpha-synucléine	4	74173
novice	4	76206
basée	4	67388,75068,75458,76207
veau	4	67388,74750
présur	4	67388
interroger	4	70161,70429,73430,75458
exenuc	4	71619
aquatique	4	71618,71837,73190,73433
empreindre	4	71617,72633,72932,74745
vérification	4	67390,69820,74173,74751
viticulture	4	73684,73879,74450,75066
spontanément	4	67390,67558,68644,70746
correspondent	4	68643,69816,70420,75793
biotech	4	67798,75793
acceptable	4	68882,69535,74745,75065
sommes-nous	4	68882,73684,74749,75458
gaps	4	69814
éclairage	4	68280,68642,73188,75070
vidéo	4	67554,67802,70162,76509
centrer	4	70161,71361,72629,74455
800	4	68277,70425
formateur	4	70161,75063,76509
émérite	4	72113,73183,73432,73683
opinion	4	72113,72940,74457
asiatique	4	71621,71840,74167
holothurie	4	71621
voil	4	68883,72114,73683,73880
réglage	4	68883,73186,75067,76508
coller	4	68644,74750
consommé	4	67555,74449
acceptabilité	4	67555,69534,72393,75790
distribuer	4	67555,67939,68881,72114
crèche	4	67555,72932
dégustateur	4	76206,76512
préventif	4	72935,73431,73432,75458
genticel	4	72935
bois	4	67387,72113,73683
affirmer	4	69821,72398,73877,75792
umi	4	68278,69180
hybride	4	69814,70423,73879,73884
sorte	4	71835,74449,74749,76509
insulin	4	67802,76509
endocrine	4	67802,67937,68887
pancréatique	4	67802,68887
fondre	4	67798,68886,69819,72114
1b	4	71836
indicateur	4	67801,71359,73183,75070
s-100b	4	67801
complication	4	67801,68646
musiqu	4	71835,72114,72939
courer	4	67801,70162,74455,76210
adulte	4	67801,67802,73876,76509
honoraire	4	72113,76213
chaîner	4	67383,70745,70920,73877
éventuellement	4	67383,72630,75459,75789
pétrole	4	68278,70423
enterome	4	69815
superficie	4	69814,74172,75458,75461
issanchou	4	67555
sylvie	4	67555
plénière	4	69820,73691,75796
éco-conception	4	71845,76513
pré-cliniques	4	67798,67799,70918
expérimenter	4	74176,75065
300000	4	67387,70166,74449,75458
existante	4	67555,68642,72118,75068
oceans	4	73183
ballester	4	76206
jordi	4	76206
familial	4	67798,74746,75793
victime	4	67801,70162,74167,76510
élargir	4	71836,72398,73182,73432
fermé	4	71836,71839,72629,72932
vitaminer	4	75069,76511
renard	4	75069
optifel	4	75069
architecte	4	71836,72113,73875
soler	4	68882
aerokwai	4	71840,74167
indium	4	71839,72114
tir	4	71839,72629,72934
incertitude	4	69816,70429
ambitionn	4	69815,71840,72116,72938
levée	4	69815,71360,74451,75063
vert	4	67068,70424,72115
apparition	4	69815,70922,72634,75065
desquel	4	68279,69821,72115,72629
choc	4	67801,69820,71357,73430
handicap	4	67801,67940,72629
galactolipide	4	67800
merck	4	67798,71360,75793
matiner	4	71845,75457
potentiellement	4	67383,67389,68391,75790
levodopa	4	68646
tracker	4	68646,74171
malier	4	68881,70919
vérifier	4	68279,68281,69540,76508
purement	4	69816,72393,73183,76507
sud-ouest	4	69816,73882,76512
seine	4	68279,74172
network	4	69817,70420,72934
dollar	4	71840,72392,73878,75795
louis-george	4	68882
notoriéter	4	68882,72113,72114,73684
félicit	4	68881,69812,73434,76510
scolaire	4	68881,71835,72932,73876
soulignon	4	68645,69820,73436,75466
dioxyde	4	68645,69811,70425,71615
chemin	4	67798,68881,72631,74450
bouger	4	70744,74169,75794
agronomique	4	67794,71837
norme	4	67794,70169,72393,76207
sont-elle	4	67794,67798,71618,71621
profond	4	67794,68279,69178,73876
biovision	4	75465
structuration	4	70745,72116,72637
gilbert	4	70745
finit	4	70744,71614,75063
bioluminescence	4	73688
nano	4	68881,69814,74174,75065
entretien	4	68881,71357,71363
atlantique	4	68881,73433,73684,75462
ralentir	4	68646,74173,74749
rattacher	4	68646,72113,73431,75067
neurologue	4	68646,71841,74171,74453
b2v	3	76515
alpespace	3	73689,76212
franco-américaine	3	68881,71838
braun	3	68881
anormal	3	68646,74173,75794
roboticien	3	67068,67383
emmanuell	3	76509
syndrome	3	68646,74171
rhône	3	68645,71616,72392
technocampu	3	75068
embryon	3	71842,73684,73876
grossir	3	71842,73685,73876
roukes	3	68881
champion	3	68881,71617,75797
élevage	3	68881,69538,71621
invasive	3	68645,73432,74171
sûremer	3	68881,73876,74455
emmener	3	68881,71612,74457
intention	3	68881,73684,76209
ineri	3	68645,75463
cnrsceauvsq	3	68645,69533,75463
metabrain	3	67799,71360
sarcob	3	67799,71360
lsce	3	71838
âger	3	67799,72636,74746
rejeter	3	67555,67557,71621
cnrsuniversiter	3	67387,68388,68391
renessen	3	74449,76507
assise	3	72938
figurer	3	68279,71359,76511
chardonnay	3	76206
feu	3	67068,70421,70424
seventur	3	69815,71360
letter	3	69816,73188,75794
limon	3	68279
géothermie	3	69818
mabimprov	3	72938
artichaut	3	67555
salsifis	3	67555
conversion	3	68279,73436
pomper	3	69818,76509
dynacomp	3	69820
miroir	3	67068,67938,71836
temporel	3	67068,71837
inosport	3	75797
santébien-êtr	3	75797
dégustation	3	76206
doubs	3	68279,68885
académicien	3	73182
polar	3	73183
circle	3	73183
littérature	3	67555,72636,75459
influencer	3	67555,69815,72116
faim	3	67555,67794,71366
réunion	3	67555,73684,75069
anonyme	3	68279,68281,68383
simplifier	3	68279,75793,76208
république	3	72936,73684
maroc	3	69820,72936
tourte	3	69821
colossal	3	69821,74744,75458
épidémiologie	3	67555,73184,74452
plancton	3	73183
emprunter	3	73183,73875
electron	3	69814,72934
prairie	3	68279,71618,71837
chaud	3	68280,72393
reposer	3	69814,71357,72401
métagénomique	3	69815,73432,76213
calcium	3	69819,71612,76210
opérer	3	69819,70424,75789
dépendance	3	68278,74449
intime	3	69819,70914,73432
ap-hp	3	68277,74746,76508
laurence	3	67556,72393
avis	3	67555,72634,73182
cadence	3	67554,72934
wisea	3	69814
motorisation	3	69814,71836,75066
gallium	3	69814,71839,72114
university	3	68278,69179,71614
fossile	3	68278,68882,76514
khz	3	72934,73688
182	3	72935
col	3	72935,74455
utérus	3	72935,74455
rothschild	3	72935,76508
procervix	3	72935
éliminer	3	72935,73189,76207
régulent	3	67555,67802,68887
mange	3	74449,76213
plat	3	74449,75069,75792
classer	3	67387,68881
envahi	3	70161,70166,72401
réfléchisson	3	70161,75063,75788
lycéen	3	70161,72932
150000	3	74173,74454,74744
cnrsen	3	73183,73189,76210
télé-épidémiologie	3	69813
multidisciplinaire	3	69813,71359,71615
nanoconstruction	3	74174
richesse	3	69821,72933,73430
motricité	3	68277,68646
criblage	3	68277,69539,72115
profit	3	70161,70748,76208
rendu	3	67068,72630,75459
déficience	3	67556
dévoiler	3	68276,72400,76209
semble-t-il	3	70161,73182,73430
banal	3	69812,71614,72392
mont	3	69812,73430,73434
révélateur	3	68281,70749,74457
220	3	69813,74748,75794
esscer	3	68281
terminal	3	70161,72633,76507
remonter	3	70161,70162,70165
redonner	3	70161,73430,75457
désir	3	68276,70161,75069
confondre	3	68276,71842,75458
bts	3	70161,75457
centrée	3	70161,70166,75796
tracteur	3	72933
ican	3	72934,73190
amplificatrice	3	72934
épaisseur	3	72934,73880
concilier	3	68283,72932,74749
inclure	3	67554,69533,70918
mile	3	74170
enzymatique	3	67388
42	3	70162,70421,71359
group	3	70162,73687
midi	3	68276,70170,70916
chapitre	3	68276,68882,71617
coulisse	3	68276,71835,72634
renne	3	70162,75794
commandement	3	70162,71836
alerte	3	70162,70916,76510
ulm	3	69542,73182
village	3	69542,73185,75458
enthousiaste	3	68383,68881,70421
medtec	3	69543
géant	3	69811,73875,75463
photon	3	67554,70747,73688
pérou	3	73185
tanzanie	3	73185
élémentaire	3	67554,68279,68882
tsunami	3	69811,70915,73880
propager	3	69811,72932,76210
environmer	3	69811,74168,75064
diviser	3	68383,73877,75793
essayon	3	68275,70745,73876
aéroportuaire	3	72933,73875
progressif	3	67556,68646,75457
incontestable	3	68275,69815,73875
brillamment	3	68276,70161,73684
item	3	75793
hpc	3	75796
réputée	3	67068,71358,76211
physical	3	67068,73188,75794
engagement	3	70162,70753,71837
anticipation	3	70162,70420
equipement	3	68275,69181,70914
provenance	3	69542,69820,75797
mayonnaise	3	73185,74167,74752
foulon-sopagly	3	74169
payraud	3	74169
fiju	3	74169
raisol	3	74169
litre	3	67388,75792
inciter	3	68383,68387,74457
crédit	3	68383,74749,76208
jame	3	70163,71614
grill	3	72635
passée	3	72635,73185,74171
activation	3	67556,68388,69184
suggèr	3	67556,68388,75063
study	3	72932
00	3	69541,72932
rassemblement	3	69542
sympathique	3	67068,70166
venez	3	67068,67795,76515
danger	3	70162,72401,76213
93	3	67387,69181,69539
passager	3	72932,74751,74752
spot	3	68275,69177,71836
spectro-imageur	3	70163,70424
éteindre	3	70163,70917
norvèg	3	68274,69534,74170
laboratory	3	70163,73183
sea	3	70164
vendre	3	68274,72933,75458
certification	3	68274,72933,74450
viable	3	67554,75789,75792
générique	3	67554,71618,72938
adaptée	3	67554,68389,72397
array	3	73186,73879
gamma	3	73186
significativement	3	67554,67798,73688
cealeti	3	67554
mobilise	3	67554,69181,69533
contribuent	3	68383,68885,71842
montage	3	72634,73683
blue	3	70164
gouvernance	3	70164,72398,72629
inaugural	3	70165,73182
séduire	3	68274,70166,74169
nord-américain	3	68274,71838,75063
hollandais	3	68274,68640,71361
laisse	3	68274,70166,72396
employé	3	68274,74171,76212
fijus-raisol	3	74169
estomac	3	67388,70166,70918
subsister	3	68383,69816,70429
bill	3	69540
piège	3	69540
droite	3	69540,75794
latécoère	3	68383,69542
grandir	3	67387,68387,71614
trait	3	67387
avouer	3	70166,71835,72932
olive	3	68273,68387,74749
marchandise	3	68273,72939,74456
cyan	3	69539
xxième	3	68383,69533,70161
douter	3	68383,73434,75794
chromophore	3	69539,73189
landauer	3	69540
fameuse	3	70166,73879,75070
routier	3	68274
police	3	68274,70162,72633
frisbee	3	67557
refroidir	3	67557,68640,74168
aft	3	72634
proposon	3	68273,70161,70166
batiénergie	3	70169
hydrométallurgie	3	75792
décharge	3	75792
un	3	67554,67938,76507
psychiatrique	3	73187,74171,74453
windows	3	73190,76507
minier	3	73430,75792,75794
héliobiotec	3	68385
pic	3	68273,73688
parfait	3	68273,69177,70916
étanchéité	3	68273,71840,74167
caisse	3	68273,72633
fils	3	70167,75789,76509
energy	3	67557,69537,72113
e-biothon	3	74452
saôn	3	68273,68279
immersion	3	70421,72939,74750
cd36	3	72631
épileptique	3	74453
évitant	3	67386,67801,70918
grandeur	3	67386,68884,72397
requis	3	72631,75069
patte	3	72632
femelle	3	72632
découper	3	67554,73684,76513
prédire	3	67554,68881,71837
wafer	3	67554
irrigation	3	69537,70746,74169
cantogether	3	69538
imprimé	3	70167,70423,72113
couvercle	3	68273
abondant	3	67558,70423,74173
cocagn	3	72630
quarantaine	3	72630,74746,76508
détergent	3	67558,70166
tensioactive	3	67558
telecom	3	67945,70161
varie	3	67388,68274,70744
phosphat	3	67388,68640
proton	3	74168
saison	3	69537,75458
directe	3	69537,72121,74167
bulle	3	67558,75794
12-hydroxy	3	67558
rongeur	3	72631,73184,75458
immergé	3	70421,74457,75064
avatar	3	70421
enthousiasme-t-il	3	67068,67383,73683
brio	3	70422,71835,72636
lissi	3	67945
ère	3	70422,73875,75063
réputer	3	70422,70743,74450
arabe	3	72629
survenir	3	72629,73688,75458
infectieux	3	68387,73431,73686
localement	3	69535,69818,73185
imposer	3	69535,72629,74450
citadelle	3	69535
spécialisée	3	69535,73687,75792
concurrente	3	69535,72633,72634
bénéfique	3	68387,74450
molecular	3	68387,73183
incendie	3	67945,68274,68283
dangla	3	76208
rigide	3	67558,71836
micelle	3	67558
effondrer	3	67558,67794,69811
receler	3	72630,73433,74744
agro-industriell	3	72630
ariège	3	72630,75066
stéarique	3	67558
microprocesseur	3	70423,70747
knowledg	3	67945
engineering	3	67945,71617,72113
danguin	3	75790
ipso	3	76209
persuader	3	67553,68274,73876
croître	3	67553,74751,75793
toxicité	3	68387,68388,72935
grasse	3	75790
réfléchissent	3	70423,74167,74746
lithographie	3	70423,70747
sénart	3	67945
euclid	3	70424
big	3	70424,74748,75796
stabilité	3	70424,72938,73436
évacuation	3	67558,72392,72934
thermonucléaire	3	74168,75064
attaquer	3	74168,75065,76511
reconstructrice	3	73431
pathologique	3	73431,76511
anthropologie	3	73431
anti-oxydant	3	68387,72394,76511
magazine	3	69535,70752,71612
faille	3	76207,76208
erasmu	3	67944,76206
résonance	3	70425,71837,73189
jean-paul	3	72398,73433,74744
allur	3	74167,74450
ciblée	3	74167,74173,75065
profession	3	67388,68273
secondaire	3	68387,68642,75065
as	3	69534
economiqu	3	67561,68393,72113
orl	3	74454,76508
bague	3	74454
atec	3	74456
mystérieux	3	70424,73880
répartition	3	70424,70919,71618
comparaison	3	70424,73185,73432
gent	3	67944
vitrine	3	72400,75466
ventur	3	72400,75466
tablette	3	72401,76507,76508
rédiger	3	72401,72940,74457
spiral2	3	67943
fonte	3	69533,73183
dégénérescence	3	68387,68646,71360
protecteur	3	68388
gâteau	3	69534,73879,74450
résulter	3	69534,70420,73876
fléau	3	69534,69813,76510
export	3	67553,68273,76512
précise-t-on	3	67944,70162,75789
bombyx	3	70425
saint-louis	3	70425,75458,76507
prouesse	3	70425,72934
energétique	3	70426,70743,71362
boulet	3	75788
stratosphère	3	75789
zodiac	3	75789
avant-projet	3	75789
adjoint	3	67068,67795,72630
thomas	3	75790
cortex	3	68388,73877
maturation	3	68388,75067
migration	3	68388,68389
cmip-5	3	69533
contaminer	3	68388
rein	3	68388,72115,73189
pass	3	67561,71845
réutilisation	3	72399
épuration	3	72399
flottante	3	70743
tracer	3	70744,72114
statique	3	70744,76207
lorenceau	3	70744
visuel	3	70744,72939,75788
menacer	3	68389,72632,74457
nancy	3	69186,71837
clôturer	3	69186,74175,76514
conster	3	73431,74749,76507
cryosat	3	73880
smos	3	73880
isba	3	67388,68885
avance	3	73884,74455,75458
abondance	3	67943,69812
oxy-combustion	3	70426
purification	3	70426,72118
solteiro	3	75788
désigner	3	72397,72631,76211
exploit	3	72397,74170
gigantesque	3	72397,73880,74452
bore-azote	3	72397
disque	3	70744
virtuellement	3	73431,74751,75064
tpe	3	67553,71614,72630
350	3	67553,67945,70921
mandibul	3	73431
metagenopolis	3	73432
cabinet	3	69185,71361
topologique	3	69186
neuronau	3	68388,73879
it	3	74456
314	3	70428,70749
cataclysme	3	67794,73880
sentinelle	3	70745,71621
reconstruir	3	70745,73431,75457
audition	3	76508
diderot	3	69184,70747,70922
ademe	3	68389,70169,73690
tolérant	3	68389,69178,70746
habitat	3	68389,69818,75466
ostéoclaste	3	69184
transporteur	3	69184,72631
ionosphérique	3	67942
enregistre	3	70744,72629,74171
entraînement	3	70744
handicapé	3	67941,73190
chimiste	3	70745,72630
morro	3	75788
croisement	3	70745,73884,75063
jardin	3	70746,73875,75458
micali	3	70746,73432
neurotransmetteur	3	69184
décortiquer	3	73432,73877,76206
adecal	3	73433
poreux	3	68390,73683,74454
circulant	3	69184
ioi	3	76211
inverse	3	67068,71357,73184
rêve	3	72396,73683
illustration	3	72396,72940,76507
dégât	3	67794,70916,76511
gouvernemental	3	72396,73185,74457
venue	3	72396,74170
lao	3	72396,73185
electroniqu	3	67940,70748,72635
cheveux	3	74744
équipé	3	67386,68644,70916
degré	3	67386,69540,76508
macromolécule	3	68390,70423,72394
appartenir	3	69183,72113,75458
cadeau	3	69183
junior	3	68390,69541
suspension	3	68390,76210
héler	3	69183,72630,75458
cobot	3	67941
confier	3	67941,69179,73182
concentré	3	67941,71361,72633
soldat	3	67941,73431
jambe	3	67941,72117,72933
compétition	3	70745,70914,73436
award	3	70751,72120
egalement	3	70751,73190,74748
high	3	70751,73182,75796
diffraction	3	68391
micromètre	3	68391,70163,73189
destructif	3	68391,69817,73687
phénoarch	3	69182
pot	3	69182,70420
caractère	3	69182,72113,72393
signe	3	70748,72629,73876
marquant	3	70749,73875,74449
camille	3	70749,73683
successive	3	67940,69182,72395
gustatif	3	70749,72631,74749
pointu	3	70749,72394,76507
probablement	3	70749,71359,74170
rythmer	3	70752,72932,75458
segment	3	67939,69177,72632
alè	3	75464
immédiat	3	69181,70163,76510
essor	3	73434,74746
neuro-dsp	3	73879
bruneau	3	73879
amorçage	3	73879,74451,76510
eyetechcare	3	73435
aqueux	3	73435,74750,75792
oui	3	67794,72397,74167
outre-mer	3	67939,69181,73433
souligne-t-on	3	67939,67941,70743
financièrement	3	67940,72634,74745
roubaix	3	70751,70921
futurotextile	3	70751
juridique	3	68392,70170
métropolitain	3	69181,69535
parenthès	3	72394
enseigne	3	72394,72932
ensbana	3	72394,72631,73685
touche-à-tout	3	72394,76511
sécuriser	3	72395,72633,74167
élévation	3	67939,69811,73184
hydrologique	3	67939,69533
pluie	3	67939,70916
genevieve	3	70914,71620
embaucher	3	67553,68643,75461
jouent	3	73878,75070,75459
facility	3	68391,69539,69819
étendue	3	68391,69180,73880
algorithme	3	68391,70421,74171
héliosynchrone	3	67939,67942,71836
teratec	3	70914,75796
balayage	3	67939
ead	3	67939,68393
astrium	3	67939,69820,71836
vertical	3	67939,68883,72635
ciel	3	67939,70424,71617
administrateur	3	70914,72629
rivière	3	70914,73434
recouvrir	3	67071,70422,73684
bêta-amyloïde	3	70914,73184
edwige	3	70915
charpak	3	67068
saint	3	67068,68279,70917
étudie	3	68391,71837,72115
couvrant	3	68392,68881,72120
hydrométéorologique	3	70916
crue	3	70916
sud-est	3	70916,73684,75064
reproduit	3	69178,70917,71619
collective	3	67553,74748,75465
infographie	3	73437
e-tribart	3	73437
procurer	3	73877,75458
magique	3	73877,76206
epsztein	3	67389
neurobiologie	3	67389,68277,68887
bonnevie	3	70915
iccc	3	72393
paysan	3	67794,69821
43	3	67794,74449,75065
revisiter	3	67939,70161,71836
cheminemer	3	67939,70162,75064
dangereu	3	72392,73430,76213
intégrateur	3	72392,73434,75796
proprement	3	72392,73683
nanotechmap	3	74747
mpi	3	74748,75066
encapsulation	3	75462
invite	3	69178,69821
sck-cen	3	69178
booster	3	68393,74452,76511
exawatt-zettawatt	3	68638
sous-critiqu	3	69178
externe	3	69178,76212,76511
propice	3	67068,72932,73876
1950	3	69178,74168
déployé	3	70916
saint-jacque	3	75460
poncelet	3	75462
véroniqu	3	70916
ducrocq	3	70916
collecte	3	70916,73432,73684
colonne	3	70916,71614,74167
déterministe	3	70916
10-15	3	68638,70744,72934
berlin	3	67389,68386,73186
animation	3	73437,74748,75068
47	3	67553,72935
indépendant	3	67553,71840,72113
estimation	3	67392,69533,72935
chasser	3	67553,75458
meute	3	67553
massard	3	68638
estuaire	3	70917,72397
prélèvement	3	70917,71838,73183
googl	3	67938,75788,76207
constate-t-il	3	67938,73430,74455
dissection	3	70918
muqueuse	3	70918,75790
fier	3	69177,70914,71842
mardi	3	69177,70752,75796
sonder	3	68638,73189,75070
cherchon	3	69177,71612,75457
ébauche	3	69178,72634,74746
tropique	3	67939
positionn	3	72392,73875,74167
déconstruction	3	72392
kcalorie	3	67794
provepharm	3	75461
biotechnology	3	72121,73878
innorobo	3	72122
optimiste	3	67794,69533,73182
reine	3	67938
philosophie	3	67938,70161,74169
souhaiterion	3	68638,70921,73877
mechanics	3	68639
énormément	3	69177,70161,73431
station	3	69177,70165,70917
iss	3	69177
cern	3	68638
toshiki	3	68638
tajimer	3	68638
petawatt	3	68638
mariage	3	68638,68889,71359
érosion	3	67071,74168
exactement	3	75459,75788,76509
phytochip	3	75460
élite	3	71357,73182
cubesat	3	69177,69179
prôti	3	73683
navigant	3	73683
réputation	3	68638,70422
tendre	3	67938,68387,72115
igm	3	70919
arrête	3	67938,69178
citer	3	67938,71621,74751
i	3	71357,72935
facilit	3	70918,72630,75069
pcd	3	72120
aerosol	3	72120
dispensing	3	72120
inscription	3	67795,74747,75071
adosser	3	67795,71842
aérospatial	3	71358,75795
supaero	3	71358
visibilité	3	71358,74747,75465
ion	3	68640,72397,72934
volant	3	68640,70165,74450
105	3	68640,68883
cinquantenaire	3	69177,73882
expérimentau	3	68639,73877
physico-chimique	3	68639,70423,74752
renseignement	3	69177,71618,75071
expose	3	67938,70161,70918
houllier	3	71357
contraster	3	71357
perrier-cornet	3	71357
hardwar	3	71359,71614
laval	3	71358,74175
haumont	3	74752
télécommunication	3	75063,75071
arbault	3	75063
elles-même	3	67385,67798,71358
placebo	3	72117,72935,75065
ferroviaire	3	71358,76510
hippocamp	3	67389
activer	3	67389,68274,72934
bivb	3	73877
dur	3	73877,75458
cousu	3	73683
label	3	73683,76509
lin	3	73683
satt	3	72117,73431,75067
éleveur	3	75458
acacia	3	75458
atténuation	3	67071,69533,75794
38	3	68640,73684,73686
colza	3	67391,68279,68385
900	3	68640,73688,74746
corné	3	68641
démarche	3	68641,71359,71845
pégase	3	71358,75789
apercevoir	3	67937,72630,75459
stimulant	3	67937,72932,73431
inhibiteur	3	67937,75459
aquimer	3	71359,72396,76511
microtechnique	3	71359,74455
déclencher	3	67937,68887,72119
mammifère	3	67937
transparence	3	71361,75789
immunologie	3	67937,75465
enrichie	3	71359,72637,73431
fur	3	71359,74449,75063
infantile	3	72117
oral	3	72117,72631
syti	3	76508
jean-michel	3	76508
raczinski	3	76508
tactile	3	67068,72401,73876
software	3	71359
drosophile	3	67937
souvient	3	67937,71835,73182
web	3	71359,71362
four	3	71359,75462,76210
faso	3	75458
réserver	3	71363,72940,75457
préférer	3	67937,68883,73185
jean-françois	3	67937,73182
academy	3	68886,69184,71619
sécurisation	3	68642,69535,74167
traitant	3	68642,72637,73187
suède	3	68642,69179,69185
finlande	3	68642,74170,75069
empreinte	3	68886,72633
résider	3	68887,72118,72932
tétée	3	68887
tractus	3	68887,73432
actionnaire	3	71360,72114,76510
prendra	3	67937,73186,73434
recul	3	67937,69816,71357
délaissé	3	67937,69817,70420
microdomaine	3	72116
cancérologie	3	72116,75065,76208
electric	3	67796,73185,74745
assiette	3	71366,76209,76213
biomimétique	3	71612
interprofessionnel	3	68885,73877
intergouvernemental	3	68642,69533,70916
dehors	3	68642,68887,71359
saint-etienn	3	68886,70161
microfissure	3	68886
engendrer	3	68886,71617,71840
pner	3	68886,69184,70746
agression	3	67937,76511
inp-ensiacet	3	71362,71612
25èm	3	71363,75464
négliger	3	71363,71835,73432
cirimat	3	71612
combler	3	71612,73883
alliage	3	71612,74167,75792
implanté	3	68885,72634,74454
normalisation	3	68885,73430
business	3	73876
musée	3	73876,75788
surprenant	3	67389,67938,68390
burkina	3	75458
mamba	3	72115
scorpion	3	72115,73878
chimist	3	72115,74752
marquage	3	72115
primitif	3	75065
franchi	3	72115,72395,73430
david	3	67796,76208
roulage	3	67797,68640
800000	3	75065,76510
tumorale	3	75065
bruxelle	3	67804,68386,72394
dakar	3	75458
lirmm	3	67383
cniel	3	68885
chaude	3	67391,68389,69818
orer	3	73875,76209
emlyon	3	73876
vigneron	3	73684,73877
cecaler	3	68885
venon	3	68643,72629,73877
scientifiquemer	3	68643,73430,73683
gérant	3	68643,75063,76507
phosphate	3	71612
artisanat	3	71614,74752
haider	3	71615
aérothermique	3	71615
myrt	3	68884
700	3	68884,69179,73438
trésorerie	3	68643,74167
solliciter	3	68643,70166,70422
collectiviter	3	68884,72399,73877
autoriser	3	68884,74168,75458
définition	3	67802,68882,71359
volontaire	3	67798,68387,73185
compléter	3	67798,72630,73437
33ème	3	75066
absorber	3	67385,71621,74744
neurochirurgie	3	71614
entrepreneuriale	3	71614,73435,74450
introduire	3	71617,74168,75463
vallett	3	71621
pluridisciplinaire	3	71615,73183,75460
affect	3	67798,74453
antibiotique	3	75067
gisement	3	72114,75792
déploiemer	3	72114,75463
serpent	3	72115,73878
régénération	3	71616,75458
viral	3	67802,72935
spécificité	3	67802,72113,76507
oléagineux	3	67391,72121
sarment	3	73684,73877
systématique	3	68643,70420,74167
réalison	3	68643,72113,73875
pouss	3	68643,68882,75794
remplir	3	72113,74752,76211
autrefoi	3	67798,70917,72117
mourir	3	67798,67802,73434
oms	3	67798,72935,74746
psychologique	3	67798,76206,76511
philosophe	3	72113,72932,75459
métallurgie	3	72113
imprimer	3	72114,73431
phytosanitaire	3	68643,71618
hectolitre	3	73684
acidité	3	73684,73877,74169
interlocuteur	3	68643,68885,72113
trajet	3	68883,71617
échantillonnage	3	68883,69812,73183
exprimer	3	67802,69184,73876
sélectif	3	67802,72115,73879
compact	3	68644,71836,72934
initiation	3	68644,70921,73437
titulaire	3	67798,72113,75457
organisée	3	67802,70170,73182
destruction	3	67802,70917,75789
développant	3	71835,75792,76508
illustre	3	71835,72113,73184
john	3	71835,72932
coûter	3	67801,76508,76510
examen	3	67801,74171
autorisation	3	68643,75065
marier	3	68644,71359,72932
douarnenez	3	68883,74170
98	3	68883,75066
tutelle	3	68883,69181,74752
ressemble	3	71835,72932,73684
crédible	3	67383,72629,75793
indépendance	3	72113,73875
prélever	3	67801,75458
termine	3	71835,72634
généraliser	3	71835,73187,75457
préoccuper	3	71835,73182,75791
inquiétude	3	71835,75792
pertinence	3	67801,70166,70916
garantit	3	71836,74744,75069
empilement	3	68882,76210
gramme	3	68644,72115,73878
additif	3	68882,74750,76511
minimal	3	68882,69540
co-produit	3	68882,72630,73877
fao	3	68882,69821
mille	3	68883
immobilisation	3	71840,76510
malaisi	3	71840,74167
singapour	3	71840,74167,74749
chilien	3	73875
tramway	3	73875
teillet	3	73685
peinture	3	73685,74744,75788
séquençage	3	73686
chimiothérapie	3	73686,75065
fractionnement	3	68882
formuler	3	68882,74450,75069
médication	3	67798,75793
passion	3	71837,73689,76212
agilité	3	71836
senobl	3	67798,75793
roquette	3	67798,75793,76213
vinneo	3	76512
classiquement	3	67390,70743,74167
analogue	3	67390,67800
influer	3	67390,74168,76213
rationaliser	3	67390,67557,68279
sporaltec	3	73689,76212
jury	3	73689,74746,75066
échec	3	67390,70161,75457
lanréotid	3	67390
afficher	3	73691,73876,75788
31	3	68881,73883,74449
bio	3	68881,72396,73691
abeille	3	71843
medicen	3	67799,71360,73184
talent	3	67383,68276,76208
emc2	3	75068
granulaire	3	69819
48	3	72939,75457,75789
eco-campu	3	74175
significative	3	67387,67556,76213
patrimoine	3	72939,73683,74167
corriger	3	68279,68644,71838
équipée	3	68279,70426,74168
superficiel	3	68279,70918
montrant	3	69816,70753,72631
terroir	3	68279,70745
clairement	3	68279,70749,73876
émerge	3	68279,68638,68643
renforçant	3	69816,73430,76211
analytical	3	68881
chromatographie	3	68881
miniaturiser	3	68881,70167
pti	2	76514
alimentec	2	76514
cyceron	2	76515
tandis	2	68646,70747
saccade	2	68646
neurodégénératif	2	68646,74173
fréquent	2	68646,74173
prévalence	2	68646,75065
kavli	2	68881
california	2	68881,70919
pasadener	2	68881
nanosystem	2	68881
vlsi	2	68881
écoproduit	2	76513
cassis	2	76512
anti-oxydante	2	76511
megami	2	76511
dyskinésie	2	68646
physiopathologie	2	68646,75459
approfondie	2	68881,69533
krl	2	76511
câbler	2	76510
câble	2	76510
230	2	67068,70745
audio	2	76508
intelligibilité	2	76508
frachet	2	76508
avicenn	2	76508
annulation	2	76508
oriano	2	76507
connaisseur	2	67068,68643
dassault	2	67068,72113
snecmer	2	67068,74745
gazeux	2	68881,70426
nem	2	68881,70919
tourisme	2	68645,71621
nourricier	2	76213
cosmeto-food	2	76209
enclin	2	67068,72114
oudghiri	2	76209
considèrent	2	76209,76511
vissière	2	76208
sysnav	2	76208
stiller	2	76208
ladhy	2	76208
microfluidiqu	2	76208
fabrice	2	76207
derepas	2	76207
frama-c	2	76207
pétrochimie	2	68881,75066
haleine	2	68881,72634
ozone	2	68645,69811
décor	2	76206,76213
amusez-vous	2	67068
crée	2	67068,73687
chronologie	2	67068,75788
revivre	2	67068,68273
retournement	2	67068
parole	2	75796,76516
papier	2	67068,72932
réémettre	2	67068,69539
verbaliser	2	75793
nutrineuro	2	75793
acousticien	2	75794
quatorze	2	75793
178	2	75793
rogeau	2	75793
mapi	2	75793
infirmier	2	68881,76509
1959	2	68881,72396
goettmann	2	75792
2017	2	75792
niobium	2	75792
alléger	2	75792,76210
brûler	2	67068,73877
irréprochable	2	75792,76511
elisabeth	2	75790
guichard	2	75790
déstructuration	2	75790
stratosphérique	2	75789
paristechupmcuniversité	2	67068,70747
paris-diderot	2	67068,75794
rupestre	2	75788
fée	2	68881
pencher	2	68881,75069
dira	2	68881,73430
us	2	68645,71840
climatologue	2	68645,69816
préventive	2	68645,69813
designer	2	75788,75790
préhistorique	2	75788
pompéi	2	75788
vialou	2	75788
front	2	67068,73182
domotiqu	2	67068,75466
c2ma	2	75464
recycler	2	75464,75792
17ème	2	75466
aîné	2	68882,72936
quae	2	68882,76213
dualine	2	68882
125	2	68882,72392
dégager	2	68882,71617
déterminant	2	68882
reformuler	2	68882,70161
respectif	2	68881,71838
depo	2	75464
impérativement	2	67068,73683
co-fondateur	2	75462,76207
genet	2	67071,68275
programmer	2	67071,71617
coquill	2	75460
interdisciplinarité	2	67071,73189
éclore	2	75461,75792
productivité	2	68882,76510
semblable	2	68644,69537
nano-satelliter	2	68644,69177
conventionnel	2	68644,69814
grave	2	68645,69815
atopica	2	68645
biopuce	2	75460
comanche	2	75460
impératif	2	67071,69534
250	2	67071,67800
evolution	2	67071,71843
garanti	2	67071,76207
hydrophobe	2	75459,75462
philip	2	75459
mali	2	75458
instabilité	2	68882,76511
va-t-il	2	68882,71835
interrog	2	68882,73877
tourn	2	68882,72633
defcc	2	75458
ucad	2	75458
pépinière	2	75458
ménager	2	75458,76511
pluviométrie	2	75458
troupeau	2	75458
onze	2	75458,76509
sénégalais	2	75458
aliou	2	75458
guisser	2	75458
15000	2	67071,68274
désertification	2	75458
adéquat	2	68882,72936
567	2	68883,74170
instrumenter	2	68883,74170
chauffer	2	68644,69819
djibouti	2	75458
umi-es	2	75458
racheter	2	67383,71842
châlons-en-champagne	2	75457
robotiser	2	67383,73432
disserter	2	67383,74167
remarquablemer	2	67383
conquérir	2	75070,76512
polythiophène	2	75070
liberté	2	67383,69812
magnifique	2	67383,73684
fragilité	2	75069,76210
microsystème	2	68644
océanographiquer	2	68883,74170
lpo	2	68883,74170
envisagée	2	68883,69178
sentir	2	68883,72932
calorimètre	2	75067
manufacturing	2	75068
prototypag	2	75068,76513
tecnalia	2	67383
compétitif	2	67383,69535
inn	2	75066
ovation	2	75066
digestion	2	67385
biocarburer	2	67385
troie	2	75065
doxorubicine	2	75065
judith	2	75065
greciet	2	75065
solidement	2	68643,68644
finalité	2	68883,72116
amm	2	68643
commençon	2	68643,68881
ergonomiquer	2	75064,75069
biocore	2	67385
visiblement	2	67385,74169
réfléchit	2	75063,75789
delphin	2	75064
keller	2	75064
photosynthèse	2	67385,68385
vocal	2	75063
bluffer	2	75063,75793
cela	2	74752,75461
passionnante	2	74752,76206
enveloppe	2	75063,75789
assurance	2	75063
contacter	2	68643,71612
365	2	68883,74170
affilée	2	68883,69177
injecter	2	68884,76509
cuisinier	2	74752
sauf	2	74752,75789
tarte	2	74752
gastronomie	2	74752
étoiler	2	74752
nouvellement	2	74752,76207
morceal	2	74750
recoller	2	74750
nullemer	2	74749,75458
panoplie	2	68643,72392
oreille	2	68643,76508
intervenon	2	68643,72634
intermittent	2	68884,71363
fermier	2	68885
vélo	2	74748
contrer	2	74749
lit	2	74746,74749
fiche	2	74747,75069
pist	2	67385,71835
pourrait-on	2	67385,73877
téléphonie	2	67386,68279
oeuvrer	2	74746,75789
compression	2	74745,74746
leap	2	74745,75791
communiquer	2	67386,67553
câblé	2	67386,76510
seuil	2	67386,70425
anicap	2	68885
cnaol	2	68885
caprin	2	68885
généré	2	68643,74168
confiant	2	68643,74169
piéger	2	74744,76206
brochet	2	74745
conflit	2	74457
querleux	2	74744
levang	2	74457
sera-t-il	2	74456,76209
besançon	2	74455
1600	2	74454,75461
laryngectomie	2	74454
respirer	2	74454
debry	2	74454
trachéal	2	74454
jurer	2	68885
dénomination	2	68885
aptitude	2	68885,72394
boisson	2	74453,75462
réception	2	67386,70162
dcn	2	67386
applicatif	2	74452,75796
rhenepi	2	74453
lyonbiopôle	2	74453,75465
déterminent	2	67387,69819
battre	2	67387,72933
super	2	74451
imager	2	74451,74749
accompagnon	2	74451,74749
bioinformatique	2	74452
connaission	2	68885,72630
allion	2	68885,75458
substitution	2	68642,69534
administrer	2	68885,72935
sncf	2	74450,76510
insérer	2	74450,74454
simplicité	2	74450,74451
gabriel	2	74451
sirat	2	74451
benjamin	2	74450,76207
michaël	2	74450
balbutiante	2	74450,76507
dit-il	2	74450,76507
envisage	2	74450,76213
try	2	67387
compiler	2	67387
delair-tech	2	74450,75066
récolte	2	68643,73684
casser	2	68886,69178
dt-26	2	74450
mini-drone	2	74450
brièvemer	2	74449,75458
impacter	2	74449,74744
52	2	67387,68275
longévité	2	67387,68277
feuill	2	67387,68386
alpine	2	67387,73881
dépendant	2	74449
ehpad	2	74449,74749
authentification	2	74449,76206
sélectivité	2	74449
hédonique	2	74449,75069
une	2	68886,70424
fracture	2	68886
proceeding	2	68886,69184
approvisionnemer	2	68642,71617
van	2	74449
wymelbeke	2	74449
559	2	74449
nanoh2	2	74174
novaqt	2	74176
spaghetti	2	74173
pénétrer	2	74173,76206
melun	2	74172
seine-et-marn	2	74172
romain	2	74172,75066
lesieur	2	74172,75793
t2	2	74171
indication	2	68886,75788
endocrinien	2	68887
tissulaire	2	68887
caractérisé	2	68887,75459
mollard	2	68887
greff	2	68641,73686
economy	2	74171,74746
serge	2	74171,74453
binôme	2	74172,74752
coagulation	2	67388,73435
coupe	2	74170
cent	2	67388,71837
doublement	2	74169,75463
déposition	2	74168
ruminant	2	67388,68885
sevrage	2	67388,68887
chymosin	2	67388
fraction	2	67388,73875
sécréter	2	68887,71843
penson	2	68887,69177
gastro-intestinal	2	68887,69184
peuple	2	68888,71621
bru	2	68888
fabry	2	68641
conservateur	2	67388,76209
experimental	2	74168,75064
reactor	2	74168,75064
steady-state	2	74168,75064
enquête	2	67388,72630
représentatif	2	67388,69537
protéique	2	67388
thermonuclear	2	74168,75064
pepsin	2	67388
fromagerie	2	67388
f	2	68641
beihang	2	68888
astronautique	2	68888
polyvalent	2	68888,75458
officialiser	2	68888,69536
minérale	2	68642
limitrophe	2	74167,76507
dosage	2	67388,67801
affiner	2	67388,70916
risquer	2	74167,74450
estimon	2	74167,75792
exhaustif	2	74167,74751
évit	2	68640,71836
jerphagnon	2	68641
mensuel	2	68889,69535
magasin	2	68889,69534
lithium	2	68640,68642
graduate	2	68641
tince	2	73883
constructibilité	2	73883
mechatronic	2	73884
meeting	2	73884
raisonnable	2	74167,74168
talence	2	73882,75457
list	2	73879,75064
quête	2	73879,74168
orgue	2	73880,74176
frontièr	2	73880,74172
mixter	2	68639,69538
paramétrable	2	73879
catalogu	2	73879,74747
enil	2	67388,68885
florali	2	73878
distributeur	2	73878,75063
sensing	2	73879
subtilement	2	73877,74167
smartox	2	73878
content	2	73877,74167
sous-produit	2	73877
rattraper	2	73877,74169
émotionnelle	2	73877
empirique	2	73877,74752
rat	2	67389,71843
fondamentale	2	67389,73879
prioritaire	2	73877,74748
2014-2020	2	73877
viti-vinicole	2	73877
systémique	2	73877
galileo	2	69177
pléïade	2	69177
félicité	2	69177,70163
p80	2	69177,69179
désorbitation	2	69177
1979	2	68638,73183
génial	2	68638,72933
alterner	2	68640
débusquer	2	73876,74455
prévient	2	73876,75063
genèv	2	73875,73881
bulgarie	2	73875
myriad	2	69177,76207
46	2	69177,72119
expliquent	2	68638,71840
lmbo	2	73875
immunothérapie	2	73691,75465
gtm	2	73875
xixèm	2	73875,74752
ingénierist	2	73875
ghisolfo	2	73875
unitaire	2	67390,71836
épreuve	2	73689,76207
partnering	2	73691
soudainement	2	73688,74172
convection	2	73688
sous-uniter	2	67390,67556
technolac	2	73689,76212
atv3	2	69177
déroulement	2	69177,70923
pur	2	69177,74169
samedi	2	69177,72933
résumé	2	69177,69179
robusta	2	69177,69179
altimétrie	2	69177,73434
océanographique	2	69177,70916
saral	2	69177,73434
grappe	2	73687,74748
toulon	2	73688,73875
émet	2	73688,75070
bourget	2	73687
michelin	2	73687,73875
sous-traitante	2	73687
computing	2	73686,75796
supposer	2	67390,72631
régir	2	67390,67801
swarm	2	69177,73880
absolu	2	69177,72119
ministériel	2	69177,74746
impatiemment	2	68638,69177
observable	2	68638,73431
vinification	2	73684,73877
champagne	2	73684,73877
vendange	2	73684,73877
5050	2	73684,74745
planté	2	73684,75458
40000	2	73684
effectivement	2	67390,68882
corréler	2	67390,68646
moule	2	67390
mini	2	68638
element	2	69177,73186
pire	2	69177,73684
bataille	2	69178,72933
1991	2	69178,75063
omar	2	73684
ondimber	2	73684
habitant	2	73684,76213
guinée	2	73684
cameroun	2	73684,74450
altérer	2	73684,74167
ph	2	73684,75067
doper	2	67391,72934
refaire	2	73683,74176
atoll	2	73684
malyma	2	73684
rénover	2	69178,71842
plomb	2	69178
transmuter	2	69178
radiotoxique	2	69178
eurobiomed	2	68393,73184
neutrino	2	68638,73688
exécuter	2	73683,75064
nautique	2	73683,75464
tournesol	2	67391,68385
12ème	2	67392,72633
boucler	2	73683,76510
lance-t-il	2	73683,74749
ployag	2	73683
cote	2	73683,75789
métropole	2	73683
egypte	2	73683,74450
jullian	2	73683
bref	2	68638,76510
fission	2	69178,74168
pc	2	69178,70914
validiter	2	67392,75792
prédiction	2	67392,71357
vièm	2	73683
j-c	2	73683
fouille	2	73683,75788
hélio-spir	2	67392
chimiométrie	2	67392
valorisant	2	67553,73431
2d3d	2	73437
virtuelle	2	73437,75063
dispense	2	73437,75458
lead	2	73437,75063
connecting	2	73438
égid	2	67553,74175
neutronique	2	69178,69537
workshop	2	68638
moltech-anjou	2	73436
lego	2	73434
concret	2	73435,75457
justifier	2	73435,76207
swot	2	73434
annie	2	73434
cazenav	2	73434
dual	2	67553,71836
franco-américain	2	73434
pronostic	2	73432
budgétaire	2	73432
calédonien	2	73433
côtier	2	73433,73683
calédonie	2	73433
propergol	2	69179
surnommer	2	68393,73185
aéronef	2	68393,72636
eurocopter	2	68393,69541
inovsy	2	68393
aix-en-provence	2	68393,71845
euratom	2	69178
ignorer	2	73432,74455
savion	2	73432,73684
substantiel	2	73432,74169
pérennité	2	67553,68283
pacte	2	67553,72936
formaliser	2	67553,68642
strict	2	67553,70165
syphilis	2	73431
asi	2	69179
p80fw	2	69179
injection	2	69179,76509
larguer	2	69179,70916
tuberculose	2	73431
rachitisme	2	73431
pacea	2	73431
labri	2	73431
homo	2	73431
america	2	67553,68886
ressembler	2	67553,74173
soyon	2	67553,67795
informaticien	2	73431,76509
dutailly	2	73431
dutour	2	73431
imprimant	2	73431
paléopathologie	2	73431
propulseur	2	69179,73190
propulser	2	69179,71617
kourou	2	69179,69811
plaque	2	67554,74171
programmable	2	67554,73879
constant	2	67554,75459
trimestre	2	67553,71841
math	2	73430
armer	2	73430,74455
imt	2	73430
traduite	2	73430,74746
mines-télécom	2	73430
lem-phea	2	73189
colorant	2	73189,75462
nettement	2	73189,74173
picosatellite	2	69179
etudiant	2	69179,73185
cube	2	69179,69540
pesant	2	69179,70165
watt	2	69179,72397
monolithique	2	69179
empiler	2	67554,70161
rhepatch	2	73187
mulhouse	2	73187,74453
biosimulation	2	73187,74453
del	2	73188
verrou	2	73188,75789
lumineuse	2	73188,75070
cherenkov	2	73186
gat	2	73186,73879
applied	2	69180,72113
bangalore	2	69180
iii-paul	2	69180,69819
monnet	2	68392
idest	2	68392
onu	2	68392,73430
53	2	68392,68883
finiss	2	73185,74167
choisie	2	73185,75458
co-construir	2	73185
pauvre	2	73185,75792
explique-t-on	2	67554,72118
demandeur	2	67554,68884
conviction	2	73184,75793
incidence	2	73184,75065
niccolaï	2	73185
bangladesh	2	73185
philippine	2	73185
yunus	2	73185
rétine	2	73184
sismologique	2	69181
géodésique	2	69181
concrètement	2	68391,75457
ifcam	2	69180
épithéliale	2	73184
connecté	2	67554,71359
2d	2	67554,68391
antioxyder	2	73184
injecté	2	73184,73189
symptôme	2	73184,74173
protein	2	73184,75459
silicon	2	67554,74455
ramener	2	67554,69177
bloc	2	67554,71614
descendre	2	73183,73684
largeur	2	68391,70425
densification	2	69181,76210
sismicité	2	69181
ponctuel	2	69181,75070
imperfection	2	68391,70916
chamard	2	68391
fresnel	2	68391,70747
partiel	2	69180,73435
neuropsychopharmacology	2	73184
prince	2	73183
monaco	2	73183
escale	2	73183,73185
pain	2	73183,76213
confortable	2	67554,72394
observing	2	69181,71838
urbaniser	2	69181,70916
supagro	2	69182,72121
convoyeur	2	69182,70420
foliaire	2	69182,69817
pesée	2	69182,70919
calculer	2	69182,76509
circumnavigation	2	73183
nord-est	2	73183
nord-ouest	2	73183
planctonique	2	73183
décrypter	2	73183,74748
récolt	2	73183,73684
identifié	2	67555,67937
envers	2	67555,75794
modalité	2	69182,75790
génotype	2	69182,70420
morphologie	2	68390
congélation	2	68390
nette	2	68390,70744
radicalemer	2	68390,75457
antigel	2	68390
éclairer	2	73182,74457
schist	2	73182,76514
soigner	2	73182,73878
réindustrialisation	2	73182
modernisation	2	73182
tentant	2	73182,73183
détour	2	72939,74455
maternel	2	67555,70422
éthique	2	72938,73435
bourdelai	2	72939
charenton	2	72939
combat	2	72939
azoture	2	69183
leurrer	2	69183,75065
fonctionnalisation	2	68390,76210
cnrsinser	2	68390,76210
génétiquement	2	69182,73684
biomédicament	2	72938
tomber	2	72938,73875
diffèrent	2	67555,70423
éduquer	2	67555,75063
menu	2	67555,76507
marocain	2	72936
généraliste	2	72936,74748
igpsc	2	72937
fédérateur	2	72937,74172
humeur	2	69184,73435
tension	2	69184,71357
vasculaire	2	69184,73189
dispersion	2	68389
cyaa	2	72935
antigène	2	72935
royal	2	72936,74450
danemark	2	67555,68389
danois	2	67555,67945
légum	2	67555
enfance	2	67555,70169
adopter	2	72935,76511
idinvest	2	72935,73686
jean-marc	2	67556,67937
montagne	2	67555,75792
attractif	2	67555,67795
muscade	2	67555
circuler	2	69184,69813
majoritairement	2	69184,70743
relarguer	2	69184,72634
exercer	2	68390,72636
rac	2	72934
véhiculer	2	72934,74455
colleau	2	67556
gev	2	72934
relâcher	2	72934,74168
barreau	2	72934
conduction	2	72934,75794
impressionnant	2	72934,73183
coherent	2	72934
tracter	2	72933
habitation	2	68389,70169
necker	2	69184,73875
drogue	2	69184,70425
précieux	2	69184,73185
pourrait-ell	2	69184,72116
décidément	2	69184,74749
ingénieurs-architecte	2	69185
ensaplv	2	69185
exigeant	2	69185,76513
sylvain	2	68390,71616
maguin	2	72933
voyageur	2	72933,74456
ajoute-t-ell	2	72932,73431
caractérisée	2	67556,70420
cognitive	2	67556,72401
propage	2	72932
rebondir	2	72932
résume-t-elle	2	72932,76509
possèdent	2	72932,73185
section	2	72932
omnt	2	69186,74174
inventaire	2	68389,69533
néel	2	69186,72397
éloigné	2	72932,73431
surgir	2	72932,74172
miracle	2	72932,74457
jun	2	67556
remplie	2	72932
ihe	2	72932
chapdaniel	2	72637
prenant	2	72637,72932
trentenaire	2	72932,76208
maman	2	72932
bibliographie	2	69186,76511
isoler	2	69186,70918
causer	2	68388,74173
aimara	2	68388
hoplias	2	68388
impossibilité	2	69185,75794
a380	2	72636,72933
demand-supply	2	72637
transitoire	2	67556,70746
plasticité	2	67556,68887
incapable	2	67556,72630
muter	2	67556,67937
entoure	2	72635,76206
exercent	2	72636
sandy	2	72636
agathe	2	72634
1995	2	69533,75457
noter	2	69533,72400
démographique	2	69533,76213
pener	2	72634
financeur	2	72634,74746
biométrie	2	72633,73879
facial	2	72633,73879
refrigeration	2	67557,72393
cold	2	67557,72393
aldebaran	2	72633
marius	2	72633
lavet	2	72633
télécom	2	72633,73430
nao	2	72633
humanoïde	2	72633,75063
endémique	2	72632,75458
rcp	2	69533
prennent	2	69533,75794
intoxication	2	68388
wayna	2	68388
chair	2	68388,69814
médian	2	72632,75065
androconie	2	72632
aisément	2	72631,76507
curiosité	2	72631,74752
palmivor	2	72632
paysandisia	2	72632
archon	2	72632
répandre	2	72632,73436
papille	2	72631
sensofat	2	72631
senseur	2	72631
tromper	2	72631,75065
sucrer	2	72631
salé	2	72631
amer	2	72631
umami	2	72631
noton	2	69533,73436
intensification	2	69533,70917
noté	2	68387,73184
fluidité	2	68387,72116
envisageon	2	68387,68881
inflammation	2	68388
argil	2	72630
réellement	2	72631,75064
suggérer	2	72631,72935
spontanée	2	72631,73432
absorption	2	72631,73436
revêtement	2	67557,74744
cultural	2	72630,73877
formulation	2	69534,72938
hésitent	2	69534,71612
transposable	2	69534,73684
tarder	2	72630,72932
toulousaine	2	72630,73434
inlassablement	2	72630,74168
vertu	2	67558,72113
mélanger	2	67558,68644
disperse	2	67558,72932
visage	2	72630
lambert	2	72630
napoléon	2	72630,73431
aléer	2	72630,75458
emballer	2	69534,76514
grande-bretagne	2	69534,69542
puission	2	72629,73683
beaux-arts	2	72630
capa	2	72630
grapp	2	72630
insoluble	2	67558,68280
tensioactif	2	67558
perceptible	2	72629,72631
coréen	2	72629,73878
réjouit	2	72629,74172
attendon	2	72629,75065
réversible	2	67558,68280
réinjecter	2	67558,68884
franchit	2	72629,72634
renaissance	2	72629,72939
liby	2	72629,72937
démarr	2	72629,75064
guide	2	72401,74752
sauter	2	72629,73685
anglo-saxon	2	72629
indirect	2	72401,74748
pride	2	67561,68393
solidaire	2	67561,68393
impos	2	67561,74167
ifts	2	72399
personnalité	2	72400,75796
editeur	2	67794,76507
kw	2	72397,75789
mw	2	72397,74168
ressentir	2	72398,72401
doux	2	72397
semi-perméable	2	72397
turbin	2	72397,74745
voilà	2	72397,73875
nourriture	2	67794,75458
attractiviter	2	69535,69812
datar	2	69535,72113
mondialisation	2	69535,70422
touristique	2	69535,70165
post-opéré	2	68387
prolifération	2	68387,75460
incapacité	2	67794,67941
co-organiser	2	72396,75795
kbcc	2	72396
connaisson	2	72396,76213
sénat	2	72396,72636
accroît	2	72396
toxicologie	2	68387,72631
renouvellement	2	69535,70420
informationnel	2	69535,72637
sein	2	69535,70744
grandissant	2	68387,75792
montbard	2	68387
rifler	2	68387
urgentiste	2	68387
engouement	2	68387,68638
prôner	2	72396,73434
jusqu	2	72396,73434
conquêt	2	72396,76209
semer	2	72396,72632
interrogent	2	67794,71837
prospect	2	72395
embauche	2	72394,73685
dépistage	2	69536,74455
peyn	2	69537
pam	2	72394,72634
dijonuniversité	2	72394,72634
rhônalpine	2	72395,72400
réfléchissant	2	72395,74167
rétrospective	2	67794,69533
écrir	2	67794,70744
frapper	2	67794,75065
cargill	2	72394
réintégrer	2	72394
amphi	2	72394,74752
gpan	2	72393
frigorifique	2	72393
chargé	2	72393,73688
accent	2	67794,70753
douze	2	69537,71616
paul	2	68386,71612
pessimiste	2	67794,69533
areva	2	72392,75464
asteralis	2	72392
74	2	72392,74449
béhar	2	72392
projeter	2	67794,70421
échelonner	2	67794,74176
gazéification	2	72121
pré-industriel	2	72121,73432
agroparis	2	72121,74172
veux	2	67795,72394
nouveauter	2	72120,73183
recherche-industrie	2	72121
3bcar	2	72121
nanobiotechnologie	2	72121
journalier	2	69537
water	2	69537,73434
deficit	2	69537,73184
index	2	69537
turbulent	2	69537,73434
réserv	2	68385,76511
nano-moteur	2	72119
stator	2	72119
plateau	2	67795,68638
levant	2	72117,72396
ultra-pure	2	72118
biopharmaceutiqu	2	72118,72935
pureter	2	72118
formon	2	67795,71358
sari	2	67796
associent	2	69538
infectiologie	2	68384
cgn	2	72116,72396
vaisseal	2	72117,73189
fabre	2	72117
pédiatrique	2	72117
jean-louis	2	72116
junien	2	72116
pre	2	72116,72938
ophtalmologie	2	72116,73435
schneider	2	67796,73185
raftomiqu	2	72116
conditionner	2	72116,72392
modulation	2	72116
contraction	2	72115,73882
rcpg	2	72115
fumée	2	67796,70421
recueillie	2	67797,68883
accumuler	2	68385,72392
effluent	2	69538,72392
légumineuse	2	69538,70420
instauration	2	69538,70745
susceptible	2	69538,70425
vertueux	2	69538,71359
attacher	2	69539,75063
a320	2	67797
générateur	2	67797,75066
dlr	2	67797
araigner	2	72115,73878
pharmacologique	2	72115
pharmacologu	2	72115,72116
pharmacologie	2	72115
contrast	2	72115
cancéreux	2	69539,72935
convertir	2	69539,69814
pallier	2	69539,76208
amsterdam	2	69539
oxford	2	69539
améliorée	2	69539
dinasolar	2	72114
préliminaire	2	67798,75065
selenid	2	72114
bourlinguer	2	72114,73430
miser	2	72114,73685
limoge	2	72114
mobilier	2	72114,73876
esc	2	67798,75793
copper	2	72114
raisonner	2	72113,76213
espèrent	2	69539,69819
écriture	2	69540,71835
remarquer	2	69540
oseo	2	68383,70914
faiblesse	2	68383,73182
administratif	2	68383,74167
sociologue	2	72113,76509
tient-il	2	72113,73185
judicieux	2	72113,74746
bouffée	2	72113,72934
bousculer	2	72113,74169
utilité	2	72113,75793
marqué	2	72113
guérir	2	67798
confiance	2	67798,76207
immobiliser	2	69540,76510
eux-même	2	69540,76508
insensible	2	69540,71836
mturquoise2	2	69539
lidocaine	2	71843
teindre	2	71843,72630
éco-extraction	2	71845
corrélation	2	67798,75788
plos	2	71843,73688
one	2	71843,73688
symboliquement	2	67798,74175
farine	2	71842
prolongement	2	71842,73432
puzzle	2	71842
pré-cliniqu	2	67798,72938
biocitech	2	67799,71360
couramment	2	67800,69540
concession	2	68383,73687
impôt	2	68383,74749
obliger	2	69540,71621
filmer	2	69540,70420
relève	2	69541,75793
inscrit	2	69541,72936
animateur	2	68383,68885
fuite	2	71840,74167
asie-pacifiqu	2	71840
trafic	2	71840,72939
oculomoteur	2	71841
myologie	2	67799,71360
implant	2	71840,75067
subvention	2	67799,70426
ravir	2	67799,71612
stanisler	2	67799,71360
veillet	2	67799,71360
noaa	2	71838
saluer	2	69541,76207
professionnalisme	2	69541,70166
allier	2	69541,70164
guy	2	68383
delcroi	2	68383
passif	2	71838,74167
inhiber	2	67800,73432
racine	2	71837,73684
58	2	71837,72392
biology	2	71837,73183
bouleverser	2	71837,76213
rmn	2	71837
symbiotique	2	71837
arabidopsi	2	67800
thaliana	2	67800
mgd1	2	67800
constituant	2	67800,72116
classement	2	68383
ferrary	2	68383
14ème	2	69542
rihb	2	69542
patrie	2	69542
brousse	2	69542,75458
biennal	2	69542,74176
25000	2	69542,72114
admirer	2	69542,71835
célébrer	2	69542,72113
leurre	2	71836,73876
insister	2	71836
horaire	2	71836,72932
théâtre	2	71836,73875
optimisée	2	67800,73434
canadien	2	69542,70163
coqu	2	69542,73430
éloigner	2	68383,70424
pratiquemer	2	71836,74172
colonel	2	71836
marchai	2	71836
confort	2	71836,75066
fuser	2	71836,73434
cercle	2	71836,73183
bénin	2	67801,72117
segalen	2	67801,75067
désaffection	2	71835,75457
pareil	2	71835,73683
écoute	2	71835,74455
âm	2	71835,72114
écouter	2	71835,73881
éditeur	2	68383,75796
1970	2	68383,76507
hommage	2	69542,73430
anecdote	2	71835,73683
crois	2	71835,72113
nash	2	71835,72932
rassurer	2	67801,75458
292	2	67801,73875
traumatiser	2	67801,73431
coûteuse	2	67801,75460
succéder	2	71835,72932
tellement	2	71835,73185
pancréas	2	67802
libération	2	67802,69534
respectivement	2	67802,69533
sous-traitance	2	69543,72114
soulignons-l	2	69543,70169
rhône-alpes	2	69543,72395
bouclé	2	69811,75793
calotte	2	69811
glaciaire	2	69811
recueillir	2	69811,74449
gigaoctet	2	69811,70424
trou	2	69811,72397
symposium	2	69811
antille	2	69542,71362
anse	2	71621
disparu	2	71621,73431
disparition	2	71621,76213
austral	2	69811,73875
10èm	2	68383,74746
subsistance	2	71621
moelle	2	67802,70744
fragment	2	67802,73184
délibérément	2	71621,74457
boucle	2	71619,72116
cnam	2	71620,72115
respectueuse	2	71617,71842
descente	2	71617,76212
freinage	2	71617,72933
intensifier	2	71618,73877
arp	2	71618
applicable	2	71618,76207
parasite	2	71618
by	2	71617
executiv	2	71617,72637
smarter	2	71617
skie	2	71617
voyager	2	71617,74169
pent	2	71617
tirant	2	71617,76208
parti	2	71617,76211
security	2	69811,70162
sentinel	2	69811
balance	2	68383,69537
structurellement	2	68383,74169
définitif	2	68383,74454
constatent	2	68383,73685
fourmill	2	68283,71835
innobio	2	71616,72935
viveris	2	71616,74451
immortalisant	2	67802
transplanter	2	67802,67937
différenciation	2	67802,74451
puit	2	68283,71839
contradictoire	2	68283,69184
occider	2	68383,72117
restructurer	2	69812,76213
auparavant	2	68281,69539
assimiler	2	68281,69183
cardio-thoracique	2	71616
tm	2	71616
dentaire	2	71616
implantologie	2	71616
perçu	2	71615
prédécesseur	2	71615,73430
von	2	71615,72932
68	2	71616
forest	2	71616,71837
résorbables	2	71616
conservatoire	2	69812,72115
réactiver	2	68281,75792
immédiate	2	68281,69540
protège	2	68283,68882
doubler	2	71614,75463
regret	2	71614,71835
acare	2	71615
no	2	71615
vendu	2	71614,74171
artisanal	2	71614,72114
formé	2	67802,69814
générée	2	67802,72116
ligner	2	67802
secret	2	67802,75459
motion	2	71614,75791
ultime	2	69813,75070
estimant	2	69813,73684
moustique	2	69813
vitreux	2	68280
inc	2	71614
integrated	2	71614,71838
céder	2	71614,72633
transaction	2	71614,72633
investigation	2	67802,72939
innovateur	2	71614,76208
brigit	2	71614
rachis	2	71614
arc	2	71612,72400
rédaction	2	71612,74449
passionnant	2	71612,74168
adapté	2	69813,75069
campagner	2	69813,75064
fièvre	2	69813
dégradent	2	71612,75069
requérir	2	71612,72399
dit-elle	2	71612,72396
souffler	2	67937,68881
bourse	2	71612
france-unesco-académie	2	71612
pharmacotechnie	2	71612
originaire	2	71612,75788
métallique	2	71612,76210
bach	2	67937
secrétaire	2	67937,74453
sur-	2	71366
bouffe	2	71366
indigo	2	71366,72630
uag	2	71362
laa	2	69814,72635
device	2	69814
façonnabl	2	68280
légèreté	2	68280,70165
ludwik	2	68280,74750
leibler	2	68280,74750
molle	2	68280,74750
repartir	2	71362,72398
personnage	2	67937,67938
heureux	2	67937,72932
austère	2	67937,72932
aix-la-chapell	2	71361
rwth	2	71361
equateur	2	71362,73684
pas-de-calais	2	71361
inter	2	69814,70420
enser	2	71361
post-doctorant	2	71361,72394
111	2	71361,75066
qualitatif	2	71361,73685
seine-saint-denis	2	71360,76508
iri	2	71360,72633
120	2	71360,73430
bombe	2	67937
succession	2	67937,68882
migrateur	2	67937,70917
endocrinologie	2	67937,72631
abandonner	2	67937,74450
tic	2	71359,73182
shna	2	69815
metahit	2	69815,73432
percer	2	69815,72397
finalisation	2	69815,73689
uv	2	71360,76511
capital-risqu	2	71360,73691
1996	2	67937,68274
croisé	2	71359,74167
motiver	2	71359,72932
enrichir	2	71359,72398
adoptent	2	71359,72633
alarme	2	67937,68388
virage	2	71359,71837
piquer	2	67937,69813
barre	2	71358,71840
pspc	2	71359,75789
ecology	2	69816,71837
battant	2	68279,68883
yonn	2	68279
argileux	2	68279
argilo-calcaire	2	68279
onerer	2	71358,72934
adjuvant	2	67937
laissent	2	67937,72631
levallois-perret	2	71358
salon-de-provence	2	71358
260	2	71358,71366
guider	2	71358,71616
bannière	2	71358,74746
élection	2	67937,73182
incongru	2	67938
singe	2	67938,73684
poitiers	2	71358,76509
prévoient	2	69816,71838
prévue	2	69816,73183
ouvrent	2	69816,72632
préservation	2	68279,76514
affectif	2	71357,75063
privilégie	2	71357,73875
physionomie	2	71357
contrastée	2	71357,73189
soulever	2	71357,71363
ifc	2	71357
déduir	2	71357,73683
alimentée	2	71357,75792
volontairement	2	71357,72119
équitation	2	71357
ambiance	2	71357,74449
foncier	2	71357,74457
élève-ingénieur	2	70923
incertain	2	69816,75458
économe	2	69816,73188
regroupée	2	68279,69817
guidage	2	68279
fourniture	2	68279,68885
naturaliste	2	67938
couler	2	67938,72113
darwin	2	67938
karine	2	70921
échapper	2	67938,70749
alice	2	67938
merveille	2	67938,69177
poutre	2	70919
emplacement	2	70919,74746
approfondir	2	70920,72396
tsinghua	2	70920
achevé	2	70920,73683
orient	2	70920,73875
discuter	2	70921,71363
effectueron	2	69817,70420
abstres	2	69817,70420
arimnet	2	69817,70420
pler	2	69817,70420
phenotyping	2	69817,70420
eppn	2	69817,70420
parcell	2	68279,73877
gy	2	68279
étrange	2	67938,68638
couron	2	67938
jean-baptiste	2	67938,71836
rhônes-alpes	2	69818,73435
chauffage	2	69818,74168
recours	2	69818,76513
grenelle	2	69818,73877
semis	2	68279
interrégionale	2	68279
endoscopique	2	70918
post-opératoire	2	70918,71612
repeuplement	2	70917
spécimen	2	70917
captivité	2	70917
larve	2	70917,73183
interroge-t-il	2	67938,73185
dordogne	2	70917
fréquenter	2	70917,71617
1982	2	70917,72633
représente-t-il	2	70917,76206
cnrsinstitut	2	69819,70425
american	2	69819,70422
carbonate	2	69819,76210
sodium	2	69819,71843
grain	2	69819,73878
esquisse	2	68279,75458
virey	2	68279
distinguer	2	70916,72120
arpéger	2	70916
prévisionniste	2	70916
localisation	2	70916,72631
megha-tropique	2	67939
isro	2	67939
128	2	70916,75066
saphir	2	67939
scarab	2	67939
madras	2	67939
radio-occultation	2	67939
menant	2	69819,72115
arcachon	2	69820,72937
cachan	2	69820,73883
tunisie	2	69820,72629
sahara	2	69821,75458
navire	2	70916
lâcher	2	70916,70917
affecté	2	70916,75790
datant	2	70916,73683
décliner	2	70916,72630
lion	2	70916,73688
sondeur	2	67939
réorganiser	2	67939,68280
mistral	2	70916
violent	2	70916,72940
frappé	2	70916,73880
soulagement	2	67939
recommander	2	67939,68383
rhodia	2	68278
en	2	68278,69186
china	2	68278,68888
products	2	68278,75069
shanghai	2	68278,76508
intrant	2	68279,73877
arrêt	2	70915,72392
pourtour	2	70916
renaut	2	67939
radiomètre	2	67939
jeter	2	70915,71366
ine	2	70915,72114
crier	2	70915,73430
clair	2	67939,74457
recrutemer	2	70161,73430
démence	2	68277,73184
sommeil	2	68277,69184
vitro	2	68277,74455
pépinièr	2	68277,75066
hôtel	2	68277,75063
priori	2	69821,72940
0	2	67939,69540
apparent	2	70915,76509
équateur	2	67939,73684
tropicale	2	67939
bouleversement	2	67939,73876
instar	2	70914,71617
prospection	2	70914,72629
multimedia	2	70914,73876
affronter	2	70914
disponibilité	2	70914,72394
condenser	2	67939,73188
nuageux	2	67939,75789
nominal	2	67939,69179
confrontée	2	70161,74167
percevez-vous	2	70161
reste-t-il	2	70161,73183
mariani	2	68277,68888
val-de-marn	2	68277,68885
humble	2	69821,70161
positionnement	2	70753,75789
prac	2	70914
tgcc	2	70914
lmd	2	67939
réchauffer	2	67939,69540
spécialiter	2	68276,75065
boursier	2	68276,70161
allongement	2	68277,74746
apprécie	2	68276
isolation	2	70751,70921
guidée	2	70751,75071
mercredi	2	70752
caoutchouc	2	70752,75464
fourni	2	67939,69811
rocer	2	67939
orageux	2	67939,67942
cliniquement	2	67940
isen	2	67940
up-tex	2	70751,70921
moisson	2	70749,73434
massachusetts	2	70161,73876
traditionnellement	2	70161,72630
rude	2	70161,72114
spécifiquement	2	70749,72631
cic-it	2	67940
r	2	67940
évolutif	2	67940,72631
compacte	2	70747,75067
optoélectronique	2	70748
professionnalisation	2	70748,75457
ascension	2	70748,71617
insertion	2	67940,76513
catholique	2	67940
testée	2	67940,68646
télévision	2	70747,72401
kent	2	67940
marc	2	67940,70923
exclusivité	2	67941,74451
cea-dam	2	70162
masa	2	70162
systematic	2	70162,70421
xix	2	68276,70161
xxèm	2	68276,72932
joyeux	2	68276,74449
perforation	2	70746,70918
nano-antenne	2	70747
biopolymère	2	70746,71616
conférer	2	70746,71612
reconstituer	2	70745,73431
altéré	2	70745,74449
port	2	67941,72634
élit	2	67941
supportant	2	67941
universel	2	70162,73182
commettre	2	70162,73185
dénommer	2	68276,68279
1780	2	68276,70161
aube	2	68276,74745
kmh	2	67941,72933
ouvrier	2	67941,72933
écologiste	2	70745
pharmacien	2	70745,72113
continuum	2	70745,72631
mouvoir	2	70744,75064
accrocher	2	70744,72119
fatiguer	2	70744,73684
sclérose	2	70744,74171
lisse	2	70744
saisie	2	70162,76507
secours	2	70162,75789
inconvénient	2	70162,70916
approprier	2	68275,72401
homogène	2	68275,75067
illusion	2	70744
reverse-phi	2	70744
btp	2	67941,68383
nouvelle-zéland	2	67942,72393
sismologie	2	67942,69811
ecrire	2	70744
affichent	2	70744
microsatellite	2	67942,69179
circulaire	2	67942,73435
manufacturée	2	70429
méditer	2	70429,72401
houle	2	70743
equipex	2	68275,72121
indique-t-on	2	70162,70164
spatio-temporel	2	70162,73186
panache	2	70162
bâti	2	70162,75459
demeure	2	68275,69819
em2c	2	70426
géométrie	2	70426,75794
tremblement	2	67942,74173
émetteur	2	67942,70747
capturer	2	70425,74751
inaccessible	2	70425,74168
entourer	2	67942,76211
consacrée	2	67942,69534
ganil	2	67943
tnt	2	70425
familiariser	2	70162,70921
webb	2	70163
edimbourg	2	70163,73880
ecosse	2	70163,73880
sous-ensembl	2	70163
mirim	2	70163
ppq	2	70425
volatil	2	70425
ppb	2	70425,71612
atomique	2	67943,72629
murier	2	70425
franco-allemand	2	70425,73430
visée	2	70424,71612
creux	2	67944,73183
vassivièr	2	67944
barrage	2	67944,70165
syndicat	2	67944,74746
lame	2	68274,70420
créteil	2	67945,76509
ralentissement	2	70424,72629
73	2	70424,74170
cisaillemer	2	70424,73683
copolymère	2	70423
grandement	2	70423,70923
biodégradable	2	70423,75464
cartographique	2	67944,69537
topographie	2	67944,73880
fontainebleau	2	67945
hésité	2	70422,74745
indique-t-ell	2	70422,73434
upec	2	67945
joindre	2	67945,74457
discovery	2	67945,71614
précédente	2	67945,70161
ultra-mince	2	70423
21ème	2	70163,75795
nôtre	2	70163,73685
lacter	2	70163,70749
formée	2	70163,73684
traquer	2	70163,70421
resté	2	68274,73431
étonnement	2	68274,74752
négocier	2	68274,73683
opportun	2	70422,74456
langue	2	70422,72113
san	2	70422
francisco	2	70422
peur	2	70422,74167
dialogue	2	70164,73432
mobilisation	2	70164,71359
bris	2	68274
acheter	2	68274,69534
srl	2	67945,69534
brûle	2	70421,73877
hormis	2	70421,72635
imagination	2	70421,70921
ensam	2	70422,75791
soit-ell	2	70422
valence	2	67945,68393
paroi	2	70421,76213
polygone	2	70421
habitué	2	70421,71614
orientent	2	70421,75457
étroite	2	70165,75064
dgac	2	70165,74450
respectent	2	70165,75792
scrupuleusemer	2	70165,70915
pann	2	70165,76510
certifier	2	70165,72114
sauver	2	68274,73877
contacté	2	68274,71614
lamper	2	70421
frontal	2	70421
fixée	2	70421,70422
cosmétologie	2	67946
cosmetic	2	67946,72120
mt	2	68273
pourron	2	70420,74449
variétal	2	70420,73877
cealist	2	70421
attarder	2	68274,74167
parfum	2	70166,76516
enfermer	2	70166,75462
masquer	2	70166,75065
globalité	2	70166,73185
exclame-t-il	2	70166,73683
balayer	2	70420,72938
breton	2	67946
inventeur	2	68273,72933
aérienne	2	70420,71840
bourgogneagrosup	2	70420,72631
non-destructif	2	70420
révolutionnaire	2	68273,71614
frais	2	68273,75066
osé	2	70166,76206
pleine	2	70166,70422
guise	2	70166,72630
optimal	2	68273,71612
intempérie	2	68273,72630
ambassade	2	68274
fleur	2	68273,76516
parrain	2	70168,73190
extia	2	70168,73190
atee	2	70169,73690
approcher	2	70167,70425
chemistry	2	70167,73436
flexibilité	2	68273,68882
traçabilité	2	68273,74455
chimiquement	2	70167,76206
triarylamine	2	70167,73436
ipcm	2	70167,75070
avèrent	2	70167,74167
légère	2	70167,75789
33èmes	2	76516
parfumerie	2	76516
aromatisation	2	76516
rmt	2	76514
propack	2	76514
pécresse	2	67068,67071
valérie	2	67068,67071
succinct	1	76516
eustache	1	76515
honorer	1	67068
sita-suez	1	76513
toyota	1	76513
hermès	1	76513
03	1	68646
8000	1	68646
technolgy	1	68881
odorante	1	76516
négrette	1	76512
servadou	1	76512
néovins	1	76512
marque	1	76512
terreo	1	76512
astrolabe	1	76512
vinicole	1	76512
triplé	1	76512
moût	1	76512
sds-nice	1	76513
ouvrira	1	76513
co-fonder	1	76513
sélective	1	68273
démocratison	1	68273
photocopie	1	70167
xero	1	70167
giuseppone	1	70167
sadron	1	70167
supramoléculaire	1	70167
doudin	1	70167
microcircuit	1	70167
flash	1	70167
asperger	1	68273
myrtill	1	68273
étai	1	70166
neuropsychologie	1	76515
neuro-anatomi	1	76515
digne-les-bain	1	76516
anru2	1	70169
logement	1	70169
conformer	1	70169
ffi	1	70169
effinergie	1	70169
étanche	1	68273
apporton	1	68273
densiter	1	70167
2106	1	70167
ampère	1	70167
industriellemer	1	70167
nano-circuit	1	70167
ccip	1	70168
bioscience	1	70168
isb	1	70168
perméabilité	1	68273
gn	1	70166
bâtit	1	70166
nano-fibre	1	70167
saumure	1	68273
cardon	1	68273
dluo	1	68273
yaourt	1	68273
énumère	1	68273
abri	1	68273
poussiérer	1	68273
tulipe	1	68273
rose	1	68273
167	1	70169
rt2012	1	70169
rt	1	70169
tertiaire	1	70169
pathogènesmutualiste	1	70420
lafarge	1	70169
saint-gobain	1	70169
grdf	1	70169
veriter	1	70169
medias	1	70169
sicoval	1	70170
articule-t-elle	1	70170
appli	1	70170
law	1	70170
antem	1	70170
distinct	1	68273
hermétique	1	68273
beauvai	1	68273
isab	1	68273
clientèle	1	68273
colonie	1	70420
rapporteur	1	70420
situ	1	70420
cbb	1	67946
2è	1	67946
électromagnétism	1	70170
assortir	1	70170
pyréner	1	70170
modulable	1	70420
climatisée	1	70420
convoyée	1	70420
bienvenu	1	70420
inracnrsuniversité	1	70420
high-tech	1	70420
respecte	1	70420
phénotyper	1	70420
technolgiqu	1	70166
pâteux	1	70166
assimilation	1	70166
texturation	1	70166
externaliser	1	70166
agréable	1	70166
alerter	1	70166
unmanned	1	70165
intrer	1	70420
fluctuant	1	70420
stressant	1	70420
phénotypique	1	70420
phénotyp	1	70420
relance	1	70420
pétri	1	70420
plantule	1	70420
parfumerie-cosmétique	1	67946
démocratis	1	68273
verser	1	70420
nodositer	1	70420
inoviaflow	1	70420
stérile	1	70420
microbe	1	70420
génotypage	1	70420
cache	1	70420
semencier	1	70420
ambiant	1	70421
diasi	1	70421
reproduire	1	70421
abiotique	1	70420
maria	1	68274
andrews	1	68274
appliqu	1	70165
avalanch	1	70165
topographique	1	70165
périodique	1	70165
inspection	1	70165
joint-venture	1	68273
exclure	1	68273
fontenay-aux-rose	1	70421
accidenter	1	70421
lueur	1	70421
perturbe	1	70421
pdc	1	67945
poloner	1	67945
itti	1	67945
pmepmi	1	67945
sénartaise	1	67945
control	1	67945
sénartais	1	67945
to	1	67946
eh	1	70421
observateur	1	70421
ressent	1	70421
vibreur	1	70421
avertissement	1	70421
notoire	1	70421
recréer	1	70421
sisine	1	67945
négociation	1	67945
roma	1	67945
italia	1	67945
présente-t-ell	1	70421
aircraft	1	70165
responsabiliser	1	70164
mutuel	1	70164
pourvoyeur	1	70164
co-concepteur	1	70164
consultation	1	70164
life	1	68274
hammer	1	68274
distributing	1	68274
ua	1	70165
appleton	1	70163
mediazioni	1	67945
xiwrite	1	67945
slovaque	1	67945
tailleur	1	70421
bi-centenaire	1	70422
insticc	1	67945
presser	1	68274
aurai	1	68274
spectromètre	1	70163
madani	1	67945
uc	1	70422
berkeley	1	70422
baisser	1	70422
bouchemouer	1	70422
orientée	1	70422
enchaîner	1	70422
césure	1	70422
repartie	1	70422
douer	1	70422
glal	1	67945
stipule	1	68274
boulogne-sur-mer	1	70164
master2	1	67944
guidon	1	70422
shasta	1	70422
friend	1	70422
afam	1	70422
prime	1	70422
prospecter	1	70422
ijcci	1	67945
ic3k	1	67945
madèr	1	67945
kurosh	1	67945
moyennant	1	70163
marle	1	70163
analysant	1	70163
luminosité	1	70163
pressé	1	68274
surprend	1	70424
inexplicable	1	70424
gravitation	1	70424
sus	1	70424
dérangeante	1	70424
approuver	1	70424
spc	1	70424
redouane	1	70423
borsali	1	70423
cermav	1	70423
polystyrène-silicié	1	70423
auto-organiser	1	70423
cylindre	1	70423
permet-elle	1	70423
biocapteur	1	70423
hydrographique	1	67944
masque	1	70163
coronographique	1	70163
opto-mécaniqu	1	70163
rutherford	1	70163
rasoir	1	68274
poinçon	1	68274
acier	1	68274
rétractable	1	68274
gagne	1	68274
pro-actif	1	68274
éducatif	1	68274
sous-utiliser	1	68275
marne	1	67945
nano-glycofilm	1	70423
auto-organisées	1	70423
bang	1	70424
trinitrotoluène	1	70425
gravitationnel	1	70424
weak	1	70424
lensing	1	70424
distorsion	1	70424
baryonique	1	70424
baryonic	1	70424
acoustic	1	70424
bao	1	70424
amas	1	70424
dispensé	1	67944
multiculturel	1	67944
paris-est	1	67945
basse-résolution	1	70163
lesia	1	70163
cnrsobservatoire	1	70163
riken	1	67943
placera	1	67943
supraconducteur	1	67943
accréditer	1	67944
renseigner	1	70424
foyer	1	70424
576	1	70424
hubbl	1	70424
mesurera	1	70424
imagée	1	70424
mellier	1	70424
curiecnrssoutenus	1	70424
focal	1	70424
actualité-innovation	1	70425
peut-il	1	70425
inspiré	1	70425
ign	1	68275
immersif	1	70162
planifier	1	70162
csa	1	70163
irfu	1	70163
multi-spectral	1	70163
coronographe	1	70163
régionaliser	1	68275
quadrillion	1	70425
1015	1	70425
billion	1	70425
109	1	70425
insuffiser	1	70425
exotique	1	67943
gsi	1	67943
msu	1	67943
brûleur	1	70426
ionosphèr	1	67942
tohoku	1	67942
mori	1	70425
sensille	1	70425
micrométrique	1	70425
nanostructurer	1	70425
aligner	1	70425
verticalement	1	70425
nanostructure	1	70425
absorb	1	70425
chien	1	70425
entraîné	1	70425
taranis	1	67942
geoinformation	1	68275
developmer	1	68275
sortant	1	70162
soa	1	70162
oriented	1	70162
rue	1	70162
foule	1	70162
training	1	70162
porte-ceinture	1	68274
événementiel	1	70162
pentrite	1	70425
trace	1	70425
c02	1	70426
capté	1	70426
schuller	1	70426
macroscopique	1	70426
charbon	1	70426
dimensionnemer	1	70426
radionavigation	1	67942
simultaner	1	70426
publiquement	1	70428
psychosocial	1	70428
néfaste	1	70429
manuscrit	1	70429
eolienn	1	70743
lheeer	1	70743
littoral	1	70743
soufflerie	1	70743
150ème	1	70743
simulent	1	70743
semrev	1	70743
ceacnr	1	67943
emprunt	1	68275
entrant	1	70162
illusoire	1	70744
géophysicien	1	67942
tectonique	1	67942
detection	1	67942
ferrant	1	70743
figure	1	70744
emission	1	67942
transmitted	1	67942
from	1	67942
earthquake	1	67942
region	1	67942
myriade	1	67942
715	1	67942
éruption	1	67942
volcanique	1	67942
tsunamis	1	67942
renseignement-sitac	1	70162
matérialiser	1	70162
géo-localiser	1	70162
connectée	1	70162
manuel	1	70162
ordonnancemer	1	70162
multilicence	1	68275
gratuitement	1	68275
haute-résolution	1	68275
humanisme	1	68276
arrière-plan	1	70744
epinièr	1	70744
cnrsupmcinserm	1	70744
luminance	1	70744
hertz	1	70744
clignotant	1	70744
quasi-totalité	1	70745
inee	1	70745
géoscience	1	70745
electro-magnetic	1	67942
saccader	1	70744
oculomètre	1	70744
surfer	1	70744
automatisme	1	70744
latéral	1	70744
amyotrophique	1	70744
artiste	1	70744
commander	1	67941
détect	1	67941
inertiel	1	67941
superviser	1	67941
judiciaire	1	70162
sapeur	1	70162
zonal	1	70162
gendarmerie	1	70162
sapeur-pompier	1	70162
radiologique	1	70162
conteneur	1	70162
tetis	1	68275
observation-main	1	70162
fassion	1	70161
manutention	1	67941
géologue	1	70745
inter-disciplinarité	1	70745
vaine	1	70745
agrosystème	1	70745
agréger	1	70745
néolithique	1	70745
autoproduit	1	70746
visco-élastique	1	70746
géosystème	1	70745
tourbier	1	70745
sédiment	1	70745
millénaire	1	70745
viking	1	70745
groenland	1	70745
erik	1	70745
contaminant	1	70745
rb3d	1	67941
auxerre	1	67941
sauveteur	1	67941
exosquelette	1	67941
fraternité	1	68276
préfet	1	70162
listeria	1	70746
monocytogene	1	70746
cutané	1	70746
nasal	1	70746
dorsal	1	67941
multi-exposition	1	70745
pâturage	1	70745
aoc	1	70745
souhaite-t-il	1	70745
comté	1	70745
sillage	1	70745
flageller	1	70746
torpiller	1	70746
bain	1	70746
cohésion	1	70746
tridimensionnel	1	70746
géo	1	70162
212	1	70162
géoconcept	1	70162
texte	1	68276
vercherand	1	68276
ann	1	68276
tequi	1	68276
inclus	1	70746
interférer	1	70746
sous-population	1	70746
sillonner	1	70746
pore	1	70746
staphylococcus	1	70746
aureu	1	70746
enterococcu	1	70746
faecali	1	70746
bio-inspirées	1	70747
osciller	1	70747
nanomètr	1	70747
essex	1	67940
ekhuft	1	67940
sautelet	1	67940
villeneuve	1	67940
ascq	1	67940
calver	1	67940
berck	1	67940
millipol	1	67941
intérieure	1	67941
dispersée	1	70746
arrêton	1	70161
calibrer	1	70161
tuer	1	70161
tient-ell	1	70749
parentalité	1	70749
roulant	1	67940
adaptable	1	67940
handicaper	1	67940
ergothérapeute	1	67940
jaxa	1	67939
luminescente	1	70747
cryptographie	1	70747
ingénieurs-chercheurs	1	70748
sudcnr	1	70748
schwartz	1	70749
sandrer	1	70749
segard	1	67940
avancement	1	67940
wagner	1	70749
cdio	1	70161
devons-nous	1	70161
lègu	1	70161
retentissant	1	70161
rassurant	1	70161
inquiéter	1	70161
galerie	1	68276
portrait	1	68276
habilité	1	68276
fourmiller	1	68276
joliment	1	68276
publiques-hôpitau	1	68277
comprenon	1	70749
certainement	1	70749
parvenon	1	70749
pnrer	1	70749
répartissent	1	67939
hydrométéorologie	1	67939
franco-anglais	1	67940
sysias	1	67940
interreg	1	67940
iva	1	67940
manche	1	67940
ifm	1	70751
postulat	1	70751
vernissage	1	70751
eumetsat	1	67939
cyclone	1	67939
cyclonique	1	67939
mégha-tropiqu	1	67939
measuremer	1	67939
compton	1	70161
mastère	1	68276
mba	1	68276
pourcentage	1	68276
perpétuer	1	70161
déshérence	1	70161
2014-2015	1	70161
revisité	1	70161
recruton	1	70161
pouvait-il	1	68276
reconfigurer	1	70161
cetilab	1	70751
workshops	1	70752
networking	1	70752
plasturgist	1	70752
34	1	70753
privé	1	70753
praticien	1	68277
upmccnr	1	68277
technicité	1	68277
concurrentiel	1	70753
démocratisation	1	70914
bruyères-le-châtel	1	70914
7600	1	70914
fichier	1	70914
mp3	1	70914
adsl	1	70914
infra-rouge	1	67939
radiatif	1	67939
gps-ro	1	67939
gpm	1	67939
comportementale	1	68277
alternance	1	68276
ausculter	1	67939
imposé	1	70914
vaut	1	70914
hpc-pme	1	70914
httpwwwmaisondelasimulationfr	1	70914
httpwwwteracteceu	1	70914
conservion	1	70914
poursuivion	1	70914
conique	1	67939
sentez-vous	1	70161
revendiquer	1	70161
abstraite	1	70161
croyez-moi	1	70161
fondamentalement	1	70161
attaché	1	70161
neurobiologiste	1	68277
bene	1	69821
cd-rom	1	69821
prestigieuse	1	70161
revisition	1	70161
ex	1	68277
immobilier	1	68277
bigot	1	70914
escient	1	70914
voulon	1	70914
caffarel	1	70914
pétaflopique	1	70914
exaflopique	1	70914
description	1	70914
molécule-clef	1	70914
précaution	1	70915
incliné	1	67939
contour	1	67939
hiérarchiser	1	70915
irions-nous	1	70915
serion	1	70915
survenu	1	70915
daïchi	1	70915
dévasté	1	70915
conformément	1	70915
calendrier	1	70915
asn	1	70915
dosimétrie	1	70915
victoire	1	70915
dériv	1	70915
suis-je	1	69821
aval	1	69821
nota	1	69821
ecnu	1	68278
eco-efficient	1	68278
processe	1	68278
épuisement	1	68278
postface	1	69821
httpwwwbulletins-electroniquescomactualites64561htm	1	70915
horowitz	1	70915
rjh	1	70915
plutonium	1	70915
atpu	1	70915
masurca	1	70915
phénix	1	70915
osiris	1	70915
mégha	1	67939
hindi	1	67939
météo-climat	1	67939
renfort	1	70916
récurrent	1	70916
inondation	1	70916
meurtrière	1	70916
vaison-la-romaine	1	70916
vauclus	1	70916
gard	1	70916
ouf	1	67939
appréhension	1	67939
rebaptiser	1	67939
247	1	70915
monumental	1	69821
bouscule	1	69821
brillant	1	69821
gérontechnologie	1	68277
east	1	68278
dropsondes	1	70916
dérivant	1	70916
radiosondages	1	70916
précipitant	1	70916
falcon	1	70916
var	1	70916
recrudescence	1	70916
rivage	1	70916
touriste	1	70916
drobinski	1	70916
simon	1	70916
laplac	1	70916
polytechniqueensupmc	1	70916
atmosphère-terre-surface	1	70916
sud-occidental	1	70916
adriatique	1	70916
permettront-elle	1	69820
conférencier	1	69820
algérie	1	69820
amortisseur	1	69820
dommage	1	69820
fortiori	1	69821
eurocentriste	1	69821
86	1	68279
atmosphère-mer	1	70916
théty	1	70916
marchand	1	70916
gliders	1	70916
cnrm-game	1	70916
météo-francecnr	1	70916
bouée	1	70916
flotteur	1	70916
relâché	1	70917
atr-42	1	70916
safir	1	70916
cnrscnesmétéo	1	70916
dornier	1	70916
karlsruher	1	70916
für	1	70916
865	1	67939
inclinaison	1	67939
intertropical	1	67939
nul	1	67939
kit	1	70916
tramontane	1	70916
culturale	1	68279
gourmand	1	69819
vibratoire	1	69820
duvernoi	1	68279
planétologie	1	69819
grenoble-université	1	69819
parietal	1	69819
ceramic	1	69819
tomographie	1	69819
id15a	1	69819
éco-efficient	1	68278
grêle	1	70916
neige	1	70916
aladin	1	70916
horizon2015	1	70916
maill	1	70916
franco-indien	1	67939
pslv	1	67939
sriharikota	1	67939
mouiller	1	67938
serait-il	1	67938
acipenser	1	70917
sturio	1	70917
failli	1	70917
caviar	1	70917
aggravant	1	70917
frayère	1	70917
granulat	1	70917
subsistait	1	70917
gironde-garonne-dordogne	1	70917
castillon-la-bataille	1	70917
décisif	1	70917
sauvegarde	1	70917
lidar	1	70916
présélectionner	1	68279
marge	1	70918
imposant	1	70918
netsi	1	70918
bistouri	1	70918
fibreux	1	70918
sectionner	1	70918
cancéropôle	1	70918
seurin-sur-l	1	70917
isle	1	70917
700000	1	70917
relâchée	1	70917
essai-erreur	1	67938
arrive-t-elle	1	67938
couple	1	67938
variationsélection	1	67938
ose	1	67938
amendement	1	68279
tenerrdis	1	69818
13ème	1	69818
chaleursonde	1	69818
géothermal	1	69818
rafraîchissemer	1	69818
ttc	1	69818
egyptien	1	69819
ombre	1	69819
geodata	1	68279
subsist	1	70917
oesophage	1	70918
colo-rectum	1	70918
dsm	1	70918
enlever	1	70918
latéralement	1	70918
typologie	1	68279
harmoniser	1	68279
pin	1	69816
enki-heh	1	70918
ponchon	1	70918
conduit	1	70918
cochon	1	70918
multicentrique	1	70918
nano-composant	1	70919
nanoelectromechanical	1	70919
millionième	1	70919
effréner	1	67938
lamarckien	1	67938
lamarck	1	67938
zoologique	1	67938
suppléer	1	70917
carroll	1	67938
1809	1	67938
résonnant	1	70919
immunoglobuline	1	70919
waldenström	1	70919
lointaine	1	70919
collectivement	1	70919
nanotechnology	1	70919
adéquate	1	70920
usager	1	70920
clara	1	70918
antennes-relais	1	68279
orpheon	1	68279
réaliseron	1	69817
écophysiologist	1	69817
ciat	1	69818
nanomanipulation	1	70922
réparer	1	70922
chimiothérapies	1	70922
fouchecour	1	70923
facilité	1	70923
concrétis	1	70921
walloi	1	70921
mono	1	70921
bi	1	70921
extrusion	1	70921
filage	1	70921
nontisser	1	70921
spunbond	1	70921
entité	1	67938
sélectionn	1	67938
lewis	1	67938
fossilisation	1	67938
eyrolle	1	67938
évoluton	1	67938
1859	1	67938
gentil	1	67938
meltblown	1	70921
cogitation	1	70921
pause-café	1	70921
facilitateur	1	70921
walllois	1	70921
redoutable	1	70922
monod	1	70922
bristol	1	70922
rockefeller	1	70922
foisle	1	70922
tcr	1	70922
résilience	1	69816
atténuant	1	69816
sylvicultur	1	69816
geapsi	1	69817
recenser	1	68279
agro-environnemental	1	68279
formalisé	1	68279
precisio	1	68279
abbay	1	68279
eportfolio	1	70923
saider	1	70923
mraihi	1	70923
interactivité	1	70923
scolarité	1	70923
confiée	1	70923
equitation	1	71357
dressage	1	71357
saut	1	71357
interdire	1	71357
plausible	1	71357
récurrente	1	71357
méchant	1	67938
vivon	1	67938
darwinien	1	67938
avicole	1	71357
depe	1	71357
parieur	1	71357
élitiste	1	71357
persistante	1	71357
recentrage	1	71357
sylvestre	1	69816
compromettre	1	69816
tempérer	1	69816
hêtre	1	69816
chêne	1	69816
sessile	1	69816
dryade	1	69816
répétition	1	69816
mortalité	1	69816
dépen	1	69816
paramétrer	1	68279
variétau	1	68279
venture	1	69815
réinsertion	1	71357
encouragé	1	71357
pac	1	71357
public-privé	1	71357
prédomine	1	71357
obtiennent	1	71358
sous-officier	1	71358
accèdent	1	71358
encadrement	1	71357
recentre	1	71357
réorganisant	1	71357
supranational	1	71357
ensica	1	71358
ensma	1	71358
aérotechnique	1	71358
auto-immune	1	67937
insecticide	1	67937
sous-titre	1	67938
déranger	1	67938
localiter	1	71357
dépit	1	69816
iesf	1	71358
voulion	1	67937
neutraliser	1	67937
opposer	1	67937
coupée	1	67937
rétrospectivement	1	67937
vivifiant	1	71358
mayenn	1	71358
1925	1	71358
ribon	1	71358
recrute	1	71358
dispose-t-ell	1	71358
moveo	1	71358
astech	1	71358
elc2	1	71358
450	1	71358
natixis	1	69815
breveté	1	69815
stratification	1	69815
mici	1	69815
qdiv	1	69816
dominante	1	69816
inopler	1	68279
haut-saône	1	68279
evry	1	68279
nitry	1	68279
chimiquetout	1	68279
capabilitie	1	71358
fcc	1	71358
crea	1	71358
gifas	1	71358
sayette	1	71358
strasbourgeois	1	67937
agrimip	1	71359
imaginove	1	71359
systeme	1	71359
soixant	1	71359
super-cocotte	1	71359
autocuiseur	1	71359
1953	1	71359
cocotte-minute	1	71359
dorso-ventral	1	67937
agresseur	1	67937
anti-microbienn	1	67937
cell	1	67937
suivaient	1	67937
toll-like	1	67937
flying	1	71358
cook	1	71359
appropriable	1	71359
selongey	1	71359
exploser	1	71359
receptors	1	67937
tlr	1	67937
déclench	1	67937
cuisinière	1	71359
cuisiner	1	71359
combinatoire	1	71359
demi-siècle	1	71359
électroménager	1	71359
hard	1	71359
soft	1	71359
intègrer	1	71359
infecter	1	67937
maculaire	1	71360
age	1	71360
dmla	1	71360
co-détient	1	71360
souscrite	1	71360
serono	1	71360
cm-cic	1	71360
maculia	1	71360
additionnel	1	71360
lemaîtr	1	67937
reichhart	1	67937
tonalité	1	71359
englobe	1	71359
format	1	71359
mettron	1	71359
testeur	1	71359
mécaniquemixte-réduction	1	68279
ift	1	68279
broyage	1	68279
caillou	1	68279
fertilisation	1	68279
pk	1	68279
stéato-hépatite	1	69815
alcoolique	1	69815
flore	1	69815
wwwmetahiteu	1	69815
lunbeckfond	1	69815
époxy	1	68280
lafont	1	71360
romainvill	1	71360
quinolier	1	71360
bixilla	1	71360
noetontexrank	1	71361
noeton	1	71361
lodz	1	71361
gand	1	71361
adolescent	1	67937
luxembourgeois	1	67937
répertorier	1	67937
combattre	1	67937
essonn	1	71360
mairie	1	71360
cardiométabolim	1	71360
affiche	1	71360
joly	1	67937
1978	1	67937
criquet	1	67937
purifier	1	71360
carnot-fraunhofer	1	69814
picf	1	69814
épitaxie	1	69814
front-end	1	69814
erlangen	1	69814
diversiter	1	69815
argilo-limoneux	1	68279
aiserey	1	68279
solcipandésherbageamendement	1	68279
minérauxfertilisation	1	68279
organiquerotation	1	68279
désherbage	1	68279
surmonter	1	69814
84	1	71361
multi-fonctionnel	1	71361
05	1	71361
injustifier	1	67937
responsabilisation	1	71361
manchester	1	71361
dresde	1	71361
suédois	1	71361
boras	1	71361
transfère	1	71362
tianjin	1	71362
dhet	1	71362
sao	1	71362
paulo	1	71362
mexiqu	1	71362
prefalc	1	71362
reformater	1	71362
cemes-cnr	1	69814
mobisic	1	69814
leb	1	69814
pluriannuelle	1	68279
fertilité	1	68279
résine	1	68280
résin	1	68280
cassable	1	68280
guadeloupe	1	71362
cartier	1	71363
hydro	1	71363
ancienneter	1	71363
réunira-t-il	1	71363
pompag	1	71363
éléger	1	67937
élégance	1	67937
chaleureu	1	67937
convivial	1	67937
sabatierinp	1	71612
dent	1	71612
perpétuel	1	67937
immunologist	1	67937
réhabilitation	1	71363
hydrolienne	1	71363
plénier	1	71363
gaspiller	1	71366
lhoste	1	71366
pérenne	1	71366
régal	1	71366
attribution	1	67937
keyo	1	67937
fraunhofer	1	69814
iisb	1	69814
erlangen-nuremberg	1	69814
dégrade	1	71612
anti-bactérienne	1	71612
soutiendra	1	71612
gentleman	1	67937
décernée	1	67937
figurent	1	67937
1954	1	67937
gairdner	1	67937
shaw	1	67937
joël	1	67937
bertrand	1	67937
christèle	1	71612
combe	1	71612
cavité	1	71612
inter-universitair	1	71612
ingénérie	1	71612
arkema	1	68280
muriel	1	69813
lafaye	1	69813
environnement-climat-santé	1	69813
rift	1	69813
paludisme	1	69813
fasse	1	69813
vaccination	1	69813
larvaire	1	69813
comte	1	69813
carbure	1	69814
nitrure	1	69814
caviter	1	71612
dégrader	1	71612
remodèl	1	71612
ciment	1	71612
computer	1	71614
corde	1	71612
passionn	1	71612
bagage	1	71612
comprise	1	71612
flou	1	71612
conclut-elle	1	71612
béninois	1	71614
serie	1	71614
journalistes-météo	1	67803
landowner	1	67804
organization	1	67804
elo	1	67804
saf-agriculteur	1	67804
estime-t-ell	1	71612
concurrencer	1	68280
drir	1	71614
tarde	1	71614
genou	1	71614
zimmer	1	71614
réinvestir	1	71614
syngenter	1	67804
clinical	1	67802
endocells	1	67802
steve	1	71614
job	1	71614
mark	1	71614
zuckerberg	1	71614
cameron	1	71614
coventry	1	71614
velléité	1	71614
crânienne	1	71614
neuvill	1	69813
charmeil	1	69813
élargie	1	69813
cartographie	1	69813
aire	1	69813
presse-bouton	1	69813
conceptuel	1	69813
durcisseur	1	68280
inversemer	1	68280
scale	1	68281
surgical	1	71614
immi	1	71614
cardiaque	1	71614
mûrir	1	71614
concevon	1	71614
frileux	1	71614
iroqua	1	71615
poca	1	71615
advisory	1	71615
aeronautic	1	71615
montpelliérain	1	71614
autofinancer	1	71614
york	1	71614
vertébral	1	71614
opératoire	1	71614
mature	1	67802
retirer	1	67802
dissocier	1	67802
amplifiée	1	67802
url	1	67802
hémorragique	1	69813
vacccin	1	69813
leblanc	1	68281
référentiel	1	69812
pactole	1	69812
aede	1	69813
aegypti	1	69813
rythme	1	68281
registre	1	68281
relancer	1	68281
mini-quiz	1	68281
glycémie	1	67802
vis	1	71614
finalis	1	71614
carton	1	71614
diapason	1	71614
inca	1	71615
maia	1	71615
malléable	1	71616
praticité	1	71616
aérothermiqueoptimisation	1	71615
cerfac	1	71615
cenaero	1	71615
karman	1	71615
picot	1	71616
patricia	1	71616
gagnieu	1	71616
collagène	1	71616
saint-priest	1	71616
implantable	1	71616
httpredirectixbulletins-electroniquescomsilxw	1	67802
caroline	1	68281
amélioron	1	68281
constamment	1	68281
tgu	1	69812
post-doctorale	1	69812
aquifère	1	69812
maron	1	69812
appliquion	1	69812
transmise	1	68281
monitoring	1	69811
cova	1	71616
matri	1	71616
bone	1	71616
adhérence	1	71616
cicatrisation	1	71616
résorbable	1	71616
biocompatible	1	71616
extrémité	1	71616
spinal	1	71616
concitoyen	1	68383
salzbourg	1	69811
mérieux	1	71616
sham	1	71616
sofimac	1	71616
aquasourça	1	71616
améliane	1	71616
cdc	1	71616
promoteur	1	67802
immunodéficiente	1	67802
scid	1	67802
otc	1	71616
chirurgicale	1	71616
équation	1	68283
forestiers	1	68283
leadership	1	68383
asset	1	71616
régénérative	1	71616
vice	1	71617
presider	1	71617
pourrion	1	71617
eco-climb	1	71617
croisière	1	71617
efficiente	1	71617
maxillo-facial	1	71616
geoss	1	69811
earth	1	69811
sentinel1	1	69811
made	1	68383
ocde	1	68383
régresse	1	68383
déficitaire	1	68383
pwr	1	71619
genopole	1	71620
ifris	1	71620
ré-ingénierie	1	71620
intitulée	1	71620
ile	1	71621
avant-poste	1	71621
traîner	1	71617
nuisible	1	71618
cessant	1	71618
invasion	1	71618
exponentiel	1	71618
potentielle	1	71618
zoologie	1	71618
hôte	1	71618
nématode	1	71618
habitée	1	71621
mosaïque	1	71621
raphael	1	67802
scharfmann	1	67802
845	1	67802
ravassard	1	67802
épinière	1	67802
cnrsumpcinserm	1	67802
foetal	1	67802
nuclear	1	71619
pnb	1	71619
requalifier	1	71619
creusot	1	71619
responsabilité	1	71619
considération	1	71619
rechargemer	1	71619
autriche	1	69811
confirmant	1	69811
saisonnier	1	69811
méthane	1	69811
illégal	1	69811
légine	1	69811
marer	1	69811
prestige	1	69811
baltique	1	69811
iceberg	1	69811
vender	1	69811
déclenché	1	69811
antarctique	1	69811
gme	1	69811
causse	1	71621
élèvent	1	71621
225	1	69811
téraoctet	1	69811
volcan	1	69811
investisson	1	71621
concombre	1	71621
raffoler	1	71621
madagascar	1	71621
liège	1	71621
désaisonnaliser	1	71621
ponte	1	71621
évocation	1	71835
pythagore	1	71835
savant	1	71835
éternité	1	71835
collégien	1	71835
etre	1	71621
routine	1	67801
analyst	1	71835
écolier	1	71835
théorème	1	71835
figer	1	71835
road	1	71835
trip	1	71835
grasset	1	71835
alpher	1	67802
îlot	1	67802
langerhans	1	67802
glucagon	1	67802
repos	1	71835
regorger	1	71621
loyal	1	69811
onzième	1	69811
afpa	1	69542
enac	1	69542
pessimisme	1	68383
211	1	68383
armand	1	68383
colin	1	68383
142	1	68383
1960	1	68383
luxe	1	68383
hôtellerie	1	68383
hyderabad	1	71835
tranch	1	71835
entrecoupe	1	71835
rappel	1	71835
incompréhensible	1	71835
onéreu	1	67801
héros	1	71835
légend	1	71835
jour-là	1	71835
courage	1	71835
inclassable	1	71835
dénicher	1	71835
musique	1	71835
azimut	1	71835
affût	1	71835
foudre	1	71835
nuance	1	71835
symphonie	1	71835
kyoto	1	71835
mythique	1	69542
biscarosse-fort-de-france	1	69542
1940	1	69542
carbonecarbone	1	71836
écroul	1	71835
piano	1	71835
aimer	1	71835
incompressible	1	71835
conger	1	71835
porte-t-il	1	71835
compétent	1	71835
sous-discipline	1	71835
détrimer	1	71835
ribereau-gayon	1	67801
utilier	1	67801
astrocyte	1	67801
environnent	1	67801
sanguine	1	67801
doser	1	67801
actionneur	1	71836
gyroscopique	1	71836
excellente	1	71836
interarmer	1	71836
cie	1	71836
denrer	1	71835
alarme-t-il	1	71835
970	1	71836
694	1	71836
ré-échantillonnées	1	71836
urbaine	1	71836
minière	1	71836
maîtresse	1	71836
hémorragie	1	67801
constitue-t-il	1	67801
897université	1	67801
biscarossaise	1	69542
dhc	1	69542
beaver	1	69542
hydraviation	1	69542
catalina	1	69542
donnet-lévêqu	1	69542
denhaut	1	69542
65ème	1	69542
anniversaire	1	69542
631	1	69542
dilatation	1	71836
zérodur	1	71836
refocalisation	1	71836
dépointage	1	71836
encastrer	1	71836
inertie	1	71836
centenaire	1	69542
rack	1	69541
reconnaissable	1	71836
livrée	1	71836
char	1	71836
judicieuse	1	71836
discerner	1	71836
serrer	1	71836
germination	1	67800
biotechnologique	1	67800
herbicides	1	67800
guimet	1	71837
coefficient	1	71836
traduira	1	69542
pavillon	1	69542
200m2	1	69542
atmospheric	1	71838
foll	1	71837
prospecte	1	71837
pédologue	1	71837
post-doctoral	1	71837
1987	1	71837
arbresmicroorganisme	1	71837
plante-hôte	1	71837
colonisation	1	71837
24000	1	67800
galvestine-1	1	67800
interprète	1	71836
unrpa	1	69541
royaume	1	69542
hydro-hélicoptère	1	69542
hydro-ulm	1	69542
antimonure	1	71839
qwip	1	71839
quantum	1	71839
well	1	71839
infrared	1	71839
photodetector	1	71839
photosynthétique	1	67800
microsymbiont	1	71837
bonheur	1	71837
pilotant	1	71837
degrer	1	71837
cortège	1	71837
ceacnrsuvsq	1	71838
ico	1	71838
carbon	1	71838
oceanic	1	71838
cbs	1	69541
outdoor	1	69541
i-comèt	1	69541
euralis	1	69541
mériton	1	68383
pmipm	1	68383
timidité	1	68383
bouygue	1	68383
mètre-étalon	1	71838
mac	1	71838
head	1	71838
irlande	1	71838
aircore	1	71838
autodirecteurs	1	71839
missile	1	71839
insb	1	71839
cardiométabolisme	1	67799
biosip	1	67799
photodétecteur	1	71839
ingaa	1	71839
arséniure	1	71839
iii-v	1	71839
gie	1	71839
alcatel	1	71839
lucent	1	71839
maîtrisant	1	71839
refroidies	1	71839
genay	1	71840
insatisfait	1	67799
dynamisme	1	69541
dior	1	69541
exoè	1	69541
coudre	1	69540
viscosité	1	69540
court-moyen	1	69540
speed	1	69541
project	1	69541
diversifié	1	69541
plancher	1	69541
adhésif	1	69541
localité	1	71840
johor	1	71840
bahru	1	71840
135	1	71840
inpi	1	71840
société-soeur	1	71840
aerowing	1	71840
recommandé	1	71841
has	1	71841
ce2	1	71841
ophtalmologue	1	71841
psychiatre	1	71841
orthoptiste	1	71841
neuropsychologue	1	71841
orthophoniste	1	71841
binoculaire	1	71841
debré	1	71841
cofinancer	1	71841
faiblit	1	71842
rapatrier	1	71842
réhabiliter	1	71842
obèse	1	67799
handicapant	1	67799
passionnent	1	68383
mordu	1	71843
repousser	1	71843
relevon	1	67798
seron	1	67798
prévoît	1	71842
reconstruit	1	71842
hall	1	71842
jardiner	1	71842
amphithéâtr	1	71842
coop	1	71842
agri	1	71842
biotisa	1	71842
bulbe	1	71842
cognition	1	67798
toil	1	67798
remonton	1	67798
nerf	1	71843
sciatique	1	71843
agissaient	1	71843
eco-extraction	1	71845
mutualiser	1	71845
acv	1	71845
2013-2014	1	72113
imperturbable	1	67798
2-h	1	71843
chypriote	1	71843
spéciation	1	71843
legs	1	71843
glande	1	71843
mandibulaire	1	71843
paralyse	1	71843
arthropode	1	71843
déclinée	1	68383
proposition	1	68383
désordre	1	69540
expérimentalement	1	69540
augsburg	1	69540
pince	1	69540
indifféremment	1	69540
gustav	1	68383
eiffel	1	68383
louis	1	68383
blériot	1	68383
pierre-georges	1	68383
éjecter	1	71843
intrus	1	71843
anesthésiant	1	71843
larv	1	71843
métallurgique	1	72113
sidérurgique	1	72113
motorister	1	72113
succède	1	72113
assumer	1	72113
cada	1	72113
regrettable	1	72113
1901	1	72113
etablissement	1	72113
devise	1	72113
observe-t-on	1	67798
douleur	1	67798
ostéo-articulaire	1	67798
lombalgie	1	67798
courante	1	67798
parle-t-ell	1	67798
effacement	1	69540
dépenser	1	69540
1961	1	69540
binaire	1	69540
manifestement	1	68383
lourdeur	1	68383
déficient	1	68383
multiplicité	1	68383
sombrer	1	68383
urbaniste	1	72113
juriste	1	72113
lobby	1	72113
affirmon	1	72113
suivon	1	72113
vérifion	1	72113
domomédecine	1	72113
émanation	1	72114
disposion	1	72113
cuve	1	72113
fondeur	1	72113
academie	1	72113
euro-case	1	72113
independence	1	72113
secrétariat	1	72113
thin	1	72114
courbe	1	72114
autobus	1	72114
cig	1	72114
allégation	1	67798
ébauché	1	67798
complété	1	67798
égaler	1	69539
voltage	1	72114
navigateur	1	72114
réalision	1	67798
statine	1	67798
poursuivon	1	67798
roue	1	67797
cis	1	72114
cdt	1	72114
tellur	1	72114
cadmium	1	72114
imprimée	1	72114
hec	1	72114
yacht	1	72114
connaissai	1	72114
customiser	1	72114
climatisation	1	72114
salpêtrière	1	68384
royer	1	69539
cnrsceauniversité	1	69539
déceler	1	69539
inspecter	1	69539
theodorus	1	69539
gadella	1	69539
modifiée	1	69539
cyanobactérie	1	68385
bagarre	1	72114
opv	1	72114
organic	1	72114
photovoltaic	1	72114
disamegamark	1	72114
limousin	1	72114
mimétique	1	72114
illuminer	1	69539
conformation	1	69539
illuminée	1	69539
réagit	1	69539
huitième	1	68383
titanesque	1	68383
biodiesel	1	68385
détailler	1	67797
prédation	1	72115
ibitec-s	1	72115
obtenant	1	72115
biochimist	1	72115
mini-protéine	1	72115
protéine-protéine	1	72115
polluante	1	72114
pitier	1	68384
phospholipide	1	72116
2003-2004	1	72115
valu	1	72115
lefkowitz	1	72115
brian	1	72115
kobilka	1	72115
muscarinique	1	72115
firme	1	72115
ligand	1	72115
dendroapsi	1	72115
angusticep	1	72115
brouillard	1	67796
veurey-voroize	1	67796
dorn	1	67796
hydrocarbure	1	68385
41	1	69538
reprogrammation	1	72116
bougognefranche-comté	1	72116
vidéosurveillance	1	67796
thermographie	1	67796
microbolomètre	1	67796
lipid	1	72116
sonn	1	72116
invitation	1	72116
plasmique	1	72116
lipidoprotéiqu	1	72116
subtil	1	72116
élucider	1	72116
gouverner	1	72116
microenvironnement	1	72116
traduction	1	72116
génique	1	72116
tapissant	1	72117
cou	1	72117
tronc	1	72117
co-développé	1	72117
bêta-bloquant	1	72117
guérison	1	72117
collaborant	1	67795
rejoignent	1	67795
quasi-complète	1	72117
poly-insaturé	1	72116
séquestration	1	72116
protéines-clé	1	72116
régulateur	1	72116
rétrocontrôle	1	72116
agoniste	1	72116
désorganisation	1	72116
bouches-du-rhône	1	68385
bioénergétique	1	68385
lb3m	1	68385
ceacnrsuniversité	1	68385
etat-région	1	68385
piézométrique	1	69537
125000	1	69537
spatialiser	1	69537
crops	1	69538
together	1	69538
séminaire	1	68384
translationnell	1	68384
iasp	1	68384
aster	1	69537
obscurité	1	67796
fraise	1	72117
ohio	1	72119
2685	1	72119
zéro	1	72119
réform	1	67795
accomplir	1	67795
maruho	1	72117
propranolol	1	72117
léauté-labrèze	1	72117
valo	1	72117
brevetabilité	1	72117
agrochimique	1	72118
co-finance	1	72118
mettra-t-elle	1	72118
envoyon	1	67795
ambiguïté	1	67795
exigé	1	72118
indice	1	69537
wdi	1	69537
s-seb	1	69537
simplified	1	69537
pédo-paysagère	1	69537
covariance	1	69537
nappe	1	69537
surfacique	1	68385
hérault	1	69537
méthylène	1	72118
ruthénium	1	72119
rotul	1	72119
pale	1	72119
raccourcir	1	72119
ceme	1	72119
elaboration	1	72119
p-g	1	67795
engref	1	67795
ensia	1	67795
massy	1	67795
dressez-vous	1	67795
préfigurer	1	72119
engrenage	1	72119
perfume	1	72120
conditionneur	1	72120
pouls	1	72120
apparue	1	72120
88	1	72120
speaker	1	72120
traiteront	1	72120
monteil	1	72118
converti	1	69537
électronucléaire	1	72392
découpe	1	72392
frérot	1	72392
réclame	1	72392
assainissement	1	72392
disparité	1	67794
pré-organisé	1	72121
éthanol	1	72121
futurol	1	72121
greenstar	1	72121
genepi	1	72121
white	1	72121
serenad	1	72121
nationaliter	1	72122
12000	1	72122
ina	1	67795
décontamination	1	72392
polluer	1	72392
véolia	1	72392
up1	1	72392
irradier	1	72392
radioprotection	1	72392
trie	1	72392
germinet	1	72392
sustainability	1	72393
iir	1	72393
emm	1	72122
thésame	1	72122
tronic	1	72122
innoecho	1	72122
euroneurop	1	72122
126	1	72392
eurohorc	1	68386
heads	1	68386
dissoudre	1	68386
foundation	1	68386
esf	1	68386
boyle	1	68386
economic	1	68386
esrc	1	68386
uk	1	68386
rcuk	1	68386
andré	1	68386
syrota	1	68386
comiter	1	68386
alterindustrialisation	1	69535
heurte	1	72392
intervenu	1	72392
électrochimie	1	72394
arilait-recherche	1	72394
freinant	1	72394
aff	1	72393
sponsoriser	1	72393
possédon	1	72393
fournaison	1	72393
mènent-il	1	72393
frigorigène	1	72393
supermarcher	1	72393
institutionnaliser	1	72393
amf	1	72393
jumelage	1	72393
vivrière	1	67794
rural	1	67794
précisent-ils	1	67794
nestlé	1	72394
emmer	1	72394
riz	1	72394
posteriori	1	72394
alter	1	72394
ego	1	72394
ressourcer	1	72394
agrossup	1	72394
moyenlong	1	72395
pauvreter	1	67794
redéveloppez	1	67794
courron	1	67794
impérative	1	67794
devront-ils	1	67794
vilvord	1	72394
advisor	1	72394
protectionnisme	1	69535
inédite	1	69535
relocalisée	1	69535
aspiration	1	69535
châtenay-malabry	1	69536
reconnue	1	69536
ufr1	1	69536
staps	1	69536
probante	1	69537
cartogaphier	1	69537
monoculture	1	69537
estival	1	69537
affluer	1	69537
hépatique	1	68387
bourg-en-bress	1	72394
délocaliser	1	72394
spéculateur	1	67794
pré-qualifier	1	72395
latente	1	72395
pré-qualifié	1	72395
audit	1	72395
correctif	1	72395
jalon	1	72395
transférant	1	72395
recaler	1	72395
focalisée	1	72395
btob	1	72395
explicite	1	72395
amorcer	1	72395
agenda	1	67794
bailleur	1	67794
déclarent-ils	1	67794
peroxysome	1	68387
déséquilibre	1	69535
effervescence	1	69535
dématérialisation	1	69535
flexisécurité	1	69535
lbmn	1	68387
leucodystrophie	1	68387
thématique-phare	1	72396
mentaliter	1	72396
embûche	1	72396
vaut-il	1	72396
marathon	1	72396
calme	1	72396
irréversible	1	67794
lorgnette	1	67794
émeute	1	67794
nécessitera	1	67794
concluent-il	1	67794
civilisation	1	67794
surexploitation	1	67794
kyushu	1	72396
f2c	1	72396
fructueux	1	72396
hong	1	72396
kong	1	72396
crci	1	72396
sigle	1	72396
bric	1	72396
brut	1	72396
indifférent	1	72396
moscou	1	72396
fgbu	1	72396
urbanisation	1	69535
métropoliser	1	69535
résidentiel	1	69535
similariter	1	69535
agrochimie	1	68387
nofima	1	69534
ramn	1	72396
maire	1	72396
volgograd	1	72396
jumeler	1	72396
citation	1	72396
tseu	1	72396
lieue	1	72396
invite-ell	1	72396
vôtre	1	72396
siens	1	72396
exploitable	1	72397
saler	1	72397
gradient	1	72397
salin	1	72397
embouchure	1	72397
térawat	1	72397
imperméable	1	72397
électriquemer	1	72397
exigeante	1	67794
co-écrit	1	67794
bourin	1	67794
nii	1	72396
magistral	1	69535
hypostyle	1	69535
iéner	1	69535
démographie	1	69535
lamure	1	72400
cinéma	1	72401
console	1	72401
déconcertant	1	72401
nano-ampèr	1	72397
extrapole	1	72397
humaniter	1	72398
rigueur	1	72398
parution	1	72398
après-kyoto	1	72398
coriolis	1	72398
boutte	1	72398
novachim	1	67561
trimatec	1	67561
valrose	1	67561
respective	1	67561
psychologue	1	72401
angewandt	1	67558
chemie	1	67558
amplement	1	67558
shampoing	1	67558
moussante	1	67558
clinicienscet	1	72401
iil	1	67794
demay	1	72398
décantation	1	72399
flottation	1	72399
centrifugation	1	72399
ensemblier	1	72399
16ème	1	72400
tremplin	1	72400
alpin	1	72400
paisible	1	72629
surpris	1	72629
traversée	1	72629
voulai	1	72629
rêvé	1	72629
chirac	1	72629
sarkozy	1	72629
amène	1	72629
emirat	1	72629
ultérieurement	1	72629
abusent	1	72401
béber	1	72401
involontairement	1	72401
désarmer	1	72401
cachent	1	72401
pommier	1	72401
vidar	1	69534
wageningen	1	69534
universiteit	1	69534
nizo	1	69534
bv	1	69534
fécondation	1	68387
ensoleillé	1	68387
dégénératif	1	68387
polyphenol	1	68387
health	1	68387
sitge	1	68387
barcelone	1	68387
masticateur	1	69534
éducateur	1	72401
relire	1	72401
patron	1	72629
reformer	1	67558
forceps	1	72629
afni	1	72629
vignon	1	72629
framatome	1	72629
koweit	1	72629
lituanie	1	72629
touche	1	72629
invivable	1	72629
recentrer	1	72629
soubresaut	1	72629
tempête	1	72629
frémissement	1	72629
mat	1	69534
millba	1	69534
leiv	1	69534
ironie	1	72629
westinghouse	1	72629
ap1000	1	72629
félicite-t-il	1	72629
catar	1	72630
ricin	1	67558
avantageuser	1	67558
jordanie	1	72629
kenya	1	72629
sud-africain	1	72629
justement	1	72629
redémarrage	1	72629
experts-partenaires	1	72629
sphérique	1	67558
disparaissant	1	67558
baisse	1	67558
in-vivo	1	69534
centiv	1	69534
gmbh	1	69534
heritage	1	69534
1466	1	69534
brasserie	1	69534
orval	1	69534
actia	1	69534
adria	1	69534
federalimentare	1	69534
servizi	1	69534
dodaro	1	69534
spa	1	69534
co-responsable	1	69534
french	1	72629
cookie	1	72629
maya	1	72630
cathare	1	72630
agroalimenaire	1	67557
détergente	1	67558
oblige	1	72630
lectour	1	72630
blocus	1	72630
inde	1	72630
uniforme	1	72630
armée	1	72630
avait-il	1	72630
approprié	1	72630
tinctorial	1	72630
phyto-chimiqu	1	72630
améliorant	1	72630
tort	1	72629
équilibrer	1	69534
excessif	1	69534
resvératrol	1	68387
55	1	68387
soumise	1	68387
apparenter	1	68387
boire	1	68387
cholestérolémie	1	68387
chemosen	1	69534
2100	1	69533
brasson	1	72630
babethanol	1	72630
bio-éthanol	1	72630
mayer	1	72630
amalgame	1	72630
basique	1	72630
buveur	1	68387
gestation	1	68387
neurotoxicité	1	68388
representativ	1	69533
formulateur	1	72630
acclimater	1	72630
existe-t-il	1	72631
nutox	1	72631
gustation	1	72631
lipido-récepteur	1	72631
bourgeon	1	72631
indusriel	1	67557
écart	1	67557
destructuration	1	69534
charcuterie	1	69534
sauce	1	69534
ravage	1	72632
fatty	1	72631
acid	1	72631
cd	1	72631
lingual	1	72631
hypothalamu	1	72631
eil	1	72631
oro-intestinal-hypothalamu	1	72631
oro-sensoriell	1	72631
attapulgite	1	72630
évaporation	1	69533
confirmation	1	69533
2060	1	69533
négative	1	69533
rimer	1	69534
globule	1	68387
attraction	1	72632
tarse	1	72632
bosse	1	72632
griff	1	72632
traire	1	72632
morphologique	1	72632
congénère	1	72632
méfiance	1	72631
oro-détection	1	72631
inconscier	1	72631
précarité	1	72631
procure	1	72631
surprendre	1	72631
accidentellement	1	72632
importation	1	72632
infesté	1	72632
proviennent	1	69533
explorent	1	69533
968	1	68388
paléoenvironnement	1	68388
toxicological	1	68388
méthylmercur	1	68388
dérivé	1	68388
reproducteur	1	68388
neurotoxique	1	68388
jouzel	1	69533
ornemental	1	72632
chemoecology	1	72632
ravageur	1	72632
parade	1	72632
nuptial	1	72632
frott	1	72632
environmental	1	67557
optimization	1	67557
along	1	67557
finance	1	67557
argument	1	67556
bouleversant	1	72632
piégeage	1	72632
sexuel	1	72632
ingénieurs-inventeur	1	72633
aguerrir	1	72633
maisonnier	1	72633
interactive	1	72633
créneau	1	72633
romeo	1	72633
afi	1	72633
pathway	1	69533
incorporer	1	72634
sorption	1	72634
désorption	1	72634
bactéricide	1	72634
cloche	1	72634
camembert	1	72634
perméable	1	72634
micro-aérer	1	72634
légitimité	1	72634
automated	1	72633
fingerprint	1	72633
investi	1	72633
dotant	1	72633
savety	1	67557
consumer	1	67557
benefit	1	67557
iar	1	72634
agro-ressource	1	72634
plastilax	1	72634
wipak	1	72634
icmub	1	72634
cvg	1	72634
bioindustriel	1	72634
lempe	1	72634
esiec	1	72634
faveur	1	67556
préconiser	1	67557
charcutier	1	72634
mougin	1	72634
fontaine	1	72634
agro-sourcer	1	72634
chanvre	1	72634
neurotoxicter	1	68388
thermomagnétiques	1	69186
pmrc	1	69533
météo-fance	1	69533
uvsq	1	69533
versaille	1	69533
saint-quentin-en-yveline	1	69533
sous-tendre	1	69533
2010-2035	1	69533
étaient-elle	1	69533
modélisateur	1	69533
lpem	1	69186
viagora	1	72634
équipage	1	72634
paticipant	1	72634
positivement	1	72634
tcf4	1	67556
sdsc	1	72637
reim	1	72634
borne	1	72635
born	1	72635
interrupteur	1	72635
planaire	1	72635
lilleuniversité	1	72635
valencien	1	72635
hainaut-cambresisisen	1	72635
chrom	1	72635
nanoscal	1	72635
lithographique	1	72635
ajusteuse	1	72636
réjouir	1	72636
pêcher	1	68388
spin-orbite	1	69186
spintroniqu	1	69186
spin	1	69186
thermoélectricité	1	69186
thermoélectrique	1	69186
orpaillag	1	68388
lessivage	1	68388
contaminent	1	68388
croquette	1	68388
saint-nazair	1	72636
fille	1	72636
sofiproteol	1	72637
u	1	72637
terrener	1	72637
correctement	1	67556
défectueux	1	67556
lâche-t-elle	1	72932
existera	1	72932
organisationnelle	1	72637
sous-jacent	1	72637
posture	1	72637
demand	1	72637
supply	1	72637
congress	1	72932
mathematical	1	72932
physic	1	72932
icmp	1	72932
salem	1	72932
herbrand	1	72932
outre-atlantique	1	72932
bodet	1	72636
conductivité	1	69186
polymérase	1	67556
fo	1	67556
cascade	1	67556
insomnie	1	72932
jersey	1	72932
einstein	1	72932
kurt	1	72932
gödel	1	72932
neumann	1	72932
oppenheimer	1	72932
séjourner	1	72932
tranquille	1	72932
détacher	1	72932
abstrair	1	72932
bures-sur-yvette	1	72932
sacrifier	1	72932
bibliothèqu	1	72932
document	1	72932
confrère	1	72932
arranger	1	72932
enthousiasme-t-elle	1	72932
crayon	1	72932
curieux	1	72932
penseron	1	72932
néophyte	1	72932
écrivain	1	72932
souvenir	1	72932
paris-vi	1	72932
ledrappier	1	72932
souffrance	1	72932
med	1	67556
arn	1	67556
glial	1	68388
neuromédiateur	1	68388
microglie	1	68388
dépourvu	1	68388
exacerber	1	68388
oxydoréduction	1	68388
neuroprotecteur	1	68388
aarhu	1	68389
fragmentation	1	68389
peter	1	72932
sarnak	1	72932
motivante	1	72932
bourgain	1	72932
auditoire	1	72932
médaille	1	72932
observe-t-elle	1	72932
décrir	1	72932
confiner	1	72932
interférence	1	72932
essayons-nous	1	72932
chaotique	1	72932
déplair	1	72932
maxim	1	72932
kontsevich	1	72932
ouplu	1	72932
pense-t-ell	1	72932
déclare-t-ell	1	72932
appétit	1	72932
redoubler	1	69185
expatrier	1	69185
lamour	1	69186
leucocyte	1	68388
israël	1	72933
aerospace	1	72933
antin	1	72933
modestie	1	72932
étoffe	1	72932
jalonnée	1	72932
phénoménal	1	72932
surhumain	1	72932
athlèt	1	72932
bpi	1	72933
ircam	1	72933
acoustiquemusique	1	72933
syndromique	1	67556
mémorisation	1	67556
multiprotéiqu	1	67556
médiateur	1	67556
résorber	1	69184
antidépresseur	1	69184
antimigraineux	1	69184
ostéoporose	1	69184
ménopauser	1	69184
villette	1	69185
qualifié	1	72933
déchiffrer	1	72933
montloui	1	72933
indre-et-loire	1	72933
117	1	72933
écolo	1	72933
sorigny	1	72933
rêvon	1	72933
envol	1	72933
merveill	1	72933
tenant	1	72933
décisive	1	72933
châteaurou	1	72933
lufthansa	1	72933
francfort	1	72933
freiner	1	72933
subit	1	72933
747	1	72933
560	1	72933
encaisser	1	72933
archétype	1	72933
audacieux	1	72933
unir	1	72933
inventent	1	72933
déplorer	1	72933
inventif	1	72933
interféromètr	1	72934
épigénétique	1	67556
neurosensoriel	1	67556
inserm-université	1	67556
descartes-hôpital	1	67556
necker-enfant	1	67556
scepticisme	1	72933
héraut	1	72933
giga-octet	1	72934
volt	1	72934
évacuer	1	72934
médiocre	1	72934
chuter	1	72934
ultra	1	72934
amplifying	1	72934
rubis	1	72934
606	1	69184
articulation	1	69184
insermpari	1	69184
lariboisièr	1	69184
cytokine	1	69184
hématopoïèse	1	69184
immune	1	69184
lorrain	1	68389
devraient-elles	1	68389
montagnard	1	68389
refroidissemer	1	72934
can	1	72934
recombinée	1	72934
millième	1	72934
cheveu	1	72934
insurmontable	1	72934
clairance	1	72935
malades-fondation	1	67556
egly	1	67556
inserm-cnrs-université	1	67556
attribuée	1	67556
64	1	72934
equiper	1	72934
positron	1	72934
tev	1	72934
porteuse	1	72935
papillome	1	72935
diagnostiquée	1	72935
espèr	1	67555
monomode	1	72934
devill	1	68390
vernejoul	1	69184
vi	1	72936
biausser	1	72936
312	1	72936
145	1	72936
wellington	1	72935
edmond	1	72935
investmer	1	72935
edrip	1	72935
irdi	1	72935
amundi	1	72935
private	1	72935
equity	1	72935
fund	1	72935
millon	1	72935
virale	1	72935
proportionnel	1	72935
gam	1	69183
dénombrer	1	69183
dénombremer	1	69183
régul	1	69184
thermorégulation	1	69184
356	1	68389
herbacée	1	68389
excéder	1	68389
rarement	1	68389
flore-climat	1	68389
baissant	1	68390
délivrance	1	72935
multivaler	1	72935
sous-type	1	72935
roi	1	72936
mohamed	1	72936
estomper	1	67555
allaité	1	67555
lucratif	1	72936
emergence	1	72936
2009-2015	1	72936
cession	1	72937
smart	1	72937
grid	1	72937
amiral	1	72937
coindreau	1	72937
aéromaritime	1	72937
culturelle	1	72937
illustré	1	72937
harmattan	1	72937
bivalent	1	72935
ordinaire	1	68390
coli	1	69183
salmonella	1	69183
typhimurium	1	69183
legioneller	1	69183
pneumophila	1	69183
polysaccharide	1	69183
erc	1	68390
acetate	1	68390
aritt	1	72938
watier	1	72938
monoclonau	1	72938
bioproduction	1	72938
environnant	1	72938
biosimilair	1	72938
bioéquivalence	1	72938
seront-elle	1	72938
sévérité	1	72939
dièt	1	67555
inshs	1	72939
athéner	1	72939
acuité	1	72939
cubiculum	1	72939
minutieux	1	72939
reconstitution	1	72939
musicologie	1	72939
partition	1	72939
exact	1	72939
xvièm	1	72939
assystem	1	72937
surprise	1	68390
gram	1	69183
escherichier	1	69183
de-là	1	72940
légitimer	1	72940
restitution	1	72939
catopsys	1	72939
msh	1	72939
freturb	1	72939
aménageur	1	72939
géographe	1	72939
2entpe	1	72939
magéo	1	72939
épidémier	1	72939
aon	1	72939
benfield	1	72939
analytic	1	72939
réassurance	1	72939
reconstruction	1	72939
276	1	73182
piétiner	1	73182
jeandel	1	72940
géochimiste	1	72940
mosseri	1	72940
vital	1	72940
énergivore	1	72940
130	1	72940
forger	1	72940
gouvernent	1	72940
agit-il	1	72940
352	1	72940
rumeur	1	72940
parcellaire	1	72940
glaner	1	72940
de-ci	1	72940
weil	1	73182
dehecq	1	73182
planchent	1	73182
loger	1	73182
commercer	1	73182
colporter	1	72940
crédibilité	1	73182
bouquet	1	73182
journaliste	1	73182
dresse-t-il	1	73182
technologu	1	73182
pib	1	73182
mid	1	73182
restant	1	73182
finançant	1	73182
assène	1	73182
allèle	1	69182
cnrsaix-marseill	1	69183
glycochimie	1	69183
macromoléculaire	1	69183
cation	1	68390
anion	1	68390
neutre	1	68390
ralentit	1	68390
3ecole	1	68391
reflet	1	73182
hier	1	73182
1983	1	73182
pilier	1	73182
tardif	1	73182
boom	1	73182
gouvernant	1	73182
grèce	1	67555
vêtement	1	73183
décortiqué	1	73182
étonner	1	73182
guère	1	73182
insuffisante	1	73182
inspecteur	1	73182
épidémiologique	1	67555
questionnaire	1	67555
attitude	1	67555
parental	1	67555
manque	1	67555
satiété	1	67555
préparons-nou	1	67555
varsovie	1	67555
déplore-t-il	1	73182
wwwepos-euorg	1	69181
typique	1	69181
tolérer	1	69182
650	1	69182
arrosage	1	69182
intervalle	1	69182
transpiration	1	69182
détaille	1	68391
ancr	1	73183
lorier	1	73183
méconnu	1	73183
parachever	1	73183
2009-2012	1	73183
récolter	1	73183
etienne	1	73183
bourgoi	1	73183
amyloid-ß	1	73184
peptide-induced	1	73184
memory	1	73184
agrès	1	73183
embl	1	73183
parcouru	1	73183
contrée	1	73183
remercier	1	73183
diplomatique	1	73183
planch	1	73183
frôler	1	73183
impacté	1	73183
maxi	1	73183
stmicroelectronic	1	67554
pédiatre	1	67555
plate	1	69181
interopérabilité	1	69181
pressenti	1	69181
indéniable	1	68390
abîmer	1	68391
régularité	1	68391
jean-claude	1	73183
loceanipsl-cnrsupmcirdmnhn	1	73183
chris	1	73183
bowler	1	73183
immiscer	1	73183
reculée	1	73183
adresser	1	73183
autochtone	1	73183
vectoriser	1	73184
intersection	1	73184
increased	1	73184
contrecarrer	1	73184
phospholipid	1	73184
transfer	1	73184
gene	1	73184
knockout	1	73184
mice	1	73184
nano-vectoriser	1	73184
hémato-encéphalique	1	73184
through	1	67554
traversant	1	67554
connectiqu	1	67554
reflow	1	67554
interconnexion	1	67554
sismomètre	1	69181
accéléromètre	1	69181
gravimètre	1	69181
bioprotein	1	73184
recombinant	1	73184
lapine	1	73184
optroniqu	1	67554
liposoluble	1	73184
invalidation	1	73184
pltp-knocked	1	73184
out	1	73184
710	1	73184
insermecole	1	73184
etudesuniversité	1	73184
amylgen	1	73184
mimer	1	73184
aggravation	1	73184
déposant	1	73184
supplémenter	1	73184
750	1	69181
surmont	1	68391
cumulant	1	68391
infinie	1	68391
balaie	1	68391
diffracté	1	68391
dévier	1	68391
cliché	1	68391
poursuivent-elle	1	73184
rétinien	1	73184
bretillon	1	73184
œil	1	73184
répercussion	1	73184
dysfonction	1	73184
alf	1	73184
lamprecht	1	73184
corinne	1	73185
larchey	1	73185
tsv	1	67554
transgénique	1	73184
lara-spiral	1	73184
causalité	1	73184
reconduire	1	73184
lnc	1	73184
périple	1	73185
escal	1	73185
hexagonal	1	73185
muhammad	1	73185
tata	1	69180
fundamental	1	69180
bombay	1	69180
kanpur	1	69180
décevoir	1	73185
conteste	1	73185
serait-ce	1	73185
étroitement	1	67554
sûr	1	67554
banglader	1	73185
grameen	1	73185
bank	1	73185
microcrédit	1	73185
banquier	1	73185
paix	1	73185
montaient	1	73185
électrification	1	73185
québec	1	73185
rêver	1	73185
planet	1	73185
indo-french	1	69180
mathematic	1	69180
sophia-antipolis	1	69180
ptychographie	1	68391
1969	1	68391
walter	1	68391
hoppe	1	68391
221	1	68392
almasat-1	1	69179
culot	1	73185
souhait	1	73185
mohammad	1	73185
sunlabob	1	73185
pamatec	1	73185
practical	1	73185
egg-energy	1	73185
économiser	1	73188
complète	1	67554
relationnel	1	73185
gamma-ray	1	73186
leprince-ringuet	1	73186
polytechniquecnr	1	73186
finaliser	1	73186
desy	1	73186
deutsche	1	73186
elektronen-synchrotron	1	73186
capturera	1	73186
céleste	1	73186
cta	1	73186
consacrent	1	67554
rigidité	1	67554
dsf	1	73185
coopérant	1	69179
bipolar	1	69179
montpellier-2	1	69179
expresso	1	69179
systèmes	1	69179
orbital	1	69179
consommant	1	69179
bipolaire	1	69179
dehli	1	69180
superposer	1	67554
pré-industrialisation	1	73187
pré-programmé	1	73187
rhepach	1	73187
gageure	1	73187
faupel	1	73187
néon	1	73188
unie	1	73430
biphotonique	1	73189
surclasse	1	73189
brillance	1	73189
fourierceainsermchu	1	73189
chemical	1	73189
correspondant	1	73190
bioindustrie	1	73190
killer	1	73190
multiplatforme	1	73190
android	1	73190
phone	1	73190
subject	1	73190
muni	1	73190
plane	1	67554
bologne	1	69179
régale	1	73430
croyez	1	73430
215	1	73430
plongeur	1	73190
cuver	1	73190
santé-environnement-handicap	1	73190
spie	1	73190
contest	1	73190
nano-micro	1	73190
affichée	1	73430
rattachement	1	73430
réeuropéanisation	1	73430
cévenne	1	73430
sereine	1	73430
inquiet	1	73430
douai	1	73430
accueillanter	1	73430
lean	1	73430
stand-alone	1	67554
finess	1	67554
gravure	1	67554
moore	1	67554
dge	1	73430
dgci	1	73430
polymorphe	1	73430
étonne-t-il	1	73430
sup	1	73430
spé	1	73430
pressent	1	73430
thésard	1	73430
complètent	1	73430
revien	1	73430
époxyde	1	69179
vérin	1	69179
électromécanique	1	69179
qualifiée	1	69179
generation	1	69179
launchers	1	69179
ngl	1	69179
séparation	1	69179
lare	1	69179
relativité	1	69179
capenergie	1	68393
réeuropéaniser	1	73430
shanghaï	1	73430
proximiter	1	73430
valorisée	1	73430
recentrant	1	73430
aero	1	67553
defense	1	67553
agréer	1	67553
participon	1	67553
réfléchissent-ils	1	67553
idé	1	73430
copie	1	73431
fidèle	1	73431
virtual	1	73431
paleo-specimen	1	73431
desbarat	1	73431
paléopathologiste	1	73431
tivmi	1	73431
admettre	1	73430
filamer	1	69179
bobiner	1	69179
301	1	69179
1367	1	69179
zefiro-z23	1	69179
zefiro-z9a	1	69179
propulsif	1	69179
avum	1	69179
polyvalence	1	69179
coiffe	1	69179
61	1	69179
propulsé	1	69179
subatomique	1	69178
dirigé	1	73431
préhistoire	1	73431
encéphal	1	73431
erectu	1	73431
laad	1	67553
substitu	1	67553
rachitique	1	73431
ossement	1	73431
diaphyse	1	73431
fémur	1	73431
gomme	1	73431
syphilitique	1	73431
ulcération	1	73431
ephe	1	73431
franco-russe	1	73431
cnrs-académie	1	73431
valis	1	73431
tuberculeux	1	73431
miliaire	1	73431
projectil	1	73431
arianespace	1	69179
grenobleinp	1	69178
dimensionner	1	69179
monocorp	1	69179
ariane-5	1	69179
redéfinie	1	68392
munich	1	68393
pegase	1	68393
per-opératoire	1	73431
modeler	1	73431
greffon	1	73431
ignoron	1	73432
hallucinant	1	73432
micro-obese	1	73432
metaquant	1	73432
metafun	1	73432
paterniter	1	67553
réussie	1	73434
jason-1	1	73434
prélevée	1	73432
-80	1	73432
précurseur	1	73432
repérion	1	73432
réceptif	1	73432
restriction	1	73432
substantielle	1	73432
rallonge	1	73432
dérisoire	1	73432
72000	1	73433
recensée	1	73433
gabarit	1	73431
cosmologie	1	69178
lpsc	1	69178
visionnaire	1	73434
dépendon	1	67553
bénéficion	1	67553
nouméa	1	73433
aquarium	1	73433
lagon	1	73433
amical	1	73433
aquacultur	1	73433
adrien	1	73433
rivaton	1	73433
cadoret	1	73433
eldorado	1	73433
topex-poséidon	1	73434
altimètre	1	73434
poséidon	1	73434
déclencheur	1	73434
méteo	1	73434
shom	1	73434
cerface	1	73434
malvie	1	73434
décernent	1	73435
cjd	1	73435
primée	1	73435
jason-2	1	73434
jason-3	1	73434
mercator	1	73434
bulletin	1	73434
cl	1	73434
ocean	1	73434
topography	1	73434
géodésien	1	73434
géodésie	1	73434
glaucome	1	73435
cécité	1	73435
uc3	1	73435
cyclo	1	73435
intra-oculair	1	73435
ciliaire	1	73435
soluble	1	73436
prenante	1	67553
trésorier	1	67553
isolément	1	67553
cnrscnesirdompuniversité	1	73434
courant	1	73434
tourbillon	1	73434
cinétique	1	73434
altimétrique	1	73434
retranchement	1	73434
réguler	1	69178
sous-critique	1	69178
myrrha	1	69178
2023	1	69178
1laboratoire	1	69178
corpusculaire	1	69178
lpcc	1	69178
cnrsensicaen	1	69178
ipno	1	69178
hubert	1	69178
curien	1	69178
iphc	1	69178
non-invasif	1	73435
hifu	1	73435
ambulatoire	1	73435
eyeop1	1	73435
speech	1	73438
caresser	1	73683
épav	1	73683
mi-octobre	1	73683
010	1	73436
solvant	1	73436
login	1	73437
apprenant	1	73437
rncp	1	73437
infographist	1	73437
3d2d	1	73437
bac3	1	73437
exportateur	1	67553
rillieux-la-pape	1	73435
freya	1	69178
2011-2015	1	69178
radiotoxicité	1	69178
géologique	1	69178
transmutation	1	69178
auto-entretenue	1	69178
nécessitent-ils	1	69178
fournie	1	69178
genepi-3c	1	69178
genérateur	1	69178
intense-3	1	69178
mol	1	69178
eurotrans	1	69178
poutin	1	68638
inter-instrument	1	67392
prétraitement	1	67392
spectroscopique	1	67392
elevator	1	73438
archéologu	1	73683
serrage	1	73683
assocation	1	67392
chimiométrique	1	67392
germ	1	73683
arc-nucléart	1	73683
gipc	1	73683
déclenchant	1	73683
rome	1	73683
alexandrin	1	73683
convoité	1	73683
jules-verne	1	73683
barqu	1	73683
972	1	73683
discrimination	1	67392
zetta-exawatt	1	68638
formule	1	73683
transcriptionnelle	1	67391
transcriptome	1	67391
transcrit	1	67391
ségalen	1	67391
188	1	73683
carrer	1	73683
co-mandataire	1	73683
borg	1	73683
charpentier	1	73683
arkaeos	1	73683
squelette	1	73683
préalable	1	73683
parle-t-on	1	73683
cheville	1	73683
pré-assemblage	1	73683
revitaliser	1	68638
exawatt	1	68638
sub-exawatt	1	68638
radioactif	1	69178
atteler	1	69178
réussissant	1	69178
accelerator	1	69178
driven	1	69178
moyen-long	1	69178
optitec	1	68393
ployage	1	73683
vrillage	1	73683
commencion	1	73683
étuver	1	73683
flamme	1	73683
déduire	1	73683
granitique	1	73684
cocotier	1	67391
camerounais	1	67391
tunisien	1	67391
métabolome	1	67391
bic	1	67391
naviguent	1	73683
talon	1	73683
achill	1	73683
trouvée	1	73683
rénovation	1	73683
muséographique	1	73683
a-t-on	1	73684
pacifique	1	73684
biogenèse	1	67391
planche	1	73683
scrupul	1	73684
germer	1	73684
propreté	1	73684
filial	1	73684
librevill	1	73684
vitivinicole	1	73684
convenir	1	73684
délimité	1	73684
equatorial	1	73684
longé	1	73684
congo	1	73684
plateal	1	73684
regorge	1	73684
minerai	1	73684
manganèse	1	73684
uranium	1	73684
iasi	1	69177
reporter	1	69177
elementest	1	69177
habituel	1	69177
atv	1	69177
femto-second	1	68638
tournis	1	68638
verwaerd	1	68638
méga-projet	1	68638
vladimir	1	68638
msl	1	69177
éléphant	1	73684
hyène	1	73684
boa	1	73684
chenille	1	73684
scarabée	1	73684
fertiliser	1	73684
assiami	1	73684
substituant	1	67390
nm	1	67390
incorporé	1	67390
défunt	1	73684
natale	1	73684
hyper-rustiqu	1	73684
cultivé	1	73684
provenaient-ils	1	73684
adapte	1	73684
agrandir	1	73684
décès	1	73684
auto-assemblé	1	67390
biomimétiques	1	67390
ensoleillement	1	73684
rappelle-t-elle	1	73685
expiration	1	73685
sention	1	73685
observent-il	1	73685
premice	1	73685
confient	1	73685
résument-il	1	73685
stagiaire	1	73685
ali	1	73684
beaujolai	1	73684
épingl	1	73684
manquon	1	73684
sucré	1	73684
chablis	1	73684
titrer	1	73684
amender	1	73684
exomar	1	69177
metop	1	69177
iasi-ng	1	69177
trompe	1	68638
exawatt-zetawatt	1	68638
hypothétique	1	68638
83	1	68638
vide	1	68638
lhc	1	68638
hiver	1	73684
raisonnement	1	73684
absurde	1	73684
voyon	1	73684
portière	1	73685
peintur	1	73685
enitiaa	1	73685
biene	1	73685
alfort	1	73686
infectieuser	1	73686
cloud	1	73686
immunodépression	1	73686
congénital	1	73686
immunosuppresseur	1	73686
post	1	73686
conditionnée	1	67390
courbure	1	67390
angströms	1	67390
diamètre	1	67390
anticancéreuse	1	73686
détracteur	1	73684
chemcam	1	69177
magnétomètre	1	69177
abyssau	1	73688
gêné	1	73688
littéralement	1	73688
aurinvest	1	73686
kurma	1	73686
biofund	1	73686
top	1	73687
aubert	1	73687
duval	1	73687
constellium	1	73687
nse	1	73687
integration	1	73687
rexiaa	1	73687
slicom	1	73687
usinage	1	73687
câblage	1	73687
nanosatellite	1	69177
embarqu	1	69177
altika	1	69177
doris	1	69177
argos	1	69177
rover	1	69177
cpa	1	68638
aeria	1	73687
rectorat	1	73687
claustre	1	73687
ifma	1	73687
essaimage	1	73687
frappant	1	73688
muon	1	73688
photomultiplicateur	1	73688
2400	1	73688
ipsen	1	67390
octapeptid	1	67390
cyclique	1	67390
ébloui	1	73688
9000	1	73688
coïncider	1	73688
boostent	1	73688
cnrsirduniversité	1	73688
aix-marseilleuniversite	1	73688
toulon-var	1	73688
francin	1	73689
anneau	1	67390
somatostatine	1	67390
dimère	1	67390
auto-assemblée	1	67390
avia	1	73687
sculpture	1	73875
nano-objets	1	67390
tentative	1	67390
soldée	1	67390
giron	1	73875
prédéfini	1	73689
sportloisirssanter	1	73689
rhône-alpin	1	73689
jri	1	73690
structurelle	1	73690
partenariales	1	73690
oslo	1	73691
eccp	1	73691
micro-environnement	1	73691
tumoral	1	73691
cea-ibitec-s	1	67390
endettement	1	73875
bancaire	1	73875
obligataire	1	73875
actionnarial	1	73875
diversifiée	1	73875
équilibré	1	73875
180	1	73875
85	1	73875
mozambique	1	73875
chili	1	73875
las	1	73875
companie	1	73691
presentation	1	73691
fête	1	73875
rodin	1	73875
soirée	1	73875
apollon	1	68638
c3	1	68638
débris	1	69177
totalis	1	69177
atv2	1	69177
vaisseau	1	69177
ravitaillemer	1	69177
accostage	1	69177
co-signer	1	68638
ceadam	1	68638
fermilab	1	68638
kek	1	68638
pilotable	1	68639
leveraged	1	73875
buy-out	1	73875
rachat	1	73875
conde	1	73875
medellin	1	73875
bridge	1	73875
danube	1	73875
roumanie	1	73875
carnet	1	73875
demi	1	73875
seee	1	73875
fondatrice	1	73875
sir	1	73875
naturaliser	1	73875
britannique	1	73875
ail	1	73875
epsetein	1	67389
prédisposée	1	67389
vinci	1	73875
celllule	1	67389
réorganis	1	67389
portzamparc	1	73875
saragosse	1	73875
barracuda	1	73875
andin	1	73875
mooc	1	73876
online	1	73876
gratuit	1	73876
avant-coureur	1	73876
look	1	73876
media	1	73876
inspiration	1	73876
mêler	1	73876
1985	1	73876
doyen	1	73876
est-l	1	69177
intuition	1	68638
chirped	1	68638
pulse	1	68638
idea	1	73876
idefi	1	73876
sociologique	1	73876
hewlett	1	73876
packard	1	73876
hp	1	73876
pupitre	1	73876
intéresson	1	73876
repérer	1	67389
enregistrement	1	67389
supposaient	1	67389
excitateur	1	67389
auxiliaire	1	73877
intracellulaire	1	67389
environner	1	67389
rater	1	73876
coche	1	73876
colmar	1	73877
septentrionau	1	73877
rvvs	1	73877
mesurent	1	73877
quarante	1	73877
pulvérisation	1	73877
différemment	1	73876
2-1a	1	69177
dessous	1	69177
micro-satellite	1	69177
elisa	1	69177
chaudièr	1	73877
phénolique	1	73877
rentable	1	73877
précocement	1	73877
infernal	1	73877
battr	1	73877
ecophyto	1	73877
pesticide	1	73877
approuve	1	73877
délicat	1	73877
constitution	1	73877
guyot	1	73877
iuvv	1	73877
oxydo-réduction	1	73877
parasitoïde	1	73877
faune	1	73877
waard	1	73878
901	1	67389
brecht	1	67389
humboldt	1	67389
lee	1	67389
howard	1	67389
gèrent	1	73877
mildiou	1	73877
oïdium	1	73877
vinicultur	1	73877
cru	1	73877
décryptant	1	73877
amertum	1	73877
tanin	1	73877
quid	1	73877
cst	1	73877
océani	1	73878
béroud	1	73878
arve	1	73879
15ème	1	73879
associative	1	73879
imiter	1	73879
cm1k	1	73879
cognimem	1	73879
flavescence	1	73877
dorer	1	73877
vitalité	1	73877
modernité	1	73877
dangerosité	1	73878
recensement	1	73878
173000	1	73878
venimeux	1	73878
alkan	1	73879
président-directeur	1	73879
fpga	1	73879
field-programmabl	1	73879
prémice	1	73879
neuropic	1	73879
neurofpger	1	73879
présure	1	67388
1l	1	67388
inra-urtal	1	67388
classification	1	73879
hugue	1	67389
fourier-grenobl	1	73878
ujf	1	73878
détecté	1	73878
isère	1	73878
relayer	1	68640
master-clas	1	68889
grand-témoin	1	68889
allocution	1	68889
wolton	1	68889
presse	1	69177
rid	1	69177
2-1b	1	69177
couronn	1	69177
acharné	1	69177
fatigue	1	68639
multi-physique	1	68639
multifonctionnel	1	68639
nano-structurés	1	68639
accumulateur	1	68640
paindavoine	1	73879
recuite	1	67388
insoupçonné	1	67388
imput	1	67388
neurologie	1	73879
platform	1	73879
collaboron	1	73879
fleuron	1	73880
cryosphère	1	73880
inlandsis	1	73880
égalé	1	73880
croût	1	73880
manteau	1	73880
moho	1	73880
méga-séisme	1	73880
ouragan	1	73880
1024	1	73879
emm2013	1	73884
connected	1	73884
programmé	1	73884
deviendra	1	74167
megève	1	73881
éphémère	1	73881
grenoble-alpes	1	73881
gadzartz	1	73882
gars	1	73882
22000	1	73882
exerçant	1	73882
facette	1	73882
7000	1	73882
1963	1	73882
ré-industrialisation	1	73882
bovine	1	67388
525	1	68640
marne-la-vallé	1	68889
ensg	1	68889
pénètr	1	68889
trame	1	68889
ateliersdébat	1	68889
tables-ronde	1	68889
1280	1	68640
a	1	68640
254	1	68640
égalité	1	73882
accueille	1	73883
gcn	1	73883
irc	1	73883
construction-réhabilitation-aménagement	1	73883
11ème	1	73884
modulent	1	67388
immunochimique	1	67388
rapidité	1	74167
jalonner	1	74167
décrèt	1	74167
développon	1	74167
recyclable	1	74167
fuselage	1	74167
a350	1	74167
là-bas	1	74167
légal	1	74167
annexe	1	74167
comptable	1	74167
min	1	74167
grise	1	74167
renouveau	1	73882
pékin-beihang	1	68888
trilingue	1	68888
scholarship	1	68888
csc	1	68888
kwh	1	68640
pack	1	68640
proie	1	74167
déplore	1	74167
dérober	1	74167
capitale	1	74167
enchantement	1	74167
doigté	1	74167
conjuguer	1	74167
verb	1	74167
vant	1	74167
transversau	1	74167
titan	1	74168
brosser	1	67388
choquer	1	74167
exclu	1	74167
batailler	1	74167
éternelle	1	74168
quart	1	74168
extrapolation	1	74168
entame	1	74168
majoritaire	1	67388
nacl	1	67388
temporaire	1	74167
cognet	1	68641
réfractive	1	68641
lasik	1	68641
pékn	1	68888
nicole	1	68888
nathalie	1	68641
picquer	1	68641
photophysique	1	68641
bouyer	1	68641
propagnent	1	68886
azoter	1	67388
tungsten-w	1	74168
astre	1	74168
règnent	1	74168
isotope	1	74168
soviétique	1	74168
toroïdal	1	74168
poloïdal	1	74168
faisabilité	1	74168
bécoulet	1	74168
entreront	1	74168
récupère	1	74168
découvert	1	74168
poussière	1	74168
hydrogéner	1	74168
fonctionnera	1	74168
becoulet	1	74168
béryllium	1	74168
arrachage	1	74169
caillett	1	67388
abattu	1	67388
surproducteur	1	74169
vitale	1	68642
monopoliser	1	68642
lactation	1	68887
prolactine	1	68887
mensuration	1	74170
basculer	1	74169
pénurie	1	74169
qualimed	1	74169
poursuit-il	1	74169
pluri-annualiser	1	74169
rentabiliser	1	74169
évident	1	74169
cherchent-il	1	74169
viticulteur	1	74169
impatient	1	74169
approvisionnement	1	74169
sa	1	74169
roquecourbe	1	74169
sca	1	74169
heracle	1	74169
conchyculteur	1	74170
imminent	1	74170
défendra	1	74170
pech	1	74169
oenologie	1	74169
spo	1	74169
vassal	1	74169
icv	1	74169
roul	1	74169
foulon	1	74169
soplagy	1	74169
excès	1	74169
optimisme	1	74169
millilitre	1	67388
qualifiable	1	67388
homéopathique	1	67388
bourguignonne	1	74172
caillage	1	67388
cuv	1	67388
distingué	1	74170
remportant	1	74170
wrsc	1	74170
world	1	74170
sailing	1	74170
championship	1	74170
galle	1	74170
strasse	1	74170
canarie	1	74170
açore	1	74170
262	1	74170
sub-surface	1	74170
lanvéoc	1	74170
habituellement	1	68887
hypophysaire	1	68887
voisin	1	68641
corner	1	68641
laser16	1	68641
era-net	1	68642
sélénium	1	68642
plexigla	1	68886
oculométrie	1	74171
oculomotricité	1	74171
enregistremer	1	74171
ebt	1	74171
écouler	1	74171
kinkingnéhun	1	74171
débarqu	1	74172
impliquent	1	74172
avère-t-il	1	67387
protéolytique	1	67388
franc-comtoise	1	74172
francilienne	1	74172
souligine-t-il	1	74172
favorablement	1	74172
vraie	1	74172
nouffert	1	74172
patrick	1	74172
falconnier	1	74172
sénagral	1	74172
curatif	1	74173
coaguler	1	67388
manifeste	1	74173
effondrement	1	68886
dynamiquement	1	68887
vivrons-nous	1	74176
multi-site	1	74176
feuillage	1	67387
persister	1	67387
incontrôlable	1	74173
diffu	1	74173
dépression	1	74173
motrice	1	74173
agrégation	1	74173
fibrillaire	1	74173
jonction	1	74173
replier	1	74173
propagent	1	74173
enzymologie	1	74173
empile	1	74173
aplatie	1	74173
valorial	1	74449
alier	1	74449
remu	1	74449
co-labellisés	1	74449
orale	1	74449
69	1	74449
taire	1	74173
nano-structuration	1	74174
naco-caractérisation	1	74174
tribune	1	74174
attendent-il	1	74174
unesco	1	74175
militant	1	74175
bauc	1	74175
vice-recteur	1	74175
copenhague	1	74175
fragmenté	1	68642
représentativité	1	68642
instance	1	68642
bmbf	1	68642
jûlich	1	68642
vinnova	1	68642
sgu	1	68642
m2i	1	68642
teke	1	68642
publics-priver	1	68642
evolutiv	1	67387
nîmessupagrociradepheirdinra	1	67387
69000	1	67387
décryptée	1	74176
chrono	1	74176
proposeront	1	74176
106	1	67387
quotidiennement	1	74450
289	1	74449
101	1	74449
hébergemer	1	74449
141	1	74449
chimio-sensorielles	1	74449
déclin	1	74449
authenticité	1	74449
veiller	1	74449
consommaient	1	74449
identifiable	1	74449
palier	1	74449
fourieruniversité	1	67387
cassé	1	68886
united	1	68886
escuela	1	74450
tecnica	1	74450
superior	1	74450
ingeniero	1	74450
industriale	1	74450
madrid	1	74450
spécification	1	74450
bourlingue	1	74450
précéder	1	74449
portion	1	74449
condiment	1	74449
décoration	1	74449
nutritionnist	1	74449
pipe-line	1	74450
gazoduc	1	74450
porosité	1	67387
charente-maritime	1	68885
ile-et-vilain	1	68885
haute-savoie	1	68885
documentation	1	68885
rayleigh	1	68886
cea-iramis	1	68886
svi	1	68886
tribologie	1	68886
ltd	1	68886
lyonecole	1	68886
affinage	1	68885
faurre	1	74450
oriente	1	74450
gravir	1	74450
échelon	1	74450
estii	1	74450
exigu	1	74450
far	1	74450
louis-philippe	1	74451
braibart	1	74451
auto-pilot	1	74450
camarade	1	74450
bastien	1	74450
mancini	1	74450
banjamin	1	74450
benharrosh	1	74450
2kg	1	74450
émergente	1	74450
gdf	1	74450
ain	1	68885
alpes-de-haute-provence	1	68885
cantal	1	68885
ariatt	1	68885
r23ae	1	68885
laitère	1	68885
cdti	1	68642
fct	1	68642
ncbir	1	68642
hongrie	1	68642
mbfh	1	68642
programmation	1	68642
etp-smr	1	68642
midi-pyréene	1	74450
caquett	1	74450
mi-2014	1	74450
voilure	1	74450
ergonomie	1	74450
automatisation	1	74450
synapcell	1	74453
12moi	1	74451
célia	1	74451
hart	1	74451
bio-informatiqu	1	74452
protéomiqu	1	74452
séquenceur	1	74452
haut-débit	1	74452
brute	1	74452
péta-octet	1	74452
ibm	1	74452
sysferer	1	74452
idris	1	74452
suer	1	74450
comtois	1	68885
ctfc	1	68885
antiépileptique	1	74453
persistent	1	74453
cumuler	1	74453
indésirable	1	74453
vercueil	1	74453
ligue	1	74453
tera-octet	1	74452
téraflop	1	74452
grille	1	74452
supercomputing	1	74452
sc13	1	74452
denver	1	74452
epilepsi	1	74453
affection	1	74453
biovalley	1	74453
reproductive	1	67387
étalonnage	1	68885
interlaboratoire	1	68885
privilégié	1	68885
interprofession	1	68885
afnor	1	68885
iso	1	68885
fini	1	68885
artisanau	1	68885
anime	1	68885
histol	1	68885
gin	1	74453
fagni	1	74453
igf	1	74453
dysfonctionnement	1	74453
bischoff	1	74453
anti-épileptique	1	74453
ocari	1	67386
telit	1	67386
pratiquée	1	74454
totale	1	74454
normalement	1	74454
trachéotomie	1	74454
28000	1	74454
revêt	1	74454
masculin	1	74454
ablation	1	74454
amovible	1	74454
valve	1	74454
depauli	1	74453
larf	1	68885
pme-pmi	1	68885
trossat	1	68885
minimiser	1	67386
planification	1	74456
maurice	1	74454
bérenger	1	74454
pan-européenne	1	74454
dépister	1	74455
horlogerie	1	74455
reproductibilité	1	74455
élimination	1	74455
lançon	1	74455
prescrire	1	74455
immuno-hématologie	1	74455
impartir	1	67386
minet	1	67386
équipe-projet	1	67386
hipercom	1	67386
triturer	1	74457
plaît	1	74457
encyclopédie	1	74457
vain	1	74455
voeu	1	74455
pieu	1	74455
automatisée	1	74455
ensmm	1	74455
drastique	1	74455
réorganisation	1	74455
consommable	1	74455
discret	1	74455
41ème	1	74456
patronage	1	74456
cuvillier	1	74456
directif	1	74456
offraient	1	74744
assiston	1	74744
agon	1	74744
prédictive	1	74744
prestataire	1	74456
malbrunot	1	74456
déforestation	1	74457
malbouff	1	74457
agro-industrie	1	74457
planteur	1	74457
tranchée	1	74457
définitive	1	74457
caricatural	1	74457
agro-économist	1	74457
mondialiser	1	74457
antagoniste	1	74457
turbomeca	1	74745
turbine	1	74745
bruyant	1	74745
gazeuse	1	74745
instationnaire	1	74745
fluctuation	1	74745
fascicul	1	74457
arrangent	1	74457
nord-sud	1	74457
projecteur	1	74457
martèle	1	74457
stigmatiser	1	74457
leca	1	74744
dam-ile-de-france	1	74744
ménacher	1	74744
appuyée	1	74744
carmejane	1	68885
attentil	1	68643
euphorique	1	68643
devis	1	68643
retraité	1	68643
christell	1	68643
cordier	1	68643
concrétisent	1	68643
salaire	1	68643
ultraviolet	1	74744
furtif	1	74744
chevelure	1	74744
lisser	1	74744
coiffant	1	74744
confidentialité	1	74744
gravitent	1	74744
baptisant	1	74746
turboréacteur	1	74745
leading	1	74745
edge	1	74745
cfm	1	74745
general	1	74745
cfm56	1	74745
monocouloir	1	74745
a320neo	1	74745
boeing	1	74745
dépassement	1	67386
usur	1	67386
737	1	74745
étaler	1	74744
itff	1	68885
itplc	1	68885
ombistocking	1	74746
enfilage	1	74746
c919	1	74745
comac	1	74745
commandée	1	74745
aubage	1	74745
compresseur	1	74745
motorist	1	74745
trouvon	1	74745
soufflante	1	74745
ouïr	1	74745
résolument	1	74746
expo	1	74746
b2b	1	74746
ager	1	74746
2025	1	74746
ingérer	1	67385
réutiliser	1	67385
denovo	1	74746
cristalliser	1	74746
pigniez	1	74746
asipag	1	74746
portail	1	74746
silverecofr	1	74746
dépasse	1	74746
émulation	1	74746
gérontologie	1	74746
curie-paris	1	74746
territoriale	1	74746
gériatrie	1	74746
soliage	1	74746
siéger	1	74746
actualisée	1	74747
labège	1	74748
ovoïde	1	67385
méthaniseur	1	67385
nettoyer	1	67385
hamac-senior	1	74746
sous-vêtement	1	74746
anti-fuite	1	74746
mk	1	74746
vertigo	1	74746
aidant	1	74746
assis-debout	1	74746
mention	1	74746
solidage	1	74746
galette	1	74746
protibi	1	74746
774000	1	74748
licencié	1	74748
prédiag	1	74748
gourminnov	1	74748
aggroalimentaire	1	74748
prenon	1	74749
béton	1	74749
construison	1	74749
canne	1	74746
tango	1	74746
elova	1	74746
levage	1	74746
atomiser	1	74747
nanothinking	1	74747
photographie	1	74747
fich	1	74747
électrolyseur	1	68884
supplément	1	68884
capénergie	1	68884
stabilisation	1	68884
décentraliser	1	68884
déstabiliser	1	68884
lait	1	68885
artisanale	1	68885
fromsant	1	68885
colzauprot	1	68885
confronton	1	68643
170	1	74748
1160	1	74748
empoi	1	74748
2600	1	74748
bénévole	1	74748
locomotif	1	74749
marmit	1	74749
faision	1	74749
monsieur	1	74749
jourdain	1	74749
prose	1	74749
ignorant	1	74749
souhaition	1	74749
chômé	1	74749
work	1	74749
package	1	74749
préconisation	1	74749
luxembourg	1	74749
mâcon	1	74749
silico	1	67385
fumer	1	67385
immanquablemer	1	74752
disney	1	74749
incision	1	74750
mois-ci	1	74750
alba	1	74750
marcellan	1	74750
physco-chimie	1	74750
cnrsupmcespci	1	74750
étalant	1	74750
adsorption	1	74750
li	1	74750
innombrable	1	74750
consistance	1	74750
diffèr	1	74750
résist	1	74750
déformation	1	74750
fermentation	1	74752
boulangerie	1	74752
autoréparable	1	74750
décoller	1	74750
recollé	1	74750
repositionner	1	74750
nanocristal	1	74750
cellulose	1	74750
scalpel	1	74750
capitaliser	1	74751
blériot-fabre	1	74751
gif-sur-yvette	1	74751
perfectionner	1	74751
soi-disant	1	74752
ecosym	1	67385
naskéo	1	67385
vélique	1	68883
décimètre	1	68883
peri	1	68884
electriqu	1	68884
hélion	1	68884
habituer	1	68643
arcane	1	68643
comptabilité	1	68643
scar	1	68643
curiositer	1	74752
grand-mère	1	74752
fantasmé	1	74752
auguste	1	74752
escoffier	1	74752
expériment	1	74752
pâtisserie	1	74752
dunod	1	74752
émulsionne	1	74752
gèl	1	74752
cuir	1	74752
jaune	1	74752
oeuf	1	74752
fou	1	74752
conversationnel	1	75063
avez-vous	1	75063
senser	1	75063
homme-machine	1	75063
casquette	1	75063
cantonner	1	74752
manip	1	68643
dépourvoir	1	68883
consigne	1	68883
carbonique	1	67385
tungsten	1	75064
émotionnel	1	75063
cogiter	1	75063
puteal	1	75063
nevers	1	75063
élabor	1	75063
dispenson	1	75063
apprenn	1	75063
prémices	1	75063
labellisation	1	75063
eurêka	1	75063
bourgognecnrs	1	75063
limsi	1	75063
hospitalisé	1	75063
maintien	1	75063
luminy	1	75064
restituer	1	75064
collision	1	75064
1997	1	75065
sophier	1	67385
antipolis-méditerranée	1	67385
serein	1	75063
projette	1	75063
revendeur	1	75063
lisière	1	75064
démonter	1	75064
cao	1	75064
ammoniac	1	67385
engrai	1	67385
phosphaté	1	67385
rejet	1	67385
suiveur	1	68883
stopper	1	68883
ménage	1	68883
résident	1	68883
superficielle	1	68883
turbidité	1	68883
sortie	1	68883
programmée	1	68883
germe	1	68643
transformant	1	68644
restreindre	1	75064
cohabiter	1	75064
introduir	1	75064
retourner	1	75064
outillage	1	75064
crvm	1	75064
nanomédicaments	1	75065
orphelin	1	75065
randomiser	1	75065
750000	1	75065
parlent-ils	1	75065
tardivement	1	75065
asymptomatique	1	75065
espérance	1	75065
transplantation	1	75065
sorafenib	1	75065
inefficace	1	75065
nanoformulation	1	75065
32	1	75065
mannequin	1	75064
pcr	1	68643
souligne-t-ildè	1	68643
cambe	1	75066
quercypôle	1	75066
toursminute	1	75066
chimioembolisation	1	75065
stoppée	1	75065
retravailler	1	75065
redéfinir	1	75065
bpifrance	1	75065
ex-oseo	1	75065
lipidots	1	75065
galien	1	75065
paris-sudcnr	1	75065
nanobioti	1	75065
dbi	1	75065
nanomédecine	1	75065
biométhane	1	67385
naïo	1	75066
oz	1	75066
maraîcher	1	75066
gaulle	1	75066
trimouv	1	75066
inn-ovation	1	75066
dotation	1	75066
210000	1	75066
110	1	75066
remporter	1	75066
aveyron	1	75066
tarn	1	75066
tarn-et-garonne	1	75066
ger	1	75066
hautes-pyrénée	1	75066
whylot	1	75066
lcpo	1	75067
relargage	1	75067
carie	1	75067
souchothèqu	1	75067
lactobacille	1	75067
salivaire	1	75067
ravaud	1	75066
raréfaction	1	75066
actis	1	75066
hybris	1	75066
crusta	1	75066
eurorégion	1	75066
pyrénées-méditerraner	1	75066
crustacer	1	75066
beta	1	75066
deexbio	1	75066
fibré	1	75067
encombrante	1	75067
détatouage	1	75067
barquette	1	67383
espagnol	1	67383
chocolat	1	67383
green	1	75066
tricycle	1	75066
caréner	1	75066
inptupscnrsomp	1	75066
déplas	1	75066
géranium	1	75066
dépolluer	1	75066
fusia	1	75066
nanoobjet	1	75067
cbmn	1	75067
bar	1	75067
agitation	1	75067
calvet	1	75067
polyphasique	1	75067
liquidegazsolide	1	75067
concentre	1	67383
wany	1	67383
odontologie	1	75067
anti-carie	1	75067
antiseptique	1	75067
bucco-dentaire	1	75067
celier	1	75067
1cnrscea	1	75067
lasagyl	1	75067
accordable	1	75067
spectral	1	75067
fabshop	1	75068
impulser	1	75068
thinking	1	75068
payante	1	75068
séance	1	75068
transdisciplinaire	1	75068
intergénérationnell	1	75068
transposer	1	75068
pérennisation	1	75068
optimised	1	75069
photocoagulation	1	75067
captage	1	75067
lfc-r	1	75067
pau	1	75067
adour	1	75067
calorimétrique	1	75067
originelle	1	68644
consultant	1	68643
auto-assemblent	1	68644
hélice	1	68644
interuniversitaire	1	68644
mi-janvier	1	68883
breizh	1	68883
spirit	1	68883
appelion	1	68643
rencontrent-elle	1	68643
loyale	1	68882
fab	1	75068
154	1	75068
fabulous	1	75068
maker	1	75068
monté	1	75068
e-santé	1	75071
optionnel	1	75071
elderly	1	75069
terralia	1	75069
vegepoly	1	75069
fragilis	1	75069
hospitalisation	1	75069
kick	1	75069
off	1	75069
intégratif	1	75069
déglutition	1	75069
portage	1	75069
écoul	1	75069
accorder	1	67383
solitaire	1	67383
conjonction	1	67383
désole	1	75457
décalage	1	75457
déplorable	1	75457
adept	1	67383
mariette	1	75069
sicard	1	75069
b9	1	75069
royaume-uni	1	75069
électroluminescente	1	75070
light-emitting	1	75070
électroluminescent	1	75070
polarité	1	75070
associatif	1	75071
réseauxtélécommunication	1	75071
embarquésobjet	1	75071
électroniquemicro	1	75071
postuler	1	75457
fip	1	75457
mécénat	1	75458
klorane	1	75458
hostile	1	75458
désert	1	75458
7700	1	75458
ifsttar	1	67071
btsdut	1	75071
httpwwwadmission-postbacfr	1	75071
décroître	1	75457
post-bac	1	75457
sti2d	1	75457
bordeaux-talence	1	75457
explication	1	75457
subtilisant	1	75457
nutritionnellement	1	68882
établit	1	68883
3inp	1	68644
toulousecnrs	1	68644
collante	1	68644
enflamme	1	68644
410c	1	68644
séparément	1	68644
bille	1	68644
nanoscopique	1	68644
coiffer	1	68644
atopic	1	68645
esr	1	75457
rôdé	1	75457
disséminer	1	75457
notable	1	75457
plant	1	75458
brgm	1	67071
hommes-milieux	1	75458
téssékéré	1	75458
dirigée	1	75458
transcontinental	1	75458
nigérian	1	75458
olusegun	1	75458
obasanjo	1	75458
sahélosaharien	1	75458
cen-sad	1	75458
ougadougou	1	75458
densifier	1	75458
dune	1	75458
1973	1	75458
promulguer	1	75457
allégemer	1	75458
corvée	1	75458
feux	1	75458
pare-feux	1	75458
aménager	1	75458
commençaient	1	75458
réapparaître	1	75458
humide	1	75458
mousson	1	75458
zébu	1	75458
mouter	1	75458
chèvre	1	75458
climatologie	1	75458
perturber	1	75458
exercé	1	75458
545	1	75458
mordre	1	75458
goutte-à-goutte	1	75458
maraîchage	1	75458
widou	1	75458
thiengoli	1	75458
270	1	75458
cultivent	1	75458
cailler	1	75458
coucou	1	75458
mil	1	75458
cheikh	1	75458
anta-diop	1	75458
co-directeur	1	75458
alentours	1	75458
méticuleux	1	75458
rémunérer	1	75458
incesser	1	75458
instituteur	1	75458
curieusemer	1	75458
camion	1	75458
intelligemment	1	75458
lentement	1	75458
cnrst	1	75458
ouagadougou	1	75458
ugb	1	75458
usttb	1	75458
bamako	1	75458
reboiser	1	75458
bétail	1	75458
résumée	1	75458
terres-là	1	75458
herbe	1	75458
soudan	1	75458
ethiopi	1	75458
erythré	1	75458
senegal	1	75458
raddiana	1	75458
ziziphus	1	75458
mauritania	1	75458
ecotechnologie	1	67071
écotoxique	1	67071
mobiliter	1	67071
nilotica	1	75458
hypertension	1	75458
prescrir	1	75458
dispensair	1	75458
bête	1	75458
dépense	1	75458
diseaser	1	68645
homogénéisation	1	68882
robustesse	1	68882
celuii	1	68882
lot	1	68882
contester	1	68882
ajustement	1	68882
arrière	1	68882
technologue	1	68882
processing	1	68882
substitut	1	68882
culturellemer	1	68882
mauritanie	1	75458
niger	1	75458
nigeria	1	75458
tchad	1	75458
sporadiquement	1	75459
balanite	1	75458
aegyptiaca	1	75458
tamarindu	1	75458
indica	1	75458
interrogera	1	75459
athérosclérose	1	75459
quatre-vingt	1	75459
remaniement	1	75459
transit	1	75459
continger	1	75459
baker	1	75459
melbourn	1	75459
wollongong	1	75459
banlieue	1	75459
sydney	1	75459
co-financé	1	75460
systerra	1	75460
natif	1	75459
saône-et-loire	1	75459
cholesteryl	1	75459
ester	1	75459
imaginait-on	1	75459
solary	1	75459
2012-2016	1	75459
puisser	1	75459
moduler	1	75459
finement	1	75459
soupçonner	1	75459
apolipoprotéine	1	75459
c1	1	75459
dyslipidémie	1	75459
formellement	1	68882
supputon	1	68882
nitroglycérine	1	68644
produiraient	1	68644
trajectoir	1	68644
appoint	1	68644
evaluer	1	68645
allergique	1	68645
cnrsupmcensecole	1	68645
gaston	1	75459
bachelard	1	75459
réformer	1	75459
lipoprotein	1	75459
cholesterol	1	75459
what	1	75459
else	1	75459
absorbon	1	75462
pecten	1	75460
maximu	1	75460
gastronome	1	75460
coquille	1	75460
pluri-thématiqu	1	75460
impropre	1	75460
bouge	1	75461
château	1	75461
gombert	1	75461
triplemer	1	75461
investissant	1	75461
transversal	1	75461
pépite	1	75461
physiopathologique	1	75459
essoufflemer	1	68882
deformation	1	75464
presqu	1	75464
gien	1	75464
rednre	1	75464
feraud	1	75461
pdg	1	75461
réunira	1	75462
oniri	1	75462
capsulae	1	75462
envahit	1	75462
hydrophile	1	75462
sachet	1	75462
thé	1	75462
pizzer	1	75462
éclater	1	75462
libérant	1	75462
russel	1	68882
brica	1	68882
identifi	1	68882
retarder	1	68882
aliss	1	68882
décomposer	1	68882
dissociation	1	68882
fusible	1	75462
laboratoire	1	75463
idéaliser	1	75463
technico-économie	1	75463
enea	1	75463
dsm-energie	1	75463
fp7	1	75463
impact2c	1	75463
superposition	1	75463
vestige	1	75788
bio-sourcer	1	75464
jeudi	1	75464
déchirure	1	75464
élastomère	1	75464
thermoplastique	1	75464
nanochargé	1	75464
partenarial	1	75464
piercan	1	75464
gant	1	75464
déformable	1	75464
nano-particule	1	75464
investor	1	75465
catalyzer	1	75465
préférable	1	75462
esnouf	1	68882
quadriller	1	75788
peuvent-il	1	75788
enthousiasmer	1	75788
sollicité	1	75788
start	1	75466
positionne-t-il	1	75466
-la	1	75466
4i-	1	75466
aguea	1	75788
vilhener	1	75788
préhistorienne	1	75788
mato	1	75788
grosso	1	75788
élastographie	1	67068
focalisation	1	67068
biomédical	1	67068
changing	1	68645
climate	1	68645
land	1	68645
quality	1	68645
immunologiste	1	68645
allergologue	1	68645
dermatologue	1	68645
ambroisi	1	68645
innov	1	75788
day	1	75788
annoter	1	75788
map	1	75788
photographique	1	75788
triée	1	75788
colorimétrie	1	75788
ressortir	1	75788
péri-récepteur	1	75790
naple	1	75788
rondonopolis	1	75788
33	1	75789
intra-tropiqu	1	75789
extra-tropique	1	75789
tempérée	1	75789
cea-liten	1	75789
interruption	1	75789
mi-chemin	1	75789
poussée	1	67068
multi-onde	1	67068
acousto-optiqu	1	67068
photo-acoustiqu	1	67068
devrait-on	1	68881
berceau	1	68881
qualigras-phy	1	75790
tributaire	1	75789
acheminement	1	75789
enclaver	1	75789
2018-2020	1	75789
opacité	1	75789
polyéthylène	1	75789
stratrobu	1	75789
dégrossir	1	75789
piraterie	1	75789
repositionnable	1	75789
axel	1	75790
linda	1	75790
buck	1	75790
postdoctoral	1	75790
évènement	1	75790
délicats	1	75791
intact	1	67068
tourin	1	67068
carminatti	1	67068
perceptive	1	75790
loïc	1	75790
briand	1	75790
olfaction	1	75790
métaboliser	1	75790
odorant	1	75790
co-diriger	1	75790
collabore	1	75790
memolap	1	75790
coureaud	1	75790
qualiment	1	75790
guichet	1	75790
yttrium	1	75792
parvient	1	75792
espérer	1	75792
débarrasson	1	75792
exploron	1	75790
interindividuel	1	75790
appelon	1	75790
compensation	1	75790
intersensoriell	1	75790
pénibilité	1	75791
musculo-squelettique	1	75791
tms	1	75791
robotisée	1	75791
ur10	1	75791
gibaru	1	75791
doigt	1	75791
tousser	1	68881
i-phone	1	68881
tuyau	1	68881
bronchite	1	68881
fiction	1	68881
empresse-t-il	1	68881
prévisible	1	68881
jean-lou	1	68881
chameau	1	68881
feynman	1	68881
atrophie	1	68646
boutade	1	67068
01	1	75792
tantal	1	75792
lanthanide	1	75792
scandium	1	75792
balard	1	75792
sereinement	1	75792
livraison	1	75792
acceptera-t-il	1	75792
métallurgiste	1	75792
recycleur	1	75792
transformateur	1	75792
elaboré	1	75793
croit	1	75793
caution	1	75793
pro	1	75793
reported	1	75793
aurait-il	1	67068
armoise	1	68645
allergisante	1	68645
abandonnée	1	68645
offreur	1	75796
commencèrent	1	67068
sismique	1	67068
outcome	1	75793
déséquilibrer	1	75793
inrauniversité	1	75793
style	1	75793
lessac	1	75793
esc-lessac	1	75793
lu-mondelez	1	75793
sodexo	1	75793
ralenti	1	75794
mystère	1	75794
alpha-route	1	75795
bisannuelle	1	75795
analyste	1	75795
dea	1	76206
sauvignon	1	76206
gewurztraminer	1	76206
souvient-il	1	76206
régner	1	67068
dépendaient	1	76206
oem	1	75795
finau	1	75795
giorgio	1	75795
anania	1	75795
620	1	75795
449	1	75795
emploie	1	75795
290000	1	75795
87	1	75795
réunit	1	75796
vocabulair	1	76206
délibérée	1	76206
marketer	1	76206
étiquette	1	76206
appréciation	1	76206
démystifier	1	76206
cyber-criminalité	1	76207
durcit	1	76207
lewiner	1	67068
amusant	1	67068
échantillonner	1	67068
voiron	1	75797
diaganer	1	75797
haie	1	75797
room	1	75797
valencia	1	76206
mechanical	1	68881
incluent	1	68881
poumon	1	68881
cher	1	68881
evoquer	1	68881
allergénicité	1	68645
rétrospectif	1	68645
allergène	1	68645
point-clé	1	68645
ambrosia	1	68645
artemisiifolia	1	68645
communément	1	68645
californien	1	68881
post-doc	1	76206
vendanger	1	76206
geler	1	76206
ultra-sensible	1	76208
fragmenter	1	76208
incuballiance	1	76207
paris-saclay-ile-de-france	1	76207
microsoft	1	76207
cuoq	1	76207
monate	1	76207
java	1	76207
décelable	1	76207
durcissemer	1	76207
menace	1	76207
durcir	1	76207
fédéral	1	76207
departmer	1	76207
métrologique	1	76207
ontario	1	76206
authentique	1	76209
renoncer	1	76209
terra	1	76209
incogniter	1	76209
partagée	1	76209
symboliser	1	76209
fascination	1	76209
rigoureuse	1	76207
conformité	1	76207
ockham	1	76207
cybersécurité	1	76207
magnéto-inertiell	1	76208
inopérer	1	76208
géolocalisation	1	76208
circonstance	1	76208
autonomieet	1	76208
tourné	1	76210
ormeau	1	76210
bivalve	1	76210
aragonite	1	76210
intrinsèquement	1	76210
militaro-industrielle	1	67068
pierre-gille	1	67068
genne	1	67068
hiérarchique	1	76210
goutte	1	76208
gouttelette	1	76208
primordiale	1	76208
banalisée	1	76209
unanimité	1	76209
innocuité	1	76209
appétence	1	76209
lamellé	1	76210
colloïdal	1	76210
sédimentation	1	76210
refroidi	1	76210
auto-assemblage	1	76210
contourner	1	76210
auo-assemblage	1	76210
altran	1	76211
mazar	1	76211
tpepm	1	76211
conseill	1	76211
censé	1	76209
bouder	1	76209
privilèg	1	76209
combine	1	76210
adjonction	1	76210
exposé	1	76212
atteindron	1	76213
vieillit	1	76213
urbanis	1	76213
agriculteur	1	76213
gagnant	1	76213
pluriel	1	76213
religion	1	76213
pénaliser	1	76213
sceptique	1	76213
gorger	1	76213
géologie	1	76210
planète	1	76210
inspirée	1	76210
denier	1	76210
material	1	76210
substrat	1	76213
simili-viandes	1	76213
mangeon	1	76213
assimil	1	76213
probable	1	76213
persistance	1	76213
noisy-le-grand	1	76507
signification	1	76507
1946	1	76507
attester	1	76507
1981	1	76507
entre	1	76211
rhônalpin	1	76212
trail	1	76212
vtt	1	76212
rallier	1	76212
pasadéner	1	68881
profitant	1	68881
bébé	1	68881
volumineux	1	68881
electro	1	68881
prolifère	1	68645
occasionner	1	68645
paralysi	1	68646
supranucléaire	1	68646
psp	1	68646
cortico-nasal	1	68646
cbd	1	68646
very-large-scale-integration	1	68881
note-t-il	1	76213
interrogeant	1	76213
tas	1	76213
habitacle	1	76508
écho	1	76508
manager	1	76508
micro-informatique	1	76507
hertzienne	1	76507
winrest	1	76507
gpao	1	76507
aversion	1	76507
webrest	1	76507
soignant	1	76507
diététique	1	76507
rapproché	1	76507
ouvron	1	76507
qualifient	1	67068
aerospatial	1	67068
agronomie	1	76213
tonal	1	76508
modem	1	76508
pénalisant	1	76508
oto-rhino-laryngologie	1	76508
totaliser	1	67068
multimédia	1	67068
aime	1	67068
phrase	1	76508
turboméca	1	67068
opte	1	76508
citadin	1	76508
baign	1	76508
conversation	1	76508
téléphonique	1	76508
publique-hôpital	1	76508
téléviseur	1	76508
insulino-dépender	1	76509
aiguill	1	76509
naissante	1	76509
coaching	1	76509
présentiel	1	76509
rétorquer	1	76509
calculateur	1	76509
stationner	1	76510
divisé	1	76510
séoul	1	76508
tokyo	1	76508
détroit	1	76508
entendent	1	76508
auditive	1	76508
remboursement	1	76508
audiogramme	1	76508
350000	1	76510
6000	1	76510
coupure	1	76510
alerté	1	76510
dissuasif	1	76510
malfaiteur	1	76510
generis	1	76510
ati	1	76510
moyen-orient	1	76510
peltier	1	76510
equilibre	1	76511
e-nutrition	1	76509
évocateur	1	76509
aura	1	76509
mari	1	76509
villain	1	76509
1989	1	76511
obligé	1	76511
rétorque-t-il	1	76511
apparier	1	76511
célibataire	1	76511
réagissent-il	1	76511
cédant	1	76511
radicalaire	1	76511
provoqu	1	76511
heureusement	1	76511
accroissent	1	76511
remplacement	1	76510
inutile	1	76510
30000	1	76510
ferrer	1	76510
rff	1	76510
apix	1	68881
nanosystème	1	68881
pointue	1	68881
nanoélectronique	1	68881
multisystématisée	1	68646
ams	1	68646
idiopathique	1	68646
tison	1	68646
tardive	1	68646
transforme	1	68646
dopamine	1	68646
dyskinési	1	68646
préférentiellement	1	68646
aviculture	1	76511
infatigable	1	76511
accuser	1	76511
ifv	1	76512
rayonnement	1	76511
alcoolisme	1	76511
tabagisme	1	76511
rétinopathi	1	76511
boostant	1	76511
circulante	1	76511
non-circulante	1	76511
réséder	1	76511
bâtie	1	76511
découle	1	76511
biosynthèse	1	76511
marquante	1	67068
esther	1	67068
duflo	1	67068
faudra-t-il	1	76511
tradmatik	1	76513
fablab	1	76513
oxyder	1	76511
préserv	1	76511
prion	1	76511
carlo	1	76511
corino	1	76511
milan	1	76511
engranger	1	76511
profilent	1	76511
écotoxicité	1	76511
astronaute	1	76511
savez-vous	1	76512
progress	1	76512
violette	1	76512
vini-viticole	1	76512
imprimante	1	76513
agro-alimentaire	1	76514
contamination	1	76514
néoformer	1	76514
anti-bactérien	1	76514
rfid	1	76514
ductilité	1	76514
pla	1	76514
parrainer	1	76514
alexandre	1	76514
feingenbaum	1	76514
spiritueux	1	76516
niçoise	1	76513
malbec	1	76512
souffrante	1	68646
modifi	1	68646
aromatiquer	1	76516
médicinale	1	76516
appam	1	76516
dépérissemer	1	76516
lavande	1	76516
lavandin	1	76516
inhabituel	1	76516
mets	1	76516
bresse	1	76514
bourg	1	76514
écotechnologie	1	76513
maurill	1	76513
larivière	1	76513
disposeront-il	1	76513
machine-outil	1	76513
dao	1	76513
